[2026-05-04T04:24:33.722+0000] {processor.py:157} INFO - Started process (PID=3158) to work on /opt/airflow/dags/backfill_retail_pipeline.py
[2026-05-04T04:24:33.723+0000] {processor.py:829} INFO - Processing file /opt/airflow/dags/backfill_retail_pipeline.py for tasks to queue
[2026-05-04T04:24:33.726+0000] {logging_mixin.py:151} INFO - [2026-05-04T04:24:33.725+0000] {dagbag.py:539} INFO - Filling up the DagBag from /opt/airflow/dags/backfill_retail_pipeline.py
[2026-05-04T04:24:33.739+0000] {logging_mixin.py:151} INFO - [2026-05-04T04:24:33.738+0000] {dagbag.py:347} ERROR - Failed to import: /opt/airflow/dags/backfill_retail_pipeline.py
Traceback (most recent call last):
  File "/home/airflow/.local/lib/python3.8/site-packages/airflow/models/dagbag.py", line 343, in parse
    loader.exec_module(new_module)
  File "<frozen importlib._bootstrap_external>", line 843, in exec_module
  File "<frozen importlib._bootstrap>", line 219, in _call_with_frames_removed
  File "/opt/airflow/dags/backfill_retail_pipeline.py", line 110, in <module>
    --master {SPARK_MASTER} \
NameError: name 'SPARK_MASTER' is not defined
[2026-05-04T04:24:33.740+0000] {processor.py:841} WARNING - No viable dags retrieved from /opt/airflow/dags/backfill_retail_pipeline.py
[2026-05-04T04:24:33.759+0000] {processor.py:179} INFO - Processing /opt/airflow/dags/backfill_retail_pipeline.py took 0.047 seconds
[2026-05-04T04:25:04.069+0000] {processor.py:157} INFO - Started process (PID=3173) to work on /opt/airflow/dags/backfill_retail_pipeline.py
[2026-05-04T04:25:04.070+0000] {processor.py:829} INFO - Processing file /opt/airflow/dags/backfill_retail_pipeline.py for tasks to queue
[2026-05-04T04:25:04.071+0000] {logging_mixin.py:151} INFO - [2026-05-04T04:25:04.071+0000] {dagbag.py:539} INFO - Filling up the DagBag from /opt/airflow/dags/backfill_retail_pipeline.py
[2026-05-04T04:25:04.080+0000] {logging_mixin.py:151} INFO - [2026-05-04T04:25:04.079+0000] {dagbag.py:347} ERROR - Failed to import: /opt/airflow/dags/backfill_retail_pipeline.py
Traceback (most recent call last):
  File "/home/airflow/.local/lib/python3.8/site-packages/airflow/models/dagbag.py", line 343, in parse
    loader.exec_module(new_module)
  File "<frozen importlib._bootstrap_external>", line 843, in exec_module
  File "<frozen importlib._bootstrap>", line 219, in _call_with_frames_removed
  File "/opt/airflow/dags/backfill_retail_pipeline.py", line 110, in <module>
    --master {SPARK_MASTER} \
NameError: name 'SPARK_MASTER' is not defined
[2026-05-04T04:25:04.080+0000] {processor.py:841} WARNING - No viable dags retrieved from /opt/airflow/dags/backfill_retail_pipeline.py
[2026-05-04T04:25:04.094+0000] {processor.py:179} INFO - Processing /opt/airflow/dags/backfill_retail_pipeline.py took 0.028 seconds
[2026-05-04T04:25:34.525+0000] {processor.py:157} INFO - Started process (PID=3188) to work on /opt/airflow/dags/backfill_retail_pipeline.py
[2026-05-04T04:25:34.529+0000] {processor.py:829} INFO - Processing file /opt/airflow/dags/backfill_retail_pipeline.py for tasks to queue
[2026-05-04T04:25:34.530+0000] {logging_mixin.py:151} INFO - [2026-05-04T04:25:34.529+0000] {dagbag.py:539} INFO - Filling up the DagBag from /opt/airflow/dags/backfill_retail_pipeline.py
[2026-05-04T04:25:34.546+0000] {logging_mixin.py:151} INFO - [2026-05-04T04:25:34.545+0000] {dagbag.py:347} ERROR - Failed to import: /opt/airflow/dags/backfill_retail_pipeline.py
Traceback (most recent call last):
  File "/home/airflow/.local/lib/python3.8/site-packages/airflow/models/dagbag.py", line 343, in parse
    loader.exec_module(new_module)
  File "<frozen importlib._bootstrap_external>", line 843, in exec_module
  File "<frozen importlib._bootstrap>", line 219, in _call_with_frames_removed
  File "/opt/airflow/dags/backfill_retail_pipeline.py", line 110, in <module>
    --master {SPARK_MASTER} \
NameError: name 'SPARK_MASTER' is not defined
[2026-05-04T04:25:34.546+0000] {processor.py:841} WARNING - No viable dags retrieved from /opt/airflow/dags/backfill_retail_pipeline.py
[2026-05-04T04:25:34.574+0000] {processor.py:179} INFO - Processing /opt/airflow/dags/backfill_retail_pipeline.py took 0.058 seconds
[2026-05-04T04:26:04.865+0000] {processor.py:157} INFO - Started process (PID=3203) to work on /opt/airflow/dags/backfill_retail_pipeline.py
[2026-05-04T04:26:04.866+0000] {processor.py:829} INFO - Processing file /opt/airflow/dags/backfill_retail_pipeline.py for tasks to queue
[2026-05-04T04:26:04.867+0000] {logging_mixin.py:151} INFO - [2026-05-04T04:26:04.866+0000] {dagbag.py:539} INFO - Filling up the DagBag from /opt/airflow/dags/backfill_retail_pipeline.py
[2026-05-04T04:26:04.876+0000] {logging_mixin.py:151} INFO - [2026-05-04T04:26:04.875+0000] {dagbag.py:347} ERROR - Failed to import: /opt/airflow/dags/backfill_retail_pipeline.py
Traceback (most recent call last):
  File "/home/airflow/.local/lib/python3.8/site-packages/airflow/models/dagbag.py", line 343, in parse
    loader.exec_module(new_module)
  File "<frozen importlib._bootstrap_external>", line 843, in exec_module
  File "<frozen importlib._bootstrap>", line 219, in _call_with_frames_removed
  File "/opt/airflow/dags/backfill_retail_pipeline.py", line 110, in <module>
    --master {SPARK_MASTER} \
NameError: name 'SPARK_MASTER' is not defined
[2026-05-04T04:26:04.876+0000] {processor.py:841} WARNING - No viable dags retrieved from /opt/airflow/dags/backfill_retail_pipeline.py
[2026-05-04T04:26:04.893+0000] {processor.py:179} INFO - Processing /opt/airflow/dags/backfill_retail_pipeline.py took 0.033 seconds
[2026-05-04T04:26:35.166+0000] {processor.py:157} INFO - Started process (PID=3218) to work on /opt/airflow/dags/backfill_retail_pipeline.py
[2026-05-04T04:26:35.167+0000] {processor.py:829} INFO - Processing file /opt/airflow/dags/backfill_retail_pipeline.py for tasks to queue
[2026-05-04T04:26:35.168+0000] {logging_mixin.py:151} INFO - [2026-05-04T04:26:35.168+0000] {dagbag.py:539} INFO - Filling up the DagBag from /opt/airflow/dags/backfill_retail_pipeline.py
[2026-05-04T04:26:35.178+0000] {logging_mixin.py:151} INFO - [2026-05-04T04:26:35.176+0000] {dagbag.py:347} ERROR - Failed to import: /opt/airflow/dags/backfill_retail_pipeline.py
Traceback (most recent call last):
  File "/home/airflow/.local/lib/python3.8/site-packages/airflow/models/dagbag.py", line 343, in parse
    loader.exec_module(new_module)
  File "<frozen importlib._bootstrap_external>", line 843, in exec_module
  File "<frozen importlib._bootstrap>", line 219, in _call_with_frames_removed
  File "/opt/airflow/dags/backfill_retail_pipeline.py", line 110, in <module>
    --master {SPARK_MASTER} \
NameError: name 'SPARK_MASTER' is not defined
[2026-05-04T04:26:35.178+0000] {processor.py:841} WARNING - No viable dags retrieved from /opt/airflow/dags/backfill_retail_pipeline.py
[2026-05-04T04:26:35.192+0000] {processor.py:179} INFO - Processing /opt/airflow/dags/backfill_retail_pipeline.py took 0.031 seconds
[2026-05-04T04:27:05.428+0000] {processor.py:157} INFO - Started process (PID=3233) to work on /opt/airflow/dags/backfill_retail_pipeline.py
[2026-05-04T04:27:05.429+0000] {processor.py:829} INFO - Processing file /opt/airflow/dags/backfill_retail_pipeline.py for tasks to queue
[2026-05-04T04:27:05.429+0000] {logging_mixin.py:151} INFO - [2026-05-04T04:27:05.429+0000] {dagbag.py:539} INFO - Filling up the DagBag from /opt/airflow/dags/backfill_retail_pipeline.py
[2026-05-04T04:27:05.438+0000] {logging_mixin.py:151} INFO - [2026-05-04T04:27:05.437+0000] {dagbag.py:347} ERROR - Failed to import: /opt/airflow/dags/backfill_retail_pipeline.py
Traceback (most recent call last):
  File "/home/airflow/.local/lib/python3.8/site-packages/airflow/models/dagbag.py", line 343, in parse
    loader.exec_module(new_module)
  File "<frozen importlib._bootstrap_external>", line 843, in exec_module
  File "<frozen importlib._bootstrap>", line 219, in _call_with_frames_removed
  File "/opt/airflow/dags/backfill_retail_pipeline.py", line 110, in <module>
    --master {SPARK_MASTER} \
NameError: name 'SPARK_MASTER' is not defined
[2026-05-04T04:27:05.439+0000] {processor.py:841} WARNING - No viable dags retrieved from /opt/airflow/dags/backfill_retail_pipeline.py
[2026-05-04T04:27:05.451+0000] {processor.py:179} INFO - Processing /opt/airflow/dags/backfill_retail_pipeline.py took 0.027 seconds
[2026-05-04T04:27:35.771+0000] {processor.py:157} INFO - Started process (PID=3248) to work on /opt/airflow/dags/backfill_retail_pipeline.py
[2026-05-04T04:27:35.772+0000] {processor.py:829} INFO - Processing file /opt/airflow/dags/backfill_retail_pipeline.py for tasks to queue
[2026-05-04T04:27:35.772+0000] {logging_mixin.py:151} INFO - [2026-05-04T04:27:35.772+0000] {dagbag.py:539} INFO - Filling up the DagBag from /opt/airflow/dags/backfill_retail_pipeline.py
[2026-05-04T04:27:35.781+0000] {logging_mixin.py:151} INFO - [2026-05-04T04:27:35.780+0000] {dagbag.py:347} ERROR - Failed to import: /opt/airflow/dags/backfill_retail_pipeline.py
Traceback (most recent call last):
  File "/home/airflow/.local/lib/python3.8/site-packages/airflow/models/dagbag.py", line 343, in parse
    loader.exec_module(new_module)
  File "<frozen importlib._bootstrap_external>", line 843, in exec_module
  File "<frozen importlib._bootstrap>", line 219, in _call_with_frames_removed
  File "/opt/airflow/dags/backfill_retail_pipeline.py", line 110, in <module>
    --master {SPARK_MASTER} \
NameError: name 'SPARK_MASTER' is not defined
[2026-05-04T04:27:35.781+0000] {processor.py:841} WARNING - No viable dags retrieved from /opt/airflow/dags/backfill_retail_pipeline.py
[2026-05-04T04:27:35.794+0000] {processor.py:179} INFO - Processing /opt/airflow/dags/backfill_retail_pipeline.py took 0.026 seconds
[2026-05-04T04:28:06.054+0000] {processor.py:157} INFO - Started process (PID=3263) to work on /opt/airflow/dags/backfill_retail_pipeline.py
[2026-05-04T04:28:06.056+0000] {processor.py:829} INFO - Processing file /opt/airflow/dags/backfill_retail_pipeline.py for tasks to queue
[2026-05-04T04:28:06.057+0000] {logging_mixin.py:151} INFO - [2026-05-04T04:28:06.057+0000] {dagbag.py:539} INFO - Filling up the DagBag from /opt/airflow/dags/backfill_retail_pipeline.py
[2026-05-04T04:28:06.070+0000] {logging_mixin.py:151} INFO - [2026-05-04T04:28:06.068+0000] {dagbag.py:347} ERROR - Failed to import: /opt/airflow/dags/backfill_retail_pipeline.py
Traceback (most recent call last):
  File "/home/airflow/.local/lib/python3.8/site-packages/airflow/models/dagbag.py", line 343, in parse
    loader.exec_module(new_module)
  File "<frozen importlib._bootstrap_external>", line 843, in exec_module
  File "<frozen importlib._bootstrap>", line 219, in _call_with_frames_removed
  File "/opt/airflow/dags/backfill_retail_pipeline.py", line 110, in <module>
    --master {SPARK_MASTER} \
NameError: name 'SPARK_MASTER' is not defined
[2026-05-04T04:28:06.070+0000] {processor.py:841} WARNING - No viable dags retrieved from /opt/airflow/dags/backfill_retail_pipeline.py
[2026-05-04T04:28:06.092+0000] {processor.py:179} INFO - Processing /opt/airflow/dags/backfill_retail_pipeline.py took 0.044 seconds
[2026-05-04T04:28:32.400+0000] {processor.py:157} INFO - Started process (PID=3278) to work on /opt/airflow/dags/backfill_retail_pipeline.py
[2026-05-04T04:28:32.404+0000] {processor.py:829} INFO - Processing file /opt/airflow/dags/backfill_retail_pipeline.py for tasks to queue
[2026-05-04T04:28:32.405+0000] {logging_mixin.py:151} INFO - [2026-05-04T04:28:32.405+0000] {dagbag.py:539} INFO - Filling up the DagBag from /opt/airflow/dags/backfill_retail_pipeline.py
[2026-05-04T04:28:32.420+0000] {processor.py:839} INFO - DAG(s) dict_keys(['backfill_retail_ingestion']) retrieved from /opt/airflow/dags/backfill_retail_pipeline.py
[2026-05-04T04:28:32.503+0000] {logging_mixin.py:151} INFO - [2026-05-04T04:28:32.503+0000] {manager.py:499} INFO - Created Permission View: %s
[2026-05-04T04:28:32.506+0000] {logging_mixin.py:151} INFO - [2026-05-04T04:28:32.506+0000] {manager.py:499} INFO - Created Permission View: %s
[2026-05-04T04:28:32.508+0000] {logging_mixin.py:151} INFO - [2026-05-04T04:28:32.508+0000] {manager.py:499} INFO - Created Permission View: %s
[2026-05-04T04:28:32.508+0000] {logging_mixin.py:151} INFO - [2026-05-04T04:28:32.508+0000] {security.py:708} INFO - Not syncing DAG-level permissions for DAG 'DAG:backfill_retail_ingestion' as access control is unset.
[2026-05-04T04:28:32.508+0000] {logging_mixin.py:151} INFO - [2026-05-04T04:28:32.508+0000] {dag.py:2915} INFO - Sync 1 DAGs
[2026-05-04T04:28:32.514+0000] {logging_mixin.py:151} INFO - [2026-05-04T04:28:32.514+0000] {dag.py:2937} INFO - Creating ORM DAG for backfill_retail_ingestion
[2026-05-04T04:28:32.515+0000] {logging_mixin.py:151} INFO - [2026-05-04T04:28:32.515+0000] {dag.py:3696} INFO - Setting next_dagrun for backfill_retail_ingestion to None, run_after=None
[2026-05-04T04:28:32.521+0000] {processor.py:179} INFO - Processing /opt/airflow/dags/backfill_retail_pipeline.py took 0.126 seconds
[2026-05-04T04:29:02.679+0000] {processor.py:157} INFO - Started process (PID=3293) to work on /opt/airflow/dags/backfill_retail_pipeline.py
[2026-05-04T04:29:02.684+0000] {processor.py:829} INFO - Processing file /opt/airflow/dags/backfill_retail_pipeline.py for tasks to queue
[2026-05-04T04:29:02.685+0000] {logging_mixin.py:151} INFO - [2026-05-04T04:29:02.685+0000] {dagbag.py:539} INFO - Filling up the DagBag from /opt/airflow/dags/backfill_retail_pipeline.py
[2026-05-04T04:29:02.703+0000] {processor.py:839} INFO - DAG(s) dict_keys(['backfill_retail_ingestion']) retrieved from /opt/airflow/dags/backfill_retail_pipeline.py
[2026-05-04T04:29:02.735+0000] {logging_mixin.py:151} INFO - [2026-05-04T04:29:02.735+0000] {dag.py:2915} INFO - Sync 1 DAGs
[2026-05-04T04:29:02.744+0000] {logging_mixin.py:151} INFO - [2026-05-04T04:29:02.744+0000] {dag.py:3696} INFO - Setting next_dagrun for backfill_retail_ingestion to None, run_after=None
[2026-05-04T04:29:02.752+0000] {processor.py:179} INFO - Processing /opt/airflow/dags/backfill_retail_pipeline.py took 0.077 seconds
[2026-05-04T04:29:32.996+0000] {processor.py:157} INFO - Started process (PID=3308) to work on /opt/airflow/dags/backfill_retail_pipeline.py
[2026-05-04T04:29:32.997+0000] {processor.py:829} INFO - Processing file /opt/airflow/dags/backfill_retail_pipeline.py for tasks to queue
[2026-05-04T04:29:32.999+0000] {logging_mixin.py:151} INFO - [2026-05-04T04:29:32.998+0000] {dagbag.py:539} INFO - Filling up the DagBag from /opt/airflow/dags/backfill_retail_pipeline.py
[2026-05-04T04:29:33.013+0000] {processor.py:839} INFO - DAG(s) dict_keys(['backfill_retail_ingestion']) retrieved from /opt/airflow/dags/backfill_retail_pipeline.py
[2026-05-04T04:29:33.038+0000] {logging_mixin.py:151} INFO - [2026-05-04T04:29:33.038+0000] {dag.py:2915} INFO - Sync 1 DAGs
[2026-05-04T04:29:33.044+0000] {logging_mixin.py:151} INFO - [2026-05-04T04:29:33.044+0000] {dag.py:3696} INFO - Setting next_dagrun for backfill_retail_ingestion to None, run_after=None
[2026-05-04T04:29:33.052+0000] {processor.py:179} INFO - Processing /opt/airflow/dags/backfill_retail_pipeline.py took 0.061 seconds
[2026-05-04T04:30:03.358+0000] {processor.py:157} INFO - Started process (PID=3323) to work on /opt/airflow/dags/backfill_retail_pipeline.py
[2026-05-04T04:30:03.360+0000] {processor.py:829} INFO - Processing file /opt/airflow/dags/backfill_retail_pipeline.py for tasks to queue
[2026-05-04T04:30:03.361+0000] {logging_mixin.py:151} INFO - [2026-05-04T04:30:03.360+0000] {dagbag.py:539} INFO - Filling up the DagBag from /opt/airflow/dags/backfill_retail_pipeline.py
[2026-05-04T04:30:03.375+0000] {processor.py:839} INFO - DAG(s) dict_keys(['backfill_retail_ingestion']) retrieved from /opt/airflow/dags/backfill_retail_pipeline.py
[2026-05-04T04:30:03.418+0000] {logging_mixin.py:151} INFO - [2026-05-04T04:30:03.418+0000] {dag.py:2915} INFO - Sync 1 DAGs
[2026-05-04T04:30:03.426+0000] {logging_mixin.py:151} INFO - [2026-05-04T04:30:03.426+0000] {dag.py:3696} INFO - Setting next_dagrun for backfill_retail_ingestion to None, run_after=None
[2026-05-04T04:30:03.438+0000] {processor.py:179} INFO - Processing /opt/airflow/dags/backfill_retail_pipeline.py took 0.085 seconds
[2026-05-04T04:30:10.419+0000] {processor.py:157} INFO - Started process (PID=3328) to work on /opt/airflow/dags/backfill_retail_pipeline.py
[2026-05-04T04:30:10.420+0000] {processor.py:829} INFO - Processing file /opt/airflow/dags/backfill_retail_pipeline.py for tasks to queue
[2026-05-04T04:30:10.421+0000] {logging_mixin.py:151} INFO - [2026-05-04T04:30:10.421+0000] {dagbag.py:539} INFO - Filling up the DagBag from /opt/airflow/dags/backfill_retail_pipeline.py
[2026-05-04T04:30:10.431+0000] {processor.py:839} INFO - DAG(s) dict_keys(['backfill_retail_ingestion']) retrieved from /opt/airflow/dags/backfill_retail_pipeline.py
[2026-05-04T04:30:10.483+0000] {logging_mixin.py:151} INFO - [2026-05-04T04:30:10.483+0000] {security.py:708} INFO - Not syncing DAG-level permissions for DAG 'DAG:backfill_retail_ingestion' as access control is unset.
[2026-05-04T04:30:10.483+0000] {logging_mixin.py:151} INFO - [2026-05-04T04:30:10.483+0000] {dag.py:2915} INFO - Sync 1 DAGs
[2026-05-04T04:30:10.487+0000] {logging_mixin.py:151} INFO - [2026-05-04T04:30:10.487+0000] {dag.py:3696} INFO - Setting next_dagrun for backfill_retail_ingestion to None, run_after=None
[2026-05-04T04:30:10.499+0000] {processor.py:179} INFO - Processing /opt/airflow/dags/backfill_retail_pipeline.py took 0.086 seconds
[2026-05-04T04:30:40.814+0000] {processor.py:157} INFO - Started process (PID=3343) to work on /opt/airflow/dags/backfill_retail_pipeline.py
[2026-05-04T04:30:40.815+0000] {processor.py:829} INFO - Processing file /opt/airflow/dags/backfill_retail_pipeline.py for tasks to queue
[2026-05-04T04:30:40.816+0000] {logging_mixin.py:151} INFO - [2026-05-04T04:30:40.815+0000] {dagbag.py:539} INFO - Filling up the DagBag from /opt/airflow/dags/backfill_retail_pipeline.py
[2026-05-04T04:30:40.832+0000] {processor.py:839} INFO - DAG(s) dict_keys(['backfill_retail_ingestion']) retrieved from /opt/airflow/dags/backfill_retail_pipeline.py
[2026-05-04T04:30:40.858+0000] {logging_mixin.py:151} INFO - [2026-05-04T04:30:40.858+0000] {dag.py:2915} INFO - Sync 1 DAGs
[2026-05-04T04:30:40.864+0000] {logging_mixin.py:151} INFO - [2026-05-04T04:30:40.864+0000] {dag.py:3696} INFO - Setting next_dagrun for backfill_retail_ingestion to None, run_after=None
[2026-05-04T04:30:40.871+0000] {processor.py:179} INFO - Processing /opt/airflow/dags/backfill_retail_pipeline.py took 0.061 seconds
[2026-05-04T04:31:11.135+0000] {processor.py:157} INFO - Started process (PID=3358) to work on /opt/airflow/dags/backfill_retail_pipeline.py
[2026-05-04T04:31:11.139+0000] {processor.py:829} INFO - Processing file /opt/airflow/dags/backfill_retail_pipeline.py for tasks to queue
[2026-05-04T04:31:11.140+0000] {logging_mixin.py:151} INFO - [2026-05-04T04:31:11.139+0000] {dagbag.py:539} INFO - Filling up the DagBag from /opt/airflow/dags/backfill_retail_pipeline.py
[2026-05-04T04:31:11.151+0000] {processor.py:839} INFO - DAG(s) dict_keys(['backfill_retail_ingestion']) retrieved from /opt/airflow/dags/backfill_retail_pipeline.py
[2026-05-04T04:31:11.187+0000] {logging_mixin.py:151} INFO - [2026-05-04T04:31:11.186+0000] {dag.py:2915} INFO - Sync 1 DAGs
[2026-05-04T04:31:11.200+0000] {logging_mixin.py:151} INFO - [2026-05-04T04:31:11.200+0000] {dag.py:3696} INFO - Setting next_dagrun for backfill_retail_ingestion to None, run_after=None
[2026-05-04T04:31:11.209+0000] {processor.py:179} INFO - Processing /opt/airflow/dags/backfill_retail_pipeline.py took 0.078 seconds
[2026-05-04T04:31:41.450+0000] {processor.py:157} INFO - Started process (PID=3373) to work on /opt/airflow/dags/backfill_retail_pipeline.py
[2026-05-04T04:31:41.450+0000] {processor.py:829} INFO - Processing file /opt/airflow/dags/backfill_retail_pipeline.py for tasks to queue
[2026-05-04T04:31:41.451+0000] {logging_mixin.py:151} INFO - [2026-05-04T04:31:41.451+0000] {dagbag.py:539} INFO - Filling up the DagBag from /opt/airflow/dags/backfill_retail_pipeline.py
[2026-05-04T04:31:41.461+0000] {processor.py:839} INFO - DAG(s) dict_keys(['backfill_retail_ingestion']) retrieved from /opt/airflow/dags/backfill_retail_pipeline.py
[2026-05-04T04:31:41.480+0000] {logging_mixin.py:151} INFO - [2026-05-04T04:31:41.480+0000] {dag.py:2915} INFO - Sync 1 DAGs
[2026-05-04T04:31:41.485+0000] {logging_mixin.py:151} INFO - [2026-05-04T04:31:41.485+0000] {dag.py:3696} INFO - Setting next_dagrun for backfill_retail_ingestion to None, run_after=None
[2026-05-04T04:31:41.491+0000] {processor.py:179} INFO - Processing /opt/airflow/dags/backfill_retail_pipeline.py took 0.044 seconds
[2026-05-04T04:32:11.803+0000] {processor.py:157} INFO - Started process (PID=3388) to work on /opt/airflow/dags/backfill_retail_pipeline.py
[2026-05-04T04:32:11.804+0000] {processor.py:829} INFO - Processing file /opt/airflow/dags/backfill_retail_pipeline.py for tasks to queue
[2026-05-04T04:32:11.808+0000] {logging_mixin.py:151} INFO - [2026-05-04T04:32:11.805+0000] {dagbag.py:539} INFO - Filling up the DagBag from /opt/airflow/dags/backfill_retail_pipeline.py
[2026-05-04T04:32:11.827+0000] {processor.py:839} INFO - DAG(s) dict_keys(['backfill_retail_ingestion']) retrieved from /opt/airflow/dags/backfill_retail_pipeline.py
[2026-05-04T04:32:11.863+0000] {logging_mixin.py:151} INFO - [2026-05-04T04:32:11.863+0000] {dag.py:2915} INFO - Sync 1 DAGs
[2026-05-04T04:32:11.874+0000] {logging_mixin.py:151} INFO - [2026-05-04T04:32:11.873+0000] {dag.py:3696} INFO - Setting next_dagrun for backfill_retail_ingestion to None, run_after=None
[2026-05-04T04:32:11.882+0000] {processor.py:179} INFO - Processing /opt/airflow/dags/backfill_retail_pipeline.py took 0.087 seconds
[2026-05-04T04:32:42.105+0000] {processor.py:157} INFO - Started process (PID=3403) to work on /opt/airflow/dags/backfill_retail_pipeline.py
[2026-05-04T04:32:42.106+0000] {processor.py:829} INFO - Processing file /opt/airflow/dags/backfill_retail_pipeline.py for tasks to queue
[2026-05-04T04:32:42.107+0000] {logging_mixin.py:151} INFO - [2026-05-04T04:32:42.107+0000] {dagbag.py:539} INFO - Filling up the DagBag from /opt/airflow/dags/backfill_retail_pipeline.py
[2026-05-04T04:32:42.122+0000] {processor.py:839} INFO - DAG(s) dict_keys(['backfill_retail_ingestion']) retrieved from /opt/airflow/dags/backfill_retail_pipeline.py
[2026-05-04T04:32:42.146+0000] {logging_mixin.py:151} INFO - [2026-05-04T04:32:42.146+0000] {dag.py:2915} INFO - Sync 1 DAGs
[2026-05-04T04:32:42.152+0000] {logging_mixin.py:151} INFO - [2026-05-04T04:32:42.152+0000] {dag.py:3696} INFO - Setting next_dagrun for backfill_retail_ingestion to None, run_after=None
[2026-05-04T04:32:42.159+0000] {processor.py:179} INFO - Processing /opt/airflow/dags/backfill_retail_pipeline.py took 0.059 seconds
[2026-05-04T04:33:12.623+0000] {processor.py:157} INFO - Started process (PID=3418) to work on /opt/airflow/dags/backfill_retail_pipeline.py
[2026-05-04T04:33:12.624+0000] {processor.py:829} INFO - Processing file /opt/airflow/dags/backfill_retail_pipeline.py for tasks to queue
[2026-05-04T04:33:12.626+0000] {logging_mixin.py:151} INFO - [2026-05-04T04:33:12.626+0000] {dagbag.py:539} INFO - Filling up the DagBag from /opt/airflow/dags/backfill_retail_pipeline.py
[2026-05-04T04:33:12.645+0000] {processor.py:839} INFO - DAG(s) dict_keys(['backfill_retail_ingestion']) retrieved from /opt/airflow/dags/backfill_retail_pipeline.py
[2026-05-04T04:33:12.677+0000] {logging_mixin.py:151} INFO - [2026-05-04T04:33:12.677+0000] {dag.py:2915} INFO - Sync 1 DAGs
[2026-05-04T04:33:12.685+0000] {logging_mixin.py:151} INFO - [2026-05-04T04:33:12.685+0000] {dag.py:3696} INFO - Setting next_dagrun for backfill_retail_ingestion to None, run_after=None
[2026-05-04T04:33:12.691+0000] {processor.py:179} INFO - Processing /opt/airflow/dags/backfill_retail_pipeline.py took 0.077 seconds
[2026-05-04T04:33:42.949+0000] {processor.py:157} INFO - Started process (PID=3433) to work on /opt/airflow/dags/backfill_retail_pipeline.py
[2026-05-04T04:33:42.950+0000] {processor.py:829} INFO - Processing file /opt/airflow/dags/backfill_retail_pipeline.py for tasks to queue
[2026-05-04T04:33:42.951+0000] {logging_mixin.py:151} INFO - [2026-05-04T04:33:42.950+0000] {dagbag.py:539} INFO - Filling up the DagBag from /opt/airflow/dags/backfill_retail_pipeline.py
[2026-05-04T04:33:42.962+0000] {processor.py:839} INFO - DAG(s) dict_keys(['backfill_retail_ingestion']) retrieved from /opt/airflow/dags/backfill_retail_pipeline.py
[2026-05-04T04:33:42.982+0000] {logging_mixin.py:151} INFO - [2026-05-04T04:33:42.981+0000] {dag.py:2915} INFO - Sync 1 DAGs
[2026-05-04T04:33:42.987+0000] {logging_mixin.py:151} INFO - [2026-05-04T04:33:42.987+0000] {dag.py:3696} INFO - Setting next_dagrun for backfill_retail_ingestion to None, run_after=None
[2026-05-04T04:33:42.994+0000] {processor.py:179} INFO - Processing /opt/airflow/dags/backfill_retail_pipeline.py took 0.048 seconds
[2026-05-04T04:34:13.345+0000] {processor.py:157} INFO - Started process (PID=3448) to work on /opt/airflow/dags/backfill_retail_pipeline.py
[2026-05-04T04:34:13.346+0000] {processor.py:829} INFO - Processing file /opt/airflow/dags/backfill_retail_pipeline.py for tasks to queue
[2026-05-04T04:34:13.347+0000] {logging_mixin.py:151} INFO - [2026-05-04T04:34:13.347+0000] {dagbag.py:539} INFO - Filling up the DagBag from /opt/airflow/dags/backfill_retail_pipeline.py
[2026-05-04T04:34:13.359+0000] {processor.py:839} INFO - DAG(s) dict_keys(['backfill_retail_ingestion']) retrieved from /opt/airflow/dags/backfill_retail_pipeline.py
[2026-05-04T04:34:13.379+0000] {logging_mixin.py:151} INFO - [2026-05-04T04:34:13.379+0000] {dag.py:2915} INFO - Sync 1 DAGs
[2026-05-04T04:34:13.387+0000] {logging_mixin.py:151} INFO - [2026-05-04T04:34:13.387+0000] {dag.py:3696} INFO - Setting next_dagrun for backfill_retail_ingestion to None, run_after=None
[2026-05-04T04:34:13.393+0000] {processor.py:179} INFO - Processing /opt/airflow/dags/backfill_retail_pipeline.py took 0.053 seconds
[2026-05-04T04:34:43.704+0000] {processor.py:157} INFO - Started process (PID=3463) to work on /opt/airflow/dags/backfill_retail_pipeline.py
[2026-05-04T04:34:43.705+0000] {processor.py:829} INFO - Processing file /opt/airflow/dags/backfill_retail_pipeline.py for tasks to queue
[2026-05-04T04:34:43.706+0000] {logging_mixin.py:151} INFO - [2026-05-04T04:34:43.706+0000] {dagbag.py:539} INFO - Filling up the DagBag from /opt/airflow/dags/backfill_retail_pipeline.py
[2026-05-04T04:34:43.718+0000] {processor.py:839} INFO - DAG(s) dict_keys(['backfill_retail_ingestion']) retrieved from /opt/airflow/dags/backfill_retail_pipeline.py
[2026-05-04T04:34:43.742+0000] {logging_mixin.py:151} INFO - [2026-05-04T04:34:43.742+0000] {dag.py:2915} INFO - Sync 1 DAGs
[2026-05-04T04:34:43.748+0000] {logging_mixin.py:151} INFO - [2026-05-04T04:34:43.748+0000] {dag.py:3696} INFO - Setting next_dagrun for backfill_retail_ingestion to None, run_after=None
[2026-05-04T04:34:43.758+0000] {processor.py:179} INFO - Processing /opt/airflow/dags/backfill_retail_pipeline.py took 0.057 seconds
[2026-05-04T04:35:14.065+0000] {processor.py:157} INFO - Started process (PID=3478) to work on /opt/airflow/dags/backfill_retail_pipeline.py
[2026-05-04T04:35:14.070+0000] {processor.py:829} INFO - Processing file /opt/airflow/dags/backfill_retail_pipeline.py for tasks to queue
[2026-05-04T04:35:14.072+0000] {logging_mixin.py:151} INFO - [2026-05-04T04:35:14.071+0000] {dagbag.py:539} INFO - Filling up the DagBag from /opt/airflow/dags/backfill_retail_pipeline.py
[2026-05-04T04:35:14.088+0000] {processor.py:839} INFO - DAG(s) dict_keys(['backfill_retail_ingestion']) retrieved from /opt/airflow/dags/backfill_retail_pipeline.py
[2026-05-04T04:35:14.123+0000] {logging_mixin.py:151} INFO - [2026-05-04T04:35:14.123+0000] {dag.py:2915} INFO - Sync 1 DAGs
[2026-05-04T04:35:14.131+0000] {logging_mixin.py:151} INFO - [2026-05-04T04:35:14.131+0000] {dag.py:3696} INFO - Setting next_dagrun for backfill_retail_ingestion to None, run_after=None
[2026-05-04T04:35:14.140+0000] {processor.py:179} INFO - Processing /opt/airflow/dags/backfill_retail_pipeline.py took 0.080 seconds
[2026-05-04T04:35:44.354+0000] {processor.py:157} INFO - Started process (PID=3493) to work on /opt/airflow/dags/backfill_retail_pipeline.py
[2026-05-04T04:35:44.355+0000] {processor.py:829} INFO - Processing file /opt/airflow/dags/backfill_retail_pipeline.py for tasks to queue
[2026-05-04T04:35:44.356+0000] {logging_mixin.py:151} INFO - [2026-05-04T04:35:44.355+0000] {dagbag.py:539} INFO - Filling up the DagBag from /opt/airflow/dags/backfill_retail_pipeline.py
[2026-05-04T04:35:44.362+0000] {processor.py:839} INFO - DAG(s) dict_keys(['backfill_retail_ingestion']) retrieved from /opt/airflow/dags/backfill_retail_pipeline.py
[2026-05-04T04:35:44.378+0000] {logging_mixin.py:151} INFO - [2026-05-04T04:35:44.378+0000] {dag.py:2915} INFO - Sync 1 DAGs
[2026-05-04T04:35:44.384+0000] {logging_mixin.py:151} INFO - [2026-05-04T04:35:44.384+0000] {dag.py:3696} INFO - Setting next_dagrun for backfill_retail_ingestion to None, run_after=None
[2026-05-04T04:35:44.391+0000] {processor.py:179} INFO - Processing /opt/airflow/dags/backfill_retail_pipeline.py took 0.040 seconds
[2026-05-04T04:36:14.696+0000] {processor.py:157} INFO - Started process (PID=3508) to work on /opt/airflow/dags/backfill_retail_pipeline.py
[2026-05-04T04:36:14.700+0000] {processor.py:829} INFO - Processing file /opt/airflow/dags/backfill_retail_pipeline.py for tasks to queue
[2026-05-04T04:36:14.701+0000] {logging_mixin.py:151} INFO - [2026-05-04T04:36:14.700+0000] {dagbag.py:539} INFO - Filling up the DagBag from /opt/airflow/dags/backfill_retail_pipeline.py
[2026-05-04T04:36:14.715+0000] {processor.py:839} INFO - DAG(s) dict_keys(['backfill_retail_ingestion']) retrieved from /opt/airflow/dags/backfill_retail_pipeline.py
[2026-05-04T04:36:14.744+0000] {logging_mixin.py:151} INFO - [2026-05-04T04:36:14.744+0000] {dag.py:2915} INFO - Sync 1 DAGs
[2026-05-04T04:36:14.753+0000] {logging_mixin.py:151} INFO - [2026-05-04T04:36:14.753+0000] {dag.py:3696} INFO - Setting next_dagrun for backfill_retail_ingestion to None, run_after=None
[2026-05-04T04:36:14.761+0000] {processor.py:179} INFO - Processing /opt/airflow/dags/backfill_retail_pipeline.py took 0.071 seconds
[2026-05-04T04:36:45.023+0000] {processor.py:157} INFO - Started process (PID=3523) to work on /opt/airflow/dags/backfill_retail_pipeline.py
[2026-05-04T04:36:45.024+0000] {processor.py:829} INFO - Processing file /opt/airflow/dags/backfill_retail_pipeline.py for tasks to queue
[2026-05-04T04:36:45.025+0000] {logging_mixin.py:151} INFO - [2026-05-04T04:36:45.024+0000] {dagbag.py:539} INFO - Filling up the DagBag from /opt/airflow/dags/backfill_retail_pipeline.py
[2026-05-04T04:36:45.036+0000] {processor.py:839} INFO - DAG(s) dict_keys(['backfill_retail_ingestion']) retrieved from /opt/airflow/dags/backfill_retail_pipeline.py
[2026-05-04T04:36:45.061+0000] {logging_mixin.py:151} INFO - [2026-05-04T04:36:45.061+0000] {dag.py:2915} INFO - Sync 1 DAGs
[2026-05-04T04:36:45.067+0000] {logging_mixin.py:151} INFO - [2026-05-04T04:36:45.067+0000] {dag.py:3696} INFO - Setting next_dagrun for backfill_retail_ingestion to None, run_after=None
[2026-05-04T04:36:45.074+0000] {processor.py:179} INFO - Processing /opt/airflow/dags/backfill_retail_pipeline.py took 0.056 seconds
[2026-05-04T04:37:15.353+0000] {processor.py:157} INFO - Started process (PID=3538) to work on /opt/airflow/dags/backfill_retail_pipeline.py
[2026-05-04T04:37:15.354+0000] {processor.py:829} INFO - Processing file /opt/airflow/dags/backfill_retail_pipeline.py for tasks to queue
[2026-05-04T04:37:15.355+0000] {logging_mixin.py:151} INFO - [2026-05-04T04:37:15.354+0000] {dagbag.py:539} INFO - Filling up the DagBag from /opt/airflow/dags/backfill_retail_pipeline.py
[2026-05-04T04:37:15.365+0000] {processor.py:839} INFO - DAG(s) dict_keys(['backfill_retail_ingestion']) retrieved from /opt/airflow/dags/backfill_retail_pipeline.py
[2026-05-04T04:37:15.386+0000] {logging_mixin.py:151} INFO - [2026-05-04T04:37:15.386+0000] {dag.py:2915} INFO - Sync 1 DAGs
[2026-05-04T04:37:15.392+0000] {logging_mixin.py:151} INFO - [2026-05-04T04:37:15.392+0000] {dag.py:3696} INFO - Setting next_dagrun for backfill_retail_ingestion to None, run_after=None
[2026-05-04T04:37:15.398+0000] {processor.py:179} INFO - Processing /opt/airflow/dags/backfill_retail_pipeline.py took 0.049 seconds
[2026-05-04T04:37:45.684+0000] {processor.py:157} INFO - Started process (PID=3553) to work on /opt/airflow/dags/backfill_retail_pipeline.py
[2026-05-04T04:37:45.685+0000] {processor.py:829} INFO - Processing file /opt/airflow/dags/backfill_retail_pipeline.py for tasks to queue
[2026-05-04T04:37:45.686+0000] {logging_mixin.py:151} INFO - [2026-05-04T04:37:45.686+0000] {dagbag.py:539} INFO - Filling up the DagBag from /opt/airflow/dags/backfill_retail_pipeline.py
[2026-05-04T04:37:45.698+0000] {processor.py:839} INFO - DAG(s) dict_keys(['backfill_retail_ingestion']) retrieved from /opt/airflow/dags/backfill_retail_pipeline.py
[2026-05-04T04:37:45.722+0000] {logging_mixin.py:151} INFO - [2026-05-04T04:37:45.722+0000] {dag.py:2915} INFO - Sync 1 DAGs
[2026-05-04T04:37:45.728+0000] {logging_mixin.py:151} INFO - [2026-05-04T04:37:45.728+0000] {dag.py:3696} INFO - Setting next_dagrun for backfill_retail_ingestion to None, run_after=None
[2026-05-04T04:37:45.735+0000] {processor.py:179} INFO - Processing /opt/airflow/dags/backfill_retail_pipeline.py took 0.057 seconds
[2026-05-04T04:38:16.031+0000] {processor.py:157} INFO - Started process (PID=3568) to work on /opt/airflow/dags/backfill_retail_pipeline.py
[2026-05-04T04:38:16.032+0000] {processor.py:829} INFO - Processing file /opt/airflow/dags/backfill_retail_pipeline.py for tasks to queue
[2026-05-04T04:38:16.033+0000] {logging_mixin.py:151} INFO - [2026-05-04T04:38:16.032+0000] {dagbag.py:539} INFO - Filling up the DagBag from /opt/airflow/dags/backfill_retail_pipeline.py
[2026-05-04T04:38:16.043+0000] {processor.py:839} INFO - DAG(s) dict_keys(['backfill_retail_ingestion']) retrieved from /opt/airflow/dags/backfill_retail_pipeline.py
[2026-05-04T04:38:16.065+0000] {logging_mixin.py:151} INFO - [2026-05-04T04:38:16.065+0000] {dag.py:2915} INFO - Sync 1 DAGs
[2026-05-04T04:38:16.071+0000] {logging_mixin.py:151} INFO - [2026-05-04T04:38:16.071+0000] {dag.py:3696} INFO - Setting next_dagrun for backfill_retail_ingestion to None, run_after=None
[2026-05-04T04:38:16.078+0000] {processor.py:179} INFO - Processing /opt/airflow/dags/backfill_retail_pipeline.py took 0.050 seconds
[2026-05-04T04:38:46.353+0000] {processor.py:157} INFO - Started process (PID=3583) to work on /opt/airflow/dags/backfill_retail_pipeline.py
[2026-05-04T04:38:46.354+0000] {processor.py:829} INFO - Processing file /opt/airflow/dags/backfill_retail_pipeline.py for tasks to queue
[2026-05-04T04:38:46.355+0000] {logging_mixin.py:151} INFO - [2026-05-04T04:38:46.354+0000] {dagbag.py:539} INFO - Filling up the DagBag from /opt/airflow/dags/backfill_retail_pipeline.py
[2026-05-04T04:38:46.367+0000] {processor.py:839} INFO - DAG(s) dict_keys(['backfill_retail_ingestion']) retrieved from /opt/airflow/dags/backfill_retail_pipeline.py
[2026-05-04T04:38:46.391+0000] {logging_mixin.py:151} INFO - [2026-05-04T04:38:46.391+0000] {dag.py:2915} INFO - Sync 1 DAGs
[2026-05-04T04:38:46.398+0000] {logging_mixin.py:151} INFO - [2026-05-04T04:38:46.398+0000] {dag.py:3696} INFO - Setting next_dagrun for backfill_retail_ingestion to None, run_after=None
[2026-05-04T04:38:46.405+0000] {processor.py:179} INFO - Processing /opt/airflow/dags/backfill_retail_pipeline.py took 0.057 seconds
[2026-05-04T04:39:16.629+0000] {processor.py:157} INFO - Started process (PID=3598) to work on /opt/airflow/dags/backfill_retail_pipeline.py
[2026-05-04T04:39:16.630+0000] {processor.py:829} INFO - Processing file /opt/airflow/dags/backfill_retail_pipeline.py for tasks to queue
[2026-05-04T04:39:16.630+0000] {logging_mixin.py:151} INFO - [2026-05-04T04:39:16.630+0000] {dagbag.py:539} INFO - Filling up the DagBag from /opt/airflow/dags/backfill_retail_pipeline.py
[2026-05-04T04:39:16.640+0000] {processor.py:839} INFO - DAG(s) dict_keys(['backfill_retail_ingestion']) retrieved from /opt/airflow/dags/backfill_retail_pipeline.py
[2026-05-04T04:39:16.660+0000] {logging_mixin.py:151} INFO - [2026-05-04T04:39:16.660+0000] {dag.py:2915} INFO - Sync 1 DAGs
[2026-05-04T04:39:16.666+0000] {logging_mixin.py:151} INFO - [2026-05-04T04:39:16.666+0000] {dag.py:3696} INFO - Setting next_dagrun for backfill_retail_ingestion to None, run_after=None
[2026-05-04T04:39:16.673+0000] {processor.py:179} INFO - Processing /opt/airflow/dags/backfill_retail_pipeline.py took 0.047 seconds
[2026-05-04T04:39:46.991+0000] {processor.py:157} INFO - Started process (PID=3613) to work on /opt/airflow/dags/backfill_retail_pipeline.py
[2026-05-04T04:39:46.993+0000] {processor.py:829} INFO - Processing file /opt/airflow/dags/backfill_retail_pipeline.py for tasks to queue
[2026-05-04T04:39:46.994+0000] {logging_mixin.py:151} INFO - [2026-05-04T04:39:46.993+0000] {dagbag.py:539} INFO - Filling up the DagBag from /opt/airflow/dags/backfill_retail_pipeline.py
[2026-05-04T04:39:47.007+0000] {processor.py:839} INFO - DAG(s) dict_keys(['backfill_retail_ingestion']) retrieved from /opt/airflow/dags/backfill_retail_pipeline.py
[2026-05-04T04:39:47.034+0000] {logging_mixin.py:151} INFO - [2026-05-04T04:39:47.034+0000] {dag.py:2915} INFO - Sync 1 DAGs
[2026-05-04T04:39:47.040+0000] {logging_mixin.py:151} INFO - [2026-05-04T04:39:47.040+0000] {dag.py:3696} INFO - Setting next_dagrun for backfill_retail_ingestion to None, run_after=None
[2026-05-04T04:39:47.050+0000] {processor.py:179} INFO - Processing /opt/airflow/dags/backfill_retail_pipeline.py took 0.063 seconds
[2026-05-04T04:40:17.281+0000] {processor.py:157} INFO - Started process (PID=3628) to work on /opt/airflow/dags/backfill_retail_pipeline.py
[2026-05-04T04:40:17.282+0000] {processor.py:829} INFO - Processing file /opt/airflow/dags/backfill_retail_pipeline.py for tasks to queue
[2026-05-04T04:40:17.283+0000] {logging_mixin.py:151} INFO - [2026-05-04T04:40:17.282+0000] {dagbag.py:539} INFO - Filling up the DagBag from /opt/airflow/dags/backfill_retail_pipeline.py
[2026-05-04T04:40:17.290+0000] {processor.py:839} INFO - DAG(s) dict_keys(['backfill_retail_ingestion']) retrieved from /opt/airflow/dags/backfill_retail_pipeline.py
[2026-05-04T04:40:17.308+0000] {logging_mixin.py:151} INFO - [2026-05-04T04:40:17.308+0000] {dag.py:2915} INFO - Sync 1 DAGs
[2026-05-04T04:40:17.313+0000] {logging_mixin.py:151} INFO - [2026-05-04T04:40:17.313+0000] {dag.py:3696} INFO - Setting next_dagrun for backfill_retail_ingestion to None, run_after=None
[2026-05-04T04:40:17.319+0000] {processor.py:179} INFO - Processing /opt/airflow/dags/backfill_retail_pipeline.py took 0.041 seconds
[2026-05-04T04:40:26.435+0000] {processor.py:157} INFO - Started process (PID=3643) to work on /opt/airflow/dags/backfill_retail_pipeline.py
[2026-05-04T04:40:26.436+0000] {processor.py:829} INFO - Processing file /opt/airflow/dags/backfill_retail_pipeline.py for tasks to queue
[2026-05-04T04:40:26.437+0000] {logging_mixin.py:151} INFO - [2026-05-04T04:40:26.437+0000] {dagbag.py:539} INFO - Filling up the DagBag from /opt/airflow/dags/backfill_retail_pipeline.py
[2026-05-04T04:40:26.447+0000] {processor.py:839} INFO - DAG(s) dict_keys(['backfill_retail_ingestion']) retrieved from /opt/airflow/dags/backfill_retail_pipeline.py
[2026-05-04T04:40:26.501+0000] {logging_mixin.py:151} INFO - [2026-05-04T04:40:26.500+0000] {security.py:708} INFO - Not syncing DAG-level permissions for DAG 'DAG:backfill_retail_ingestion' as access control is unset.
[2026-05-04T04:40:26.501+0000] {logging_mixin.py:151} INFO - [2026-05-04T04:40:26.501+0000] {dag.py:2915} INFO - Sync 1 DAGs
[2026-05-04T04:40:26.504+0000] {logging_mixin.py:151} INFO - [2026-05-04T04:40:26.504+0000] {dag.py:3696} INFO - Setting next_dagrun for backfill_retail_ingestion to None, run_after=None
[2026-05-04T04:40:26.511+0000] {processor.py:179} INFO - Processing /opt/airflow/dags/backfill_retail_pipeline.py took 0.079 seconds
[2026-05-04T04:40:56.715+0000] {processor.py:157} INFO - Started process (PID=3658) to work on /opt/airflow/dags/backfill_retail_pipeline.py
[2026-05-04T04:40:56.718+0000] {processor.py:829} INFO - Processing file /opt/airflow/dags/backfill_retail_pipeline.py for tasks to queue
[2026-05-04T04:40:56.719+0000] {logging_mixin.py:151} INFO - [2026-05-04T04:40:56.719+0000] {dagbag.py:539} INFO - Filling up the DagBag from /opt/airflow/dags/backfill_retail_pipeline.py
[2026-05-04T04:40:56.729+0000] {processor.py:839} INFO - DAG(s) dict_keys(['backfill_retail_ingestion']) retrieved from /opt/airflow/dags/backfill_retail_pipeline.py
[2026-05-04T04:40:56.750+0000] {logging_mixin.py:151} INFO - [2026-05-04T04:40:56.750+0000] {dag.py:2915} INFO - Sync 1 DAGs
[2026-05-04T04:40:56.755+0000] {logging_mixin.py:151} INFO - [2026-05-04T04:40:56.755+0000] {dag.py:3696} INFO - Setting next_dagrun for backfill_retail_ingestion to None, run_after=None
[2026-05-04T04:40:56.762+0000] {processor.py:179} INFO - Processing /opt/airflow/dags/backfill_retail_pipeline.py took 0.050 seconds
[2026-05-04T04:41:27.060+0000] {processor.py:157} INFO - Started process (PID=3673) to work on /opt/airflow/dags/backfill_retail_pipeline.py
[2026-05-04T04:41:27.065+0000] {processor.py:829} INFO - Processing file /opt/airflow/dags/backfill_retail_pipeline.py for tasks to queue
[2026-05-04T04:41:27.068+0000] {logging_mixin.py:151} INFO - [2026-05-04T04:41:27.067+0000] {dagbag.py:539} INFO - Filling up the DagBag from /opt/airflow/dags/backfill_retail_pipeline.py
[2026-05-04T04:41:27.086+0000] {processor.py:839} INFO - DAG(s) dict_keys(['backfill_retail_ingestion']) retrieved from /opt/airflow/dags/backfill_retail_pipeline.py
[2026-05-04T04:41:27.126+0000] {logging_mixin.py:151} INFO - [2026-05-04T04:41:27.126+0000] {dag.py:2915} INFO - Sync 1 DAGs
[2026-05-04T04:41:27.141+0000] {logging_mixin.py:151} INFO - [2026-05-04T04:41:27.140+0000] {dag.py:3696} INFO - Setting next_dagrun for backfill_retail_ingestion to None, run_after=None
[2026-05-04T04:41:27.150+0000] {processor.py:179} INFO - Processing /opt/airflow/dags/backfill_retail_pipeline.py took 0.096 seconds
[2026-05-04T04:41:57.365+0000] {processor.py:157} INFO - Started process (PID=3688) to work on /opt/airflow/dags/backfill_retail_pipeline.py
[2026-05-04T04:41:57.367+0000] {processor.py:829} INFO - Processing file /opt/airflow/dags/backfill_retail_pipeline.py for tasks to queue
[2026-05-04T04:41:57.367+0000] {logging_mixin.py:151} INFO - [2026-05-04T04:41:57.367+0000] {dagbag.py:539} INFO - Filling up the DagBag from /opt/airflow/dags/backfill_retail_pipeline.py
[2026-05-04T04:41:57.377+0000] {processor.py:839} INFO - DAG(s) dict_keys(['backfill_retail_ingestion']) retrieved from /opt/airflow/dags/backfill_retail_pipeline.py
[2026-05-04T04:41:57.396+0000] {logging_mixin.py:151} INFO - [2026-05-04T04:41:57.396+0000] {dag.py:2915} INFO - Sync 1 DAGs
[2026-05-04T04:41:57.401+0000] {logging_mixin.py:151} INFO - [2026-05-04T04:41:57.401+0000] {dag.py:3696} INFO - Setting next_dagrun for backfill_retail_ingestion to None, run_after=None
[2026-05-04T04:41:57.408+0000] {processor.py:179} INFO - Processing /opt/airflow/dags/backfill_retail_pipeline.py took 0.047 seconds
[2026-05-04T04:42:27.600+0000] {processor.py:157} INFO - Started process (PID=3703) to work on /opt/airflow/dags/backfill_retail_pipeline.py
[2026-05-04T04:42:27.601+0000] {processor.py:829} INFO - Processing file /opt/airflow/dags/backfill_retail_pipeline.py for tasks to queue
[2026-05-04T04:42:27.601+0000] {logging_mixin.py:151} INFO - [2026-05-04T04:42:27.601+0000] {dagbag.py:539} INFO - Filling up the DagBag from /opt/airflow/dags/backfill_retail_pipeline.py
[2026-05-04T04:42:27.612+0000] {processor.py:839} INFO - DAG(s) dict_keys(['backfill_retail_ingestion']) retrieved from /opt/airflow/dags/backfill_retail_pipeline.py
[2026-05-04T04:42:27.632+0000] {logging_mixin.py:151} INFO - [2026-05-04T04:42:27.632+0000] {dag.py:2915} INFO - Sync 1 DAGs
[2026-05-04T04:42:27.637+0000] {logging_mixin.py:151} INFO - [2026-05-04T04:42:27.637+0000] {dag.py:3696} INFO - Setting next_dagrun for backfill_retail_ingestion to None, run_after=None
[2026-05-04T04:42:27.643+0000] {processor.py:179} INFO - Processing /opt/airflow/dags/backfill_retail_pipeline.py took 0.046 seconds
[2026-05-04T04:42:58.111+0000] {processor.py:157} INFO - Started process (PID=3718) to work on /opt/airflow/dags/backfill_retail_pipeline.py
[2026-05-04T04:42:58.112+0000] {processor.py:829} INFO - Processing file /opt/airflow/dags/backfill_retail_pipeline.py for tasks to queue
[2026-05-04T04:42:58.112+0000] {logging_mixin.py:151} INFO - [2026-05-04T04:42:58.112+0000] {dagbag.py:539} INFO - Filling up the DagBag from /opt/airflow/dags/backfill_retail_pipeline.py
[2026-05-04T04:42:58.119+0000] {processor.py:839} INFO - DAG(s) dict_keys(['backfill_retail_ingestion']) retrieved from /opt/airflow/dags/backfill_retail_pipeline.py
[2026-05-04T04:42:58.138+0000] {logging_mixin.py:151} INFO - [2026-05-04T04:42:58.138+0000] {dag.py:2915} INFO - Sync 1 DAGs
[2026-05-04T04:42:58.144+0000] {logging_mixin.py:151} INFO - [2026-05-04T04:42:58.144+0000] {dag.py:3696} INFO - Setting next_dagrun for backfill_retail_ingestion to None, run_after=None
[2026-05-04T04:42:58.151+0000] {processor.py:179} INFO - Processing /opt/airflow/dags/backfill_retail_pipeline.py took 0.046 seconds
[2026-05-04T04:43:28.454+0000] {processor.py:157} INFO - Started process (PID=3733) to work on /opt/airflow/dags/backfill_retail_pipeline.py
[2026-05-04T04:43:28.455+0000] {processor.py:829} INFO - Processing file /opt/airflow/dags/backfill_retail_pipeline.py for tasks to queue
[2026-05-04T04:43:28.456+0000] {logging_mixin.py:151} INFO - [2026-05-04T04:43:28.456+0000] {dagbag.py:539} INFO - Filling up the DagBag from /opt/airflow/dags/backfill_retail_pipeline.py
[2026-05-04T04:43:28.466+0000] {processor.py:839} INFO - DAG(s) dict_keys(['backfill_retail_ingestion']) retrieved from /opt/airflow/dags/backfill_retail_pipeline.py
[2026-05-04T04:43:28.486+0000] {logging_mixin.py:151} INFO - [2026-05-04T04:43:28.486+0000] {dag.py:2915} INFO - Sync 1 DAGs
[2026-05-04T04:43:28.491+0000] {logging_mixin.py:151} INFO - [2026-05-04T04:43:28.491+0000] {dag.py:3696} INFO - Setting next_dagrun for backfill_retail_ingestion to None, run_after=None
[2026-05-04T04:43:28.498+0000] {processor.py:179} INFO - Processing /opt/airflow/dags/backfill_retail_pipeline.py took 0.047 seconds
[2026-05-04T04:43:58.864+0000] {processor.py:157} INFO - Started process (PID=3748) to work on /opt/airflow/dags/backfill_retail_pipeline.py
[2026-05-04T04:43:58.865+0000] {processor.py:829} INFO - Processing file /opt/airflow/dags/backfill_retail_pipeline.py for tasks to queue
[2026-05-04T04:43:58.867+0000] {logging_mixin.py:151} INFO - [2026-05-04T04:43:58.866+0000] {dagbag.py:539} INFO - Filling up the DagBag from /opt/airflow/dags/backfill_retail_pipeline.py
[2026-05-04T04:43:58.887+0000] {processor.py:839} INFO - DAG(s) dict_keys(['backfill_retail_ingestion']) retrieved from /opt/airflow/dags/backfill_retail_pipeline.py
[2026-05-04T04:43:58.923+0000] {logging_mixin.py:151} INFO - [2026-05-04T04:43:58.923+0000] {dag.py:2915} INFO - Sync 1 DAGs
[2026-05-04T04:43:58.938+0000] {logging_mixin.py:151} INFO - [2026-05-04T04:43:58.937+0000] {dag.py:3696} INFO - Setting next_dagrun for backfill_retail_ingestion to None, run_after=None
[2026-05-04T04:43:58.953+0000] {processor.py:179} INFO - Processing /opt/airflow/dags/backfill_retail_pipeline.py took 0.097 seconds
[2026-05-04T04:44:29.126+0000] {processor.py:157} INFO - Started process (PID=3763) to work on /opt/airflow/dags/backfill_retail_pipeline.py
[2026-05-04T04:44:29.127+0000] {processor.py:829} INFO - Processing file /opt/airflow/dags/backfill_retail_pipeline.py for tasks to queue
[2026-05-04T04:44:29.128+0000] {logging_mixin.py:151} INFO - [2026-05-04T04:44:29.127+0000] {dagbag.py:539} INFO - Filling up the DagBag from /opt/airflow/dags/backfill_retail_pipeline.py
[2026-05-04T04:44:29.134+0000] {processor.py:839} INFO - DAG(s) dict_keys(['backfill_retail_ingestion']) retrieved from /opt/airflow/dags/backfill_retail_pipeline.py
[2026-05-04T04:44:29.151+0000] {logging_mixin.py:151} INFO - [2026-05-04T04:44:29.151+0000] {dag.py:2915} INFO - Sync 1 DAGs
[2026-05-04T04:44:29.157+0000] {logging_mixin.py:151} INFO - [2026-05-04T04:44:29.157+0000] {dag.py:3696} INFO - Setting next_dagrun for backfill_retail_ingestion to None, run_after=None
[2026-05-04T04:44:29.163+0000] {processor.py:179} INFO - Processing /opt/airflow/dags/backfill_retail_pipeline.py took 0.042 seconds
[2026-05-04T04:44:59.480+0000] {processor.py:157} INFO - Started process (PID=3778) to work on /opt/airflow/dags/backfill_retail_pipeline.py
[2026-05-04T04:44:59.483+0000] {processor.py:829} INFO - Processing file /opt/airflow/dags/backfill_retail_pipeline.py for tasks to queue
[2026-05-04T04:44:59.484+0000] {logging_mixin.py:151} INFO - [2026-05-04T04:44:59.484+0000] {dagbag.py:539} INFO - Filling up the DagBag from /opt/airflow/dags/backfill_retail_pipeline.py
[2026-05-04T04:44:59.492+0000] {processor.py:839} INFO - DAG(s) dict_keys(['backfill_retail_ingestion']) retrieved from /opt/airflow/dags/backfill_retail_pipeline.py
[2026-05-04T04:44:59.511+0000] {logging_mixin.py:151} INFO - [2026-05-04T04:44:59.511+0000] {dag.py:2915} INFO - Sync 1 DAGs
[2026-05-04T04:44:59.517+0000] {logging_mixin.py:151} INFO - [2026-05-04T04:44:59.517+0000] {dag.py:3696} INFO - Setting next_dagrun for backfill_retail_ingestion to None, run_after=None
[2026-05-04T04:44:59.523+0000] {processor.py:179} INFO - Processing /opt/airflow/dags/backfill_retail_pipeline.py took 0.045 seconds
[2026-05-04T04:45:29.786+0000] {processor.py:157} INFO - Started process (PID=3793) to work on /opt/airflow/dags/backfill_retail_pipeline.py
[2026-05-04T04:45:29.789+0000] {processor.py:829} INFO - Processing file /opt/airflow/dags/backfill_retail_pipeline.py for tasks to queue
[2026-05-04T04:45:29.790+0000] {logging_mixin.py:151} INFO - [2026-05-04T04:45:29.789+0000] {dagbag.py:539} INFO - Filling up the DagBag from /opt/airflow/dags/backfill_retail_pipeline.py
[2026-05-04T04:45:29.798+0000] {processor.py:839} INFO - DAG(s) dict_keys(['backfill_retail_ingestion']) retrieved from /opt/airflow/dags/backfill_retail_pipeline.py
[2026-05-04T04:45:29.817+0000] {logging_mixin.py:151} INFO - [2026-05-04T04:45:29.817+0000] {dag.py:2915} INFO - Sync 1 DAGs
[2026-05-04T04:45:29.822+0000] {logging_mixin.py:151} INFO - [2026-05-04T04:45:29.822+0000] {dag.py:3696} INFO - Setting next_dagrun for backfill_retail_ingestion to None, run_after=None
[2026-05-04T04:45:29.829+0000] {processor.py:179} INFO - Processing /opt/airflow/dags/backfill_retail_pipeline.py took 0.047 seconds
[2026-05-04T04:46:00.120+0000] {processor.py:157} INFO - Started process (PID=3808) to work on /opt/airflow/dags/backfill_retail_pipeline.py
[2026-05-04T04:46:00.121+0000] {processor.py:829} INFO - Processing file /opt/airflow/dags/backfill_retail_pipeline.py for tasks to queue
[2026-05-04T04:46:00.122+0000] {logging_mixin.py:151} INFO - [2026-05-04T04:46:00.121+0000] {dagbag.py:539} INFO - Filling up the DagBag from /opt/airflow/dags/backfill_retail_pipeline.py
[2026-05-04T04:46:00.131+0000] {processor.py:839} INFO - DAG(s) dict_keys(['backfill_retail_ingestion']) retrieved from /opt/airflow/dags/backfill_retail_pipeline.py
[2026-05-04T04:46:00.150+0000] {logging_mixin.py:151} INFO - [2026-05-04T04:46:00.149+0000] {dag.py:2915} INFO - Sync 1 DAGs
[2026-05-04T04:46:00.155+0000] {logging_mixin.py:151} INFO - [2026-05-04T04:46:00.155+0000] {dag.py:3696} INFO - Setting next_dagrun for backfill_retail_ingestion to None, run_after=None
[2026-05-04T04:46:00.161+0000] {processor.py:179} INFO - Processing /opt/airflow/dags/backfill_retail_pipeline.py took 0.046 seconds
[2026-05-04T04:46:30.365+0000] {processor.py:157} INFO - Started process (PID=3823) to work on /opt/airflow/dags/backfill_retail_pipeline.py
[2026-05-04T04:46:30.366+0000] {processor.py:829} INFO - Processing file /opt/airflow/dags/backfill_retail_pipeline.py for tasks to queue
[2026-05-04T04:46:30.368+0000] {logging_mixin.py:151} INFO - [2026-05-04T04:46:30.367+0000] {dagbag.py:539} INFO - Filling up the DagBag from /opt/airflow/dags/backfill_retail_pipeline.py
[2026-05-04T04:46:30.377+0000] {processor.py:839} INFO - DAG(s) dict_keys(['backfill_retail_ingestion']) retrieved from /opt/airflow/dags/backfill_retail_pipeline.py
[2026-05-04T04:46:30.396+0000] {logging_mixin.py:151} INFO - [2026-05-04T04:46:30.396+0000] {dag.py:2915} INFO - Sync 1 DAGs
[2026-05-04T04:46:30.402+0000] {logging_mixin.py:151} INFO - [2026-05-04T04:46:30.402+0000] {dag.py:3696} INFO - Setting next_dagrun for backfill_retail_ingestion to None, run_after=None
[2026-05-04T04:46:30.409+0000] {processor.py:179} INFO - Processing /opt/airflow/dags/backfill_retail_pipeline.py took 0.047 seconds
[2026-05-04T04:47:00.682+0000] {processor.py:157} INFO - Started process (PID=3838) to work on /opt/airflow/dags/backfill_retail_pipeline.py
[2026-05-04T04:47:00.685+0000] {processor.py:829} INFO - Processing file /opt/airflow/dags/backfill_retail_pipeline.py for tasks to queue
[2026-05-04T04:47:00.686+0000] {logging_mixin.py:151} INFO - [2026-05-04T04:47:00.686+0000] {dagbag.py:539} INFO - Filling up the DagBag from /opt/airflow/dags/backfill_retail_pipeline.py
[2026-05-04T04:47:00.694+0000] {processor.py:839} INFO - DAG(s) dict_keys(['backfill_retail_ingestion']) retrieved from /opt/airflow/dags/backfill_retail_pipeline.py
[2026-05-04T04:47:00.713+0000] {logging_mixin.py:151} INFO - [2026-05-04T04:47:00.713+0000] {dag.py:2915} INFO - Sync 1 DAGs
[2026-05-04T04:47:00.720+0000] {logging_mixin.py:151} INFO - [2026-05-04T04:47:00.720+0000] {dag.py:3696} INFO - Setting next_dagrun for backfill_retail_ingestion to None, run_after=None
[2026-05-04T04:47:00.728+0000] {processor.py:179} INFO - Processing /opt/airflow/dags/backfill_retail_pipeline.py took 0.050 seconds
[2026-05-04T04:47:31.108+0000] {processor.py:157} INFO - Started process (PID=3853) to work on /opt/airflow/dags/backfill_retail_pipeline.py
[2026-05-04T04:47:31.109+0000] {processor.py:829} INFO - Processing file /opt/airflow/dags/backfill_retail_pipeline.py for tasks to queue
[2026-05-04T04:47:31.109+0000] {logging_mixin.py:151} INFO - [2026-05-04T04:47:31.109+0000] {dagbag.py:539} INFO - Filling up the DagBag from /opt/airflow/dags/backfill_retail_pipeline.py
[2026-05-04T04:47:31.117+0000] {processor.py:839} INFO - DAG(s) dict_keys(['backfill_retail_ingestion']) retrieved from /opt/airflow/dags/backfill_retail_pipeline.py
[2026-05-04T04:47:31.137+0000] {logging_mixin.py:151} INFO - [2026-05-04T04:47:31.137+0000] {dag.py:2915} INFO - Sync 1 DAGs
[2026-05-04T04:47:31.153+0000] {logging_mixin.py:151} INFO - [2026-05-04T04:47:31.153+0000] {dag.py:3696} INFO - Setting next_dagrun for backfill_retail_ingestion to None, run_after=None
[2026-05-04T04:47:31.162+0000] {processor.py:179} INFO - Processing /opt/airflow/dags/backfill_retail_pipeline.py took 0.057 seconds
[2026-05-04T04:48:01.408+0000] {processor.py:157} INFO - Started process (PID=3868) to work on /opt/airflow/dags/backfill_retail_pipeline.py
[2026-05-04T04:48:01.408+0000] {processor.py:829} INFO - Processing file /opt/airflow/dags/backfill_retail_pipeline.py for tasks to queue
[2026-05-04T04:48:01.409+0000] {logging_mixin.py:151} INFO - [2026-05-04T04:48:01.409+0000] {dagbag.py:539} INFO - Filling up the DagBag from /opt/airflow/dags/backfill_retail_pipeline.py
[2026-05-04T04:48:01.416+0000] {processor.py:839} INFO - DAG(s) dict_keys(['backfill_retail_ingestion']) retrieved from /opt/airflow/dags/backfill_retail_pipeline.py
[2026-05-04T04:48:01.432+0000] {logging_mixin.py:151} INFO - [2026-05-04T04:48:01.432+0000] {dag.py:2915} INFO - Sync 1 DAGs
[2026-05-04T04:48:01.437+0000] {logging_mixin.py:151} INFO - [2026-05-04T04:48:01.437+0000] {dag.py:3696} INFO - Setting next_dagrun for backfill_retail_ingestion to None, run_after=None
[2026-05-04T04:48:01.444+0000] {processor.py:179} INFO - Processing /opt/airflow/dags/backfill_retail_pipeline.py took 0.039 seconds
[2026-05-04T04:48:31.724+0000] {processor.py:157} INFO - Started process (PID=3883) to work on /opt/airflow/dags/backfill_retail_pipeline.py
[2026-05-04T04:48:31.725+0000] {processor.py:829} INFO - Processing file /opt/airflow/dags/backfill_retail_pipeline.py for tasks to queue
[2026-05-04T04:48:31.726+0000] {logging_mixin.py:151} INFO - [2026-05-04T04:48:31.726+0000] {dagbag.py:539} INFO - Filling up the DagBag from /opt/airflow/dags/backfill_retail_pipeline.py
[2026-05-04T04:48:31.739+0000] {processor.py:839} INFO - DAG(s) dict_keys(['backfill_retail_ingestion']) retrieved from /opt/airflow/dags/backfill_retail_pipeline.py
[2026-05-04T04:48:31.772+0000] {logging_mixin.py:151} INFO - [2026-05-04T04:48:31.772+0000] {dag.py:2915} INFO - Sync 1 DAGs
[2026-05-04T04:48:31.780+0000] {logging_mixin.py:151} INFO - [2026-05-04T04:48:31.780+0000] {dag.py:3696} INFO - Setting next_dagrun for backfill_retail_ingestion to None, run_after=None
[2026-05-04T04:48:31.789+0000] {processor.py:179} INFO - Processing /opt/airflow/dags/backfill_retail_pipeline.py took 0.070 seconds
[2026-05-04T04:49:02.040+0000] {processor.py:157} INFO - Started process (PID=3898) to work on /opt/airflow/dags/backfill_retail_pipeline.py
[2026-05-04T04:49:02.041+0000] {processor.py:829} INFO - Processing file /opt/airflow/dags/backfill_retail_pipeline.py for tasks to queue
[2026-05-04T04:49:02.041+0000] {logging_mixin.py:151} INFO - [2026-05-04T04:49:02.041+0000] {dagbag.py:539} INFO - Filling up the DagBag from /opt/airflow/dags/backfill_retail_pipeline.py
[2026-05-04T04:49:02.050+0000] {processor.py:839} INFO - DAG(s) dict_keys(['backfill_retail_ingestion']) retrieved from /opt/airflow/dags/backfill_retail_pipeline.py
[2026-05-04T04:49:02.069+0000] {logging_mixin.py:151} INFO - [2026-05-04T04:49:02.069+0000] {dag.py:2915} INFO - Sync 1 DAGs
[2026-05-04T04:49:02.074+0000] {logging_mixin.py:151} INFO - [2026-05-04T04:49:02.074+0000] {dag.py:3696} INFO - Setting next_dagrun for backfill_retail_ingestion to None, run_after=None
[2026-05-04T04:49:02.081+0000] {processor.py:179} INFO - Processing /opt/airflow/dags/backfill_retail_pipeline.py took 0.045 seconds
[2026-05-04T04:49:32.357+0000] {processor.py:157} INFO - Started process (PID=3913) to work on /opt/airflow/dags/backfill_retail_pipeline.py
[2026-05-04T04:49:32.358+0000] {processor.py:829} INFO - Processing file /opt/airflow/dags/backfill_retail_pipeline.py for tasks to queue
[2026-05-04T04:49:32.359+0000] {logging_mixin.py:151} INFO - [2026-05-04T04:49:32.358+0000] {dagbag.py:539} INFO - Filling up the DagBag from /opt/airflow/dags/backfill_retail_pipeline.py
[2026-05-04T04:49:32.369+0000] {processor.py:839} INFO - DAG(s) dict_keys(['backfill_retail_ingestion']) retrieved from /opt/airflow/dags/backfill_retail_pipeline.py
[2026-05-04T04:49:32.390+0000] {logging_mixin.py:151} INFO - [2026-05-04T04:49:32.390+0000] {dag.py:2915} INFO - Sync 1 DAGs
[2026-05-04T04:49:32.397+0000] {logging_mixin.py:151} INFO - [2026-05-04T04:49:32.397+0000] {dag.py:3696} INFO - Setting next_dagrun for backfill_retail_ingestion to None, run_after=None
[2026-05-04T04:49:32.403+0000] {processor.py:179} INFO - Processing /opt/airflow/dags/backfill_retail_pipeline.py took 0.050 seconds
[2026-05-04T04:50:02.748+0000] {processor.py:157} INFO - Started process (PID=3928) to work on /opt/airflow/dags/backfill_retail_pipeline.py
[2026-05-04T04:50:02.749+0000] {processor.py:829} INFO - Processing file /opt/airflow/dags/backfill_retail_pipeline.py for tasks to queue
[2026-05-04T04:50:02.749+0000] {logging_mixin.py:151} INFO - [2026-05-04T04:50:02.749+0000] {dagbag.py:539} INFO - Filling up the DagBag from /opt/airflow/dags/backfill_retail_pipeline.py
[2026-05-04T04:50:02.759+0000] {processor.py:839} INFO - DAG(s) dict_keys(['backfill_retail_ingestion']) retrieved from /opt/airflow/dags/backfill_retail_pipeline.py
[2026-05-04T04:50:02.780+0000] {logging_mixin.py:151} INFO - [2026-05-04T04:50:02.780+0000] {dag.py:2915} INFO - Sync 1 DAGs
[2026-05-04T04:50:02.786+0000] {logging_mixin.py:151} INFO - [2026-05-04T04:50:02.786+0000] {dag.py:3696} INFO - Setting next_dagrun for backfill_retail_ingestion to None, run_after=None
[2026-05-04T04:50:02.792+0000] {processor.py:179} INFO - Processing /opt/airflow/dags/backfill_retail_pipeline.py took 0.047 seconds
[2026-05-04T04:50:33.060+0000] {processor.py:157} INFO - Started process (PID=3943) to work on /opt/airflow/dags/backfill_retail_pipeline.py
[2026-05-04T04:50:33.061+0000] {processor.py:829} INFO - Processing file /opt/airflow/dags/backfill_retail_pipeline.py for tasks to queue
[2026-05-04T04:50:33.062+0000] {logging_mixin.py:151} INFO - [2026-05-04T04:50:33.061+0000] {dagbag.py:539} INFO - Filling up the DagBag from /opt/airflow/dags/backfill_retail_pipeline.py
[2026-05-04T04:50:33.071+0000] {processor.py:839} INFO - DAG(s) dict_keys(['backfill_retail_ingestion']) retrieved from /opt/airflow/dags/backfill_retail_pipeline.py
[2026-05-04T04:50:33.092+0000] {logging_mixin.py:151} INFO - [2026-05-04T04:50:33.092+0000] {dag.py:2915} INFO - Sync 1 DAGs
[2026-05-04T04:50:33.098+0000] {logging_mixin.py:151} INFO - [2026-05-04T04:50:33.098+0000] {dag.py:3696} INFO - Setting next_dagrun for backfill_retail_ingestion to None, run_after=None
[2026-05-04T04:50:33.105+0000] {processor.py:179} INFO - Processing /opt/airflow/dags/backfill_retail_pipeline.py took 0.048 seconds
[2026-05-04T04:51:03.425+0000] {processor.py:157} INFO - Started process (PID=3958) to work on /opt/airflow/dags/backfill_retail_pipeline.py
[2026-05-04T04:51:03.428+0000] {processor.py:829} INFO - Processing file /opt/airflow/dags/backfill_retail_pipeline.py for tasks to queue
[2026-05-04T04:51:03.428+0000] {logging_mixin.py:151} INFO - [2026-05-04T04:51:03.428+0000] {dagbag.py:539} INFO - Filling up the DagBag from /opt/airflow/dags/backfill_retail_pipeline.py
[2026-05-04T04:51:03.436+0000] {processor.py:839} INFO - DAG(s) dict_keys(['backfill_retail_ingestion']) retrieved from /opt/airflow/dags/backfill_retail_pipeline.py
[2026-05-04T04:51:03.455+0000] {logging_mixin.py:151} INFO - [2026-05-04T04:51:03.455+0000] {dag.py:2915} INFO - Sync 1 DAGs
[2026-05-04T04:51:03.460+0000] {logging_mixin.py:151} INFO - [2026-05-04T04:51:03.460+0000] {dag.py:3696} INFO - Setting next_dagrun for backfill_retail_ingestion to None, run_after=None
[2026-05-04T04:51:03.467+0000] {processor.py:179} INFO - Processing /opt/airflow/dags/backfill_retail_pipeline.py took 0.045 seconds
[2026-05-04T04:51:33.959+0000] {processor.py:157} INFO - Started process (PID=3973) to work on /opt/airflow/dags/backfill_retail_pipeline.py
[2026-05-04T04:51:33.960+0000] {processor.py:829} INFO - Processing file /opt/airflow/dags/backfill_retail_pipeline.py for tasks to queue
[2026-05-04T04:51:33.962+0000] {logging_mixin.py:151} INFO - [2026-05-04T04:51:33.961+0000] {dagbag.py:539} INFO - Filling up the DagBag from /opt/airflow/dags/backfill_retail_pipeline.py
[2026-05-04T04:51:33.973+0000] {processor.py:839} INFO - DAG(s) dict_keys(['backfill_retail_ingestion']) retrieved from /opt/airflow/dags/backfill_retail_pipeline.py
[2026-05-04T04:51:34.005+0000] {logging_mixin.py:151} INFO - [2026-05-04T04:51:34.004+0000] {dag.py:2915} INFO - Sync 1 DAGs
[2026-05-04T04:51:34.014+0000] {logging_mixin.py:151} INFO - [2026-05-04T04:51:34.014+0000] {dag.py:3696} INFO - Setting next_dagrun for backfill_retail_ingestion to None, run_after=None
[2026-05-04T04:51:34.021+0000] {processor.py:179} INFO - Processing /opt/airflow/dags/backfill_retail_pipeline.py took 0.066 seconds
[2026-05-04T04:52:04.284+0000] {processor.py:157} INFO - Started process (PID=3988) to work on /opt/airflow/dags/backfill_retail_pipeline.py
[2026-05-04T04:52:04.287+0000] {processor.py:829} INFO - Processing file /opt/airflow/dags/backfill_retail_pipeline.py for tasks to queue
[2026-05-04T04:52:04.288+0000] {logging_mixin.py:151} INFO - [2026-05-04T04:52:04.288+0000] {dagbag.py:539} INFO - Filling up the DagBag from /opt/airflow/dags/backfill_retail_pipeline.py
[2026-05-04T04:52:04.299+0000] {processor.py:839} INFO - DAG(s) dict_keys(['backfill_retail_ingestion']) retrieved from /opt/airflow/dags/backfill_retail_pipeline.py
[2026-05-04T04:52:04.319+0000] {logging_mixin.py:151} INFO - [2026-05-04T04:52:04.319+0000] {dag.py:2915} INFO - Sync 1 DAGs
[2026-05-04T04:52:04.326+0000] {logging_mixin.py:151} INFO - [2026-05-04T04:52:04.326+0000] {dag.py:3696} INFO - Setting next_dagrun for backfill_retail_ingestion to None, run_after=None
[2026-05-04T04:52:04.333+0000] {processor.py:179} INFO - Processing /opt/airflow/dags/backfill_retail_pipeline.py took 0.053 seconds
[2026-05-04T04:52:06.307+0000] {processor.py:157} INFO - Started process (PID=3993) to work on /opt/airflow/dags/backfill_retail_pipeline.py
[2026-05-04T04:52:06.308+0000] {processor.py:829} INFO - Processing file /opt/airflow/dags/backfill_retail_pipeline.py for tasks to queue
[2026-05-04T04:52:06.309+0000] {logging_mixin.py:151} INFO - [2026-05-04T04:52:06.309+0000] {dagbag.py:539} INFO - Filling up the DagBag from /opt/airflow/dags/backfill_retail_pipeline.py
[2026-05-04T04:52:06.318+0000] {processor.py:839} INFO - DAG(s) dict_keys(['backfill_retail_pipeline']) retrieved from /opt/airflow/dags/backfill_retail_pipeline.py
[2026-05-04T04:52:06.374+0000] {logging_mixin.py:151} INFO - [2026-05-04T04:52:06.374+0000] {manager.py:499} INFO - Created Permission View: %s
[2026-05-04T04:52:06.377+0000] {logging_mixin.py:151} INFO - [2026-05-04T04:52:06.377+0000] {manager.py:499} INFO - Created Permission View: %s
[2026-05-04T04:52:06.379+0000] {logging_mixin.py:151} INFO - [2026-05-04T04:52:06.379+0000] {manager.py:499} INFO - Created Permission View: %s
[2026-05-04T04:52:06.379+0000] {logging_mixin.py:151} INFO - [2026-05-04T04:52:06.379+0000] {security.py:708} INFO - Not syncing DAG-level permissions for DAG 'DAG:backfill_retail_pipeline' as access control is unset.
[2026-05-04T04:52:06.379+0000] {logging_mixin.py:151} INFO - [2026-05-04T04:52:06.379+0000] {dag.py:2915} INFO - Sync 1 DAGs
[2026-05-04T04:52:06.383+0000] {logging_mixin.py:151} INFO - [2026-05-04T04:52:06.383+0000] {dag.py:2937} INFO - Creating ORM DAG for backfill_retail_pipeline
[2026-05-04T04:52:06.383+0000] {logging_mixin.py:151} INFO - [2026-05-04T04:52:06.383+0000] {dag.py:3696} INFO - Setting next_dagrun for backfill_retail_pipeline to None, run_after=None
[2026-05-04T04:52:06.389+0000] {processor.py:179} INFO - Processing /opt/airflow/dags/backfill_retail_pipeline.py took 0.087 seconds
[2026-05-04T04:52:36.652+0000] {processor.py:157} INFO - Started process (PID=4008) to work on /opt/airflow/dags/backfill_retail_pipeline.py
[2026-05-04T04:52:36.653+0000] {processor.py:829} INFO - Processing file /opt/airflow/dags/backfill_retail_pipeline.py for tasks to queue
[2026-05-04T04:52:36.654+0000] {logging_mixin.py:151} INFO - [2026-05-04T04:52:36.654+0000] {dagbag.py:539} INFO - Filling up the DagBag from /opt/airflow/dags/backfill_retail_pipeline.py
[2026-05-04T04:52:36.663+0000] {processor.py:839} INFO - DAG(s) dict_keys(['backfill_retail_pipeline']) retrieved from /opt/airflow/dags/backfill_retail_pipeline.py
[2026-05-04T04:52:36.683+0000] {logging_mixin.py:151} INFO - [2026-05-04T04:52:36.683+0000] {dag.py:2915} INFO - Sync 1 DAGs
[2026-05-04T04:52:36.688+0000] {logging_mixin.py:151} INFO - [2026-05-04T04:52:36.688+0000] {dag.py:3696} INFO - Setting next_dagrun for backfill_retail_pipeline to None, run_after=None
[2026-05-04T04:52:36.695+0000] {processor.py:179} INFO - Processing /opt/airflow/dags/backfill_retail_pipeline.py took 0.045 seconds
[2026-05-04T04:53:06.942+0000] {processor.py:157} INFO - Started process (PID=4023) to work on /opt/airflow/dags/backfill_retail_pipeline.py
[2026-05-04T04:53:06.943+0000] {processor.py:829} INFO - Processing file /opt/airflow/dags/backfill_retail_pipeline.py for tasks to queue
[2026-05-04T04:53:06.944+0000] {logging_mixin.py:151} INFO - [2026-05-04T04:53:06.944+0000] {dagbag.py:539} INFO - Filling up the DagBag from /opt/airflow/dags/backfill_retail_pipeline.py
[2026-05-04T04:53:06.954+0000] {processor.py:839} INFO - DAG(s) dict_keys(['backfill_retail_pipeline']) retrieved from /opt/airflow/dags/backfill_retail_pipeline.py
[2026-05-04T04:53:06.976+0000] {logging_mixin.py:151} INFO - [2026-05-04T04:53:06.976+0000] {dag.py:2915} INFO - Sync 1 DAGs
[2026-05-04T04:53:06.982+0000] {logging_mixin.py:151} INFO - [2026-05-04T04:53:06.982+0000] {dag.py:3696} INFO - Setting next_dagrun for backfill_retail_pipeline to None, run_after=None
[2026-05-04T04:53:06.988+0000] {processor.py:179} INFO - Processing /opt/airflow/dags/backfill_retail_pipeline.py took 0.050 seconds
[2026-05-04T04:53:37.238+0000] {processor.py:157} INFO - Started process (PID=4038) to work on /opt/airflow/dags/backfill_retail_pipeline.py
[2026-05-04T04:53:37.239+0000] {processor.py:829} INFO - Processing file /opt/airflow/dags/backfill_retail_pipeline.py for tasks to queue
[2026-05-04T04:53:37.239+0000] {logging_mixin.py:151} INFO - [2026-05-04T04:53:37.239+0000] {dagbag.py:539} INFO - Filling up the DagBag from /opt/airflow/dags/backfill_retail_pipeline.py
[2026-05-04T04:53:37.250+0000] {processor.py:839} INFO - DAG(s) dict_keys(['backfill_retail_pipeline']) retrieved from /opt/airflow/dags/backfill_retail_pipeline.py
[2026-05-04T04:53:37.275+0000] {logging_mixin.py:151} INFO - [2026-05-04T04:53:37.274+0000] {dag.py:2915} INFO - Sync 1 DAGs
[2026-05-04T04:53:37.282+0000] {logging_mixin.py:151} INFO - [2026-05-04T04:53:37.281+0000] {dag.py:3696} INFO - Setting next_dagrun for backfill_retail_pipeline to None, run_after=None
[2026-05-04T04:53:37.290+0000] {processor.py:179} INFO - Processing /opt/airflow/dags/backfill_retail_pipeline.py took 0.056 seconds
[2026-05-04T04:54:07.572+0000] {processor.py:157} INFO - Started process (PID=4053) to work on /opt/airflow/dags/backfill_retail_pipeline.py
[2026-05-04T04:54:07.575+0000] {processor.py:829} INFO - Processing file /opt/airflow/dags/backfill_retail_pipeline.py for tasks to queue
[2026-05-04T04:54:07.576+0000] {logging_mixin.py:151} INFO - [2026-05-04T04:54:07.575+0000] {dagbag.py:539} INFO - Filling up the DagBag from /opt/airflow/dags/backfill_retail_pipeline.py
[2026-05-04T04:54:07.588+0000] {processor.py:839} INFO - DAG(s) dict_keys(['backfill_retail_pipeline']) retrieved from /opt/airflow/dags/backfill_retail_pipeline.py
[2026-05-04T04:54:07.616+0000] {logging_mixin.py:151} INFO - [2026-05-04T04:54:07.616+0000] {dag.py:2915} INFO - Sync 1 DAGs
[2026-05-04T04:54:07.622+0000] {logging_mixin.py:151} INFO - [2026-05-04T04:54:07.622+0000] {dag.py:3696} INFO - Setting next_dagrun for backfill_retail_pipeline to None, run_after=None
[2026-05-04T04:54:07.629+0000] {processor.py:179} INFO - Processing /opt/airflow/dags/backfill_retail_pipeline.py took 0.064 seconds
[2026-05-04T04:54:37.901+0000] {processor.py:157} INFO - Started process (PID=4068) to work on /opt/airflow/dags/backfill_retail_pipeline.py
[2026-05-04T04:54:37.904+0000] {processor.py:829} INFO - Processing file /opt/airflow/dags/backfill_retail_pipeline.py for tasks to queue
[2026-05-04T04:54:37.905+0000] {logging_mixin.py:151} INFO - [2026-05-04T04:54:37.905+0000] {dagbag.py:539} INFO - Filling up the DagBag from /opt/airflow/dags/backfill_retail_pipeline.py
[2026-05-04T04:54:37.913+0000] {processor.py:839} INFO - DAG(s) dict_keys(['backfill_retail_pipeline']) retrieved from /opt/airflow/dags/backfill_retail_pipeline.py
[2026-05-04T04:54:37.930+0000] {logging_mixin.py:151} INFO - [2026-05-04T04:54:37.930+0000] {dag.py:2915} INFO - Sync 1 DAGs
[2026-05-04T04:54:37.935+0000] {logging_mixin.py:151} INFO - [2026-05-04T04:54:37.935+0000] {dag.py:3696} INFO - Setting next_dagrun for backfill_retail_pipeline to None, run_after=None
[2026-05-04T04:54:37.942+0000] {processor.py:179} INFO - Processing /opt/airflow/dags/backfill_retail_pipeline.py took 0.043 seconds
[2026-05-04T04:55:08.140+0000] {processor.py:157} INFO - Started process (PID=4135) to work on /opt/airflow/dags/backfill_retail_pipeline.py
[2026-05-04T04:55:08.143+0000] {processor.py:829} INFO - Processing file /opt/airflow/dags/backfill_retail_pipeline.py for tasks to queue
[2026-05-04T04:55:08.144+0000] {logging_mixin.py:151} INFO - [2026-05-04T04:55:08.144+0000] {dagbag.py:539} INFO - Filling up the DagBag from /opt/airflow/dags/backfill_retail_pipeline.py
[2026-05-04T04:55:08.158+0000] {processor.py:839} INFO - DAG(s) dict_keys(['backfill_retail_pipeline']) retrieved from /opt/airflow/dags/backfill_retail_pipeline.py
[2026-05-04T04:55:08.192+0000] {logging_mixin.py:151} INFO - [2026-05-04T04:55:08.192+0000] {dag.py:2915} INFO - Sync 1 DAGs
[2026-05-04T04:55:08.202+0000] {logging_mixin.py:151} INFO - [2026-05-04T04:55:08.202+0000] {dag.py:3696} INFO - Setting next_dagrun for backfill_retail_pipeline to None, run_after=None
[2026-05-04T04:55:08.214+0000] {processor.py:179} INFO - Processing /opt/airflow/dags/backfill_retail_pipeline.py took 0.076 seconds
[2026-05-04T04:55:38.333+0000] {processor.py:157} INFO - Started process (PID=4150) to work on /opt/airflow/dags/backfill_retail_pipeline.py
[2026-05-04T04:55:38.334+0000] {processor.py:829} INFO - Processing file /opt/airflow/dags/backfill_retail_pipeline.py for tasks to queue
[2026-05-04T04:55:38.334+0000] {logging_mixin.py:151} INFO - [2026-05-04T04:55:38.334+0000] {dagbag.py:539} INFO - Filling up the DagBag from /opt/airflow/dags/backfill_retail_pipeline.py
[2026-05-04T04:55:38.341+0000] {processor.py:839} INFO - DAG(s) dict_keys(['backfill_retail_pipeline']) retrieved from /opt/airflow/dags/backfill_retail_pipeline.py
[2026-05-04T04:55:38.361+0000] {logging_mixin.py:151} INFO - [2026-05-04T04:55:38.361+0000] {dag.py:2915} INFO - Sync 1 DAGs
[2026-05-04T04:55:38.366+0000] {logging_mixin.py:151} INFO - [2026-05-04T04:55:38.366+0000] {dag.py:3696} INFO - Setting next_dagrun for backfill_retail_pipeline to None, run_after=None
[2026-05-04T04:55:38.374+0000] {processor.py:179} INFO - Processing /opt/airflow/dags/backfill_retail_pipeline.py took 0.043 seconds
[2026-05-04T04:56:08.485+0000] {processor.py:157} INFO - Started process (PID=4165) to work on /opt/airflow/dags/backfill_retail_pipeline.py
[2026-05-04T04:56:08.485+0000] {processor.py:829} INFO - Processing file /opt/airflow/dags/backfill_retail_pipeline.py for tasks to queue
[2026-05-04T04:56:08.486+0000] {logging_mixin.py:151} INFO - [2026-05-04T04:56:08.485+0000] {dagbag.py:539} INFO - Filling up the DagBag from /opt/airflow/dags/backfill_retail_pipeline.py
[2026-05-04T04:56:08.491+0000] {processor.py:839} INFO - DAG(s) dict_keys(['backfill_retail_pipeline']) retrieved from /opt/airflow/dags/backfill_retail_pipeline.py
[2026-05-04T04:56:08.505+0000] {logging_mixin.py:151} INFO - [2026-05-04T04:56:08.505+0000] {dag.py:2915} INFO - Sync 1 DAGs
[2026-05-04T04:56:08.510+0000] {logging_mixin.py:151} INFO - [2026-05-04T04:56:08.510+0000] {dag.py:3696} INFO - Setting next_dagrun for backfill_retail_pipeline to None, run_after=None
[2026-05-04T04:56:08.516+0000] {processor.py:179} INFO - Processing /opt/airflow/dags/backfill_retail_pipeline.py took 0.033 seconds
[2026-05-04T04:56:38.637+0000] {processor.py:157} INFO - Started process (PID=4180) to work on /opt/airflow/dags/backfill_retail_pipeline.py
[2026-05-04T04:56:38.639+0000] {processor.py:829} INFO - Processing file /opt/airflow/dags/backfill_retail_pipeline.py for tasks to queue
[2026-05-04T04:56:38.640+0000] {logging_mixin.py:151} INFO - [2026-05-04T04:56:38.640+0000] {dagbag.py:539} INFO - Filling up the DagBag from /opt/airflow/dags/backfill_retail_pipeline.py
[2026-05-04T04:56:38.652+0000] {processor.py:839} INFO - DAG(s) dict_keys(['backfill_retail_pipeline']) retrieved from /opt/airflow/dags/backfill_retail_pipeline.py
[2026-05-04T04:56:38.673+0000] {logging_mixin.py:151} INFO - [2026-05-04T04:56:38.673+0000] {dag.py:2915} INFO - Sync 1 DAGs
[2026-05-04T04:56:38.683+0000] {logging_mixin.py:151} INFO - [2026-05-04T04:56:38.683+0000] {dag.py:3696} INFO - Setting next_dagrun for backfill_retail_pipeline to None, run_after=None
[2026-05-04T04:56:38.692+0000] {processor.py:179} INFO - Processing /opt/airflow/dags/backfill_retail_pipeline.py took 0.057 seconds
[2026-05-04T04:57:08.807+0000] {processor.py:157} INFO - Started process (PID=4196) to work on /opt/airflow/dags/backfill_retail_pipeline.py
[2026-05-04T04:57:08.810+0000] {processor.py:829} INFO - Processing file /opt/airflow/dags/backfill_retail_pipeline.py for tasks to queue
[2026-05-04T04:57:08.810+0000] {logging_mixin.py:151} INFO - [2026-05-04T04:57:08.810+0000] {dagbag.py:539} INFO - Filling up the DagBag from /opt/airflow/dags/backfill_retail_pipeline.py
[2026-05-04T04:57:08.818+0000] {processor.py:839} INFO - DAG(s) dict_keys(['backfill_retail_pipeline']) retrieved from /opt/airflow/dags/backfill_retail_pipeline.py
[2026-05-04T04:57:08.836+0000] {logging_mixin.py:151} INFO - [2026-05-04T04:57:08.836+0000] {dag.py:2915} INFO - Sync 1 DAGs
[2026-05-04T04:57:08.842+0000] {logging_mixin.py:151} INFO - [2026-05-04T04:57:08.842+0000] {dag.py:3696} INFO - Setting next_dagrun for backfill_retail_pipeline to None, run_after=None
[2026-05-04T04:57:08.850+0000] {processor.py:179} INFO - Processing /opt/airflow/dags/backfill_retail_pipeline.py took 0.045 seconds
[2026-05-04T04:57:38.996+0000] {processor.py:157} INFO - Started process (PID=4211) to work on /opt/airflow/dags/backfill_retail_pipeline.py
[2026-05-04T04:57:38.997+0000] {processor.py:829} INFO - Processing file /opt/airflow/dags/backfill_retail_pipeline.py for tasks to queue
[2026-05-04T04:57:38.998+0000] {logging_mixin.py:151} INFO - [2026-05-04T04:57:38.998+0000] {dagbag.py:539} INFO - Filling up the DagBag from /opt/airflow/dags/backfill_retail_pipeline.py
[2026-05-04T04:57:39.017+0000] {processor.py:839} INFO - DAG(s) dict_keys(['backfill_retail_pipeline']) retrieved from /opt/airflow/dags/backfill_retail_pipeline.py
[2026-05-04T04:57:39.067+0000] {logging_mixin.py:151} INFO - [2026-05-04T04:57:39.067+0000] {dag.py:2915} INFO - Sync 1 DAGs
[2026-05-04T04:57:39.085+0000] {logging_mixin.py:151} INFO - [2026-05-04T04:57:39.085+0000] {dag.py:3696} INFO - Setting next_dagrun for backfill_retail_pipeline to None, run_after=None
[2026-05-04T04:57:39.099+0000] {processor.py:179} INFO - Processing /opt/airflow/dags/backfill_retail_pipeline.py took 0.106 seconds
[2026-05-04T04:58:09.233+0000] {processor.py:157} INFO - Started process (PID=4226) to work on /opt/airflow/dags/backfill_retail_pipeline.py
[2026-05-04T04:58:09.234+0000] {processor.py:829} INFO - Processing file /opt/airflow/dags/backfill_retail_pipeline.py for tasks to queue
[2026-05-04T04:58:09.235+0000] {logging_mixin.py:151} INFO - [2026-05-04T04:58:09.234+0000] {dagbag.py:539} INFO - Filling up the DagBag from /opt/airflow/dags/backfill_retail_pipeline.py
[2026-05-04T04:58:09.243+0000] {processor.py:839} INFO - DAG(s) dict_keys(['backfill_retail_pipeline']) retrieved from /opt/airflow/dags/backfill_retail_pipeline.py
[2026-05-04T04:58:09.260+0000] {logging_mixin.py:151} INFO - [2026-05-04T04:58:09.260+0000] {dag.py:2915} INFO - Sync 1 DAGs
[2026-05-04T04:58:09.265+0000] {logging_mixin.py:151} INFO - [2026-05-04T04:58:09.265+0000] {dag.py:3696} INFO - Setting next_dagrun for backfill_retail_pipeline to None, run_after=None
[2026-05-04T04:58:09.271+0000] {processor.py:179} INFO - Processing /opt/airflow/dags/backfill_retail_pipeline.py took 0.040 seconds
[2026-05-04T04:58:39.427+0000] {processor.py:157} INFO - Started process (PID=4241) to work on /opt/airflow/dags/backfill_retail_pipeline.py
[2026-05-04T04:58:39.429+0000] {processor.py:829} INFO - Processing file /opt/airflow/dags/backfill_retail_pipeline.py for tasks to queue
[2026-05-04T04:58:39.430+0000] {logging_mixin.py:151} INFO - [2026-05-04T04:58:39.429+0000] {dagbag.py:539} INFO - Filling up the DagBag from /opt/airflow/dags/backfill_retail_pipeline.py
[2026-05-04T04:58:39.437+0000] {processor.py:839} INFO - DAG(s) dict_keys(['backfill_retail_pipeline']) retrieved from /opt/airflow/dags/backfill_retail_pipeline.py
[2026-05-04T04:58:39.456+0000] {logging_mixin.py:151} INFO - [2026-05-04T04:58:39.456+0000] {dag.py:2915} INFO - Sync 1 DAGs
[2026-05-04T04:58:39.465+0000] {logging_mixin.py:151} INFO - [2026-05-04T04:58:39.465+0000] {dag.py:3696} INFO - Setting next_dagrun for backfill_retail_pipeline to None, run_after=None
[2026-05-04T04:58:39.474+0000] {processor.py:179} INFO - Processing /opt/airflow/dags/backfill_retail_pipeline.py took 0.050 seconds
[2026-05-04T04:59:09.610+0000] {processor.py:157} INFO - Started process (PID=4257) to work on /opt/airflow/dags/backfill_retail_pipeline.py
[2026-05-04T04:59:09.612+0000] {processor.py:829} INFO - Processing file /opt/airflow/dags/backfill_retail_pipeline.py for tasks to queue
[2026-05-04T04:59:09.614+0000] {logging_mixin.py:151} INFO - [2026-05-04T04:59:09.613+0000] {dagbag.py:539} INFO - Filling up the DagBag from /opt/airflow/dags/backfill_retail_pipeline.py
[2026-05-04T04:59:09.624+0000] {processor.py:839} INFO - DAG(s) dict_keys(['backfill_retail_pipeline']) retrieved from /opt/airflow/dags/backfill_retail_pipeline.py
[2026-05-04T04:59:09.640+0000] {logging_mixin.py:151} INFO - [2026-05-04T04:59:09.639+0000] {dag.py:2915} INFO - Sync 1 DAGs
[2026-05-04T04:59:09.653+0000] {logging_mixin.py:151} INFO - [2026-05-04T04:59:09.653+0000] {dag.py:3696} INFO - Setting next_dagrun for backfill_retail_pipeline to None, run_after=None
[2026-05-04T04:59:09.661+0000] {processor.py:179} INFO - Processing /opt/airflow/dags/backfill_retail_pipeline.py took 0.053 seconds
[2026-05-04T04:59:39.876+0000] {processor.py:157} INFO - Started process (PID=4272) to work on /opt/airflow/dags/backfill_retail_pipeline.py
[2026-05-04T04:59:39.876+0000] {processor.py:829} INFO - Processing file /opt/airflow/dags/backfill_retail_pipeline.py for tasks to queue
[2026-05-04T04:59:39.877+0000] {logging_mixin.py:151} INFO - [2026-05-04T04:59:39.876+0000] {dagbag.py:539} INFO - Filling up the DagBag from /opt/airflow/dags/backfill_retail_pipeline.py
[2026-05-04T04:59:39.887+0000] {processor.py:839} INFO - DAG(s) dict_keys(['backfill_retail_pipeline']) retrieved from /opt/airflow/dags/backfill_retail_pipeline.py
[2026-05-04T04:59:39.913+0000] {logging_mixin.py:151} INFO - [2026-05-04T04:59:39.913+0000] {dag.py:2915} INFO - Sync 1 DAGs
[2026-05-04T04:59:39.923+0000] {logging_mixin.py:151} INFO - [2026-05-04T04:59:39.923+0000] {dag.py:3696} INFO - Setting next_dagrun for backfill_retail_pipeline to None, run_after=None
[2026-05-04T04:59:39.935+0000] {processor.py:179} INFO - Processing /opt/airflow/dags/backfill_retail_pipeline.py took 0.061 seconds
[2026-05-04T05:00:10.072+0000] {processor.py:157} INFO - Started process (PID=4332) to work on /opt/airflow/dags/backfill_retail_pipeline.py
[2026-05-04T05:00:10.076+0000] {processor.py:829} INFO - Processing file /opt/airflow/dags/backfill_retail_pipeline.py for tasks to queue
[2026-05-04T05:00:10.077+0000] {logging_mixin.py:151} INFO - [2026-05-04T05:00:10.076+0000] {dagbag.py:539} INFO - Filling up the DagBag from /opt/airflow/dags/backfill_retail_pipeline.py
[2026-05-04T05:00:10.096+0000] {processor.py:839} INFO - DAG(s) dict_keys(['backfill_retail_pipeline']) retrieved from /opt/airflow/dags/backfill_retail_pipeline.py
[2026-05-04T05:00:10.146+0000] {logging_mixin.py:151} INFO - [2026-05-04T05:00:10.146+0000] {dag.py:2915} INFO - Sync 1 DAGs
[2026-05-04T05:00:10.158+0000] {logging_mixin.py:151} INFO - [2026-05-04T05:00:10.157+0000] {dag.py:3696} INFO - Setting next_dagrun for backfill_retail_pipeline to None, run_after=None
[2026-05-04T05:00:10.167+0000] {processor.py:179} INFO - Processing /opt/airflow/dags/backfill_retail_pipeline.py took 0.097 seconds
[2026-05-04T05:00:40.282+0000] {processor.py:157} INFO - Started process (PID=4387) to work on /opt/airflow/dags/backfill_retail_pipeline.py
[2026-05-04T05:00:40.283+0000] {processor.py:829} INFO - Processing file /opt/airflow/dags/backfill_retail_pipeline.py for tasks to queue
[2026-05-04T05:00:40.283+0000] {logging_mixin.py:151} INFO - [2026-05-04T05:00:40.283+0000] {dagbag.py:539} INFO - Filling up the DagBag from /opt/airflow/dags/backfill_retail_pipeline.py
[2026-05-04T05:00:40.289+0000] {processor.py:839} INFO - DAG(s) dict_keys(['backfill_retail_pipeline']) retrieved from /opt/airflow/dags/backfill_retail_pipeline.py
[2026-05-04T05:00:40.306+0000] {logging_mixin.py:151} INFO - [2026-05-04T05:00:40.306+0000] {dag.py:2915} INFO - Sync 1 DAGs
[2026-05-04T05:00:40.310+0000] {logging_mixin.py:151} INFO - [2026-05-04T05:00:40.310+0000] {dag.py:3696} INFO - Setting next_dagrun for backfill_retail_pipeline to None, run_after=None
[2026-05-04T05:00:40.316+0000] {processor.py:179} INFO - Processing /opt/airflow/dags/backfill_retail_pipeline.py took 0.036 seconds
[2026-05-04T05:01:10.430+0000] {processor.py:157} INFO - Started process (PID=4403) to work on /opt/airflow/dags/backfill_retail_pipeline.py
[2026-05-04T05:01:10.431+0000] {processor.py:829} INFO - Processing file /opt/airflow/dags/backfill_retail_pipeline.py for tasks to queue
[2026-05-04T05:01:10.432+0000] {logging_mixin.py:151} INFO - [2026-05-04T05:01:10.431+0000] {dagbag.py:539} INFO - Filling up the DagBag from /opt/airflow/dags/backfill_retail_pipeline.py
[2026-05-04T05:01:10.439+0000] {processor.py:839} INFO - DAG(s) dict_keys(['backfill_retail_pipeline']) retrieved from /opt/airflow/dags/backfill_retail_pipeline.py
[2026-05-04T05:01:10.451+0000] {logging_mixin.py:151} INFO - [2026-05-04T05:01:10.451+0000] {dag.py:2915} INFO - Sync 1 DAGs
[2026-05-04T05:01:10.455+0000] {logging_mixin.py:151} INFO - [2026-05-04T05:01:10.455+0000] {dag.py:3696} INFO - Setting next_dagrun for backfill_retail_pipeline to None, run_after=None
[2026-05-04T05:01:10.460+0000] {processor.py:179} INFO - Processing /opt/airflow/dags/backfill_retail_pipeline.py took 0.032 seconds
[2026-05-04T05:01:40.603+0000] {processor.py:157} INFO - Started process (PID=4418) to work on /opt/airflow/dags/backfill_retail_pipeline.py
[2026-05-04T05:01:40.606+0000] {processor.py:829} INFO - Processing file /opt/airflow/dags/backfill_retail_pipeline.py for tasks to queue
[2026-05-04T05:01:40.606+0000] {logging_mixin.py:151} INFO - [2026-05-04T05:01:40.606+0000] {dagbag.py:539} INFO - Filling up the DagBag from /opt/airflow/dags/backfill_retail_pipeline.py
[2026-05-04T05:01:40.612+0000] {processor.py:839} INFO - DAG(s) dict_keys(['backfill_retail_pipeline']) retrieved from /opt/airflow/dags/backfill_retail_pipeline.py
[2026-05-04T05:01:40.627+0000] {logging_mixin.py:151} INFO - [2026-05-04T05:01:40.627+0000] {dag.py:2915} INFO - Sync 1 DAGs
[2026-05-04T05:01:40.632+0000] {logging_mixin.py:151} INFO - [2026-05-04T05:01:40.632+0000] {dag.py:3696} INFO - Setting next_dagrun for backfill_retail_pipeline to None, run_after=None
[2026-05-04T05:01:40.639+0000] {processor.py:179} INFO - Processing /opt/airflow/dags/backfill_retail_pipeline.py took 0.038 seconds
[2026-05-04T05:02:10.754+0000] {processor.py:157} INFO - Started process (PID=4433) to work on /opt/airflow/dags/backfill_retail_pipeline.py
[2026-05-04T05:02:10.756+0000] {processor.py:829} INFO - Processing file /opt/airflow/dags/backfill_retail_pipeline.py for tasks to queue
[2026-05-04T05:02:10.757+0000] {logging_mixin.py:151} INFO - [2026-05-04T05:02:10.757+0000] {dagbag.py:539} INFO - Filling up the DagBag from /opt/airflow/dags/backfill_retail_pipeline.py
[2026-05-04T05:02:10.761+0000] {processor.py:839} INFO - DAG(s) dict_keys(['backfill_retail_pipeline']) retrieved from /opt/airflow/dags/backfill_retail_pipeline.py
[2026-05-04T05:02:10.773+0000] {logging_mixin.py:151} INFO - [2026-05-04T05:02:10.772+0000] {dag.py:2915} INFO - Sync 1 DAGs
[2026-05-04T05:02:10.777+0000] {logging_mixin.py:151} INFO - [2026-05-04T05:02:10.777+0000] {dag.py:3696} INFO - Setting next_dagrun for backfill_retail_pipeline to None, run_after=None
[2026-05-04T05:02:10.782+0000] {processor.py:179} INFO - Processing /opt/airflow/dags/backfill_retail_pipeline.py took 0.029 seconds
[2026-05-04T05:02:40.916+0000] {processor.py:157} INFO - Started process (PID=4448) to work on /opt/airflow/dags/backfill_retail_pipeline.py
[2026-05-04T05:02:40.919+0000] {processor.py:829} INFO - Processing file /opt/airflow/dags/backfill_retail_pipeline.py for tasks to queue
[2026-05-04T05:02:40.919+0000] {logging_mixin.py:151} INFO - [2026-05-04T05:02:40.919+0000] {dagbag.py:539} INFO - Filling up the DagBag from /opt/airflow/dags/backfill_retail_pipeline.py
[2026-05-04T05:02:40.924+0000] {processor.py:839} INFO - DAG(s) dict_keys(['backfill_retail_pipeline']) retrieved from /opt/airflow/dags/backfill_retail_pipeline.py
[2026-05-04T05:02:40.940+0000] {logging_mixin.py:151} INFO - [2026-05-04T05:02:40.940+0000] {dag.py:2915} INFO - Sync 1 DAGs
[2026-05-04T05:02:40.944+0000] {logging_mixin.py:151} INFO - [2026-05-04T05:02:40.944+0000] {dag.py:3696} INFO - Setting next_dagrun for backfill_retail_pipeline to None, run_after=None
[2026-05-04T05:02:40.951+0000] {processor.py:179} INFO - Processing /opt/airflow/dags/backfill_retail_pipeline.py took 0.037 seconds
[2026-05-04T05:03:11.055+0000] {processor.py:157} INFO - Started process (PID=4463) to work on /opt/airflow/dags/backfill_retail_pipeline.py
[2026-05-04T05:03:11.058+0000] {processor.py:829} INFO - Processing file /opt/airflow/dags/backfill_retail_pipeline.py for tasks to queue
[2026-05-04T05:03:11.058+0000] {logging_mixin.py:151} INFO - [2026-05-04T05:03:11.058+0000] {dagbag.py:539} INFO - Filling up the DagBag from /opt/airflow/dags/backfill_retail_pipeline.py
[2026-05-04T05:03:11.063+0000] {processor.py:839} INFO - DAG(s) dict_keys(['backfill_retail_pipeline']) retrieved from /opt/airflow/dags/backfill_retail_pipeline.py
[2026-05-04T05:03:11.075+0000] {logging_mixin.py:151} INFO - [2026-05-04T05:03:11.075+0000] {dag.py:2915} INFO - Sync 1 DAGs
[2026-05-04T05:03:11.080+0000] {logging_mixin.py:151} INFO - [2026-05-04T05:03:11.080+0000] {dag.py:3696} INFO - Setting next_dagrun for backfill_retail_pipeline to None, run_after=None
[2026-05-04T05:03:11.086+0000] {processor.py:179} INFO - Processing /opt/airflow/dags/backfill_retail_pipeline.py took 0.032 seconds
[2026-05-04T05:03:41.219+0000] {processor.py:157} INFO - Started process (PID=4478) to work on /opt/airflow/dags/backfill_retail_pipeline.py
[2026-05-04T05:03:41.223+0000] {processor.py:829} INFO - Processing file /opt/airflow/dags/backfill_retail_pipeline.py for tasks to queue
[2026-05-04T05:03:41.223+0000] {logging_mixin.py:151} INFO - [2026-05-04T05:03:41.223+0000] {dagbag.py:539} INFO - Filling up the DagBag from /opt/airflow/dags/backfill_retail_pipeline.py
[2026-05-04T05:03:41.228+0000] {processor.py:839} INFO - DAG(s) dict_keys(['backfill_retail_pipeline']) retrieved from /opt/airflow/dags/backfill_retail_pipeline.py
[2026-05-04T05:03:41.242+0000] {logging_mixin.py:151} INFO - [2026-05-04T05:03:41.242+0000] {dag.py:2915} INFO - Sync 1 DAGs
[2026-05-04T05:03:41.246+0000] {logging_mixin.py:151} INFO - [2026-05-04T05:03:41.246+0000] {dag.py:3696} INFO - Setting next_dagrun for backfill_retail_pipeline to None, run_after=None
[2026-05-04T05:03:41.252+0000] {processor.py:179} INFO - Processing /opt/airflow/dags/backfill_retail_pipeline.py took 0.034 seconds
[2026-05-04T05:04:11.368+0000] {processor.py:157} INFO - Started process (PID=4493) to work on /opt/airflow/dags/backfill_retail_pipeline.py
[2026-05-04T05:04:11.368+0000] {processor.py:829} INFO - Processing file /opt/airflow/dags/backfill_retail_pipeline.py for tasks to queue
[2026-05-04T05:04:11.368+0000] {logging_mixin.py:151} INFO - [2026-05-04T05:04:11.368+0000] {dagbag.py:539} INFO - Filling up the DagBag from /opt/airflow/dags/backfill_retail_pipeline.py
[2026-05-04T05:04:11.374+0000] {processor.py:839} INFO - DAG(s) dict_keys(['backfill_retail_pipeline']) retrieved from /opt/airflow/dags/backfill_retail_pipeline.py
[2026-05-04T05:04:11.387+0000] {logging_mixin.py:151} INFO - [2026-05-04T05:04:11.387+0000] {dag.py:2915} INFO - Sync 1 DAGs
[2026-05-04T05:04:11.392+0000] {logging_mixin.py:151} INFO - [2026-05-04T05:04:11.392+0000] {dag.py:3696} INFO - Setting next_dagrun for backfill_retail_pipeline to None, run_after=None
[2026-05-04T05:04:11.398+0000] {processor.py:179} INFO - Processing /opt/airflow/dags/backfill_retail_pipeline.py took 0.032 seconds
[2026-05-04T05:04:41.525+0000] {processor.py:157} INFO - Started process (PID=4508) to work on /opt/airflow/dags/backfill_retail_pipeline.py
[2026-05-04T05:04:41.526+0000] {processor.py:829} INFO - Processing file /opt/airflow/dags/backfill_retail_pipeline.py for tasks to queue
[2026-05-04T05:04:41.526+0000] {logging_mixin.py:151} INFO - [2026-05-04T05:04:41.526+0000] {dagbag.py:539} INFO - Filling up the DagBag from /opt/airflow/dags/backfill_retail_pipeline.py
[2026-05-04T05:04:41.531+0000] {processor.py:839} INFO - DAG(s) dict_keys(['backfill_retail_pipeline']) retrieved from /opt/airflow/dags/backfill_retail_pipeline.py
[2026-05-04T05:04:41.543+0000] {logging_mixin.py:151} INFO - [2026-05-04T05:04:41.543+0000] {dag.py:2915} INFO - Sync 1 DAGs
[2026-05-04T05:04:41.547+0000] {logging_mixin.py:151} INFO - [2026-05-04T05:04:41.547+0000] {dag.py:3696} INFO - Setting next_dagrun for backfill_retail_pipeline to None, run_after=None
[2026-05-04T05:04:41.552+0000] {processor.py:179} INFO - Processing /opt/airflow/dags/backfill_retail_pipeline.py took 0.029 seconds
[2026-05-04T05:05:11.680+0000] {processor.py:157} INFO - Started process (PID=4523) to work on /opt/airflow/dags/backfill_retail_pipeline.py
[2026-05-04T05:05:11.682+0000] {processor.py:829} INFO - Processing file /opt/airflow/dags/backfill_retail_pipeline.py for tasks to queue
[2026-05-04T05:05:11.683+0000] {logging_mixin.py:151} INFO - [2026-05-04T05:05:11.682+0000] {dagbag.py:539} INFO - Filling up the DagBag from /opt/airflow/dags/backfill_retail_pipeline.py
[2026-05-04T05:05:11.687+0000] {processor.py:839} INFO - DAG(s) dict_keys(['backfill_retail_pipeline']) retrieved from /opt/airflow/dags/backfill_retail_pipeline.py
[2026-05-04T05:05:11.699+0000] {logging_mixin.py:151} INFO - [2026-05-04T05:05:11.699+0000] {dag.py:2915} INFO - Sync 1 DAGs
[2026-05-04T05:05:11.703+0000] {logging_mixin.py:151} INFO - [2026-05-04T05:05:11.703+0000] {dag.py:3696} INFO - Setting next_dagrun for backfill_retail_pipeline to None, run_after=None
[2026-05-04T05:05:11.709+0000] {processor.py:179} INFO - Processing /opt/airflow/dags/backfill_retail_pipeline.py took 0.031 seconds
[2026-05-04T05:05:41.834+0000] {processor.py:157} INFO - Started process (PID=4538) to work on /opt/airflow/dags/backfill_retail_pipeline.py
[2026-05-04T05:05:41.834+0000] {processor.py:829} INFO - Processing file /opt/airflow/dags/backfill_retail_pipeline.py for tasks to queue
[2026-05-04T05:05:41.835+0000] {logging_mixin.py:151} INFO - [2026-05-04T05:05:41.835+0000] {dagbag.py:539} INFO - Filling up the DagBag from /opt/airflow/dags/backfill_retail_pipeline.py
[2026-05-04T05:05:41.841+0000] {processor.py:839} INFO - DAG(s) dict_keys(['backfill_retail_pipeline']) retrieved from /opt/airflow/dags/backfill_retail_pipeline.py
[2026-05-04T05:05:41.856+0000] {logging_mixin.py:151} INFO - [2026-05-04T05:05:41.856+0000] {dag.py:2915} INFO - Sync 1 DAGs
[2026-05-04T05:05:41.861+0000] {logging_mixin.py:151} INFO - [2026-05-04T05:05:41.861+0000] {dag.py:3696} INFO - Setting next_dagrun for backfill_retail_pipeline to None, run_after=None
[2026-05-04T05:05:41.870+0000] {processor.py:179} INFO - Processing /opt/airflow/dags/backfill_retail_pipeline.py took 0.038 seconds
[2026-05-04T05:06:12.037+0000] {processor.py:157} INFO - Started process (PID=4553) to work on /opt/airflow/dags/backfill_retail_pipeline.py
[2026-05-04T05:06:12.038+0000] {processor.py:829} INFO - Processing file /opt/airflow/dags/backfill_retail_pipeline.py for tasks to queue
[2026-05-04T05:06:12.040+0000] {logging_mixin.py:151} INFO - [2026-05-04T05:06:12.040+0000] {dagbag.py:539} INFO - Filling up the DagBag from /opt/airflow/dags/backfill_retail_pipeline.py
[2026-05-04T05:06:12.051+0000] {processor.py:839} INFO - DAG(s) dict_keys(['backfill_retail_pipeline']) retrieved from /opt/airflow/dags/backfill_retail_pipeline.py
[2026-05-04T05:06:12.073+0000] {logging_mixin.py:151} INFO - [2026-05-04T05:06:12.073+0000] {dag.py:2915} INFO - Sync 1 DAGs
[2026-05-04T05:06:12.081+0000] {logging_mixin.py:151} INFO - [2026-05-04T05:06:12.081+0000] {dag.py:3696} INFO - Setting next_dagrun for backfill_retail_pipeline to None, run_after=None
[2026-05-04T05:06:12.087+0000] {processor.py:179} INFO - Processing /opt/airflow/dags/backfill_retail_pipeline.py took 0.054 seconds
[2026-05-04T05:06:42.248+0000] {processor.py:157} INFO - Started process (PID=4568) to work on /opt/airflow/dags/backfill_retail_pipeline.py
[2026-05-04T05:06:42.251+0000] {processor.py:829} INFO - Processing file /opt/airflow/dags/backfill_retail_pipeline.py for tasks to queue
[2026-05-04T05:06:42.252+0000] {logging_mixin.py:151} INFO - [2026-05-04T05:06:42.251+0000] {dagbag.py:539} INFO - Filling up the DagBag from /opt/airflow/dags/backfill_retail_pipeline.py
[2026-05-04T05:06:42.263+0000] {processor.py:839} INFO - DAG(s) dict_keys(['backfill_retail_pipeline']) retrieved from /opt/airflow/dags/backfill_retail_pipeline.py
[2026-05-04T05:06:42.290+0000] {logging_mixin.py:151} INFO - [2026-05-04T05:06:42.290+0000] {dag.py:2915} INFO - Sync 1 DAGs
[2026-05-04T05:06:42.297+0000] {logging_mixin.py:151} INFO - [2026-05-04T05:06:42.297+0000] {dag.py:3696} INFO - Setting next_dagrun for backfill_retail_pipeline to None, run_after=None
[2026-05-04T05:06:42.304+0000] {processor.py:179} INFO - Processing /opt/airflow/dags/backfill_retail_pipeline.py took 0.062 seconds
[2026-05-04T05:07:12.448+0000] {processor.py:157} INFO - Started process (PID=4583) to work on /opt/airflow/dags/backfill_retail_pipeline.py
[2026-05-04T05:07:12.449+0000] {processor.py:829} INFO - Processing file /opt/airflow/dags/backfill_retail_pipeline.py for tasks to queue
[2026-05-04T05:07:12.450+0000] {logging_mixin.py:151} INFO - [2026-05-04T05:07:12.449+0000] {dagbag.py:539} INFO - Filling up the DagBag from /opt/airflow/dags/backfill_retail_pipeline.py
[2026-05-04T05:07:12.460+0000] {processor.py:839} INFO - DAG(s) dict_keys(['backfill_retail_pipeline']) retrieved from /opt/airflow/dags/backfill_retail_pipeline.py
[2026-05-04T05:07:12.483+0000] {logging_mixin.py:151} INFO - [2026-05-04T05:07:12.483+0000] {dag.py:2915} INFO - Sync 1 DAGs
[2026-05-04T05:07:12.489+0000] {logging_mixin.py:151} INFO - [2026-05-04T05:07:12.489+0000] {dag.py:3696} INFO - Setting next_dagrun for backfill_retail_pipeline to None, run_after=None
[2026-05-04T05:07:12.497+0000] {processor.py:179} INFO - Processing /opt/airflow/dags/backfill_retail_pipeline.py took 0.055 seconds
[2026-05-04T05:07:42.621+0000] {processor.py:157} INFO - Started process (PID=4598) to work on /opt/airflow/dags/backfill_retail_pipeline.py
[2026-05-04T05:07:42.624+0000] {processor.py:829} INFO - Processing file /opt/airflow/dags/backfill_retail_pipeline.py for tasks to queue
[2026-05-04T05:07:42.625+0000] {logging_mixin.py:151} INFO - [2026-05-04T05:07:42.625+0000] {dagbag.py:539} INFO - Filling up the DagBag from /opt/airflow/dags/backfill_retail_pipeline.py
[2026-05-04T05:07:42.632+0000] {processor.py:839} INFO - DAG(s) dict_keys(['backfill_retail_pipeline']) retrieved from /opt/airflow/dags/backfill_retail_pipeline.py
[2026-05-04T05:07:42.656+0000] {logging_mixin.py:151} INFO - [2026-05-04T05:07:42.656+0000] {dag.py:2915} INFO - Sync 1 DAGs
[2026-05-04T05:07:42.664+0000] {logging_mixin.py:151} INFO - [2026-05-04T05:07:42.663+0000] {dag.py:3696} INFO - Setting next_dagrun for backfill_retail_pipeline to None, run_after=None
[2026-05-04T05:07:42.676+0000] {processor.py:179} INFO - Processing /opt/airflow/dags/backfill_retail_pipeline.py took 0.057 seconds
[2026-05-04T05:08:12.796+0000] {processor.py:157} INFO - Started process (PID=4613) to work on /opt/airflow/dags/backfill_retail_pipeline.py
[2026-05-04T05:08:12.796+0000] {processor.py:829} INFO - Processing file /opt/airflow/dags/backfill_retail_pipeline.py for tasks to queue
[2026-05-04T05:08:12.796+0000] {logging_mixin.py:151} INFO - [2026-05-04T05:08:12.796+0000] {dagbag.py:539} INFO - Filling up the DagBag from /opt/airflow/dags/backfill_retail_pipeline.py
[2026-05-04T05:08:12.800+0000] {processor.py:839} INFO - DAG(s) dict_keys(['backfill_retail_pipeline']) retrieved from /opt/airflow/dags/backfill_retail_pipeline.py
[2026-05-04T05:08:12.812+0000] {logging_mixin.py:151} INFO - [2026-05-04T05:08:12.812+0000] {dag.py:2915} INFO - Sync 1 DAGs
[2026-05-04T05:08:12.816+0000] {logging_mixin.py:151} INFO - [2026-05-04T05:08:12.816+0000] {dag.py:3696} INFO - Setting next_dagrun for backfill_retail_pipeline to None, run_after=None
[2026-05-04T05:08:12.822+0000] {processor.py:179} INFO - Processing /opt/airflow/dags/backfill_retail_pipeline.py took 0.027 seconds
[2026-05-04T05:08:42.935+0000] {processor.py:157} INFO - Started process (PID=4628) to work on /opt/airflow/dags/backfill_retail_pipeline.py
[2026-05-04T05:08:42.937+0000] {processor.py:829} INFO - Processing file /opt/airflow/dags/backfill_retail_pipeline.py for tasks to queue
[2026-05-04T05:08:42.938+0000] {logging_mixin.py:151} INFO - [2026-05-04T05:08:42.938+0000] {dagbag.py:539} INFO - Filling up the DagBag from /opt/airflow/dags/backfill_retail_pipeline.py
[2026-05-04T05:08:42.947+0000] {processor.py:839} INFO - DAG(s) dict_keys(['backfill_retail_pipeline']) retrieved from /opt/airflow/dags/backfill_retail_pipeline.py
[2026-05-04T05:08:42.964+0000] {logging_mixin.py:151} INFO - [2026-05-04T05:08:42.964+0000] {dag.py:2915} INFO - Sync 1 DAGs
[2026-05-04T05:08:42.970+0000] {logging_mixin.py:151} INFO - [2026-05-04T05:08:42.970+0000] {dag.py:3696} INFO - Setting next_dagrun for backfill_retail_pipeline to None, run_after=None
[2026-05-04T05:08:42.977+0000] {processor.py:179} INFO - Processing /opt/airflow/dags/backfill_retail_pipeline.py took 0.045 seconds
[2026-05-04T05:09:13.097+0000] {processor.py:157} INFO - Started process (PID=4643) to work on /opt/airflow/dags/backfill_retail_pipeline.py
[2026-05-04T05:09:13.097+0000] {processor.py:829} INFO - Processing file /opt/airflow/dags/backfill_retail_pipeline.py for tasks to queue
[2026-05-04T05:09:13.098+0000] {logging_mixin.py:151} INFO - [2026-05-04T05:09:13.098+0000] {dagbag.py:539} INFO - Filling up the DagBag from /opt/airflow/dags/backfill_retail_pipeline.py
[2026-05-04T05:09:13.104+0000] {processor.py:839} INFO - DAG(s) dict_keys(['backfill_retail_pipeline']) retrieved from /opt/airflow/dags/backfill_retail_pipeline.py
[2026-05-04T05:09:13.119+0000] {logging_mixin.py:151} INFO - [2026-05-04T05:09:13.119+0000] {dag.py:2915} INFO - Sync 1 DAGs
[2026-05-04T05:09:13.124+0000] {logging_mixin.py:151} INFO - [2026-05-04T05:09:13.124+0000] {dag.py:3696} INFO - Setting next_dagrun for backfill_retail_pipeline to None, run_after=None
[2026-05-04T05:09:13.130+0000] {processor.py:179} INFO - Processing /opt/airflow/dags/backfill_retail_pipeline.py took 0.036 seconds
[2026-05-04T05:09:43.289+0000] {processor.py:157} INFO - Started process (PID=4658) to work on /opt/airflow/dags/backfill_retail_pipeline.py
[2026-05-04T05:09:43.290+0000] {processor.py:829} INFO - Processing file /opt/airflow/dags/backfill_retail_pipeline.py for tasks to queue
[2026-05-04T05:09:43.290+0000] {logging_mixin.py:151} INFO - [2026-05-04T05:09:43.290+0000] {dagbag.py:539} INFO - Filling up the DagBag from /opt/airflow/dags/backfill_retail_pipeline.py
[2026-05-04T05:09:43.297+0000] {processor.py:839} INFO - DAG(s) dict_keys(['backfill_retail_pipeline']) retrieved from /opt/airflow/dags/backfill_retail_pipeline.py
[2026-05-04T05:09:43.310+0000] {logging_mixin.py:151} INFO - [2026-05-04T05:09:43.310+0000] {dag.py:2915} INFO - Sync 1 DAGs
[2026-05-04T05:09:43.314+0000] {logging_mixin.py:151} INFO - [2026-05-04T05:09:43.314+0000] {dag.py:3696} INFO - Setting next_dagrun for backfill_retail_pipeline to None, run_after=None
[2026-05-04T05:09:43.319+0000] {processor.py:179} INFO - Processing /opt/airflow/dags/backfill_retail_pipeline.py took 0.031 seconds
[2026-05-04T05:10:13.451+0000] {processor.py:157} INFO - Started process (PID=4673) to work on /opt/airflow/dags/backfill_retail_pipeline.py
[2026-05-04T05:10:13.454+0000] {processor.py:829} INFO - Processing file /opt/airflow/dags/backfill_retail_pipeline.py for tasks to queue
[2026-05-04T05:10:13.454+0000] {logging_mixin.py:151} INFO - [2026-05-04T05:10:13.454+0000] {dagbag.py:539} INFO - Filling up the DagBag from /opt/airflow/dags/backfill_retail_pipeline.py
[2026-05-04T05:10:13.459+0000] {processor.py:839} INFO - DAG(s) dict_keys(['backfill_retail_pipeline']) retrieved from /opt/airflow/dags/backfill_retail_pipeline.py
[2026-05-04T05:10:13.472+0000] {logging_mixin.py:151} INFO - [2026-05-04T05:10:13.472+0000] {dag.py:2915} INFO - Sync 1 DAGs
[2026-05-04T05:10:13.477+0000] {logging_mixin.py:151} INFO - [2026-05-04T05:10:13.477+0000] {dag.py:3696} INFO - Setting next_dagrun for backfill_retail_pipeline to None, run_after=None
[2026-05-04T05:10:13.483+0000] {processor.py:179} INFO - Processing /opt/airflow/dags/backfill_retail_pipeline.py took 0.033 seconds
[2026-05-04T05:10:43.602+0000] {processor.py:157} INFO - Started process (PID=4688) to work on /opt/airflow/dags/backfill_retail_pipeline.py
[2026-05-04T05:10:43.605+0000] {processor.py:829} INFO - Processing file /opt/airflow/dags/backfill_retail_pipeline.py for tasks to queue
[2026-05-04T05:10:43.605+0000] {logging_mixin.py:151} INFO - [2026-05-04T05:10:43.605+0000] {dagbag.py:539} INFO - Filling up the DagBag from /opt/airflow/dags/backfill_retail_pipeline.py
[2026-05-04T05:10:43.610+0000] {processor.py:839} INFO - DAG(s) dict_keys(['backfill_retail_pipeline']) retrieved from /opt/airflow/dags/backfill_retail_pipeline.py
[2026-05-04T05:10:43.622+0000] {logging_mixin.py:151} INFO - [2026-05-04T05:10:43.622+0000] {dag.py:2915} INFO - Sync 1 DAGs
[2026-05-04T05:10:43.626+0000] {logging_mixin.py:151} INFO - [2026-05-04T05:10:43.626+0000] {dag.py:3696} INFO - Setting next_dagrun for backfill_retail_pipeline to None, run_after=None
[2026-05-04T05:10:43.632+0000] {processor.py:179} INFO - Processing /opt/airflow/dags/backfill_retail_pipeline.py took 0.032 seconds
[2026-05-04T05:11:13.764+0000] {processor.py:157} INFO - Started process (PID=4703) to work on /opt/airflow/dags/backfill_retail_pipeline.py
[2026-05-04T05:11:13.767+0000] {processor.py:829} INFO - Processing file /opt/airflow/dags/backfill_retail_pipeline.py for tasks to queue
[2026-05-04T05:11:13.767+0000] {logging_mixin.py:151} INFO - [2026-05-04T05:11:13.767+0000] {dagbag.py:539} INFO - Filling up the DagBag from /opt/airflow/dags/backfill_retail_pipeline.py
[2026-05-04T05:11:13.772+0000] {processor.py:839} INFO - DAG(s) dict_keys(['backfill_retail_pipeline']) retrieved from /opt/airflow/dags/backfill_retail_pipeline.py
[2026-05-04T05:11:13.786+0000] {logging_mixin.py:151} INFO - [2026-05-04T05:11:13.786+0000] {dag.py:2915} INFO - Sync 1 DAGs
[2026-05-04T05:11:13.791+0000] {logging_mixin.py:151} INFO - [2026-05-04T05:11:13.791+0000] {dag.py:3696} INFO - Setting next_dagrun for backfill_retail_pipeline to None, run_after=None
[2026-05-04T05:11:13.796+0000] {processor.py:179} INFO - Processing /opt/airflow/dags/backfill_retail_pipeline.py took 0.034 seconds
[2026-05-04T05:11:43.907+0000] {processor.py:157} INFO - Started process (PID=4718) to work on /opt/airflow/dags/backfill_retail_pipeline.py
[2026-05-04T05:11:43.909+0000] {processor.py:829} INFO - Processing file /opt/airflow/dags/backfill_retail_pipeline.py for tasks to queue
[2026-05-04T05:11:43.910+0000] {logging_mixin.py:151} INFO - [2026-05-04T05:11:43.910+0000] {dagbag.py:539} INFO - Filling up the DagBag from /opt/airflow/dags/backfill_retail_pipeline.py
[2026-05-04T05:11:43.914+0000] {processor.py:839} INFO - DAG(s) dict_keys(['backfill_retail_pipeline']) retrieved from /opt/airflow/dags/backfill_retail_pipeline.py
[2026-05-04T05:11:43.926+0000] {logging_mixin.py:151} INFO - [2026-05-04T05:11:43.926+0000] {dag.py:2915} INFO - Sync 1 DAGs
[2026-05-04T05:11:43.930+0000] {logging_mixin.py:151} INFO - [2026-05-04T05:11:43.930+0000] {dag.py:3696} INFO - Setting next_dagrun for backfill_retail_pipeline to None, run_after=None
[2026-05-04T05:11:43.935+0000] {processor.py:179} INFO - Processing /opt/airflow/dags/backfill_retail_pipeline.py took 0.030 seconds
[2026-05-04T05:12:14.046+0000] {processor.py:157} INFO - Started process (PID=4733) to work on /opt/airflow/dags/backfill_retail_pipeline.py
[2026-05-04T05:12:14.046+0000] {processor.py:829} INFO - Processing file /opt/airflow/dags/backfill_retail_pipeline.py for tasks to queue
[2026-05-04T05:12:14.047+0000] {logging_mixin.py:151} INFO - [2026-05-04T05:12:14.046+0000] {dagbag.py:539} INFO - Filling up the DagBag from /opt/airflow/dags/backfill_retail_pipeline.py
[2026-05-04T05:12:14.053+0000] {processor.py:839} INFO - DAG(s) dict_keys(['backfill_retail_pipeline']) retrieved from /opt/airflow/dags/backfill_retail_pipeline.py
[2026-05-04T05:12:14.068+0000] {logging_mixin.py:151} INFO - [2026-05-04T05:12:14.067+0000] {dag.py:2915} INFO - Sync 1 DAGs
[2026-05-04T05:12:14.072+0000] {logging_mixin.py:151} INFO - [2026-05-04T05:12:14.072+0000] {dag.py:3696} INFO - Setting next_dagrun for backfill_retail_pipeline to None, run_after=None
[2026-05-04T05:12:14.078+0000] {processor.py:179} INFO - Processing /opt/airflow/dags/backfill_retail_pipeline.py took 0.034 seconds
[2026-05-04T05:12:44.241+0000] {processor.py:157} INFO - Started process (PID=4748) to work on /opt/airflow/dags/backfill_retail_pipeline.py
[2026-05-04T05:12:44.241+0000] {processor.py:829} INFO - Processing file /opt/airflow/dags/backfill_retail_pipeline.py for tasks to queue
[2026-05-04T05:12:44.242+0000] {logging_mixin.py:151} INFO - [2026-05-04T05:12:44.242+0000] {dagbag.py:539} INFO - Filling up the DagBag from /opt/airflow/dags/backfill_retail_pipeline.py
[2026-05-04T05:12:44.246+0000] {processor.py:839} INFO - DAG(s) dict_keys(['backfill_retail_pipeline']) retrieved from /opt/airflow/dags/backfill_retail_pipeline.py
[2026-05-04T05:12:44.258+0000] {logging_mixin.py:151} INFO - [2026-05-04T05:12:44.258+0000] {dag.py:2915} INFO - Sync 1 DAGs
[2026-05-04T05:12:44.262+0000] {logging_mixin.py:151} INFO - [2026-05-04T05:12:44.262+0000] {dag.py:3696} INFO - Setting next_dagrun for backfill_retail_pipeline to None, run_after=None
[2026-05-04T05:12:44.267+0000] {processor.py:179} INFO - Processing /opt/airflow/dags/backfill_retail_pipeline.py took 0.027 seconds
[2026-05-04T05:13:14.397+0000] {processor.py:157} INFO - Started process (PID=4763) to work on /opt/airflow/dags/backfill_retail_pipeline.py
[2026-05-04T05:13:14.399+0000] {processor.py:829} INFO - Processing file /opt/airflow/dags/backfill_retail_pipeline.py for tasks to queue
[2026-05-04T05:13:14.400+0000] {logging_mixin.py:151} INFO - [2026-05-04T05:13:14.400+0000] {dagbag.py:539} INFO - Filling up the DagBag from /opt/airflow/dags/backfill_retail_pipeline.py
[2026-05-04T05:13:14.404+0000] {processor.py:839} INFO - DAG(s) dict_keys(['backfill_retail_pipeline']) retrieved from /opt/airflow/dags/backfill_retail_pipeline.py
[2026-05-04T05:13:14.418+0000] {logging_mixin.py:151} INFO - [2026-05-04T05:13:14.418+0000] {dag.py:2915} INFO - Sync 1 DAGs
[2026-05-04T05:13:14.422+0000] {logging_mixin.py:151} INFO - [2026-05-04T05:13:14.422+0000] {dag.py:3696} INFO - Setting next_dagrun for backfill_retail_pipeline to None, run_after=None
[2026-05-04T05:13:14.428+0000] {processor.py:179} INFO - Processing /opt/airflow/dags/backfill_retail_pipeline.py took 0.032 seconds
[2026-05-04T05:13:44.565+0000] {processor.py:157} INFO - Started process (PID=4778) to work on /opt/airflow/dags/backfill_retail_pipeline.py
[2026-05-04T05:13:44.565+0000] {processor.py:829} INFO - Processing file /opt/airflow/dags/backfill_retail_pipeline.py for tasks to queue
[2026-05-04T05:13:44.566+0000] {logging_mixin.py:151} INFO - [2026-05-04T05:13:44.565+0000] {dagbag.py:539} INFO - Filling up the DagBag from /opt/airflow/dags/backfill_retail_pipeline.py
[2026-05-04T05:13:44.571+0000] {processor.py:839} INFO - DAG(s) dict_keys(['backfill_retail_pipeline']) retrieved from /opt/airflow/dags/backfill_retail_pipeline.py
[2026-05-04T05:13:44.586+0000] {logging_mixin.py:151} INFO - [2026-05-04T05:13:44.586+0000] {dag.py:2915} INFO - Sync 1 DAGs
[2026-05-04T05:13:44.592+0000] {logging_mixin.py:151} INFO - [2026-05-04T05:13:44.591+0000] {dag.py:3696} INFO - Setting next_dagrun for backfill_retail_pipeline to None, run_after=None
[2026-05-04T05:13:44.599+0000] {processor.py:179} INFO - Processing /opt/airflow/dags/backfill_retail_pipeline.py took 0.036 seconds
[2026-05-04T05:14:14.752+0000] {processor.py:157} INFO - Started process (PID=4793) to work on /opt/airflow/dags/backfill_retail_pipeline.py
[2026-05-04T05:14:14.753+0000] {processor.py:829} INFO - Processing file /opt/airflow/dags/backfill_retail_pipeline.py for tasks to queue
[2026-05-04T05:14:14.754+0000] {logging_mixin.py:151} INFO - [2026-05-04T05:14:14.754+0000] {dagbag.py:539} INFO - Filling up the DagBag from /opt/airflow/dags/backfill_retail_pipeline.py
[2026-05-04T05:14:14.759+0000] {processor.py:839} INFO - DAG(s) dict_keys(['backfill_retail_pipeline']) retrieved from /opt/airflow/dags/backfill_retail_pipeline.py
[2026-05-04T05:14:14.771+0000] {logging_mixin.py:151} INFO - [2026-05-04T05:14:14.771+0000] {dag.py:2915} INFO - Sync 1 DAGs
[2026-05-04T05:14:14.776+0000] {logging_mixin.py:151} INFO - [2026-05-04T05:14:14.776+0000] {dag.py:3696} INFO - Setting next_dagrun for backfill_retail_pipeline to None, run_after=None
[2026-05-04T05:14:14.781+0000] {processor.py:179} INFO - Processing /opt/airflow/dags/backfill_retail_pipeline.py took 0.030 seconds
[2026-05-04T05:14:44.950+0000] {processor.py:157} INFO - Started process (PID=4808) to work on /opt/airflow/dags/backfill_retail_pipeline.py
[2026-05-04T05:14:44.953+0000] {processor.py:829} INFO - Processing file /opt/airflow/dags/backfill_retail_pipeline.py for tasks to queue
[2026-05-04T05:14:44.953+0000] {logging_mixin.py:151} INFO - [2026-05-04T05:14:44.953+0000] {dagbag.py:539} INFO - Filling up the DagBag from /opt/airflow/dags/backfill_retail_pipeline.py
[2026-05-04T05:14:44.959+0000] {processor.py:839} INFO - DAG(s) dict_keys(['backfill_retail_pipeline']) retrieved from /opt/airflow/dags/backfill_retail_pipeline.py
[2026-05-04T05:14:44.973+0000] {logging_mixin.py:151} INFO - [2026-05-04T05:14:44.973+0000] {dag.py:2915} INFO - Sync 1 DAGs
[2026-05-04T05:14:44.978+0000] {logging_mixin.py:151} INFO - [2026-05-04T05:14:44.978+0000] {dag.py:3696} INFO - Setting next_dagrun for backfill_retail_pipeline to None, run_after=None
[2026-05-04T05:14:44.983+0000] {processor.py:179} INFO - Processing /opt/airflow/dags/backfill_retail_pipeline.py took 0.035 seconds
[2026-05-04T05:15:15.129+0000] {processor.py:157} INFO - Started process (PID=4823) to work on /opt/airflow/dags/backfill_retail_pipeline.py
[2026-05-04T05:15:15.132+0000] {processor.py:829} INFO - Processing file /opt/airflow/dags/backfill_retail_pipeline.py for tasks to queue
[2026-05-04T05:15:15.132+0000] {logging_mixin.py:151} INFO - [2026-05-04T05:15:15.132+0000] {dagbag.py:539} INFO - Filling up the DagBag from /opt/airflow/dags/backfill_retail_pipeline.py
[2026-05-04T05:15:15.136+0000] {processor.py:839} INFO - DAG(s) dict_keys(['backfill_retail_pipeline']) retrieved from /opt/airflow/dags/backfill_retail_pipeline.py
[2026-05-04T05:15:15.148+0000] {logging_mixin.py:151} INFO - [2026-05-04T05:15:15.148+0000] {dag.py:2915} INFO - Sync 1 DAGs
[2026-05-04T05:15:15.152+0000] {logging_mixin.py:151} INFO - [2026-05-04T05:15:15.151+0000] {dag.py:3696} INFO - Setting next_dagrun for backfill_retail_pipeline to None, run_after=None
[2026-05-04T05:15:15.156+0000] {processor.py:179} INFO - Processing /opt/airflow/dags/backfill_retail_pipeline.py took 0.028 seconds
[2026-05-04T05:15:45.276+0000] {processor.py:157} INFO - Started process (PID=4838) to work on /opt/airflow/dags/backfill_retail_pipeline.py
[2026-05-04T05:15:45.278+0000] {processor.py:829} INFO - Processing file /opt/airflow/dags/backfill_retail_pipeline.py for tasks to queue
[2026-05-04T05:15:45.279+0000] {logging_mixin.py:151} INFO - [2026-05-04T05:15:45.278+0000] {dagbag.py:539} INFO - Filling up the DagBag from /opt/airflow/dags/backfill_retail_pipeline.py
[2026-05-04T05:15:45.284+0000] {processor.py:839} INFO - DAG(s) dict_keys(['backfill_retail_pipeline']) retrieved from /opt/airflow/dags/backfill_retail_pipeline.py
[2026-05-04T05:15:45.297+0000] {logging_mixin.py:151} INFO - [2026-05-04T05:15:45.297+0000] {dag.py:2915} INFO - Sync 1 DAGs
[2026-05-04T05:15:45.301+0000] {logging_mixin.py:151} INFO - [2026-05-04T05:15:45.301+0000] {dag.py:3696} INFO - Setting next_dagrun for backfill_retail_pipeline to None, run_after=None
[2026-05-04T05:15:45.307+0000] {processor.py:179} INFO - Processing /opt/airflow/dags/backfill_retail_pipeline.py took 0.033 seconds
[2026-05-04T05:16:15.473+0000] {processor.py:157} INFO - Started process (PID=4853) to work on /opt/airflow/dags/backfill_retail_pipeline.py
[2026-05-04T05:16:15.476+0000] {processor.py:829} INFO - Processing file /opt/airflow/dags/backfill_retail_pipeline.py for tasks to queue
[2026-05-04T05:16:15.476+0000] {logging_mixin.py:151} INFO - [2026-05-04T05:16:15.476+0000] {dagbag.py:539} INFO - Filling up the DagBag from /opt/airflow/dags/backfill_retail_pipeline.py
[2026-05-04T05:16:15.482+0000] {processor.py:839} INFO - DAG(s) dict_keys(['backfill_retail_pipeline']) retrieved from /opt/airflow/dags/backfill_retail_pipeline.py
[2026-05-04T05:16:15.496+0000] {logging_mixin.py:151} INFO - [2026-05-04T05:16:15.496+0000] {dag.py:2915} INFO - Sync 1 DAGs
[2026-05-04T05:16:15.501+0000] {logging_mixin.py:151} INFO - [2026-05-04T05:16:15.501+0000] {dag.py:3696} INFO - Setting next_dagrun for backfill_retail_pipeline to None, run_after=None
[2026-05-04T05:16:15.508+0000] {processor.py:179} INFO - Processing /opt/airflow/dags/backfill_retail_pipeline.py took 0.037 seconds
[2026-05-04T05:16:45.656+0000] {processor.py:157} INFO - Started process (PID=4868) to work on /opt/airflow/dags/backfill_retail_pipeline.py
[2026-05-04T05:16:45.659+0000] {processor.py:829} INFO - Processing file /opt/airflow/dags/backfill_retail_pipeline.py for tasks to queue
[2026-05-04T05:16:45.660+0000] {logging_mixin.py:151} INFO - [2026-05-04T05:16:45.660+0000] {dagbag.py:539} INFO - Filling up the DagBag from /opt/airflow/dags/backfill_retail_pipeline.py
[2026-05-04T05:16:45.665+0000] {processor.py:839} INFO - DAG(s) dict_keys(['backfill_retail_pipeline']) retrieved from /opt/airflow/dags/backfill_retail_pipeline.py
[2026-05-04T05:16:45.678+0000] {logging_mixin.py:151} INFO - [2026-05-04T05:16:45.678+0000] {dag.py:2915} INFO - Sync 1 DAGs
[2026-05-04T05:16:45.683+0000] {logging_mixin.py:151} INFO - [2026-05-04T05:16:45.683+0000] {dag.py:3696} INFO - Setting next_dagrun for backfill_retail_pipeline to None, run_after=None
[2026-05-04T05:16:45.688+0000] {processor.py:179} INFO - Processing /opt/airflow/dags/backfill_retail_pipeline.py took 0.034 seconds
[2026-05-04T05:17:15.915+0000] {processor.py:157} INFO - Started process (PID=4883) to work on /opt/airflow/dags/backfill_retail_pipeline.py
[2026-05-04T05:17:15.918+0000] {processor.py:829} INFO - Processing file /opt/airflow/dags/backfill_retail_pipeline.py for tasks to queue
[2026-05-04T05:17:15.919+0000] {logging_mixin.py:151} INFO - [2026-05-04T05:17:15.918+0000] {dagbag.py:539} INFO - Filling up the DagBag from /opt/airflow/dags/backfill_retail_pipeline.py
[2026-05-04T05:17:15.932+0000] {processor.py:839} INFO - DAG(s) dict_keys(['backfill_retail_pipeline']) retrieved from /opt/airflow/dags/backfill_retail_pipeline.py
[2026-05-04T05:17:15.953+0000] {logging_mixin.py:151} INFO - [2026-05-04T05:17:15.953+0000] {dag.py:2915} INFO - Sync 1 DAGs
[2026-05-04T05:17:15.965+0000] {logging_mixin.py:151} INFO - [2026-05-04T05:17:15.964+0000] {dag.py:3696} INFO - Setting next_dagrun for backfill_retail_pipeline to None, run_after=None
[2026-05-04T05:17:15.972+0000] {processor.py:179} INFO - Processing /opt/airflow/dags/backfill_retail_pipeline.py took 0.059 seconds
[2026-05-04T05:17:46.088+0000] {processor.py:157} INFO - Started process (PID=4898) to work on /opt/airflow/dags/backfill_retail_pipeline.py
[2026-05-04T05:17:46.091+0000] {processor.py:829} INFO - Processing file /opt/airflow/dags/backfill_retail_pipeline.py for tasks to queue
[2026-05-04T05:17:46.092+0000] {logging_mixin.py:151} INFO - [2026-05-04T05:17:46.091+0000] {dagbag.py:539} INFO - Filling up the DagBag from /opt/airflow/dags/backfill_retail_pipeline.py
[2026-05-04T05:17:46.099+0000] {processor.py:839} INFO - DAG(s) dict_keys(['backfill_retail_pipeline']) retrieved from /opt/airflow/dags/backfill_retail_pipeline.py
[2026-05-04T05:17:46.115+0000] {logging_mixin.py:151} INFO - [2026-05-04T05:17:46.114+0000] {dag.py:2915} INFO - Sync 1 DAGs
[2026-05-04T05:17:46.120+0000] {logging_mixin.py:151} INFO - [2026-05-04T05:17:46.120+0000] {dag.py:3696} INFO - Setting next_dagrun for backfill_retail_pipeline to None, run_after=None
[2026-05-04T05:17:46.127+0000] {processor.py:179} INFO - Processing /opt/airflow/dags/backfill_retail_pipeline.py took 0.041 seconds
[2026-05-04T05:18:16.325+0000] {processor.py:157} INFO - Started process (PID=4913) to work on /opt/airflow/dags/backfill_retail_pipeline.py
[2026-05-04T05:18:16.328+0000] {processor.py:829} INFO - Processing file /opt/airflow/dags/backfill_retail_pipeline.py for tasks to queue
[2026-05-04T05:18:16.328+0000] {logging_mixin.py:151} INFO - [2026-05-04T05:18:16.328+0000] {dagbag.py:539} INFO - Filling up the DagBag from /opt/airflow/dags/backfill_retail_pipeline.py
[2026-05-04T05:18:16.333+0000] {processor.py:839} INFO - DAG(s) dict_keys(['backfill_retail_pipeline']) retrieved from /opt/airflow/dags/backfill_retail_pipeline.py
[2026-05-04T05:18:16.347+0000] {logging_mixin.py:151} INFO - [2026-05-04T05:18:16.347+0000] {dag.py:2915} INFO - Sync 1 DAGs
[2026-05-04T05:18:16.352+0000] {logging_mixin.py:151} INFO - [2026-05-04T05:18:16.352+0000] {dag.py:3696} INFO - Setting next_dagrun for backfill_retail_pipeline to None, run_after=None
[2026-05-04T05:18:16.358+0000] {processor.py:179} INFO - Processing /opt/airflow/dags/backfill_retail_pipeline.py took 0.034 seconds
[2026-05-04T05:18:46.530+0000] {processor.py:157} INFO - Started process (PID=4928) to work on /opt/airflow/dags/backfill_retail_pipeline.py
[2026-05-04T05:18:46.533+0000] {processor.py:829} INFO - Processing file /opt/airflow/dags/backfill_retail_pipeline.py for tasks to queue
[2026-05-04T05:18:46.533+0000] {logging_mixin.py:151} INFO - [2026-05-04T05:18:46.533+0000] {dagbag.py:539} INFO - Filling up the DagBag from /opt/airflow/dags/backfill_retail_pipeline.py
[2026-05-04T05:18:46.544+0000] {processor.py:839} INFO - DAG(s) dict_keys(['backfill_retail_pipeline']) retrieved from /opt/airflow/dags/backfill_retail_pipeline.py
[2026-05-04T05:18:46.565+0000] {logging_mixin.py:151} INFO - [2026-05-04T05:18:46.565+0000] {dag.py:2915} INFO - Sync 1 DAGs
[2026-05-04T05:18:46.570+0000] {logging_mixin.py:151} INFO - [2026-05-04T05:18:46.570+0000] {dag.py:3696} INFO - Setting next_dagrun for backfill_retail_pipeline to None, run_after=None
[2026-05-04T05:18:46.577+0000] {processor.py:179} INFO - Processing /opt/airflow/dags/backfill_retail_pipeline.py took 0.050 seconds
[2026-05-04T05:19:16.758+0000] {processor.py:157} INFO - Started process (PID=4943) to work on /opt/airflow/dags/backfill_retail_pipeline.py
[2026-05-04T05:19:16.760+0000] {processor.py:829} INFO - Processing file /opt/airflow/dags/backfill_retail_pipeline.py for tasks to queue
[2026-05-04T05:19:16.761+0000] {logging_mixin.py:151} INFO - [2026-05-04T05:19:16.761+0000] {dagbag.py:539} INFO - Filling up the DagBag from /opt/airflow/dags/backfill_retail_pipeline.py
[2026-05-04T05:19:16.767+0000] {processor.py:839} INFO - DAG(s) dict_keys(['backfill_retail_pipeline']) retrieved from /opt/airflow/dags/backfill_retail_pipeline.py
[2026-05-04T05:19:16.781+0000] {logging_mixin.py:151} INFO - [2026-05-04T05:19:16.781+0000] {dag.py:2915} INFO - Sync 1 DAGs
[2026-05-04T05:19:16.787+0000] {logging_mixin.py:151} INFO - [2026-05-04T05:19:16.787+0000] {dag.py:3696} INFO - Setting next_dagrun for backfill_retail_pipeline to None, run_after=None
[2026-05-04T05:19:16.793+0000] {processor.py:179} INFO - Processing /opt/airflow/dags/backfill_retail_pipeline.py took 0.037 seconds
[2026-05-04T05:19:46.993+0000] {processor.py:157} INFO - Started process (PID=4958) to work on /opt/airflow/dags/backfill_retail_pipeline.py
[2026-05-04T05:19:46.996+0000] {processor.py:829} INFO - Processing file /opt/airflow/dags/backfill_retail_pipeline.py for tasks to queue
[2026-05-04T05:19:46.996+0000] {logging_mixin.py:151} INFO - [2026-05-04T05:19:46.996+0000] {dagbag.py:539} INFO - Filling up the DagBag from /opt/airflow/dags/backfill_retail_pipeline.py
[2026-05-04T05:19:47.000+0000] {processor.py:839} INFO - DAG(s) dict_keys(['backfill_retail_pipeline']) retrieved from /opt/airflow/dags/backfill_retail_pipeline.py
[2026-05-04T05:19:47.015+0000] {logging_mixin.py:151} INFO - [2026-05-04T05:19:47.014+0000] {dag.py:2915} INFO - Sync 1 DAGs
[2026-05-04T05:19:47.019+0000] {logging_mixin.py:151} INFO - [2026-05-04T05:19:47.019+0000] {dag.py:3696} INFO - Setting next_dagrun for backfill_retail_pipeline to None, run_after=None
[2026-05-04T05:19:47.026+0000] {processor.py:179} INFO - Processing /opt/airflow/dags/backfill_retail_pipeline.py took 0.034 seconds
[2026-05-04T05:20:17.180+0000] {processor.py:157} INFO - Started process (PID=4973) to work on /opt/airflow/dags/backfill_retail_pipeline.py
[2026-05-04T05:20:17.182+0000] {processor.py:829} INFO - Processing file /opt/airflow/dags/backfill_retail_pipeline.py for tasks to queue
[2026-05-04T05:20:17.183+0000] {logging_mixin.py:151} INFO - [2026-05-04T05:20:17.183+0000] {dagbag.py:539} INFO - Filling up the DagBag from /opt/airflow/dags/backfill_retail_pipeline.py
[2026-05-04T05:20:17.189+0000] {processor.py:839} INFO - DAG(s) dict_keys(['backfill_retail_pipeline']) retrieved from /opt/airflow/dags/backfill_retail_pipeline.py
[2026-05-04T05:20:17.204+0000] {logging_mixin.py:151} INFO - [2026-05-04T05:20:17.204+0000] {dag.py:2915} INFO - Sync 1 DAGs
[2026-05-04T05:20:17.208+0000] {logging_mixin.py:151} INFO - [2026-05-04T05:20:17.208+0000] {dag.py:3696} INFO - Setting next_dagrun for backfill_retail_pipeline to None, run_after=None
[2026-05-04T05:20:17.215+0000] {processor.py:179} INFO - Processing /opt/airflow/dags/backfill_retail_pipeline.py took 0.037 seconds
[2026-05-04T05:20:47.365+0000] {processor.py:157} INFO - Started process (PID=4988) to work on /opt/airflow/dags/backfill_retail_pipeline.py
[2026-05-04T05:20:47.368+0000] {processor.py:829} INFO - Processing file /opt/airflow/dags/backfill_retail_pipeline.py for tasks to queue
[2026-05-04T05:20:47.368+0000] {logging_mixin.py:151} INFO - [2026-05-04T05:20:47.368+0000] {dagbag.py:539} INFO - Filling up the DagBag from /opt/airflow/dags/backfill_retail_pipeline.py
[2026-05-04T05:20:47.374+0000] {processor.py:839} INFO - DAG(s) dict_keys(['backfill_retail_pipeline']) retrieved from /opt/airflow/dags/backfill_retail_pipeline.py
[2026-05-04T05:20:47.389+0000] {logging_mixin.py:151} INFO - [2026-05-04T05:20:47.389+0000] {dag.py:2915} INFO - Sync 1 DAGs
[2026-05-04T05:20:47.394+0000] {logging_mixin.py:151} INFO - [2026-05-04T05:20:47.393+0000] {dag.py:3696} INFO - Setting next_dagrun for backfill_retail_pipeline to None, run_after=None
[2026-05-04T05:20:47.399+0000] {processor.py:179} INFO - Processing /opt/airflow/dags/backfill_retail_pipeline.py took 0.036 seconds
[2026-05-04T05:21:17.544+0000] {processor.py:157} INFO - Started process (PID=5003) to work on /opt/airflow/dags/backfill_retail_pipeline.py
[2026-05-04T05:21:17.548+0000] {processor.py:829} INFO - Processing file /opt/airflow/dags/backfill_retail_pipeline.py for tasks to queue
[2026-05-04T05:21:17.549+0000] {logging_mixin.py:151} INFO - [2026-05-04T05:21:17.548+0000] {dagbag.py:539} INFO - Filling up the DagBag from /opt/airflow/dags/backfill_retail_pipeline.py
[2026-05-04T05:21:17.556+0000] {processor.py:839} INFO - DAG(s) dict_keys(['backfill_retail_pipeline']) retrieved from /opt/airflow/dags/backfill_retail_pipeline.py
[2026-05-04T05:21:17.579+0000] {logging_mixin.py:151} INFO - [2026-05-04T05:21:17.579+0000] {dag.py:2915} INFO - Sync 1 DAGs
[2026-05-04T05:21:17.585+0000] {logging_mixin.py:151} INFO - [2026-05-04T05:21:17.584+0000] {dag.py:3696} INFO - Setting next_dagrun for backfill_retail_pipeline to None, run_after=None
[2026-05-04T05:21:17.590+0000] {processor.py:179} INFO - Processing /opt/airflow/dags/backfill_retail_pipeline.py took 0.048 seconds
[2026-05-04T05:21:47.772+0000] {processor.py:157} INFO - Started process (PID=5018) to work on /opt/airflow/dags/backfill_retail_pipeline.py
[2026-05-04T05:21:47.775+0000] {processor.py:829} INFO - Processing file /opt/airflow/dags/backfill_retail_pipeline.py for tasks to queue
[2026-05-04T05:21:47.775+0000] {logging_mixin.py:151} INFO - [2026-05-04T05:21:47.775+0000] {dagbag.py:539} INFO - Filling up the DagBag from /opt/airflow/dags/backfill_retail_pipeline.py
[2026-05-04T05:21:47.779+0000] {processor.py:839} INFO - DAG(s) dict_keys(['backfill_retail_pipeline']) retrieved from /opt/airflow/dags/backfill_retail_pipeline.py
[2026-05-04T05:21:47.791+0000] {logging_mixin.py:151} INFO - [2026-05-04T05:21:47.790+0000] {dag.py:2915} INFO - Sync 1 DAGs
[2026-05-04T05:21:47.795+0000] {logging_mixin.py:151} INFO - [2026-05-04T05:21:47.795+0000] {dag.py:3696} INFO - Setting next_dagrun for backfill_retail_pipeline to None, run_after=None
[2026-05-04T05:21:47.802+0000] {processor.py:179} INFO - Processing /opt/airflow/dags/backfill_retail_pipeline.py took 0.032 seconds
[2026-05-04T05:22:17.950+0000] {processor.py:157} INFO - Started process (PID=5033) to work on /opt/airflow/dags/backfill_retail_pipeline.py
[2026-05-04T05:22:17.951+0000] {processor.py:829} INFO - Processing file /opt/airflow/dags/backfill_retail_pipeline.py for tasks to queue
[2026-05-04T05:22:17.952+0000] {logging_mixin.py:151} INFO - [2026-05-04T05:22:17.952+0000] {dagbag.py:539} INFO - Filling up the DagBag from /opt/airflow/dags/backfill_retail_pipeline.py
[2026-05-04T05:22:17.961+0000] {processor.py:839} INFO - DAG(s) dict_keys(['backfill_retail_pipeline']) retrieved from /opt/airflow/dags/backfill_retail_pipeline.py
[2026-05-04T05:22:17.985+0000] {logging_mixin.py:151} INFO - [2026-05-04T05:22:17.985+0000] {dag.py:2915} INFO - Sync 1 DAGs
[2026-05-04T05:22:17.999+0000] {logging_mixin.py:151} INFO - [2026-05-04T05:22:17.998+0000] {dag.py:3696} INFO - Setting next_dagrun for backfill_retail_pipeline to None, run_after=None
[2026-05-04T05:22:18.006+0000] {processor.py:179} INFO - Processing /opt/airflow/dags/backfill_retail_pipeline.py took 0.059 seconds
[2026-05-04T05:22:48.270+0000] {processor.py:157} INFO - Started process (PID=5048) to work on /opt/airflow/dags/backfill_retail_pipeline.py
[2026-05-04T05:22:48.270+0000] {processor.py:829} INFO - Processing file /opt/airflow/dags/backfill_retail_pipeline.py for tasks to queue
[2026-05-04T05:22:48.271+0000] {logging_mixin.py:151} INFO - [2026-05-04T05:22:48.271+0000] {dagbag.py:539} INFO - Filling up the DagBag from /opt/airflow/dags/backfill_retail_pipeline.py
[2026-05-04T05:22:48.279+0000] {processor.py:839} INFO - DAG(s) dict_keys(['backfill_retail_pipeline']) retrieved from /opt/airflow/dags/backfill_retail_pipeline.py
[2026-05-04T05:22:48.296+0000] {logging_mixin.py:151} INFO - [2026-05-04T05:22:48.296+0000] {dag.py:2915} INFO - Sync 1 DAGs
[2026-05-04T05:22:48.303+0000] {logging_mixin.py:151} INFO - [2026-05-04T05:22:48.303+0000] {dag.py:3696} INFO - Setting next_dagrun for backfill_retail_pipeline to None, run_after=None
[2026-05-04T05:22:48.310+0000] {processor.py:179} INFO - Processing /opt/airflow/dags/backfill_retail_pipeline.py took 0.042 seconds
[2026-05-04T05:23:18.442+0000] {processor.py:157} INFO - Started process (PID=5063) to work on /opt/airflow/dags/backfill_retail_pipeline.py
[2026-05-04T05:23:18.442+0000] {processor.py:829} INFO - Processing file /opt/airflow/dags/backfill_retail_pipeline.py for tasks to queue
[2026-05-04T05:23:18.443+0000] {logging_mixin.py:151} INFO - [2026-05-04T05:23:18.442+0000] {dagbag.py:539} INFO - Filling up the DagBag from /opt/airflow/dags/backfill_retail_pipeline.py
[2026-05-04T05:23:18.447+0000] {processor.py:839} INFO - DAG(s) dict_keys(['backfill_retail_pipeline']) retrieved from /opt/airflow/dags/backfill_retail_pipeline.py
[2026-05-04T05:23:18.459+0000] {logging_mixin.py:151} INFO - [2026-05-04T05:23:18.459+0000] {dag.py:2915} INFO - Sync 1 DAGs
[2026-05-04T05:23:18.463+0000] {logging_mixin.py:151} INFO - [2026-05-04T05:23:18.462+0000] {dag.py:3696} INFO - Setting next_dagrun for backfill_retail_pipeline to None, run_after=None
[2026-05-04T05:23:18.467+0000] {processor.py:179} INFO - Processing /opt/airflow/dags/backfill_retail_pipeline.py took 0.027 seconds
[2026-05-04T05:23:48.591+0000] {processor.py:157} INFO - Started process (PID=5078) to work on /opt/airflow/dags/backfill_retail_pipeline.py
[2026-05-04T05:23:48.591+0000] {processor.py:829} INFO - Processing file /opt/airflow/dags/backfill_retail_pipeline.py for tasks to queue
[2026-05-04T05:23:48.592+0000] {logging_mixin.py:151} INFO - [2026-05-04T05:23:48.592+0000] {dagbag.py:539} INFO - Filling up the DagBag from /opt/airflow/dags/backfill_retail_pipeline.py
[2026-05-04T05:23:48.596+0000] {processor.py:839} INFO - DAG(s) dict_keys(['backfill_retail_pipeline']) retrieved from /opt/airflow/dags/backfill_retail_pipeline.py
[2026-05-04T05:23:48.609+0000] {logging_mixin.py:151} INFO - [2026-05-04T05:23:48.609+0000] {dag.py:2915} INFO - Sync 1 DAGs
[2026-05-04T05:23:48.613+0000] {logging_mixin.py:151} INFO - [2026-05-04T05:23:48.613+0000] {dag.py:3696} INFO - Setting next_dagrun for backfill_retail_pipeline to None, run_after=None
[2026-05-04T05:23:48.618+0000] {processor.py:179} INFO - Processing /opt/airflow/dags/backfill_retail_pipeline.py took 0.029 seconds
[2026-05-04T05:24:18.790+0000] {processor.py:157} INFO - Started process (PID=5093) to work on /opt/airflow/dags/backfill_retail_pipeline.py
[2026-05-04T05:24:18.793+0000] {processor.py:829} INFO - Processing file /opt/airflow/dags/backfill_retail_pipeline.py for tasks to queue
[2026-05-04T05:24:18.793+0000] {logging_mixin.py:151} INFO - [2026-05-04T05:24:18.793+0000] {dagbag.py:539} INFO - Filling up the DagBag from /opt/airflow/dags/backfill_retail_pipeline.py
[2026-05-04T05:24:18.798+0000] {processor.py:839} INFO - DAG(s) dict_keys(['backfill_retail_pipeline']) retrieved from /opt/airflow/dags/backfill_retail_pipeline.py
[2026-05-04T05:24:18.815+0000] {logging_mixin.py:151} INFO - [2026-05-04T05:24:18.815+0000] {dag.py:2915} INFO - Sync 1 DAGs
[2026-05-04T05:24:18.819+0000] {logging_mixin.py:151} INFO - [2026-05-04T05:24:18.819+0000] {dag.py:3696} INFO - Setting next_dagrun for backfill_retail_pipeline to None, run_after=None
[2026-05-04T05:24:18.825+0000] {processor.py:179} INFO - Processing /opt/airflow/dags/backfill_retail_pipeline.py took 0.037 seconds
[2026-05-04T05:24:48.966+0000] {processor.py:157} INFO - Started process (PID=5108) to work on /opt/airflow/dags/backfill_retail_pipeline.py
[2026-05-04T05:24:48.967+0000] {processor.py:829} INFO - Processing file /opt/airflow/dags/backfill_retail_pipeline.py for tasks to queue
[2026-05-04T05:24:48.968+0000] {logging_mixin.py:151} INFO - [2026-05-04T05:24:48.968+0000] {dagbag.py:539} INFO - Filling up the DagBag from /opt/airflow/dags/backfill_retail_pipeline.py
[2026-05-04T05:24:48.975+0000] {processor.py:839} INFO - DAG(s) dict_keys(['backfill_retail_pipeline']) retrieved from /opt/airflow/dags/backfill_retail_pipeline.py
[2026-05-04T05:24:48.999+0000] {logging_mixin.py:151} INFO - [2026-05-04T05:24:48.999+0000] {dag.py:2915} INFO - Sync 1 DAGs
[2026-05-04T05:24:49.005+0000] {logging_mixin.py:151} INFO - [2026-05-04T05:24:49.005+0000] {dag.py:3696} INFO - Setting next_dagrun for backfill_retail_pipeline to None, run_after=None
[2026-05-04T05:24:49.011+0000] {processor.py:179} INFO - Processing /opt/airflow/dags/backfill_retail_pipeline.py took 0.047 seconds
[2026-05-04T05:25:19.154+0000] {processor.py:157} INFO - Started process (PID=5123) to work on /opt/airflow/dags/backfill_retail_pipeline.py
[2026-05-04T05:25:19.157+0000] {processor.py:829} INFO - Processing file /opt/airflow/dags/backfill_retail_pipeline.py for tasks to queue
[2026-05-04T05:25:19.157+0000] {logging_mixin.py:151} INFO - [2026-05-04T05:25:19.157+0000] {dagbag.py:539} INFO - Filling up the DagBag from /opt/airflow/dags/backfill_retail_pipeline.py
[2026-05-04T05:25:19.165+0000] {processor.py:839} INFO - DAG(s) dict_keys(['backfill_retail_pipeline']) retrieved from /opt/airflow/dags/backfill_retail_pipeline.py
[2026-05-04T05:25:19.183+0000] {logging_mixin.py:151} INFO - [2026-05-04T05:25:19.183+0000] {dag.py:2915} INFO - Sync 1 DAGs
[2026-05-04T05:25:19.189+0000] {logging_mixin.py:151} INFO - [2026-05-04T05:25:19.189+0000] {dag.py:3696} INFO - Setting next_dagrun for backfill_retail_pipeline to None, run_after=None
[2026-05-04T05:25:19.195+0000] {processor.py:179} INFO - Processing /opt/airflow/dags/backfill_retail_pipeline.py took 0.043 seconds
[2026-05-04T05:25:49.356+0000] {processor.py:157} INFO - Started process (PID=5138) to work on /opt/airflow/dags/backfill_retail_pipeline.py
[2026-05-04T05:25:49.359+0000] {processor.py:829} INFO - Processing file /opt/airflow/dags/backfill_retail_pipeline.py for tasks to queue
[2026-05-04T05:25:49.359+0000] {logging_mixin.py:151} INFO - [2026-05-04T05:25:49.359+0000] {dagbag.py:539} INFO - Filling up the DagBag from /opt/airflow/dags/backfill_retail_pipeline.py
[2026-05-04T05:25:49.366+0000] {processor.py:839} INFO - DAG(s) dict_keys(['backfill_retail_pipeline']) retrieved from /opt/airflow/dags/backfill_retail_pipeline.py
[2026-05-04T05:25:49.383+0000] {logging_mixin.py:151} INFO - [2026-05-04T05:25:49.383+0000] {dag.py:2915} INFO - Sync 1 DAGs
[2026-05-04T05:25:49.389+0000] {logging_mixin.py:151} INFO - [2026-05-04T05:25:49.389+0000] {dag.py:3696} INFO - Setting next_dagrun for backfill_retail_pipeline to None, run_after=None
[2026-05-04T05:25:49.397+0000] {processor.py:179} INFO - Processing /opt/airflow/dags/backfill_retail_pipeline.py took 0.043 seconds
[2026-05-04T05:26:19.523+0000] {processor.py:157} INFO - Started process (PID=5153) to work on /opt/airflow/dags/backfill_retail_pipeline.py
[2026-05-04T05:26:19.524+0000] {processor.py:829} INFO - Processing file /opt/airflow/dags/backfill_retail_pipeline.py for tasks to queue
[2026-05-04T05:26:19.525+0000] {logging_mixin.py:151} INFO - [2026-05-04T05:26:19.525+0000] {dagbag.py:539} INFO - Filling up the DagBag from /opt/airflow/dags/backfill_retail_pipeline.py
[2026-05-04T05:26:19.533+0000] {processor.py:839} INFO - DAG(s) dict_keys(['backfill_retail_pipeline']) retrieved from /opt/airflow/dags/backfill_retail_pipeline.py
[2026-05-04T05:26:19.554+0000] {logging_mixin.py:151} INFO - [2026-05-04T05:26:19.554+0000] {dag.py:2915} INFO - Sync 1 DAGs
[2026-05-04T05:26:19.561+0000] {logging_mixin.py:151} INFO - [2026-05-04T05:26:19.561+0000] {dag.py:3696} INFO - Setting next_dagrun for backfill_retail_pipeline to None, run_after=None
[2026-05-04T05:26:19.569+0000] {processor.py:179} INFO - Processing /opt/airflow/dags/backfill_retail_pipeline.py took 0.049 seconds
[2026-05-04T05:26:49.686+0000] {processor.py:157} INFO - Started process (PID=5168) to work on /opt/airflow/dags/backfill_retail_pipeline.py
[2026-05-04T05:26:49.687+0000] {processor.py:829} INFO - Processing file /opt/airflow/dags/backfill_retail_pipeline.py for tasks to queue
[2026-05-04T05:26:49.688+0000] {logging_mixin.py:151} INFO - [2026-05-04T05:26:49.687+0000] {dagbag.py:539} INFO - Filling up the DagBag from /opt/airflow/dags/backfill_retail_pipeline.py
[2026-05-04T05:26:49.693+0000] {processor.py:839} INFO - DAG(s) dict_keys(['backfill_retail_pipeline']) retrieved from /opt/airflow/dags/backfill_retail_pipeline.py
[2026-05-04T05:26:49.705+0000] {logging_mixin.py:151} INFO - [2026-05-04T05:26:49.705+0000] {dag.py:2915} INFO - Sync 1 DAGs
[2026-05-04T05:26:49.709+0000] {logging_mixin.py:151} INFO - [2026-05-04T05:26:49.709+0000] {dag.py:3696} INFO - Setting next_dagrun for backfill_retail_pipeline to None, run_after=None
[2026-05-04T05:26:49.715+0000] {processor.py:179} INFO - Processing /opt/airflow/dags/backfill_retail_pipeline.py took 0.030 seconds
[2026-05-04T05:27:19.889+0000] {processor.py:157} INFO - Started process (PID=5183) to work on /opt/airflow/dags/backfill_retail_pipeline.py
[2026-05-04T05:27:19.892+0000] {processor.py:829} INFO - Processing file /opt/airflow/dags/backfill_retail_pipeline.py for tasks to queue
[2026-05-04T05:27:19.892+0000] {logging_mixin.py:151} INFO - [2026-05-04T05:27:19.892+0000] {dagbag.py:539} INFO - Filling up the DagBag from /opt/airflow/dags/backfill_retail_pipeline.py
[2026-05-04T05:27:19.896+0000] {processor.py:839} INFO - DAG(s) dict_keys(['backfill_retail_pipeline']) retrieved from /opt/airflow/dags/backfill_retail_pipeline.py
[2026-05-04T05:27:19.908+0000] {logging_mixin.py:151} INFO - [2026-05-04T05:27:19.908+0000] {dag.py:2915} INFO - Sync 1 DAGs
[2026-05-04T05:27:19.913+0000] {logging_mixin.py:151} INFO - [2026-05-04T05:27:19.913+0000] {dag.py:3696} INFO - Setting next_dagrun for backfill_retail_pipeline to None, run_after=None
[2026-05-04T05:27:19.920+0000] {processor.py:179} INFO - Processing /opt/airflow/dags/backfill_retail_pipeline.py took 0.032 seconds
[2026-05-04T05:27:50.034+0000] {processor.py:157} INFO - Started process (PID=5198) to work on /opt/airflow/dags/backfill_retail_pipeline.py
[2026-05-04T05:27:50.034+0000] {processor.py:829} INFO - Processing file /opt/airflow/dags/backfill_retail_pipeline.py for tasks to queue
[2026-05-04T05:27:50.035+0000] {logging_mixin.py:151} INFO - [2026-05-04T05:27:50.035+0000] {dagbag.py:539} INFO - Filling up the DagBag from /opt/airflow/dags/backfill_retail_pipeline.py
[2026-05-04T05:27:50.040+0000] {processor.py:839} INFO - DAG(s) dict_keys(['backfill_retail_pipeline']) retrieved from /opt/airflow/dags/backfill_retail_pipeline.py
[2026-05-04T05:27:50.056+0000] {logging_mixin.py:151} INFO - [2026-05-04T05:27:50.056+0000] {dag.py:2915} INFO - Sync 1 DAGs
[2026-05-04T05:27:50.063+0000] {logging_mixin.py:151} INFO - [2026-05-04T05:27:50.063+0000] {dag.py:3696} INFO - Setting next_dagrun for backfill_retail_pipeline to None, run_after=None
[2026-05-04T05:27:50.069+0000] {processor.py:179} INFO - Processing /opt/airflow/dags/backfill_retail_pipeline.py took 0.037 seconds
[2026-05-04T05:28:20.203+0000] {processor.py:157} INFO - Started process (PID=5213) to work on /opt/airflow/dags/backfill_retail_pipeline.py
[2026-05-04T05:28:20.206+0000] {processor.py:829} INFO - Processing file /opt/airflow/dags/backfill_retail_pipeline.py for tasks to queue
[2026-05-04T05:28:20.206+0000] {logging_mixin.py:151} INFO - [2026-05-04T05:28:20.206+0000] {dagbag.py:539} INFO - Filling up the DagBag from /opt/airflow/dags/backfill_retail_pipeline.py
[2026-05-04T05:28:20.210+0000] {processor.py:839} INFO - DAG(s) dict_keys(['backfill_retail_pipeline']) retrieved from /opt/airflow/dags/backfill_retail_pipeline.py
[2026-05-04T05:28:20.222+0000] {logging_mixin.py:151} INFO - [2026-05-04T05:28:20.222+0000] {dag.py:2915} INFO - Sync 1 DAGs
[2026-05-04T05:28:20.226+0000] {logging_mixin.py:151} INFO - [2026-05-04T05:28:20.226+0000] {dag.py:3696} INFO - Setting next_dagrun for backfill_retail_pipeline to None, run_after=None
[2026-05-04T05:28:20.230+0000] {processor.py:179} INFO - Processing /opt/airflow/dags/backfill_retail_pipeline.py took 0.029 seconds
[2026-05-04T05:28:50.355+0000] {processor.py:157} INFO - Started process (PID=5228) to work on /opt/airflow/dags/backfill_retail_pipeline.py
[2026-05-04T05:28:50.359+0000] {processor.py:829} INFO - Processing file /opt/airflow/dags/backfill_retail_pipeline.py for tasks to queue
[2026-05-04T05:28:50.359+0000] {logging_mixin.py:151} INFO - [2026-05-04T05:28:50.359+0000] {dagbag.py:539} INFO - Filling up the DagBag from /opt/airflow/dags/backfill_retail_pipeline.py
[2026-05-04T05:28:50.363+0000] {processor.py:839} INFO - DAG(s) dict_keys(['backfill_retail_pipeline']) retrieved from /opt/airflow/dags/backfill_retail_pipeline.py
[2026-05-04T05:28:50.374+0000] {logging_mixin.py:151} INFO - [2026-05-04T05:28:50.374+0000] {dag.py:2915} INFO - Sync 1 DAGs
[2026-05-04T05:28:50.378+0000] {logging_mixin.py:151} INFO - [2026-05-04T05:28:50.378+0000] {dag.py:3696} INFO - Setting next_dagrun for backfill_retail_pipeline to None, run_after=None
[2026-05-04T05:28:50.383+0000] {processor.py:179} INFO - Processing /opt/airflow/dags/backfill_retail_pipeline.py took 0.029 seconds
[2026-05-04T05:29:20.509+0000] {processor.py:157} INFO - Started process (PID=5243) to work on /opt/airflow/dags/backfill_retail_pipeline.py
[2026-05-04T05:29:20.511+0000] {processor.py:829} INFO - Processing file /opt/airflow/dags/backfill_retail_pipeline.py for tasks to queue
[2026-05-04T05:29:20.511+0000] {logging_mixin.py:151} INFO - [2026-05-04T05:29:20.511+0000] {dagbag.py:539} INFO - Filling up the DagBag from /opt/airflow/dags/backfill_retail_pipeline.py
[2026-05-04T05:29:20.521+0000] {processor.py:839} INFO - DAG(s) dict_keys(['backfill_retail_pipeline']) retrieved from /opt/airflow/dags/backfill_retail_pipeline.py
[2026-05-04T05:29:20.547+0000] {logging_mixin.py:151} INFO - [2026-05-04T05:29:20.547+0000] {dag.py:2915} INFO - Sync 1 DAGs
[2026-05-04T05:29:20.559+0000] {logging_mixin.py:151} INFO - [2026-05-04T05:29:20.559+0000] {dag.py:3696} INFO - Setting next_dagrun for backfill_retail_pipeline to None, run_after=None
[2026-05-04T05:29:20.574+0000] {processor.py:179} INFO - Processing /opt/airflow/dags/backfill_retail_pipeline.py took 0.068 seconds
[2026-05-04T05:29:50.733+0000] {processor.py:157} INFO - Started process (PID=5258) to work on /opt/airflow/dags/backfill_retail_pipeline.py
[2026-05-04T05:29:50.736+0000] {processor.py:829} INFO - Processing file /opt/airflow/dags/backfill_retail_pipeline.py for tasks to queue
[2026-05-04T05:29:50.737+0000] {logging_mixin.py:151} INFO - [2026-05-04T05:29:50.737+0000] {dagbag.py:539} INFO - Filling up the DagBag from /opt/airflow/dags/backfill_retail_pipeline.py
[2026-05-04T05:29:50.743+0000] {processor.py:839} INFO - DAG(s) dict_keys(['backfill_retail_pipeline']) retrieved from /opt/airflow/dags/backfill_retail_pipeline.py
[2026-05-04T05:29:50.763+0000] {logging_mixin.py:151} INFO - [2026-05-04T05:29:50.762+0000] {dag.py:2915} INFO - Sync 1 DAGs
[2026-05-04T05:29:50.769+0000] {logging_mixin.py:151} INFO - [2026-05-04T05:29:50.769+0000] {dag.py:3696} INFO - Setting next_dagrun for backfill_retail_pipeline to None, run_after=None
[2026-05-04T05:29:50.777+0000] {processor.py:179} INFO - Processing /opt/airflow/dags/backfill_retail_pipeline.py took 0.046 seconds
[2026-05-04T05:30:20.930+0000] {processor.py:157} INFO - Started process (PID=5273) to work on /opt/airflow/dags/backfill_retail_pipeline.py
[2026-05-04T05:30:20.933+0000] {processor.py:829} INFO - Processing file /opt/airflow/dags/backfill_retail_pipeline.py for tasks to queue
[2026-05-04T05:30:20.933+0000] {logging_mixin.py:151} INFO - [2026-05-04T05:30:20.933+0000] {dagbag.py:539} INFO - Filling up the DagBag from /opt/airflow/dags/backfill_retail_pipeline.py
[2026-05-04T05:30:20.939+0000] {processor.py:839} INFO - DAG(s) dict_keys(['backfill_retail_pipeline']) retrieved from /opt/airflow/dags/backfill_retail_pipeline.py
[2026-05-04T05:30:20.952+0000] {logging_mixin.py:151} INFO - [2026-05-04T05:30:20.952+0000] {dag.py:2915} INFO - Sync 1 DAGs
[2026-05-04T05:30:20.959+0000] {logging_mixin.py:151} INFO - [2026-05-04T05:30:20.959+0000] {dag.py:3696} INFO - Setting next_dagrun for backfill_retail_pipeline to None, run_after=None
[2026-05-04T05:30:20.966+0000] {processor.py:179} INFO - Processing /opt/airflow/dags/backfill_retail_pipeline.py took 0.037 seconds
[2026-05-04T05:30:51.109+0000] {processor.py:157} INFO - Started process (PID=5288) to work on /opt/airflow/dags/backfill_retail_pipeline.py
[2026-05-04T05:30:51.113+0000] {processor.py:829} INFO - Processing file /opt/airflow/dags/backfill_retail_pipeline.py for tasks to queue
[2026-05-04T05:30:51.114+0000] {logging_mixin.py:151} INFO - [2026-05-04T05:30:51.114+0000] {dagbag.py:539} INFO - Filling up the DagBag from /opt/airflow/dags/backfill_retail_pipeline.py
[2026-05-04T05:30:51.127+0000] {processor.py:839} INFO - DAG(s) dict_keys(['backfill_retail_pipeline']) retrieved from /opt/airflow/dags/backfill_retail_pipeline.py
[2026-05-04T05:30:51.161+0000] {logging_mixin.py:151} INFO - [2026-05-04T05:30:51.160+0000] {dag.py:2915} INFO - Sync 1 DAGs
[2026-05-04T05:30:51.168+0000] {logging_mixin.py:151} INFO - [2026-05-04T05:30:51.167+0000] {dag.py:3696} INFO - Setting next_dagrun for backfill_retail_pipeline to None, run_after=None
[2026-05-04T05:30:51.177+0000] {processor.py:179} INFO - Processing /opt/airflow/dags/backfill_retail_pipeline.py took 0.075 seconds
[2026-05-04T05:31:21.320+0000] {processor.py:157} INFO - Started process (PID=5303) to work on /opt/airflow/dags/backfill_retail_pipeline.py
[2026-05-04T05:31:21.323+0000] {processor.py:829} INFO - Processing file /opt/airflow/dags/backfill_retail_pipeline.py for tasks to queue
[2026-05-04T05:31:21.324+0000] {logging_mixin.py:151} INFO - [2026-05-04T05:31:21.323+0000] {dagbag.py:539} INFO - Filling up the DagBag from /opt/airflow/dags/backfill_retail_pipeline.py
[2026-05-04T05:31:21.336+0000] {processor.py:839} INFO - DAG(s) dict_keys(['backfill_retail_pipeline']) retrieved from /opt/airflow/dags/backfill_retail_pipeline.py
[2026-05-04T05:31:21.365+0000] {logging_mixin.py:151} INFO - [2026-05-04T05:31:21.365+0000] {dag.py:2915} INFO - Sync 1 DAGs
[2026-05-04T05:31:21.372+0000] {logging_mixin.py:151} INFO - [2026-05-04T05:31:21.372+0000] {dag.py:3696} INFO - Setting next_dagrun for backfill_retail_pipeline to None, run_after=None
[2026-05-04T05:31:21.379+0000] {processor.py:179} INFO - Processing /opt/airflow/dags/backfill_retail_pipeline.py took 0.061 seconds
[2026-05-04T05:31:51.490+0000] {processor.py:157} INFO - Started process (PID=5318) to work on /opt/airflow/dags/backfill_retail_pipeline.py
[2026-05-04T05:31:51.493+0000] {processor.py:829} INFO - Processing file /opt/airflow/dags/backfill_retail_pipeline.py for tasks to queue
[2026-05-04T05:31:51.494+0000] {logging_mixin.py:151} INFO - [2026-05-04T05:31:51.493+0000] {dagbag.py:539} INFO - Filling up the DagBag from /opt/airflow/dags/backfill_retail_pipeline.py
[2026-05-04T05:31:51.501+0000] {processor.py:839} INFO - DAG(s) dict_keys(['backfill_retail_pipeline']) retrieved from /opt/airflow/dags/backfill_retail_pipeline.py
[2026-05-04T05:31:51.521+0000] {logging_mixin.py:151} INFO - [2026-05-04T05:31:51.521+0000] {dag.py:2915} INFO - Sync 1 DAGs
[2026-05-04T05:31:51.528+0000] {logging_mixin.py:151} INFO - [2026-05-04T05:31:51.528+0000] {dag.py:3696} INFO - Setting next_dagrun for backfill_retail_pipeline to None, run_after=None
[2026-05-04T05:31:51.536+0000] {processor.py:179} INFO - Processing /opt/airflow/dags/backfill_retail_pipeline.py took 0.048 seconds
[2026-05-04T05:32:21.661+0000] {processor.py:157} INFO - Started process (PID=5333) to work on /opt/airflow/dags/backfill_retail_pipeline.py
[2026-05-04T05:32:21.662+0000] {processor.py:829} INFO - Processing file /opt/airflow/dags/backfill_retail_pipeline.py for tasks to queue
[2026-05-04T05:32:21.662+0000] {logging_mixin.py:151} INFO - [2026-05-04T05:32:21.662+0000] {dagbag.py:539} INFO - Filling up the DagBag from /opt/airflow/dags/backfill_retail_pipeline.py
[2026-05-04T05:32:21.667+0000] {processor.py:839} INFO - DAG(s) dict_keys(['backfill_retail_pipeline']) retrieved from /opt/airflow/dags/backfill_retail_pipeline.py
[2026-05-04T05:32:21.680+0000] {logging_mixin.py:151} INFO - [2026-05-04T05:32:21.680+0000] {dag.py:2915} INFO - Sync 1 DAGs
[2026-05-04T05:32:21.684+0000] {logging_mixin.py:151} INFO - [2026-05-04T05:32:21.684+0000] {dag.py:3696} INFO - Setting next_dagrun for backfill_retail_pipeline to None, run_after=None
[2026-05-04T05:32:21.689+0000] {processor.py:179} INFO - Processing /opt/airflow/dags/backfill_retail_pipeline.py took 0.030 seconds
[2026-05-04T05:32:51.854+0000] {processor.py:157} INFO - Started process (PID=5348) to work on /opt/airflow/dags/backfill_retail_pipeline.py
[2026-05-04T05:32:51.857+0000] {processor.py:829} INFO - Processing file /opt/airflow/dags/backfill_retail_pipeline.py for tasks to queue
[2026-05-04T05:32:51.858+0000] {logging_mixin.py:151} INFO - [2026-05-04T05:32:51.858+0000] {dagbag.py:539} INFO - Filling up the DagBag from /opt/airflow/dags/backfill_retail_pipeline.py
[2026-05-04T05:32:51.865+0000] {processor.py:839} INFO - DAG(s) dict_keys(['backfill_retail_pipeline']) retrieved from /opt/airflow/dags/backfill_retail_pipeline.py
[2026-05-04T05:32:51.882+0000] {logging_mixin.py:151} INFO - [2026-05-04T05:32:51.882+0000] {dag.py:2915} INFO - Sync 1 DAGs
[2026-05-04T05:32:51.888+0000] {logging_mixin.py:151} INFO - [2026-05-04T05:32:51.887+0000] {dag.py:3696} INFO - Setting next_dagrun for backfill_retail_pipeline to None, run_after=None
[2026-05-04T05:32:51.896+0000] {processor.py:179} INFO - Processing /opt/airflow/dags/backfill_retail_pipeline.py took 0.044 seconds
[2026-05-04T05:33:22.053+0000] {processor.py:157} INFO - Started process (PID=5363) to work on /opt/airflow/dags/backfill_retail_pipeline.py
[2026-05-04T05:33:22.056+0000] {processor.py:829} INFO - Processing file /opt/airflow/dags/backfill_retail_pipeline.py for tasks to queue
[2026-05-04T05:33:22.059+0000] {logging_mixin.py:151} INFO - [2026-05-04T05:33:22.057+0000] {dagbag.py:539} INFO - Filling up the DagBag from /opt/airflow/dags/backfill_retail_pipeline.py
[2026-05-04T05:33:22.076+0000] {processor.py:839} INFO - DAG(s) dict_keys(['backfill_retail_pipeline']) retrieved from /opt/airflow/dags/backfill_retail_pipeline.py
[2026-05-04T05:33:22.113+0000] {logging_mixin.py:151} INFO - [2026-05-04T05:33:22.113+0000] {dag.py:2915} INFO - Sync 1 DAGs
[2026-05-04T05:33:22.124+0000] {logging_mixin.py:151} INFO - [2026-05-04T05:33:22.124+0000] {dag.py:3696} INFO - Setting next_dagrun for backfill_retail_pipeline to None, run_after=None
[2026-05-04T05:33:22.133+0000] {processor.py:179} INFO - Processing /opt/airflow/dags/backfill_retail_pipeline.py took 0.084 seconds
[2026-05-04T05:33:52.267+0000] {processor.py:157} INFO - Started process (PID=5378) to work on /opt/airflow/dags/backfill_retail_pipeline.py
[2026-05-04T05:33:52.271+0000] {processor.py:829} INFO - Processing file /opt/airflow/dags/backfill_retail_pipeline.py for tasks to queue
[2026-05-04T05:33:52.271+0000] {logging_mixin.py:151} INFO - [2026-05-04T05:33:52.271+0000] {dagbag.py:539} INFO - Filling up the DagBag from /opt/airflow/dags/backfill_retail_pipeline.py
[2026-05-04T05:33:52.285+0000] {processor.py:839} INFO - DAG(s) dict_keys(['backfill_retail_pipeline']) retrieved from /opt/airflow/dags/backfill_retail_pipeline.py
[2026-05-04T05:33:52.307+0000] {logging_mixin.py:151} INFO - [2026-05-04T05:33:52.307+0000] {dag.py:2915} INFO - Sync 1 DAGs
[2026-05-04T05:33:52.313+0000] {logging_mixin.py:151} INFO - [2026-05-04T05:33:52.313+0000] {dag.py:3696} INFO - Setting next_dagrun for backfill_retail_pipeline to None, run_after=None
[2026-05-04T05:33:52.323+0000] {processor.py:179} INFO - Processing /opt/airflow/dags/backfill_retail_pipeline.py took 0.059 seconds
[2026-05-04T05:34:22.510+0000] {processor.py:157} INFO - Started process (PID=5393) to work on /opt/airflow/dags/backfill_retail_pipeline.py
[2026-05-04T05:34:22.514+0000] {processor.py:829} INFO - Processing file /opt/airflow/dags/backfill_retail_pipeline.py for tasks to queue
[2026-05-04T05:34:22.515+0000] {logging_mixin.py:151} INFO - [2026-05-04T05:34:22.515+0000] {dagbag.py:539} INFO - Filling up the DagBag from /opt/airflow/dags/backfill_retail_pipeline.py
[2026-05-04T05:34:22.529+0000] {processor.py:839} INFO - DAG(s) dict_keys(['backfill_retail_pipeline']) retrieved from /opt/airflow/dags/backfill_retail_pipeline.py
[2026-05-04T05:34:22.567+0000] {logging_mixin.py:151} INFO - [2026-05-04T05:34:22.567+0000] {dag.py:2915} INFO - Sync 1 DAGs
[2026-05-04T05:34:22.575+0000] {logging_mixin.py:151} INFO - [2026-05-04T05:34:22.575+0000] {dag.py:3696} INFO - Setting next_dagrun for backfill_retail_pipeline to None, run_after=None
[2026-05-04T05:34:22.587+0000] {processor.py:179} INFO - Processing /opt/airflow/dags/backfill_retail_pipeline.py took 0.081 seconds
[2026-05-04T05:34:52.766+0000] {processor.py:157} INFO - Started process (PID=5408) to work on /opt/airflow/dags/backfill_retail_pipeline.py
[2026-05-04T05:34:52.769+0000] {processor.py:829} INFO - Processing file /opt/airflow/dags/backfill_retail_pipeline.py for tasks to queue
[2026-05-04T05:34:52.770+0000] {logging_mixin.py:151} INFO - [2026-05-04T05:34:52.770+0000] {dagbag.py:539} INFO - Filling up the DagBag from /opt/airflow/dags/backfill_retail_pipeline.py
[2026-05-04T05:34:52.777+0000] {processor.py:839} INFO - DAG(s) dict_keys(['backfill_retail_pipeline']) retrieved from /opt/airflow/dags/backfill_retail_pipeline.py
[2026-05-04T05:34:52.791+0000] {logging_mixin.py:151} INFO - [2026-05-04T05:34:52.791+0000] {dag.py:2915} INFO - Sync 1 DAGs
[2026-05-04T05:34:52.797+0000] {logging_mixin.py:151} INFO - [2026-05-04T05:34:52.797+0000] {dag.py:3696} INFO - Setting next_dagrun for backfill_retail_pipeline to None, run_after=None
[2026-05-04T05:34:52.808+0000] {processor.py:179} INFO - Processing /opt/airflow/dags/backfill_retail_pipeline.py took 0.044 seconds
[2026-05-04T05:35:22.931+0000] {processor.py:157} INFO - Started process (PID=5423) to work on /opt/airflow/dags/backfill_retail_pipeline.py
[2026-05-04T05:35:22.932+0000] {processor.py:829} INFO - Processing file /opt/airflow/dags/backfill_retail_pipeline.py for tasks to queue
[2026-05-04T05:35:22.932+0000] {logging_mixin.py:151} INFO - [2026-05-04T05:35:22.932+0000] {dagbag.py:539} INFO - Filling up the DagBag from /opt/airflow/dags/backfill_retail_pipeline.py
[2026-05-04T05:35:22.939+0000] {processor.py:839} INFO - DAG(s) dict_keys(['backfill_retail_pipeline']) retrieved from /opt/airflow/dags/backfill_retail_pipeline.py
[2026-05-04T05:35:22.953+0000] {logging_mixin.py:151} INFO - [2026-05-04T05:35:22.953+0000] {dag.py:2915} INFO - Sync 1 DAGs
[2026-05-04T05:35:22.958+0000] {logging_mixin.py:151} INFO - [2026-05-04T05:35:22.958+0000] {dag.py:3696} INFO - Setting next_dagrun for backfill_retail_pipeline to None, run_after=None
[2026-05-04T05:35:22.965+0000] {processor.py:179} INFO - Processing /opt/airflow/dags/backfill_retail_pipeline.py took 0.035 seconds
[2026-05-04T05:35:53.082+0000] {processor.py:157} INFO - Started process (PID=5438) to work on /opt/airflow/dags/backfill_retail_pipeline.py
[2026-05-04T05:35:53.085+0000] {processor.py:829} INFO - Processing file /opt/airflow/dags/backfill_retail_pipeline.py for tasks to queue
[2026-05-04T05:35:53.085+0000] {logging_mixin.py:151} INFO - [2026-05-04T05:35:53.085+0000] {dagbag.py:539} INFO - Filling up the DagBag from /opt/airflow/dags/backfill_retail_pipeline.py
[2026-05-04T05:35:53.092+0000] {processor.py:839} INFO - DAG(s) dict_keys(['backfill_retail_pipeline']) retrieved from /opt/airflow/dags/backfill_retail_pipeline.py
[2026-05-04T05:35:53.109+0000] {logging_mixin.py:151} INFO - [2026-05-04T05:35:53.109+0000] {dag.py:2915} INFO - Sync 1 DAGs
[2026-05-04T05:35:53.116+0000] {logging_mixin.py:151} INFO - [2026-05-04T05:35:53.116+0000] {dag.py:3696} INFO - Setting next_dagrun for backfill_retail_pipeline to None, run_after=None
[2026-05-04T05:35:53.123+0000] {processor.py:179} INFO - Processing /opt/airflow/dags/backfill_retail_pipeline.py took 0.043 seconds
[2026-05-04T05:36:23.253+0000] {processor.py:157} INFO - Started process (PID=5453) to work on /opt/airflow/dags/backfill_retail_pipeline.py
[2026-05-04T05:36:23.256+0000] {processor.py:829} INFO - Processing file /opt/airflow/dags/backfill_retail_pipeline.py for tasks to queue
[2026-05-04T05:36:23.256+0000] {logging_mixin.py:151} INFO - [2026-05-04T05:36:23.256+0000] {dagbag.py:539} INFO - Filling up the DagBag from /opt/airflow/dags/backfill_retail_pipeline.py
[2026-05-04T05:36:23.261+0000] {processor.py:839} INFO - DAG(s) dict_keys(['backfill_retail_pipeline']) retrieved from /opt/airflow/dags/backfill_retail_pipeline.py
[2026-05-04T05:36:23.275+0000] {logging_mixin.py:151} INFO - [2026-05-04T05:36:23.274+0000] {dag.py:2915} INFO - Sync 1 DAGs
[2026-05-04T05:36:23.279+0000] {logging_mixin.py:151} INFO - [2026-05-04T05:36:23.279+0000] {dag.py:3696} INFO - Setting next_dagrun for backfill_retail_pipeline to None, run_after=None
[2026-05-04T05:36:23.284+0000] {processor.py:179} INFO - Processing /opt/airflow/dags/backfill_retail_pipeline.py took 0.032 seconds
[2026-05-04T05:36:53.406+0000] {processor.py:157} INFO - Started process (PID=5468) to work on /opt/airflow/dags/backfill_retail_pipeline.py
[2026-05-04T05:36:53.409+0000] {processor.py:829} INFO - Processing file /opt/airflow/dags/backfill_retail_pipeline.py for tasks to queue
[2026-05-04T05:36:53.410+0000] {logging_mixin.py:151} INFO - [2026-05-04T05:36:53.410+0000] {dagbag.py:539} INFO - Filling up the DagBag from /opt/airflow/dags/backfill_retail_pipeline.py
[2026-05-04T05:36:53.414+0000] {processor.py:839} INFO - DAG(s) dict_keys(['backfill_retail_pipeline']) retrieved from /opt/airflow/dags/backfill_retail_pipeline.py
[2026-05-04T05:36:53.426+0000] {logging_mixin.py:151} INFO - [2026-05-04T05:36:53.426+0000] {dag.py:2915} INFO - Sync 1 DAGs
[2026-05-04T05:36:53.430+0000] {logging_mixin.py:151} INFO - [2026-05-04T05:36:53.430+0000] {dag.py:3696} INFO - Setting next_dagrun for backfill_retail_pipeline to None, run_after=None
[2026-05-04T05:36:53.436+0000] {processor.py:179} INFO - Processing /opt/airflow/dags/backfill_retail_pipeline.py took 0.031 seconds
[2026-05-04T05:37:23.610+0000] {processor.py:157} INFO - Started process (PID=5483) to work on /opt/airflow/dags/backfill_retail_pipeline.py
[2026-05-04T05:37:23.611+0000] {processor.py:829} INFO - Processing file /opt/airflow/dags/backfill_retail_pipeline.py for tasks to queue
[2026-05-04T05:37:23.611+0000] {logging_mixin.py:151} INFO - [2026-05-04T05:37:23.611+0000] {dagbag.py:539} INFO - Filling up the DagBag from /opt/airflow/dags/backfill_retail_pipeline.py
[2026-05-04T05:37:23.619+0000] {processor.py:839} INFO - DAG(s) dict_keys(['backfill_retail_pipeline']) retrieved from /opt/airflow/dags/backfill_retail_pipeline.py
[2026-05-04T05:37:23.636+0000] {logging_mixin.py:151} INFO - [2026-05-04T05:37:23.636+0000] {dag.py:2915} INFO - Sync 1 DAGs
[2026-05-04T05:37:23.641+0000] {logging_mixin.py:151} INFO - [2026-05-04T05:37:23.641+0000] {dag.py:3696} INFO - Setting next_dagrun for backfill_retail_pipeline to None, run_after=None
[2026-05-04T05:37:23.648+0000] {processor.py:179} INFO - Processing /opt/airflow/dags/backfill_retail_pipeline.py took 0.040 seconds
[2026-05-04T05:37:53.789+0000] {processor.py:157} INFO - Started process (PID=5498) to work on /opt/airflow/dags/backfill_retail_pipeline.py
[2026-05-04T05:37:53.790+0000] {processor.py:829} INFO - Processing file /opt/airflow/dags/backfill_retail_pipeline.py for tasks to queue
[2026-05-04T05:37:53.790+0000] {logging_mixin.py:151} INFO - [2026-05-04T05:37:53.790+0000] {dagbag.py:539} INFO - Filling up the DagBag from /opt/airflow/dags/backfill_retail_pipeline.py
[2026-05-04T05:37:53.795+0000] {processor.py:839} INFO - DAG(s) dict_keys(['backfill_retail_pipeline']) retrieved from /opt/airflow/dags/backfill_retail_pipeline.py
[2026-05-04T05:37:53.807+0000] {logging_mixin.py:151} INFO - [2026-05-04T05:37:53.807+0000] {dag.py:2915} INFO - Sync 1 DAGs
[2026-05-04T05:37:53.811+0000] {logging_mixin.py:151} INFO - [2026-05-04T05:37:53.811+0000] {dag.py:3696} INFO - Setting next_dagrun for backfill_retail_pipeline to None, run_after=None
[2026-05-04T05:37:53.816+0000] {processor.py:179} INFO - Processing /opt/airflow/dags/backfill_retail_pipeline.py took 0.029 seconds
[2026-05-04T05:38:23.927+0000] {processor.py:157} INFO - Started process (PID=5513) to work on /opt/airflow/dags/backfill_retail_pipeline.py
[2026-05-04T05:38:23.928+0000] {processor.py:829} INFO - Processing file /opt/airflow/dags/backfill_retail_pipeline.py for tasks to queue
[2026-05-04T05:38:23.928+0000] {logging_mixin.py:151} INFO - [2026-05-04T05:38:23.928+0000] {dagbag.py:539} INFO - Filling up the DagBag from /opt/airflow/dags/backfill_retail_pipeline.py
[2026-05-04T05:38:23.933+0000] {processor.py:839} INFO - DAG(s) dict_keys(['backfill_retail_pipeline']) retrieved from /opt/airflow/dags/backfill_retail_pipeline.py
[2026-05-04T05:38:23.946+0000] {logging_mixin.py:151} INFO - [2026-05-04T05:38:23.946+0000] {dag.py:2915} INFO - Sync 1 DAGs
[2026-05-04T05:38:23.951+0000] {logging_mixin.py:151} INFO - [2026-05-04T05:38:23.950+0000] {dag.py:3696} INFO - Setting next_dagrun for backfill_retail_pipeline to None, run_after=None
[2026-05-04T05:38:23.956+0000] {processor.py:179} INFO - Processing /opt/airflow/dags/backfill_retail_pipeline.py took 0.030 seconds
[2026-05-04T05:38:54.113+0000] {processor.py:157} INFO - Started process (PID=5528) to work on /opt/airflow/dags/backfill_retail_pipeline.py
[2026-05-04T05:38:54.115+0000] {processor.py:829} INFO - Processing file /opt/airflow/dags/backfill_retail_pipeline.py for tasks to queue
[2026-05-04T05:38:54.115+0000] {logging_mixin.py:151} INFO - [2026-05-04T05:38:54.115+0000] {dagbag.py:539} INFO - Filling up the DagBag from /opt/airflow/dags/backfill_retail_pipeline.py
[2026-05-04T05:38:54.120+0000] {processor.py:839} INFO - DAG(s) dict_keys(['backfill_retail_pipeline']) retrieved from /opt/airflow/dags/backfill_retail_pipeline.py
[2026-05-04T05:38:54.132+0000] {logging_mixin.py:151} INFO - [2026-05-04T05:38:54.132+0000] {dag.py:2915} INFO - Sync 1 DAGs
[2026-05-04T05:38:54.137+0000] {logging_mixin.py:151} INFO - [2026-05-04T05:38:54.136+0000] {dag.py:3696} INFO - Setting next_dagrun for backfill_retail_pipeline to None, run_after=None
[2026-05-04T05:38:54.142+0000] {processor.py:179} INFO - Processing /opt/airflow/dags/backfill_retail_pipeline.py took 0.031 seconds
[2026-05-04T05:39:24.298+0000] {processor.py:157} INFO - Started process (PID=5543) to work on /opt/airflow/dags/backfill_retail_pipeline.py
[2026-05-04T05:39:24.298+0000] {processor.py:829} INFO - Processing file /opt/airflow/dags/backfill_retail_pipeline.py for tasks to queue
[2026-05-04T05:39:24.299+0000] {logging_mixin.py:151} INFO - [2026-05-04T05:39:24.299+0000] {dagbag.py:539} INFO - Filling up the DagBag from /opt/airflow/dags/backfill_retail_pipeline.py
[2026-05-04T05:39:24.305+0000] {processor.py:839} INFO - DAG(s) dict_keys(['backfill_retail_pipeline']) retrieved from /opt/airflow/dags/backfill_retail_pipeline.py
[2026-05-04T05:39:24.318+0000] {logging_mixin.py:151} INFO - [2026-05-04T05:39:24.318+0000] {dag.py:2915} INFO - Sync 1 DAGs
[2026-05-04T05:39:24.323+0000] {logging_mixin.py:151} INFO - [2026-05-04T05:39:24.322+0000] {dag.py:3696} INFO - Setting next_dagrun for backfill_retail_pipeline to None, run_after=None
[2026-05-04T05:39:24.328+0000] {processor.py:179} INFO - Processing /opt/airflow/dags/backfill_retail_pipeline.py took 0.032 seconds
[2026-05-04T05:39:54.485+0000] {processor.py:157} INFO - Started process (PID=5558) to work on /opt/airflow/dags/backfill_retail_pipeline.py
[2026-05-04T05:39:54.486+0000] {processor.py:829} INFO - Processing file /opt/airflow/dags/backfill_retail_pipeline.py for tasks to queue
[2026-05-04T05:39:54.486+0000] {logging_mixin.py:151} INFO - [2026-05-04T05:39:54.486+0000] {dagbag.py:539} INFO - Filling up the DagBag from /opt/airflow/dags/backfill_retail_pipeline.py
[2026-05-04T05:39:54.491+0000] {processor.py:839} INFO - DAG(s) dict_keys(['backfill_retail_pipeline']) retrieved from /opt/airflow/dags/backfill_retail_pipeline.py
[2026-05-04T05:39:54.504+0000] {logging_mixin.py:151} INFO - [2026-05-04T05:39:54.504+0000] {dag.py:2915} INFO - Sync 1 DAGs
[2026-05-04T05:39:54.508+0000] {logging_mixin.py:151} INFO - [2026-05-04T05:39:54.508+0000] {dag.py:3696} INFO - Setting next_dagrun for backfill_retail_pipeline to None, run_after=None
[2026-05-04T05:39:54.513+0000] {processor.py:179} INFO - Processing /opt/airflow/dags/backfill_retail_pipeline.py took 0.029 seconds
[2026-05-04T05:40:24.707+0000] {processor.py:157} INFO - Started process (PID=5573) to work on /opt/airflow/dags/backfill_retail_pipeline.py
[2026-05-04T05:40:24.708+0000] {processor.py:829} INFO - Processing file /opt/airflow/dags/backfill_retail_pipeline.py for tasks to queue
[2026-05-04T05:40:24.708+0000] {logging_mixin.py:151} INFO - [2026-05-04T05:40:24.708+0000] {dagbag.py:539} INFO - Filling up the DagBag from /opt/airflow/dags/backfill_retail_pipeline.py
[2026-05-04T05:40:24.712+0000] {processor.py:839} INFO - DAG(s) dict_keys(['backfill_retail_pipeline']) retrieved from /opt/airflow/dags/backfill_retail_pipeline.py
[2026-05-04T05:40:24.725+0000] {logging_mixin.py:151} INFO - [2026-05-04T05:40:24.725+0000] {dag.py:2915} INFO - Sync 1 DAGs
[2026-05-04T05:40:24.729+0000] {logging_mixin.py:151} INFO - [2026-05-04T05:40:24.729+0000] {dag.py:3696} INFO - Setting next_dagrun for backfill_retail_pipeline to None, run_after=None
[2026-05-04T05:40:24.736+0000] {processor.py:179} INFO - Processing /opt/airflow/dags/backfill_retail_pipeline.py took 0.030 seconds
[2026-05-04T05:40:54.850+0000] {processor.py:157} INFO - Started process (PID=5588) to work on /opt/airflow/dags/backfill_retail_pipeline.py
[2026-05-04T05:40:54.851+0000] {processor.py:829} INFO - Processing file /opt/airflow/dags/backfill_retail_pipeline.py for tasks to queue
[2026-05-04T05:40:54.851+0000] {logging_mixin.py:151} INFO - [2026-05-04T05:40:54.851+0000] {dagbag.py:539} INFO - Filling up the DagBag from /opt/airflow/dags/backfill_retail_pipeline.py
[2026-05-04T05:40:54.855+0000] {processor.py:839} INFO - DAG(s) dict_keys(['backfill_retail_pipeline']) retrieved from /opt/airflow/dags/backfill_retail_pipeline.py
[2026-05-04T05:40:54.867+0000] {logging_mixin.py:151} INFO - [2026-05-04T05:40:54.867+0000] {dag.py:2915} INFO - Sync 1 DAGs
[2026-05-04T05:40:54.871+0000] {logging_mixin.py:151} INFO - [2026-05-04T05:40:54.871+0000] {dag.py:3696} INFO - Setting next_dagrun for backfill_retail_pipeline to None, run_after=None
[2026-05-04T05:40:54.876+0000] {processor.py:179} INFO - Processing /opt/airflow/dags/backfill_retail_pipeline.py took 0.027 seconds
[2026-05-04T05:41:24.975+0000] {processor.py:157} INFO - Started process (PID=5603) to work on /opt/airflow/dags/backfill_retail_pipeline.py
[2026-05-04T05:41:24.975+0000] {processor.py:829} INFO - Processing file /opt/airflow/dags/backfill_retail_pipeline.py for tasks to queue
[2026-05-04T05:41:24.975+0000] {logging_mixin.py:151} INFO - [2026-05-04T05:41:24.975+0000] {dagbag.py:539} INFO - Filling up the DagBag from /opt/airflow/dags/backfill_retail_pipeline.py
[2026-05-04T05:41:24.980+0000] {processor.py:839} INFO - DAG(s) dict_keys(['backfill_retail_pipeline']) retrieved from /opt/airflow/dags/backfill_retail_pipeline.py
[2026-05-04T05:41:24.993+0000] {logging_mixin.py:151} INFO - [2026-05-04T05:41:24.992+0000] {dag.py:2915} INFO - Sync 1 DAGs
[2026-05-04T05:41:24.997+0000] {logging_mixin.py:151} INFO - [2026-05-04T05:41:24.997+0000] {dag.py:3696} INFO - Setting next_dagrun for backfill_retail_pipeline to None, run_after=None
[2026-05-04T05:41:25.002+0000] {processor.py:179} INFO - Processing /opt/airflow/dags/backfill_retail_pipeline.py took 0.029 seconds
[2026-05-04T05:41:55.120+0000] {processor.py:157} INFO - Started process (PID=5618) to work on /opt/airflow/dags/backfill_retail_pipeline.py
[2026-05-04T05:41:55.123+0000] {processor.py:829} INFO - Processing file /opt/airflow/dags/backfill_retail_pipeline.py for tasks to queue
[2026-05-04T05:41:55.123+0000] {logging_mixin.py:151} INFO - [2026-05-04T05:41:55.123+0000] {dagbag.py:539} INFO - Filling up the DagBag from /opt/airflow/dags/backfill_retail_pipeline.py
[2026-05-04T05:41:55.128+0000] {processor.py:839} INFO - DAG(s) dict_keys(['backfill_retail_pipeline']) retrieved from /opt/airflow/dags/backfill_retail_pipeline.py
[2026-05-04T05:41:55.140+0000] {logging_mixin.py:151} INFO - [2026-05-04T05:41:55.140+0000] {dag.py:2915} INFO - Sync 1 DAGs
[2026-05-04T05:41:55.145+0000] {logging_mixin.py:151} INFO - [2026-05-04T05:41:55.145+0000] {dag.py:3696} INFO - Setting next_dagrun for backfill_retail_pipeline to None, run_after=None
[2026-05-04T05:41:55.151+0000] {processor.py:179} INFO - Processing /opt/airflow/dags/backfill_retail_pipeline.py took 0.032 seconds
[2026-05-04T05:42:25.300+0000] {processor.py:157} INFO - Started process (PID=5633) to work on /opt/airflow/dags/backfill_retail_pipeline.py
[2026-05-04T05:42:25.300+0000] {processor.py:829} INFO - Processing file /opt/airflow/dags/backfill_retail_pipeline.py for tasks to queue
[2026-05-04T05:42:25.301+0000] {logging_mixin.py:151} INFO - [2026-05-04T05:42:25.301+0000] {dagbag.py:539} INFO - Filling up the DagBag from /opt/airflow/dags/backfill_retail_pipeline.py
[2026-05-04T05:42:25.307+0000] {processor.py:839} INFO - DAG(s) dict_keys(['backfill_retail_pipeline']) retrieved from /opt/airflow/dags/backfill_retail_pipeline.py
[2026-05-04T05:42:25.321+0000] {logging_mixin.py:151} INFO - [2026-05-04T05:42:25.321+0000] {dag.py:2915} INFO - Sync 1 DAGs
[2026-05-04T05:42:25.327+0000] {logging_mixin.py:151} INFO - [2026-05-04T05:42:25.326+0000] {dag.py:3696} INFO - Setting next_dagrun for backfill_retail_pipeline to None, run_after=None
[2026-05-04T05:42:25.333+0000] {processor.py:179} INFO - Processing /opt/airflow/dags/backfill_retail_pipeline.py took 0.035 seconds
[2026-05-04T05:42:55.508+0000] {processor.py:157} INFO - Started process (PID=5648) to work on /opt/airflow/dags/backfill_retail_pipeline.py
[2026-05-04T05:42:55.509+0000] {processor.py:829} INFO - Processing file /opt/airflow/dags/backfill_retail_pipeline.py for tasks to queue
[2026-05-04T05:42:55.509+0000] {logging_mixin.py:151} INFO - [2026-05-04T05:42:55.509+0000] {dagbag.py:539} INFO - Filling up the DagBag from /opt/airflow/dags/backfill_retail_pipeline.py
[2026-05-04T05:42:55.513+0000] {processor.py:839} INFO - DAG(s) dict_keys(['backfill_retail_pipeline']) retrieved from /opt/airflow/dags/backfill_retail_pipeline.py
[2026-05-04T05:42:55.524+0000] {logging_mixin.py:151} INFO - [2026-05-04T05:42:55.524+0000] {dag.py:2915} INFO - Sync 1 DAGs
[2026-05-04T05:42:55.529+0000] {logging_mixin.py:151} INFO - [2026-05-04T05:42:55.529+0000] {dag.py:3696} INFO - Setting next_dagrun for backfill_retail_pipeline to None, run_after=None
[2026-05-04T05:42:55.534+0000] {processor.py:179} INFO - Processing /opt/airflow/dags/backfill_retail_pipeline.py took 0.027 seconds
[2026-05-04T05:43:25.683+0000] {processor.py:157} INFO - Started process (PID=5663) to work on /opt/airflow/dags/backfill_retail_pipeline.py
[2026-05-04T05:43:25.683+0000] {processor.py:829} INFO - Processing file /opt/airflow/dags/backfill_retail_pipeline.py for tasks to queue
[2026-05-04T05:43:25.684+0000] {logging_mixin.py:151} INFO - [2026-05-04T05:43:25.683+0000] {dagbag.py:539} INFO - Filling up the DagBag from /opt/airflow/dags/backfill_retail_pipeline.py
[2026-05-04T05:43:25.690+0000] {processor.py:839} INFO - DAG(s) dict_keys(['backfill_retail_pipeline']) retrieved from /opt/airflow/dags/backfill_retail_pipeline.py
[2026-05-04T05:43:25.704+0000] {logging_mixin.py:151} INFO - [2026-05-04T05:43:25.704+0000] {dag.py:2915} INFO - Sync 1 DAGs
[2026-05-04T05:43:25.708+0000] {logging_mixin.py:151} INFO - [2026-05-04T05:43:25.708+0000] {dag.py:3696} INFO - Setting next_dagrun for backfill_retail_pipeline to None, run_after=None
[2026-05-04T05:43:25.713+0000] {processor.py:179} INFO - Processing /opt/airflow/dags/backfill_retail_pipeline.py took 0.032 seconds
[2026-05-04T05:43:55.859+0000] {processor.py:157} INFO - Started process (PID=5678) to work on /opt/airflow/dags/backfill_retail_pipeline.py
[2026-05-04T05:43:55.860+0000] {processor.py:829} INFO - Processing file /opt/airflow/dags/backfill_retail_pipeline.py for tasks to queue
[2026-05-04T05:43:55.860+0000] {logging_mixin.py:151} INFO - [2026-05-04T05:43:55.860+0000] {dagbag.py:539} INFO - Filling up the DagBag from /opt/airflow/dags/backfill_retail_pipeline.py
[2026-05-04T05:43:55.865+0000] {processor.py:839} INFO - DAG(s) dict_keys(['backfill_retail_pipeline']) retrieved from /opt/airflow/dags/backfill_retail_pipeline.py
[2026-05-04T05:43:55.877+0000] {logging_mixin.py:151} INFO - [2026-05-04T05:43:55.877+0000] {dag.py:2915} INFO - Sync 1 DAGs
[2026-05-04T05:43:55.882+0000] {logging_mixin.py:151} INFO - [2026-05-04T05:43:55.882+0000] {dag.py:3696} INFO - Setting next_dagrun for backfill_retail_pipeline to None, run_after=None
[2026-05-04T05:43:55.888+0000] {processor.py:179} INFO - Processing /opt/airflow/dags/backfill_retail_pipeline.py took 0.031 seconds
[2026-05-04T05:44:26.036+0000] {processor.py:157} INFO - Started process (PID=5693) to work on /opt/airflow/dags/backfill_retail_pipeline.py
[2026-05-04T05:44:26.036+0000] {processor.py:829} INFO - Processing file /opt/airflow/dags/backfill_retail_pipeline.py for tasks to queue
[2026-05-04T05:44:26.037+0000] {logging_mixin.py:151} INFO - [2026-05-04T05:44:26.037+0000] {dagbag.py:539} INFO - Filling up the DagBag from /opt/airflow/dags/backfill_retail_pipeline.py
[2026-05-04T05:44:26.044+0000] {processor.py:839} INFO - DAG(s) dict_keys(['backfill_retail_pipeline']) retrieved from /opt/airflow/dags/backfill_retail_pipeline.py
[2026-05-04T05:44:26.062+0000] {logging_mixin.py:151} INFO - [2026-05-04T05:44:26.062+0000] {dag.py:2915} INFO - Sync 1 DAGs
[2026-05-04T05:44:26.068+0000] {logging_mixin.py:151} INFO - [2026-05-04T05:44:26.068+0000] {dag.py:3696} INFO - Setting next_dagrun for backfill_retail_pipeline to None, run_after=None
[2026-05-04T05:44:26.075+0000] {processor.py:179} INFO - Processing /opt/airflow/dags/backfill_retail_pipeline.py took 0.041 seconds
[2026-05-04T05:44:56.235+0000] {processor.py:157} INFO - Started process (PID=5708) to work on /opt/airflow/dags/backfill_retail_pipeline.py
[2026-05-04T05:44:56.237+0000] {processor.py:829} INFO - Processing file /opt/airflow/dags/backfill_retail_pipeline.py for tasks to queue
[2026-05-04T05:44:56.238+0000] {logging_mixin.py:151} INFO - [2026-05-04T05:44:56.238+0000] {dagbag.py:539} INFO - Filling up the DagBag from /opt/airflow/dags/backfill_retail_pipeline.py
[2026-05-04T05:44:56.250+0000] {processor.py:839} INFO - DAG(s) dict_keys(['backfill_retail_pipeline']) retrieved from /opt/airflow/dags/backfill_retail_pipeline.py
[2026-05-04T05:44:56.267+0000] {logging_mixin.py:151} INFO - [2026-05-04T05:44:56.267+0000] {dag.py:2915} INFO - Sync 1 DAGs
[2026-05-04T05:44:56.272+0000] {logging_mixin.py:151} INFO - [2026-05-04T05:44:56.272+0000] {dag.py:3696} INFO - Setting next_dagrun for backfill_retail_pipeline to None, run_after=None
[2026-05-04T05:44:56.278+0000] {processor.py:179} INFO - Processing /opt/airflow/dags/backfill_retail_pipeline.py took 0.045 seconds
[2026-05-04T05:45:26.446+0000] {processor.py:157} INFO - Started process (PID=5723) to work on /opt/airflow/dags/backfill_retail_pipeline.py
[2026-05-04T05:45:26.447+0000] {processor.py:829} INFO - Processing file /opt/airflow/dags/backfill_retail_pipeline.py for tasks to queue
[2026-05-04T05:45:26.448+0000] {logging_mixin.py:151} INFO - [2026-05-04T05:45:26.447+0000] {dagbag.py:539} INFO - Filling up the DagBag from /opt/airflow/dags/backfill_retail_pipeline.py
[2026-05-04T05:45:26.455+0000] {processor.py:839} INFO - DAG(s) dict_keys(['backfill_retail_pipeline']) retrieved from /opt/airflow/dags/backfill_retail_pipeline.py
[2026-05-04T05:45:26.473+0000] {logging_mixin.py:151} INFO - [2026-05-04T05:45:26.473+0000] {dag.py:2915} INFO - Sync 1 DAGs
[2026-05-04T05:45:26.480+0000] {logging_mixin.py:151} INFO - [2026-05-04T05:45:26.480+0000] {dag.py:3696} INFO - Setting next_dagrun for backfill_retail_pipeline to None, run_after=None
[2026-05-04T05:45:26.487+0000] {processor.py:179} INFO - Processing /opt/airflow/dags/backfill_retail_pipeline.py took 0.043 seconds
[2026-05-04T05:45:56.643+0000] {processor.py:157} INFO - Started process (PID=5738) to work on /opt/airflow/dags/backfill_retail_pipeline.py
[2026-05-04T05:45:56.644+0000] {processor.py:829} INFO - Processing file /opt/airflow/dags/backfill_retail_pipeline.py for tasks to queue
[2026-05-04T05:45:56.644+0000] {logging_mixin.py:151} INFO - [2026-05-04T05:45:56.644+0000] {dagbag.py:539} INFO - Filling up the DagBag from /opt/airflow/dags/backfill_retail_pipeline.py
[2026-05-04T05:45:56.651+0000] {processor.py:839} INFO - DAG(s) dict_keys(['backfill_retail_pipeline']) retrieved from /opt/airflow/dags/backfill_retail_pipeline.py
[2026-05-04T05:45:56.664+0000] {logging_mixin.py:151} INFO - [2026-05-04T05:45:56.664+0000] {dag.py:2915} INFO - Sync 1 DAGs
[2026-05-04T05:45:56.668+0000] {logging_mixin.py:151} INFO - [2026-05-04T05:45:56.668+0000] {dag.py:3696} INFO - Setting next_dagrun for backfill_retail_pipeline to None, run_after=None
[2026-05-04T05:45:56.674+0000] {processor.py:179} INFO - Processing /opt/airflow/dags/backfill_retail_pipeline.py took 0.032 seconds
[2026-05-04T05:46:26.816+0000] {processor.py:157} INFO - Started process (PID=5753) to work on /opt/airflow/dags/backfill_retail_pipeline.py
[2026-05-04T05:46:26.820+0000] {processor.py:829} INFO - Processing file /opt/airflow/dags/backfill_retail_pipeline.py for tasks to queue
[2026-05-04T05:46:26.820+0000] {logging_mixin.py:151} INFO - [2026-05-04T05:46:26.820+0000] {dagbag.py:539} INFO - Filling up the DagBag from /opt/airflow/dags/backfill_retail_pipeline.py
[2026-05-04T05:46:26.832+0000] {processor.py:839} INFO - DAG(s) dict_keys(['backfill_retail_pipeline']) retrieved from /opt/airflow/dags/backfill_retail_pipeline.py
[2026-05-04T05:46:26.856+0000] {logging_mixin.py:151} INFO - [2026-05-04T05:46:26.856+0000] {dag.py:2915} INFO - Sync 1 DAGs
[2026-05-04T05:46:26.863+0000] {logging_mixin.py:151} INFO - [2026-05-04T05:46:26.863+0000] {dag.py:3696} INFO - Setting next_dagrun for backfill_retail_pipeline to None, run_after=None
[2026-05-04T05:46:26.871+0000] {processor.py:179} INFO - Processing /opt/airflow/dags/backfill_retail_pipeline.py took 0.059 seconds
[2026-05-04T05:46:57.038+0000] {processor.py:157} INFO - Started process (PID=5768) to work on /opt/airflow/dags/backfill_retail_pipeline.py
[2026-05-04T05:46:57.041+0000] {processor.py:829} INFO - Processing file /opt/airflow/dags/backfill_retail_pipeline.py for tasks to queue
[2026-05-04T05:46:57.041+0000] {logging_mixin.py:151} INFO - [2026-05-04T05:46:57.041+0000] {dagbag.py:539} INFO - Filling up the DagBag from /opt/airflow/dags/backfill_retail_pipeline.py
[2026-05-04T05:46:57.053+0000] {processor.py:839} INFO - DAG(s) dict_keys(['backfill_retail_pipeline']) retrieved from /opt/airflow/dags/backfill_retail_pipeline.py
[2026-05-04T05:46:57.078+0000] {logging_mixin.py:151} INFO - [2026-05-04T05:46:57.078+0000] {dag.py:2915} INFO - Sync 1 DAGs
[2026-05-04T05:46:57.087+0000] {logging_mixin.py:151} INFO - [2026-05-04T05:46:57.087+0000] {dag.py:3696} INFO - Setting next_dagrun for backfill_retail_pipeline to None, run_after=None
[2026-05-04T05:46:57.095+0000] {processor.py:179} INFO - Processing /opt/airflow/dags/backfill_retail_pipeline.py took 0.060 seconds
[2026-05-04T05:47:27.207+0000] {processor.py:157} INFO - Started process (PID=5783) to work on /opt/airflow/dags/backfill_retail_pipeline.py
[2026-05-04T05:47:27.210+0000] {processor.py:829} INFO - Processing file /opt/airflow/dags/backfill_retail_pipeline.py for tasks to queue
[2026-05-04T05:47:27.211+0000] {logging_mixin.py:151} INFO - [2026-05-04T05:47:27.210+0000] {dagbag.py:539} INFO - Filling up the DagBag from /opt/airflow/dags/backfill_retail_pipeline.py
[2026-05-04T05:47:27.221+0000] {processor.py:839} INFO - DAG(s) dict_keys(['backfill_retail_pipeline']) retrieved from /opt/airflow/dags/backfill_retail_pipeline.py
[2026-05-04T05:47:27.251+0000] {logging_mixin.py:151} INFO - [2026-05-04T05:47:27.251+0000] {dag.py:2915} INFO - Sync 1 DAGs
[2026-05-04T05:47:27.258+0000] {logging_mixin.py:151} INFO - [2026-05-04T05:47:27.258+0000] {dag.py:3696} INFO - Setting next_dagrun for backfill_retail_pipeline to None, run_after=None
[2026-05-04T05:47:27.266+0000] {processor.py:179} INFO - Processing /opt/airflow/dags/backfill_retail_pipeline.py took 0.061 seconds
[2026-05-04T05:47:57.431+0000] {processor.py:157} INFO - Started process (PID=5798) to work on /opt/airflow/dags/backfill_retail_pipeline.py
[2026-05-04T05:47:57.434+0000] {processor.py:829} INFO - Processing file /opt/airflow/dags/backfill_retail_pipeline.py for tasks to queue
[2026-05-04T05:47:57.435+0000] {logging_mixin.py:151} INFO - [2026-05-04T05:47:57.434+0000] {dagbag.py:539} INFO - Filling up the DagBag from /opt/airflow/dags/backfill_retail_pipeline.py
[2026-05-04T05:47:57.444+0000] {processor.py:839} INFO - DAG(s) dict_keys(['backfill_retail_pipeline']) retrieved from /opt/airflow/dags/backfill_retail_pipeline.py
[2026-05-04T05:47:57.464+0000] {logging_mixin.py:151} INFO - [2026-05-04T05:47:57.464+0000] {dag.py:2915} INFO - Sync 1 DAGs
[2026-05-04T05:47:57.475+0000] {logging_mixin.py:151} INFO - [2026-05-04T05:47:57.475+0000] {dag.py:3696} INFO - Setting next_dagrun for backfill_retail_pipeline to None, run_after=None
[2026-05-04T05:47:57.482+0000] {processor.py:179} INFO - Processing /opt/airflow/dags/backfill_retail_pipeline.py took 0.057 seconds
[2026-05-04T05:48:27.624+0000] {processor.py:157} INFO - Started process (PID=5813) to work on /opt/airflow/dags/backfill_retail_pipeline.py
[2026-05-04T05:48:27.625+0000] {processor.py:829} INFO - Processing file /opt/airflow/dags/backfill_retail_pipeline.py for tasks to queue
[2026-05-04T05:48:27.626+0000] {logging_mixin.py:151} INFO - [2026-05-04T05:48:27.626+0000] {dagbag.py:539} INFO - Filling up the DagBag from /opt/airflow/dags/backfill_retail_pipeline.py
[2026-05-04T05:48:27.639+0000] {processor.py:839} INFO - DAG(s) dict_keys(['backfill_retail_pipeline']) retrieved from /opt/airflow/dags/backfill_retail_pipeline.py
[2026-05-04T05:48:27.669+0000] {logging_mixin.py:151} INFO - [2026-05-04T05:48:27.669+0000] {dag.py:2915} INFO - Sync 1 DAGs
[2026-05-04T05:48:27.674+0000] {logging_mixin.py:151} INFO - [2026-05-04T05:48:27.674+0000] {dag.py:3696} INFO - Setting next_dagrun for backfill_retail_pipeline to None, run_after=None
[2026-05-04T05:48:27.681+0000] {processor.py:179} INFO - Processing /opt/airflow/dags/backfill_retail_pipeline.py took 0.060 seconds
[2026-05-04T05:48:57.845+0000] {processor.py:157} INFO - Started process (PID=5828) to work on /opt/airflow/dags/backfill_retail_pipeline.py
[2026-05-04T05:48:57.847+0000] {processor.py:829} INFO - Processing file /opt/airflow/dags/backfill_retail_pipeline.py for tasks to queue
[2026-05-04T05:48:57.848+0000] {logging_mixin.py:151} INFO - [2026-05-04T05:48:57.848+0000] {dagbag.py:539} INFO - Filling up the DagBag from /opt/airflow/dags/backfill_retail_pipeline.py
[2026-05-04T05:48:57.852+0000] {processor.py:839} INFO - DAG(s) dict_keys(['backfill_retail_pipeline']) retrieved from /opt/airflow/dags/backfill_retail_pipeline.py
[2026-05-04T05:48:57.863+0000] {logging_mixin.py:151} INFO - [2026-05-04T05:48:57.863+0000] {dag.py:2915} INFO - Sync 1 DAGs
[2026-05-04T05:48:57.866+0000] {logging_mixin.py:151} INFO - [2026-05-04T05:48:57.866+0000] {dag.py:3696} INFO - Setting next_dagrun for backfill_retail_pipeline to None, run_after=None
[2026-05-04T05:48:57.871+0000] {processor.py:179} INFO - Processing /opt/airflow/dags/backfill_retail_pipeline.py took 0.028 seconds
[2026-05-04T05:49:27.984+0000] {processor.py:157} INFO - Started process (PID=5843) to work on /opt/airflow/dags/backfill_retail_pipeline.py
[2026-05-04T05:49:27.987+0000] {processor.py:829} INFO - Processing file /opt/airflow/dags/backfill_retail_pipeline.py for tasks to queue
[2026-05-04T05:49:27.988+0000] {logging_mixin.py:151} INFO - [2026-05-04T05:49:27.988+0000] {dagbag.py:539} INFO - Filling up the DagBag from /opt/airflow/dags/backfill_retail_pipeline.py
[2026-05-04T05:49:27.998+0000] {processor.py:839} INFO - DAG(s) dict_keys(['backfill_retail_pipeline']) retrieved from /opt/airflow/dags/backfill_retail_pipeline.py
[2026-05-04T05:49:28.019+0000] {logging_mixin.py:151} INFO - [2026-05-04T05:49:28.019+0000] {dag.py:2915} INFO - Sync 1 DAGs
[2026-05-04T05:49:28.025+0000] {logging_mixin.py:151} INFO - [2026-05-04T05:49:28.025+0000] {dag.py:3696} INFO - Setting next_dagrun for backfill_retail_pipeline to None, run_after=None
[2026-05-04T05:49:28.036+0000] {processor.py:179} INFO - Processing /opt/airflow/dags/backfill_retail_pipeline.py took 0.054 seconds
[2026-05-04T05:49:58.193+0000] {processor.py:157} INFO - Started process (PID=5858) to work on /opt/airflow/dags/backfill_retail_pipeline.py
[2026-05-04T05:49:58.195+0000] {processor.py:829} INFO - Processing file /opt/airflow/dags/backfill_retail_pipeline.py for tasks to queue
[2026-05-04T05:49:58.195+0000] {logging_mixin.py:151} INFO - [2026-05-04T05:49:58.195+0000] {dagbag.py:539} INFO - Filling up the DagBag from /opt/airflow/dags/backfill_retail_pipeline.py
[2026-05-04T05:49:58.200+0000] {processor.py:839} INFO - DAG(s) dict_keys(['backfill_retail_pipeline']) retrieved from /opt/airflow/dags/backfill_retail_pipeline.py
[2026-05-04T05:49:58.212+0000] {logging_mixin.py:151} INFO - [2026-05-04T05:49:58.212+0000] {dag.py:2915} INFO - Sync 1 DAGs
[2026-05-04T05:49:58.216+0000] {logging_mixin.py:151} INFO - [2026-05-04T05:49:58.216+0000] {dag.py:3696} INFO - Setting next_dagrun for backfill_retail_pipeline to None, run_after=None
[2026-05-04T05:49:58.221+0000] {processor.py:179} INFO - Processing /opt/airflow/dags/backfill_retail_pipeline.py took 0.030 seconds
[2026-05-04T05:50:28.361+0000] {processor.py:157} INFO - Started process (PID=5873) to work on /opt/airflow/dags/backfill_retail_pipeline.py
[2026-05-04T05:50:28.362+0000] {processor.py:829} INFO - Processing file /opt/airflow/dags/backfill_retail_pipeline.py for tasks to queue
[2026-05-04T05:50:28.362+0000] {logging_mixin.py:151} INFO - [2026-05-04T05:50:28.362+0000] {dagbag.py:539} INFO - Filling up the DagBag from /opt/airflow/dags/backfill_retail_pipeline.py
[2026-05-04T05:50:28.378+0000] {processor.py:839} INFO - DAG(s) dict_keys(['backfill_retail_pipeline']) retrieved from /opt/airflow/dags/backfill_retail_pipeline.py
[2026-05-04T05:50:28.402+0000] {logging_mixin.py:151} INFO - [2026-05-04T05:50:28.402+0000] {dag.py:2915} INFO - Sync 1 DAGs
[2026-05-04T05:50:28.408+0000] {logging_mixin.py:151} INFO - [2026-05-04T05:50:28.408+0000] {dag.py:3696} INFO - Setting next_dagrun for backfill_retail_pipeline to None, run_after=None
[2026-05-04T05:50:28.415+0000] {processor.py:179} INFO - Processing /opt/airflow/dags/backfill_retail_pipeline.py took 0.056 seconds
[2026-05-04T05:50:58.581+0000] {processor.py:157} INFO - Started process (PID=5888) to work on /opt/airflow/dags/backfill_retail_pipeline.py
[2026-05-04T05:50:58.584+0000] {processor.py:829} INFO - Processing file /opt/airflow/dags/backfill_retail_pipeline.py for tasks to queue
[2026-05-04T05:50:58.584+0000] {logging_mixin.py:151} INFO - [2026-05-04T05:50:58.584+0000] {dagbag.py:539} INFO - Filling up the DagBag from /opt/airflow/dags/backfill_retail_pipeline.py
[2026-05-04T05:50:58.593+0000] {processor.py:839} INFO - DAG(s) dict_keys(['backfill_retail_pipeline']) retrieved from /opt/airflow/dags/backfill_retail_pipeline.py
[2026-05-04T05:50:58.610+0000] {logging_mixin.py:151} INFO - [2026-05-04T05:50:58.610+0000] {dag.py:2915} INFO - Sync 1 DAGs
[2026-05-04T05:50:58.618+0000] {logging_mixin.py:151} INFO - [2026-05-04T05:50:58.618+0000] {dag.py:3696} INFO - Setting next_dagrun for backfill_retail_pipeline to None, run_after=None
[2026-05-04T05:50:58.627+0000] {processor.py:179} INFO - Processing /opt/airflow/dags/backfill_retail_pipeline.py took 0.049 seconds
[2026-05-04T05:51:28.852+0000] {processor.py:157} INFO - Started process (PID=5903) to work on /opt/airflow/dags/backfill_retail_pipeline.py
[2026-05-04T05:51:28.853+0000] {processor.py:829} INFO - Processing file /opt/airflow/dags/backfill_retail_pipeline.py for tasks to queue
[2026-05-04T05:51:28.854+0000] {logging_mixin.py:151} INFO - [2026-05-04T05:51:28.854+0000] {dagbag.py:539} INFO - Filling up the DagBag from /opt/airflow/dags/backfill_retail_pipeline.py
[2026-05-04T05:51:28.863+0000] {processor.py:839} INFO - DAG(s) dict_keys(['backfill_retail_pipeline']) retrieved from /opt/airflow/dags/backfill_retail_pipeline.py
[2026-05-04T05:51:28.888+0000] {logging_mixin.py:151} INFO - [2026-05-04T05:51:28.887+0000] {dag.py:2915} INFO - Sync 1 DAGs
[2026-05-04T05:51:28.894+0000] {logging_mixin.py:151} INFO - [2026-05-04T05:51:28.894+0000] {dag.py:3696} INFO - Setting next_dagrun for backfill_retail_pipeline to None, run_after=None
[2026-05-04T05:51:28.905+0000] {processor.py:179} INFO - Processing /opt/airflow/dags/backfill_retail_pipeline.py took 0.056 seconds
[2026-05-04T05:51:59.039+0000] {processor.py:157} INFO - Started process (PID=5918) to work on /opt/airflow/dags/backfill_retail_pipeline.py
[2026-05-04T05:51:59.042+0000] {processor.py:829} INFO - Processing file /opt/airflow/dags/backfill_retail_pipeline.py for tasks to queue
[2026-05-04T05:51:59.044+0000] {logging_mixin.py:151} INFO - [2026-05-04T05:51:59.043+0000] {dagbag.py:539} INFO - Filling up the DagBag from /opt/airflow/dags/backfill_retail_pipeline.py
[2026-05-04T05:51:59.053+0000] {processor.py:839} INFO - DAG(s) dict_keys(['backfill_retail_pipeline']) retrieved from /opt/airflow/dags/backfill_retail_pipeline.py
[2026-05-04T05:51:59.079+0000] {logging_mixin.py:151} INFO - [2026-05-04T05:51:59.079+0000] {dag.py:2915} INFO - Sync 1 DAGs
[2026-05-04T05:51:59.087+0000] {logging_mixin.py:151} INFO - [2026-05-04T05:51:59.087+0000] {dag.py:3696} INFO - Setting next_dagrun for backfill_retail_pipeline to None, run_after=None
[2026-05-04T05:51:59.097+0000] {processor.py:179} INFO - Processing /opt/airflow/dags/backfill_retail_pipeline.py took 0.061 seconds
[2026-05-04T05:52:29.214+0000] {processor.py:157} INFO - Started process (PID=5933) to work on /opt/airflow/dags/backfill_retail_pipeline.py
[2026-05-04T05:52:29.217+0000] {processor.py:829} INFO - Processing file /opt/airflow/dags/backfill_retail_pipeline.py for tasks to queue
[2026-05-04T05:52:29.217+0000] {logging_mixin.py:151} INFO - [2026-05-04T05:52:29.217+0000] {dagbag.py:539} INFO - Filling up the DagBag from /opt/airflow/dags/backfill_retail_pipeline.py
[2026-05-04T05:52:29.224+0000] {processor.py:839} INFO - DAG(s) dict_keys(['backfill_retail_pipeline']) retrieved from /opt/airflow/dags/backfill_retail_pipeline.py
[2026-05-04T05:52:29.239+0000] {logging_mixin.py:151} INFO - [2026-05-04T05:52:29.239+0000] {dag.py:2915} INFO - Sync 1 DAGs
[2026-05-04T05:52:29.244+0000] {logging_mixin.py:151} INFO - [2026-05-04T05:52:29.244+0000] {dag.py:3696} INFO - Setting next_dagrun for backfill_retail_pipeline to None, run_after=None
[2026-05-04T05:52:29.251+0000] {processor.py:179} INFO - Processing /opt/airflow/dags/backfill_retail_pipeline.py took 0.038 seconds
[2026-05-04T05:52:59.498+0000] {processor.py:157} INFO - Started process (PID=5948) to work on /opt/airflow/dags/backfill_retail_pipeline.py
[2026-05-04T05:52:59.499+0000] {processor.py:829} INFO - Processing file /opt/airflow/dags/backfill_retail_pipeline.py for tasks to queue
[2026-05-04T05:52:59.499+0000] {logging_mixin.py:151} INFO - [2026-05-04T05:52:59.499+0000] {dagbag.py:539} INFO - Filling up the DagBag from /opt/airflow/dags/backfill_retail_pipeline.py
[2026-05-04T05:52:59.510+0000] {processor.py:839} INFO - DAG(s) dict_keys(['backfill_retail_pipeline']) retrieved from /opt/airflow/dags/backfill_retail_pipeline.py
[2026-05-04T05:52:59.536+0000] {logging_mixin.py:151} INFO - [2026-05-04T05:52:59.535+0000] {dag.py:2915} INFO - Sync 1 DAGs
[2026-05-04T05:52:59.549+0000] {logging_mixin.py:151} INFO - [2026-05-04T05:52:59.549+0000] {dag.py:3696} INFO - Setting next_dagrun for backfill_retail_pipeline to None, run_after=None
[2026-05-04T05:52:59.557+0000] {processor.py:179} INFO - Processing /opt/airflow/dags/backfill_retail_pipeline.py took 0.064 seconds
[2026-05-04T05:53:29.755+0000] {processor.py:157} INFO - Started process (PID=5963) to work on /opt/airflow/dags/backfill_retail_pipeline.py
[2026-05-04T05:53:29.756+0000] {processor.py:829} INFO - Processing file /opt/airflow/dags/backfill_retail_pipeline.py for tasks to queue
[2026-05-04T05:53:29.757+0000] {logging_mixin.py:151} INFO - [2026-05-04T05:53:29.757+0000] {dagbag.py:539} INFO - Filling up the DagBag from /opt/airflow/dags/backfill_retail_pipeline.py
[2026-05-04T05:53:29.784+0000] {processor.py:839} INFO - DAG(s) dict_keys(['backfill_retail_pipeline']) retrieved from /opt/airflow/dags/backfill_retail_pipeline.py
[2026-05-04T05:53:29.832+0000] {logging_mixin.py:151} INFO - [2026-05-04T05:53:29.832+0000] {dag.py:2915} INFO - Sync 1 DAGs
[2026-05-04T05:53:29.842+0000] {logging_mixin.py:151} INFO - [2026-05-04T05:53:29.842+0000] {dag.py:3696} INFO - Setting next_dagrun for backfill_retail_pipeline to None, run_after=None
[2026-05-04T05:53:29.853+0000] {processor.py:179} INFO - Processing /opt/airflow/dags/backfill_retail_pipeline.py took 0.111 seconds
[2026-05-04T05:54:00.044+0000] {processor.py:157} INFO - Started process (PID=5978) to work on /opt/airflow/dags/backfill_retail_pipeline.py
[2026-05-04T05:54:00.046+0000] {processor.py:829} INFO - Processing file /opt/airflow/dags/backfill_retail_pipeline.py for tasks to queue
[2026-05-04T05:54:00.047+0000] {logging_mixin.py:151} INFO - [2026-05-04T05:54:00.047+0000] {dagbag.py:539} INFO - Filling up the DagBag from /opt/airflow/dags/backfill_retail_pipeline.py
[2026-05-04T05:54:00.056+0000] {processor.py:839} INFO - DAG(s) dict_keys(['backfill_retail_pipeline']) retrieved from /opt/airflow/dags/backfill_retail_pipeline.py
[2026-05-04T05:54:00.078+0000] {logging_mixin.py:151} INFO - [2026-05-04T05:54:00.078+0000] {dag.py:2915} INFO - Sync 1 DAGs
[2026-05-04T05:54:00.085+0000] {logging_mixin.py:151} INFO - [2026-05-04T05:54:00.085+0000] {dag.py:3696} INFO - Setting next_dagrun for backfill_retail_pipeline to None, run_after=None
[2026-05-04T05:54:00.094+0000] {processor.py:179} INFO - Processing /opt/airflow/dags/backfill_retail_pipeline.py took 0.055 seconds
[2026-05-04T05:54:30.269+0000] {processor.py:157} INFO - Started process (PID=5993) to work on /opt/airflow/dags/backfill_retail_pipeline.py
[2026-05-04T05:54:30.272+0000] {processor.py:829} INFO - Processing file /opt/airflow/dags/backfill_retail_pipeline.py for tasks to queue
[2026-05-04T05:54:30.272+0000] {logging_mixin.py:151} INFO - [2026-05-04T05:54:30.272+0000] {dagbag.py:539} INFO - Filling up the DagBag from /opt/airflow/dags/backfill_retail_pipeline.py
[2026-05-04T05:54:30.279+0000] {processor.py:839} INFO - DAG(s) dict_keys(['backfill_retail_pipeline']) retrieved from /opt/airflow/dags/backfill_retail_pipeline.py
[2026-05-04T05:54:30.294+0000] {logging_mixin.py:151} INFO - [2026-05-04T05:54:30.294+0000] {dag.py:2915} INFO - Sync 1 DAGs
[2026-05-04T05:54:30.299+0000] {logging_mixin.py:151} INFO - [2026-05-04T05:54:30.299+0000] {dag.py:3696} INFO - Setting next_dagrun for backfill_retail_pipeline to None, run_after=None
[2026-05-04T05:54:30.306+0000] {processor.py:179} INFO - Processing /opt/airflow/dags/backfill_retail_pipeline.py took 0.039 seconds
[2026-05-04T05:55:00.452+0000] {processor.py:157} INFO - Started process (PID=6008) to work on /opt/airflow/dags/backfill_retail_pipeline.py
[2026-05-04T05:55:00.455+0000] {processor.py:829} INFO - Processing file /opt/airflow/dags/backfill_retail_pipeline.py for tasks to queue
[2026-05-04T05:55:00.456+0000] {logging_mixin.py:151} INFO - [2026-05-04T05:55:00.456+0000] {dagbag.py:539} INFO - Filling up the DagBag from /opt/airflow/dags/backfill_retail_pipeline.py
[2026-05-04T05:55:00.465+0000] {processor.py:839} INFO - DAG(s) dict_keys(['backfill_retail_pipeline']) retrieved from /opt/airflow/dags/backfill_retail_pipeline.py
[2026-05-04T05:55:00.483+0000] {logging_mixin.py:151} INFO - [2026-05-04T05:55:00.483+0000] {dag.py:2915} INFO - Sync 1 DAGs
[2026-05-04T05:55:00.489+0000] {logging_mixin.py:151} INFO - [2026-05-04T05:55:00.489+0000] {dag.py:3696} INFO - Setting next_dagrun for backfill_retail_pipeline to None, run_after=None
[2026-05-04T05:55:00.496+0000] {processor.py:179} INFO - Processing /opt/airflow/dags/backfill_retail_pipeline.py took 0.047 seconds
[2026-05-04T05:55:30.608+0000] {processor.py:157} INFO - Started process (PID=6023) to work on /opt/airflow/dags/backfill_retail_pipeline.py
[2026-05-04T05:55:30.612+0000] {processor.py:829} INFO - Processing file /opt/airflow/dags/backfill_retail_pipeline.py for tasks to queue
[2026-05-04T05:55:30.613+0000] {logging_mixin.py:151} INFO - [2026-05-04T05:55:30.613+0000] {dagbag.py:539} INFO - Filling up the DagBag from /opt/airflow/dags/backfill_retail_pipeline.py
[2026-05-04T05:55:30.621+0000] {processor.py:839} INFO - DAG(s) dict_keys(['backfill_retail_pipeline']) retrieved from /opt/airflow/dags/backfill_retail_pipeline.py
[2026-05-04T05:55:30.640+0000] {logging_mixin.py:151} INFO - [2026-05-04T05:55:30.639+0000] {dag.py:2915} INFO - Sync 1 DAGs
[2026-05-04T05:55:30.646+0000] {logging_mixin.py:151} INFO - [2026-05-04T05:55:30.646+0000] {dag.py:3696} INFO - Setting next_dagrun for backfill_retail_pipeline to None, run_after=None
[2026-05-04T05:55:30.654+0000] {processor.py:179} INFO - Processing /opt/airflow/dags/backfill_retail_pipeline.py took 0.049 seconds
[2026-05-04T05:56:01.230+0000] {processor.py:157} INFO - Started process (PID=6038) to work on /opt/airflow/dags/backfill_retail_pipeline.py
[2026-05-04T05:56:01.236+0000] {processor.py:829} INFO - Processing file /opt/airflow/dags/backfill_retail_pipeline.py for tasks to queue
[2026-05-04T05:56:01.239+0000] {logging_mixin.py:151} INFO - [2026-05-04T05:56:01.238+0000] {dagbag.py:539} INFO - Filling up the DagBag from /opt/airflow/dags/backfill_retail_pipeline.py
[2026-05-04T05:56:01.267+0000] {processor.py:839} INFO - DAG(s) dict_keys(['backfill_retail_pipeline']) retrieved from /opt/airflow/dags/backfill_retail_pipeline.py
[2026-05-04T05:56:01.332+0000] {logging_mixin.py:151} INFO - [2026-05-04T05:56:01.332+0000] {dag.py:2915} INFO - Sync 1 DAGs
[2026-05-04T05:56:01.342+0000] {logging_mixin.py:151} INFO - [2026-05-04T05:56:01.342+0000] {dag.py:3696} INFO - Setting next_dagrun for backfill_retail_pipeline to None, run_after=None
[2026-05-04T05:56:01.352+0000] {processor.py:179} INFO - Processing /opt/airflow/dags/backfill_retail_pipeline.py took 0.137 seconds
[2026-05-04T05:56:31.629+0000] {processor.py:157} INFO - Started process (PID=6053) to work on /opt/airflow/dags/backfill_retail_pipeline.py
[2026-05-04T05:56:31.634+0000] {processor.py:829} INFO - Processing file /opt/airflow/dags/backfill_retail_pipeline.py for tasks to queue
[2026-05-04T05:56:31.636+0000] {logging_mixin.py:151} INFO - [2026-05-04T05:56:31.635+0000] {dagbag.py:539} INFO - Filling up the DagBag from /opt/airflow/dags/backfill_retail_pipeline.py
[2026-05-04T05:56:31.648+0000] {processor.py:839} INFO - DAG(s) dict_keys(['backfill_retail_pipeline']) retrieved from /opt/airflow/dags/backfill_retail_pipeline.py
[2026-05-04T05:56:31.671+0000] {logging_mixin.py:151} INFO - [2026-05-04T05:56:31.670+0000] {dag.py:2915} INFO - Sync 1 DAGs
[2026-05-04T05:56:31.677+0000] {logging_mixin.py:151} INFO - [2026-05-04T05:56:31.677+0000] {dag.py:3696} INFO - Setting next_dagrun for backfill_retail_pipeline to None, run_after=None
[2026-05-04T05:56:31.684+0000] {processor.py:179} INFO - Processing /opt/airflow/dags/backfill_retail_pipeline.py took 0.061 seconds
[2026-05-04T05:57:01.961+0000] {processor.py:157} INFO - Started process (PID=6068) to work on /opt/airflow/dags/backfill_retail_pipeline.py
[2026-05-04T05:57:01.962+0000] {processor.py:829} INFO - Processing file /opt/airflow/dags/backfill_retail_pipeline.py for tasks to queue
[2026-05-04T05:57:01.963+0000] {logging_mixin.py:151} INFO - [2026-05-04T05:57:01.962+0000] {dagbag.py:539} INFO - Filling up the DagBag from /opt/airflow/dags/backfill_retail_pipeline.py
[2026-05-04T05:57:01.970+0000] {processor.py:839} INFO - DAG(s) dict_keys(['backfill_retail_pipeline']) retrieved from /opt/airflow/dags/backfill_retail_pipeline.py
[2026-05-04T05:57:01.987+0000] {logging_mixin.py:151} INFO - [2026-05-04T05:57:01.987+0000] {dag.py:2915} INFO - Sync 1 DAGs
[2026-05-04T05:57:01.993+0000] {logging_mixin.py:151} INFO - [2026-05-04T05:57:01.993+0000] {dag.py:3696} INFO - Setting next_dagrun for backfill_retail_pipeline to None, run_after=None
[2026-05-04T05:57:01.999+0000] {processor.py:179} INFO - Processing /opt/airflow/dags/backfill_retail_pipeline.py took 0.042 seconds
[2026-05-04T05:57:32.138+0000] {processor.py:157} INFO - Started process (PID=6083) to work on /opt/airflow/dags/backfill_retail_pipeline.py
[2026-05-04T05:57:32.141+0000] {processor.py:829} INFO - Processing file /opt/airflow/dags/backfill_retail_pipeline.py for tasks to queue
[2026-05-04T05:57:32.142+0000] {logging_mixin.py:151} INFO - [2026-05-04T05:57:32.141+0000] {dagbag.py:539} INFO - Filling up the DagBag from /opt/airflow/dags/backfill_retail_pipeline.py
[2026-05-04T05:57:32.149+0000] {processor.py:839} INFO - DAG(s) dict_keys(['backfill_retail_pipeline']) retrieved from /opt/airflow/dags/backfill_retail_pipeline.py
[2026-05-04T05:57:32.171+0000] {logging_mixin.py:151} INFO - [2026-05-04T05:57:32.171+0000] {dag.py:2915} INFO - Sync 1 DAGs
[2026-05-04T05:57:32.177+0000] {logging_mixin.py:151} INFO - [2026-05-04T05:57:32.177+0000] {dag.py:3696} INFO - Setting next_dagrun for backfill_retail_pipeline to None, run_after=None
[2026-05-04T05:57:32.184+0000] {processor.py:179} INFO - Processing /opt/airflow/dags/backfill_retail_pipeline.py took 0.048 seconds
[2026-05-04T05:58:02.343+0000] {processor.py:157} INFO - Started process (PID=6098) to work on /opt/airflow/dags/backfill_retail_pipeline.py
[2026-05-04T05:58:02.347+0000] {processor.py:829} INFO - Processing file /opt/airflow/dags/backfill_retail_pipeline.py for tasks to queue
[2026-05-04T05:58:02.347+0000] {logging_mixin.py:151} INFO - [2026-05-04T05:58:02.347+0000] {dagbag.py:539} INFO - Filling up the DagBag from /opt/airflow/dags/backfill_retail_pipeline.py
[2026-05-04T05:58:02.352+0000] {processor.py:839} INFO - DAG(s) dict_keys(['backfill_retail_pipeline']) retrieved from /opt/airflow/dags/backfill_retail_pipeline.py
[2026-05-04T05:58:02.367+0000] {logging_mixin.py:151} INFO - [2026-05-04T05:58:02.367+0000] {dag.py:2915} INFO - Sync 1 DAGs
[2026-05-04T05:58:02.371+0000] {logging_mixin.py:151} INFO - [2026-05-04T05:58:02.371+0000] {dag.py:3696} INFO - Setting next_dagrun for backfill_retail_pipeline to None, run_after=None
[2026-05-04T05:58:02.377+0000] {processor.py:179} INFO - Processing /opt/airflow/dags/backfill_retail_pipeline.py took 0.035 seconds
[2026-05-04T05:58:32.542+0000] {processor.py:157} INFO - Started process (PID=6113) to work on /opt/airflow/dags/backfill_retail_pipeline.py
[2026-05-04T05:58:32.544+0000] {processor.py:829} INFO - Processing file /opt/airflow/dags/backfill_retail_pipeline.py for tasks to queue
[2026-05-04T05:58:32.547+0000] {logging_mixin.py:151} INFO - [2026-05-04T05:58:32.547+0000] {dagbag.py:539} INFO - Filling up the DagBag from /opt/airflow/dags/backfill_retail_pipeline.py
[2026-05-04T05:58:32.554+0000] {processor.py:839} INFO - DAG(s) dict_keys(['backfill_retail_pipeline']) retrieved from /opt/airflow/dags/backfill_retail_pipeline.py
[2026-05-04T05:58:32.572+0000] {logging_mixin.py:151} INFO - [2026-05-04T05:58:32.572+0000] {dag.py:2915} INFO - Sync 1 DAGs
[2026-05-04T05:58:32.576+0000] {logging_mixin.py:151} INFO - [2026-05-04T05:58:32.576+0000] {dag.py:3696} INFO - Setting next_dagrun for backfill_retail_pipeline to None, run_after=None
[2026-05-04T05:58:32.582+0000] {processor.py:179} INFO - Processing /opt/airflow/dags/backfill_retail_pipeline.py took 0.042 seconds
[2026-05-04T05:59:02.705+0000] {processor.py:157} INFO - Started process (PID=6128) to work on /opt/airflow/dags/backfill_retail_pipeline.py
[2026-05-04T05:59:02.708+0000] {processor.py:829} INFO - Processing file /opt/airflow/dags/backfill_retail_pipeline.py for tasks to queue
[2026-05-04T05:59:02.708+0000] {logging_mixin.py:151} INFO - [2026-05-04T05:59:02.708+0000] {dagbag.py:539} INFO - Filling up the DagBag from /opt/airflow/dags/backfill_retail_pipeline.py
[2026-05-04T05:59:02.714+0000] {processor.py:839} INFO - DAG(s) dict_keys(['backfill_retail_pipeline']) retrieved from /opt/airflow/dags/backfill_retail_pipeline.py
[2026-05-04T05:59:02.729+0000] {logging_mixin.py:151} INFO - [2026-05-04T05:59:02.729+0000] {dag.py:2915} INFO - Sync 1 DAGs
[2026-05-04T05:59:02.734+0000] {logging_mixin.py:151} INFO - [2026-05-04T05:59:02.734+0000] {dag.py:3696} INFO - Setting next_dagrun for backfill_retail_pipeline to None, run_after=None
[2026-05-04T05:59:02.739+0000] {processor.py:179} INFO - Processing /opt/airflow/dags/backfill_retail_pipeline.py took 0.036 seconds
[2026-05-04T05:59:32.843+0000] {processor.py:157} INFO - Started process (PID=6143) to work on /opt/airflow/dags/backfill_retail_pipeline.py
[2026-05-04T05:59:32.847+0000] {processor.py:829} INFO - Processing file /opt/airflow/dags/backfill_retail_pipeline.py for tasks to queue
[2026-05-04T05:59:32.847+0000] {logging_mixin.py:151} INFO - [2026-05-04T05:59:32.847+0000] {dagbag.py:539} INFO - Filling up the DagBag from /opt/airflow/dags/backfill_retail_pipeline.py
[2026-05-04T05:59:32.853+0000] {processor.py:839} INFO - DAG(s) dict_keys(['backfill_retail_pipeline']) retrieved from /opt/airflow/dags/backfill_retail_pipeline.py
[2026-05-04T05:59:32.866+0000] {logging_mixin.py:151} INFO - [2026-05-04T05:59:32.866+0000] {dag.py:2915} INFO - Sync 1 DAGs
[2026-05-04T05:59:32.871+0000] {logging_mixin.py:151} INFO - [2026-05-04T05:59:32.871+0000] {dag.py:3696} INFO - Setting next_dagrun for backfill_retail_pipeline to None, run_after=None
[2026-05-04T05:59:32.876+0000] {processor.py:179} INFO - Processing /opt/airflow/dags/backfill_retail_pipeline.py took 0.034 seconds
[2026-05-04T06:00:03.093+0000] {processor.py:157} INFO - Started process (PID=6186) to work on /opt/airflow/dags/backfill_retail_pipeline.py
[2026-05-04T06:00:03.094+0000] {processor.py:829} INFO - Processing file /opt/airflow/dags/backfill_retail_pipeline.py for tasks to queue
[2026-05-04T06:00:03.095+0000] {logging_mixin.py:151} INFO - [2026-05-04T06:00:03.095+0000] {dagbag.py:539} INFO - Filling up the DagBag from /opt/airflow/dags/backfill_retail_pipeline.py
[2026-05-04T06:00:03.109+0000] {processor.py:839} INFO - DAG(s) dict_keys(['backfill_retail_pipeline']) retrieved from /opt/airflow/dags/backfill_retail_pipeline.py
[2026-05-04T06:00:03.140+0000] {logging_mixin.py:151} INFO - [2026-05-04T06:00:03.139+0000] {dag.py:2915} INFO - Sync 1 DAGs
[2026-05-04T06:00:03.150+0000] {logging_mixin.py:151} INFO - [2026-05-04T06:00:03.150+0000] {dag.py:3696} INFO - Setting next_dagrun for backfill_retail_pipeline to None, run_after=None
[2026-05-04T06:00:03.160+0000] {processor.py:179} INFO - Processing /opt/airflow/dags/backfill_retail_pipeline.py took 0.072 seconds
[2026-05-04T06:00:33.276+0000] {processor.py:157} INFO - Started process (PID=6257) to work on /opt/airflow/dags/backfill_retail_pipeline.py
[2026-05-04T06:00:33.277+0000] {processor.py:829} INFO - Processing file /opt/airflow/dags/backfill_retail_pipeline.py for tasks to queue
[2026-05-04T06:00:33.278+0000] {logging_mixin.py:151} INFO - [2026-05-04T06:00:33.278+0000] {dagbag.py:539} INFO - Filling up the DagBag from /opt/airflow/dags/backfill_retail_pipeline.py
[2026-05-04T06:00:33.285+0000] {processor.py:839} INFO - DAG(s) dict_keys(['backfill_retail_pipeline']) retrieved from /opt/airflow/dags/backfill_retail_pipeline.py
[2026-05-04T06:00:33.303+0000] {logging_mixin.py:151} INFO - [2026-05-04T06:00:33.303+0000] {dag.py:2915} INFO - Sync 1 DAGs
[2026-05-04T06:00:33.309+0000] {logging_mixin.py:151} INFO - [2026-05-04T06:00:33.309+0000] {dag.py:3696} INFO - Setting next_dagrun for backfill_retail_pipeline to None, run_after=None
[2026-05-04T06:00:33.316+0000] {processor.py:179} INFO - Processing /opt/airflow/dags/backfill_retail_pipeline.py took 0.042 seconds
[2026-05-04T06:01:03.427+0000] {processor.py:157} INFO - Started process (PID=6272) to work on /opt/airflow/dags/backfill_retail_pipeline.py
[2026-05-04T06:01:03.430+0000] {processor.py:829} INFO - Processing file /opt/airflow/dags/backfill_retail_pipeline.py for tasks to queue
[2026-05-04T06:01:03.430+0000] {logging_mixin.py:151} INFO - [2026-05-04T06:01:03.430+0000] {dagbag.py:539} INFO - Filling up the DagBag from /opt/airflow/dags/backfill_retail_pipeline.py
[2026-05-04T06:01:03.436+0000] {processor.py:839} INFO - DAG(s) dict_keys(['backfill_retail_pipeline']) retrieved from /opt/airflow/dags/backfill_retail_pipeline.py
[2026-05-04T06:01:03.449+0000] {logging_mixin.py:151} INFO - [2026-05-04T06:01:03.449+0000] {dag.py:2915} INFO - Sync 1 DAGs
[2026-05-04T06:01:03.453+0000] {logging_mixin.py:151} INFO - [2026-05-04T06:01:03.453+0000] {dag.py:3696} INFO - Setting next_dagrun for backfill_retail_pipeline to None, run_after=None
[2026-05-04T06:01:03.459+0000] {processor.py:179} INFO - Processing /opt/airflow/dags/backfill_retail_pipeline.py took 0.034 seconds
[2026-05-04T06:01:33.606+0000] {processor.py:157} INFO - Started process (PID=6287) to work on /opt/airflow/dags/backfill_retail_pipeline.py
[2026-05-04T06:01:33.607+0000] {processor.py:829} INFO - Processing file /opt/airflow/dags/backfill_retail_pipeline.py for tasks to queue
[2026-05-04T06:01:33.608+0000] {logging_mixin.py:151} INFO - [2026-05-04T06:01:33.607+0000] {dagbag.py:539} INFO - Filling up the DagBag from /opt/airflow/dags/backfill_retail_pipeline.py
[2026-05-04T06:01:33.614+0000] {processor.py:839} INFO - DAG(s) dict_keys(['backfill_retail_pipeline']) retrieved from /opt/airflow/dags/backfill_retail_pipeline.py
[2026-05-04T06:01:33.635+0000] {logging_mixin.py:151} INFO - [2026-05-04T06:01:33.634+0000] {dag.py:2915} INFO - Sync 1 DAGs
[2026-05-04T06:01:33.640+0000] {logging_mixin.py:151} INFO - [2026-05-04T06:01:33.640+0000] {dag.py:3696} INFO - Setting next_dagrun for backfill_retail_pipeline to None, run_after=None
[2026-05-04T06:01:33.646+0000] {processor.py:179} INFO - Processing /opt/airflow/dags/backfill_retail_pipeline.py took 0.042 seconds
[2026-05-04T06:02:03.754+0000] {processor.py:157} INFO - Started process (PID=6302) to work on /opt/airflow/dags/backfill_retail_pipeline.py
[2026-05-04T06:02:03.754+0000] {processor.py:829} INFO - Processing file /opt/airflow/dags/backfill_retail_pipeline.py for tasks to queue
[2026-05-04T06:02:03.755+0000] {logging_mixin.py:151} INFO - [2026-05-04T06:02:03.755+0000] {dagbag.py:539} INFO - Filling up the DagBag from /opt/airflow/dags/backfill_retail_pipeline.py
[2026-05-04T06:02:03.759+0000] {processor.py:839} INFO - DAG(s) dict_keys(['backfill_retail_pipeline']) retrieved from /opt/airflow/dags/backfill_retail_pipeline.py
[2026-05-04T06:02:03.772+0000] {logging_mixin.py:151} INFO - [2026-05-04T06:02:03.772+0000] {dag.py:2915} INFO - Sync 1 DAGs
[2026-05-04T06:02:03.776+0000] {logging_mixin.py:151} INFO - [2026-05-04T06:02:03.776+0000] {dag.py:3696} INFO - Setting next_dagrun for backfill_retail_pipeline to None, run_after=None
[2026-05-04T06:02:03.781+0000] {processor.py:179} INFO - Processing /opt/airflow/dags/backfill_retail_pipeline.py took 0.029 seconds
[2026-05-04T06:02:33.920+0000] {processor.py:157} INFO - Started process (PID=6317) to work on /opt/airflow/dags/backfill_retail_pipeline.py
[2026-05-04T06:02:33.923+0000] {processor.py:829} INFO - Processing file /opt/airflow/dags/backfill_retail_pipeline.py for tasks to queue
[2026-05-04T06:02:33.924+0000] {logging_mixin.py:151} INFO - [2026-05-04T06:02:33.924+0000] {dagbag.py:539} INFO - Filling up the DagBag from /opt/airflow/dags/backfill_retail_pipeline.py
[2026-05-04T06:02:33.938+0000] {processor.py:839} INFO - DAG(s) dict_keys(['backfill_retail_pipeline']) retrieved from /opt/airflow/dags/backfill_retail_pipeline.py
[2026-05-04T06:02:33.956+0000] {logging_mixin.py:151} INFO - [2026-05-04T06:02:33.956+0000] {dag.py:2915} INFO - Sync 1 DAGs
[2026-05-04T06:02:33.962+0000] {logging_mixin.py:151} INFO - [2026-05-04T06:02:33.962+0000] {dag.py:3696} INFO - Setting next_dagrun for backfill_retail_pipeline to None, run_after=None
[2026-05-04T06:02:33.971+0000] {processor.py:179} INFO - Processing /opt/airflow/dags/backfill_retail_pipeline.py took 0.053 seconds
[2026-05-04T06:03:04.106+0000] {processor.py:157} INFO - Started process (PID=6332) to work on /opt/airflow/dags/backfill_retail_pipeline.py
[2026-05-04T06:03:04.109+0000] {processor.py:829} INFO - Processing file /opt/airflow/dags/backfill_retail_pipeline.py for tasks to queue
[2026-05-04T06:03:04.110+0000] {logging_mixin.py:151} INFO - [2026-05-04T06:03:04.109+0000] {dagbag.py:539} INFO - Filling up the DagBag from /opt/airflow/dags/backfill_retail_pipeline.py
[2026-05-04T06:03:04.122+0000] {processor.py:839} INFO - DAG(s) dict_keys(['backfill_retail_pipeline']) retrieved from /opt/airflow/dags/backfill_retail_pipeline.py
[2026-05-04T06:03:04.148+0000] {logging_mixin.py:151} INFO - [2026-05-04T06:03:04.148+0000] {dag.py:2915} INFO - Sync 1 DAGs
[2026-05-04T06:03:04.156+0000] {logging_mixin.py:151} INFO - [2026-05-04T06:03:04.156+0000] {dag.py:3696} INFO - Setting next_dagrun for backfill_retail_pipeline to None, run_after=None
[2026-05-04T06:03:04.163+0000] {processor.py:179} INFO - Processing /opt/airflow/dags/backfill_retail_pipeline.py took 0.059 seconds
[2026-05-04T06:03:34.285+0000] {processor.py:157} INFO - Started process (PID=6347) to work on /opt/airflow/dags/backfill_retail_pipeline.py
[2026-05-04T06:03:34.286+0000] {processor.py:829} INFO - Processing file /opt/airflow/dags/backfill_retail_pipeline.py for tasks to queue
[2026-05-04T06:03:34.286+0000] {logging_mixin.py:151} INFO - [2026-05-04T06:03:34.286+0000] {dagbag.py:539} INFO - Filling up the DagBag from /opt/airflow/dags/backfill_retail_pipeline.py
[2026-05-04T06:03:34.292+0000] {processor.py:839} INFO - DAG(s) dict_keys(['backfill_retail_pipeline']) retrieved from /opt/airflow/dags/backfill_retail_pipeline.py
[2026-05-04T06:03:34.305+0000] {logging_mixin.py:151} INFO - [2026-05-04T06:03:34.305+0000] {dag.py:2915} INFO - Sync 1 DAGs
[2026-05-04T06:03:34.310+0000] {logging_mixin.py:151} INFO - [2026-05-04T06:03:34.310+0000] {dag.py:3696} INFO - Setting next_dagrun for backfill_retail_pipeline to None, run_after=None
[2026-05-04T06:03:34.316+0000] {processor.py:179} INFO - Processing /opt/airflow/dags/backfill_retail_pipeline.py took 0.033 seconds
[2026-05-04T06:04:04.472+0000] {processor.py:157} INFO - Started process (PID=6362) to work on /opt/airflow/dags/backfill_retail_pipeline.py
[2026-05-04T06:04:04.473+0000] {processor.py:829} INFO - Processing file /opt/airflow/dags/backfill_retail_pipeline.py for tasks to queue
[2026-05-04T06:04:04.473+0000] {logging_mixin.py:151} INFO - [2026-05-04T06:04:04.473+0000] {dagbag.py:539} INFO - Filling up the DagBag from /opt/airflow/dags/backfill_retail_pipeline.py
[2026-05-04T06:04:04.478+0000] {processor.py:839} INFO - DAG(s) dict_keys(['backfill_retail_pipeline']) retrieved from /opt/airflow/dags/backfill_retail_pipeline.py
[2026-05-04T06:04:04.492+0000] {logging_mixin.py:151} INFO - [2026-05-04T06:04:04.491+0000] {dag.py:2915} INFO - Sync 1 DAGs
[2026-05-04T06:04:04.496+0000] {logging_mixin.py:151} INFO - [2026-05-04T06:04:04.496+0000] {dag.py:3696} INFO - Setting next_dagrun for backfill_retail_pipeline to None, run_after=None
[2026-05-04T06:04:04.502+0000] {processor.py:179} INFO - Processing /opt/airflow/dags/backfill_retail_pipeline.py took 0.032 seconds
[2026-05-04T06:04:34.632+0000] {processor.py:157} INFO - Started process (PID=6377) to work on /opt/airflow/dags/backfill_retail_pipeline.py
[2026-05-04T06:04:34.632+0000] {processor.py:829} INFO - Processing file /opt/airflow/dags/backfill_retail_pipeline.py for tasks to queue
[2026-05-04T06:04:34.633+0000] {logging_mixin.py:151} INFO - [2026-05-04T06:04:34.633+0000] {dagbag.py:539} INFO - Filling up the DagBag from /opt/airflow/dags/backfill_retail_pipeline.py
[2026-05-04T06:04:34.640+0000] {processor.py:839} INFO - DAG(s) dict_keys(['backfill_retail_pipeline']) retrieved from /opt/airflow/dags/backfill_retail_pipeline.py
[2026-05-04T06:04:34.655+0000] {logging_mixin.py:151} INFO - [2026-05-04T06:04:34.654+0000] {dag.py:2915} INFO - Sync 1 DAGs
[2026-05-04T06:04:34.660+0000] {logging_mixin.py:151} INFO - [2026-05-04T06:04:34.660+0000] {dag.py:3696} INFO - Setting next_dagrun for backfill_retail_pipeline to None, run_after=None
[2026-05-04T06:04:34.666+0000] {processor.py:179} INFO - Processing /opt/airflow/dags/backfill_retail_pipeline.py took 0.036 seconds
[2026-05-04T06:05:04.824+0000] {processor.py:157} INFO - Started process (PID=6392) to work on /opt/airflow/dags/backfill_retail_pipeline.py
[2026-05-04T06:05:04.826+0000] {processor.py:829} INFO - Processing file /opt/airflow/dags/backfill_retail_pipeline.py for tasks to queue
[2026-05-04T06:05:04.827+0000] {logging_mixin.py:151} INFO - [2026-05-04T06:05:04.827+0000] {dagbag.py:539} INFO - Filling up the DagBag from /opt/airflow/dags/backfill_retail_pipeline.py
[2026-05-04T06:05:04.831+0000] {processor.py:839} INFO - DAG(s) dict_keys(['backfill_retail_pipeline']) retrieved from /opt/airflow/dags/backfill_retail_pipeline.py
[2026-05-04T06:05:04.843+0000] {logging_mixin.py:151} INFO - [2026-05-04T06:05:04.843+0000] {dag.py:2915} INFO - Sync 1 DAGs
[2026-05-04T06:05:04.847+0000] {logging_mixin.py:151} INFO - [2026-05-04T06:05:04.846+0000] {dag.py:3696} INFO - Setting next_dagrun for backfill_retail_pipeline to None, run_after=None
[2026-05-04T06:05:04.852+0000] {processor.py:179} INFO - Processing /opt/airflow/dags/backfill_retail_pipeline.py took 0.029 seconds
[2026-05-04T06:05:35.008+0000] {processor.py:157} INFO - Started process (PID=6407) to work on /opt/airflow/dags/backfill_retail_pipeline.py
[2026-05-04T06:05:35.009+0000] {processor.py:829} INFO - Processing file /opt/airflow/dags/backfill_retail_pipeline.py for tasks to queue
[2026-05-04T06:05:35.010+0000] {logging_mixin.py:151} INFO - [2026-05-04T06:05:35.009+0000] {dagbag.py:539} INFO - Filling up the DagBag from /opt/airflow/dags/backfill_retail_pipeline.py
[2026-05-04T06:05:35.015+0000] {processor.py:839} INFO - DAG(s) dict_keys(['backfill_retail_pipeline']) retrieved from /opt/airflow/dags/backfill_retail_pipeline.py
[2026-05-04T06:05:35.029+0000] {logging_mixin.py:151} INFO - [2026-05-04T06:05:35.029+0000] {dag.py:2915} INFO - Sync 1 DAGs
[2026-05-04T06:05:35.034+0000] {logging_mixin.py:151} INFO - [2026-05-04T06:05:35.033+0000] {dag.py:3696} INFO - Setting next_dagrun for backfill_retail_pipeline to None, run_after=None
[2026-05-04T06:05:35.039+0000] {processor.py:179} INFO - Processing /opt/airflow/dags/backfill_retail_pipeline.py took 0.033 seconds
[2026-05-04T06:06:05.182+0000] {processor.py:157} INFO - Started process (PID=6422) to work on /opt/airflow/dags/backfill_retail_pipeline.py
[2026-05-04T06:06:05.187+0000] {processor.py:829} INFO - Processing file /opt/airflow/dags/backfill_retail_pipeline.py for tasks to queue
[2026-05-04T06:06:05.188+0000] {logging_mixin.py:151} INFO - [2026-05-04T06:06:05.187+0000] {dagbag.py:539} INFO - Filling up the DagBag from /opt/airflow/dags/backfill_retail_pipeline.py
[2026-05-04T06:06:05.192+0000] {processor.py:839} INFO - DAG(s) dict_keys(['backfill_retail_pipeline']) retrieved from /opt/airflow/dags/backfill_retail_pipeline.py
[2026-05-04T06:06:05.205+0000] {logging_mixin.py:151} INFO - [2026-05-04T06:06:05.205+0000] {dag.py:2915} INFO - Sync 1 DAGs
[2026-05-04T06:06:05.209+0000] {logging_mixin.py:151} INFO - [2026-05-04T06:06:05.209+0000] {dag.py:3696} INFO - Setting next_dagrun for backfill_retail_pipeline to None, run_after=None
[2026-05-04T06:06:05.214+0000] {processor.py:179} INFO - Processing /opt/airflow/dags/backfill_retail_pipeline.py took 0.034 seconds
[2026-05-04T06:06:35.410+0000] {processor.py:157} INFO - Started process (PID=6437) to work on /opt/airflow/dags/backfill_retail_pipeline.py
[2026-05-04T06:06:35.411+0000] {processor.py:829} INFO - Processing file /opt/airflow/dags/backfill_retail_pipeline.py for tasks to queue
[2026-05-04T06:06:35.411+0000] {logging_mixin.py:151} INFO - [2026-05-04T06:06:35.411+0000] {dagbag.py:539} INFO - Filling up the DagBag from /opt/airflow/dags/backfill_retail_pipeline.py
[2026-05-04T06:06:35.416+0000] {processor.py:839} INFO - DAG(s) dict_keys(['backfill_retail_pipeline']) retrieved from /opt/airflow/dags/backfill_retail_pipeline.py
[2026-05-04T06:06:35.429+0000] {logging_mixin.py:151} INFO - [2026-05-04T06:06:35.429+0000] {dag.py:2915} INFO - Sync 1 DAGs
[2026-05-04T06:06:35.434+0000] {logging_mixin.py:151} INFO - [2026-05-04T06:06:35.434+0000] {dag.py:3696} INFO - Setting next_dagrun for backfill_retail_pipeline to None, run_after=None
[2026-05-04T06:06:35.440+0000] {processor.py:179} INFO - Processing /opt/airflow/dags/backfill_retail_pipeline.py took 0.031 seconds
[2026-05-04T06:07:05.578+0000] {processor.py:157} INFO - Started process (PID=6452) to work on /opt/airflow/dags/backfill_retail_pipeline.py
[2026-05-04T06:07:05.579+0000] {processor.py:829} INFO - Processing file /opt/airflow/dags/backfill_retail_pipeline.py for tasks to queue
[2026-05-04T06:07:05.579+0000] {logging_mixin.py:151} INFO - [2026-05-04T06:07:05.579+0000] {dagbag.py:539} INFO - Filling up the DagBag from /opt/airflow/dags/backfill_retail_pipeline.py
[2026-05-04T06:07:05.584+0000] {processor.py:839} INFO - DAG(s) dict_keys(['backfill_retail_pipeline']) retrieved from /opt/airflow/dags/backfill_retail_pipeline.py
[2026-05-04T06:07:05.598+0000] {logging_mixin.py:151} INFO - [2026-05-04T06:07:05.598+0000] {dag.py:2915} INFO - Sync 1 DAGs
[2026-05-04T06:07:05.604+0000] {logging_mixin.py:151} INFO - [2026-05-04T06:07:05.604+0000] {dag.py:3696} INFO - Setting next_dagrun for backfill_retail_pipeline to None, run_after=None
[2026-05-04T06:07:05.611+0000] {processor.py:179} INFO - Processing /opt/airflow/dags/backfill_retail_pipeline.py took 0.035 seconds
[2026-05-04T06:07:35.767+0000] {processor.py:157} INFO - Started process (PID=6467) to work on /opt/airflow/dags/backfill_retail_pipeline.py
[2026-05-04T06:07:35.768+0000] {processor.py:829} INFO - Processing file /opt/airflow/dags/backfill_retail_pipeline.py for tasks to queue
[2026-05-04T06:07:35.769+0000] {logging_mixin.py:151} INFO - [2026-05-04T06:07:35.768+0000] {dagbag.py:539} INFO - Filling up the DagBag from /opt/airflow/dags/backfill_retail_pipeline.py
[2026-05-04T06:07:35.774+0000] {processor.py:839} INFO - DAG(s) dict_keys(['backfill_retail_pipeline']) retrieved from /opt/airflow/dags/backfill_retail_pipeline.py
[2026-05-04T06:07:35.787+0000] {logging_mixin.py:151} INFO - [2026-05-04T06:07:35.787+0000] {dag.py:2915} INFO - Sync 1 DAGs
[2026-05-04T06:07:35.791+0000] {logging_mixin.py:151} INFO - [2026-05-04T06:07:35.791+0000] {dag.py:3696} INFO - Setting next_dagrun for backfill_retail_pipeline to None, run_after=None
[2026-05-04T06:07:35.797+0000] {processor.py:179} INFO - Processing /opt/airflow/dags/backfill_retail_pipeline.py took 0.031 seconds
[2026-05-04T06:08:05.919+0000] {processor.py:157} INFO - Started process (PID=6482) to work on /opt/airflow/dags/backfill_retail_pipeline.py
[2026-05-04T06:08:05.920+0000] {processor.py:829} INFO - Processing file /opt/airflow/dags/backfill_retail_pipeline.py for tasks to queue
[2026-05-04T06:08:05.920+0000] {logging_mixin.py:151} INFO - [2026-05-04T06:08:05.920+0000] {dagbag.py:539} INFO - Filling up the DagBag from /opt/airflow/dags/backfill_retail_pipeline.py
[2026-05-04T06:08:05.926+0000] {processor.py:839} INFO - DAG(s) dict_keys(['backfill_retail_pipeline']) retrieved from /opt/airflow/dags/backfill_retail_pipeline.py
[2026-05-04T06:08:05.939+0000] {logging_mixin.py:151} INFO - [2026-05-04T06:08:05.939+0000] {dag.py:2915} INFO - Sync 1 DAGs
[2026-05-04T06:08:05.943+0000] {logging_mixin.py:151} INFO - [2026-05-04T06:08:05.943+0000] {dag.py:3696} INFO - Setting next_dagrun for backfill_retail_pipeline to None, run_after=None
[2026-05-04T06:08:05.948+0000] {processor.py:179} INFO - Processing /opt/airflow/dags/backfill_retail_pipeline.py took 0.031 seconds
[2026-05-04T06:08:36.101+0000] {processor.py:157} INFO - Started process (PID=6497) to work on /opt/airflow/dags/backfill_retail_pipeline.py
[2026-05-04T06:08:36.102+0000] {processor.py:829} INFO - Processing file /opt/airflow/dags/backfill_retail_pipeline.py for tasks to queue
[2026-05-04T06:08:36.102+0000] {logging_mixin.py:151} INFO - [2026-05-04T06:08:36.102+0000] {dagbag.py:539} INFO - Filling up the DagBag from /opt/airflow/dags/backfill_retail_pipeline.py
[2026-05-04T06:08:36.111+0000] {processor.py:839} INFO - DAG(s) dict_keys(['backfill_retail_pipeline']) retrieved from /opt/airflow/dags/backfill_retail_pipeline.py
[2026-05-04T06:08:36.141+0000] {logging_mixin.py:151} INFO - [2026-05-04T06:08:36.141+0000] {dag.py:2915} INFO - Sync 1 DAGs
[2026-05-04T06:08:36.147+0000] {logging_mixin.py:151} INFO - [2026-05-04T06:08:36.147+0000] {dag.py:3696} INFO - Setting next_dagrun for backfill_retail_pipeline to None, run_after=None
[2026-05-04T06:08:36.154+0000] {processor.py:179} INFO - Processing /opt/airflow/dags/backfill_retail_pipeline.py took 0.057 seconds
[2026-05-04T06:09:06.380+0000] {processor.py:157} INFO - Started process (PID=6512) to work on /opt/airflow/dags/backfill_retail_pipeline.py
[2026-05-04T06:09:06.382+0000] {processor.py:829} INFO - Processing file /opt/airflow/dags/backfill_retail_pipeline.py for tasks to queue
[2026-05-04T06:09:06.384+0000] {logging_mixin.py:151} INFO - [2026-05-04T06:09:06.383+0000] {dagbag.py:539} INFO - Filling up the DagBag from /opt/airflow/dags/backfill_retail_pipeline.py
[2026-05-04T06:09:06.396+0000] {processor.py:839} INFO - DAG(s) dict_keys(['backfill_retail_pipeline']) retrieved from /opt/airflow/dags/backfill_retail_pipeline.py
[2026-05-04T06:09:06.432+0000] {logging_mixin.py:151} INFO - [2026-05-04T06:09:06.431+0000] {dag.py:2915} INFO - Sync 1 DAGs
[2026-05-04T06:09:06.438+0000] {logging_mixin.py:151} INFO - [2026-05-04T06:09:06.438+0000] {dag.py:3696} INFO - Setting next_dagrun for backfill_retail_pipeline to None, run_after=None
[2026-05-04T06:09:06.445+0000] {processor.py:179} INFO - Processing /opt/airflow/dags/backfill_retail_pipeline.py took 0.074 seconds
[2026-05-04T06:09:36.560+0000] {processor.py:157} INFO - Started process (PID=6527) to work on /opt/airflow/dags/backfill_retail_pipeline.py
[2026-05-04T06:09:36.562+0000] {processor.py:829} INFO - Processing file /opt/airflow/dags/backfill_retail_pipeline.py for tasks to queue
[2026-05-04T06:09:36.562+0000] {logging_mixin.py:151} INFO - [2026-05-04T06:09:36.562+0000] {dagbag.py:539} INFO - Filling up the DagBag from /opt/airflow/dags/backfill_retail_pipeline.py
[2026-05-04T06:09:36.569+0000] {processor.py:839} INFO - DAG(s) dict_keys(['backfill_retail_pipeline']) retrieved from /opt/airflow/dags/backfill_retail_pipeline.py
[2026-05-04T06:09:36.589+0000] {logging_mixin.py:151} INFO - [2026-05-04T06:09:36.589+0000] {dag.py:2915} INFO - Sync 1 DAGs
[2026-05-04T06:09:36.596+0000] {logging_mixin.py:151} INFO - [2026-05-04T06:09:36.595+0000] {dag.py:3696} INFO - Setting next_dagrun for backfill_retail_pipeline to None, run_after=None
[2026-05-04T06:09:36.605+0000] {processor.py:179} INFO - Processing /opt/airflow/dags/backfill_retail_pipeline.py took 0.047 seconds
[2026-05-04T06:10:06.724+0000] {processor.py:157} INFO - Started process (PID=6542) to work on /opt/airflow/dags/backfill_retail_pipeline.py
[2026-05-04T06:10:06.728+0000] {processor.py:829} INFO - Processing file /opt/airflow/dags/backfill_retail_pipeline.py for tasks to queue
[2026-05-04T06:10:06.728+0000] {logging_mixin.py:151} INFO - [2026-05-04T06:10:06.728+0000] {dagbag.py:539} INFO - Filling up the DagBag from /opt/airflow/dags/backfill_retail_pipeline.py
[2026-05-04T06:10:06.734+0000] {processor.py:839} INFO - DAG(s) dict_keys(['backfill_retail_pipeline']) retrieved from /opt/airflow/dags/backfill_retail_pipeline.py
[2026-05-04T06:10:06.749+0000] {logging_mixin.py:151} INFO - [2026-05-04T06:10:06.749+0000] {dag.py:2915} INFO - Sync 1 DAGs
[2026-05-04T06:10:06.754+0000] {logging_mixin.py:151} INFO - [2026-05-04T06:10:06.754+0000] {dag.py:3696} INFO - Setting next_dagrun for backfill_retail_pipeline to None, run_after=None
[2026-05-04T06:10:06.759+0000] {processor.py:179} INFO - Processing /opt/airflow/dags/backfill_retail_pipeline.py took 0.038 seconds
[2026-05-04T06:10:36.917+0000] {processor.py:157} INFO - Started process (PID=6557) to work on /opt/airflow/dags/backfill_retail_pipeline.py
[2026-05-04T06:10:36.918+0000] {processor.py:829} INFO - Processing file /opt/airflow/dags/backfill_retail_pipeline.py for tasks to queue
[2026-05-04T06:10:36.918+0000] {logging_mixin.py:151} INFO - [2026-05-04T06:10:36.918+0000] {dagbag.py:539} INFO - Filling up the DagBag from /opt/airflow/dags/backfill_retail_pipeline.py
[2026-05-04T06:10:36.923+0000] {processor.py:839} INFO - DAG(s) dict_keys(['backfill_retail_pipeline']) retrieved from /opt/airflow/dags/backfill_retail_pipeline.py
[2026-05-04T06:10:36.935+0000] {logging_mixin.py:151} INFO - [2026-05-04T06:10:36.935+0000] {dag.py:2915} INFO - Sync 1 DAGs
[2026-05-04T06:10:36.939+0000] {logging_mixin.py:151} INFO - [2026-05-04T06:10:36.939+0000] {dag.py:3696} INFO - Setting next_dagrun for backfill_retail_pipeline to None, run_after=None
[2026-05-04T06:10:36.944+0000] {processor.py:179} INFO - Processing /opt/airflow/dags/backfill_retail_pipeline.py took 0.029 seconds
[2026-05-04T06:11:07.083+0000] {processor.py:157} INFO - Started process (PID=6572) to work on /opt/airflow/dags/backfill_retail_pipeline.py
[2026-05-04T06:11:07.086+0000] {processor.py:829} INFO - Processing file /opt/airflow/dags/backfill_retail_pipeline.py for tasks to queue
[2026-05-04T06:11:07.087+0000] {logging_mixin.py:151} INFO - [2026-05-04T06:11:07.087+0000] {dagbag.py:539} INFO - Filling up the DagBag from /opt/airflow/dags/backfill_retail_pipeline.py
[2026-05-04T06:11:07.098+0000] {processor.py:839} INFO - DAG(s) dict_keys(['backfill_retail_pipeline']) retrieved from /opt/airflow/dags/backfill_retail_pipeline.py
[2026-05-04T06:11:07.124+0000] {logging_mixin.py:151} INFO - [2026-05-04T06:11:07.124+0000] {dag.py:2915} INFO - Sync 1 DAGs
[2026-05-04T06:11:07.132+0000] {logging_mixin.py:151} INFO - [2026-05-04T06:11:07.132+0000] {dag.py:3696} INFO - Setting next_dagrun for backfill_retail_pipeline to None, run_after=None
[2026-05-04T06:11:07.143+0000] {processor.py:179} INFO - Processing /opt/airflow/dags/backfill_retail_pipeline.py took 0.063 seconds
[2026-05-04T06:11:37.484+0000] {processor.py:157} INFO - Started process (PID=6624) to work on /opt/airflow/dags/backfill_retail_pipeline.py
[2026-05-04T06:11:37.485+0000] {processor.py:829} INFO - Processing file /opt/airflow/dags/backfill_retail_pipeline.py for tasks to queue
[2026-05-04T06:11:37.486+0000] {logging_mixin.py:151} INFO - [2026-05-04T06:11:37.486+0000] {dagbag.py:539} INFO - Filling up the DagBag from /opt/airflow/dags/backfill_retail_pipeline.py
[2026-05-04T06:11:37.498+0000] {processor.py:839} INFO - DAG(s) dict_keys(['backfill_retail_pipeline']) retrieved from /opt/airflow/dags/backfill_retail_pipeline.py
[2026-05-04T06:11:37.525+0000] {logging_mixin.py:151} INFO - [2026-05-04T06:11:37.525+0000] {dag.py:2915} INFO - Sync 1 DAGs
[2026-05-04T06:11:37.532+0000] {logging_mixin.py:151} INFO - [2026-05-04T06:11:37.532+0000] {dag.py:3696} INFO - Setting next_dagrun for backfill_retail_pipeline to None, run_after=None
[2026-05-04T06:11:37.554+0000] {processor.py:179} INFO - Processing /opt/airflow/dags/backfill_retail_pipeline.py took 0.073 seconds
[2026-05-04T06:12:07.988+0000] {processor.py:157} INFO - Started process (PID=6650) to work on /opt/airflow/dags/backfill_retail_pipeline.py
[2026-05-04T06:12:07.990+0000] {processor.py:829} INFO - Processing file /opt/airflow/dags/backfill_retail_pipeline.py for tasks to queue
[2026-05-04T06:12:07.991+0000] {logging_mixin.py:151} INFO - [2026-05-04T06:12:07.990+0000] {dagbag.py:539} INFO - Filling up the DagBag from /opt/airflow/dags/backfill_retail_pipeline.py
[2026-05-04T06:12:08.002+0000] {processor.py:839} INFO - DAG(s) dict_keys(['backfill_retail_pipeline']) retrieved from /opt/airflow/dags/backfill_retail_pipeline.py
[2026-05-04T06:12:08.029+0000] {logging_mixin.py:151} INFO - [2026-05-04T06:12:08.029+0000] {dag.py:2915} INFO - Sync 1 DAGs
[2026-05-04T06:12:08.035+0000] {logging_mixin.py:151} INFO - [2026-05-04T06:12:08.035+0000] {dag.py:3696} INFO - Setting next_dagrun for backfill_retail_pipeline to None, run_after=None
[2026-05-04T06:12:08.042+0000] {processor.py:179} INFO - Processing /opt/airflow/dags/backfill_retail_pipeline.py took 0.057 seconds
[2026-05-04T06:12:38.341+0000] {processor.py:157} INFO - Started process (PID=6665) to work on /opt/airflow/dags/backfill_retail_pipeline.py
[2026-05-04T06:12:38.345+0000] {processor.py:829} INFO - Processing file /opt/airflow/dags/backfill_retail_pipeline.py for tasks to queue
[2026-05-04T06:12:38.346+0000] {logging_mixin.py:151} INFO - [2026-05-04T06:12:38.346+0000] {dagbag.py:539} INFO - Filling up the DagBag from /opt/airflow/dags/backfill_retail_pipeline.py
[2026-05-04T06:12:38.357+0000] {processor.py:839} INFO - DAG(s) dict_keys(['backfill_retail_pipeline']) retrieved from /opt/airflow/dags/backfill_retail_pipeline.py
[2026-05-04T06:12:38.383+0000] {logging_mixin.py:151} INFO - [2026-05-04T06:12:38.383+0000] {dag.py:2915} INFO - Sync 1 DAGs
[2026-05-04T06:12:38.389+0000] {logging_mixin.py:151} INFO - [2026-05-04T06:12:38.389+0000] {dag.py:3696} INFO - Setting next_dagrun for backfill_retail_pipeline to None, run_after=None
[2026-05-04T06:12:38.396+0000] {processor.py:179} INFO - Processing /opt/airflow/dags/backfill_retail_pipeline.py took 0.061 seconds
[2026-05-04T06:13:08.642+0000] {processor.py:157} INFO - Started process (PID=6680) to work on /opt/airflow/dags/backfill_retail_pipeline.py
[2026-05-04T06:13:08.643+0000] {processor.py:829} INFO - Processing file /opt/airflow/dags/backfill_retail_pipeline.py for tasks to queue
[2026-05-04T06:13:08.644+0000] {logging_mixin.py:151} INFO - [2026-05-04T06:13:08.644+0000] {dagbag.py:539} INFO - Filling up the DagBag from /opt/airflow/dags/backfill_retail_pipeline.py
[2026-05-04T06:13:08.658+0000] {processor.py:839} INFO - DAG(s) dict_keys(['backfill_retail_pipeline']) retrieved from /opt/airflow/dags/backfill_retail_pipeline.py
[2026-05-04T06:13:08.684+0000] {logging_mixin.py:151} INFO - [2026-05-04T06:13:08.684+0000] {dag.py:2915} INFO - Sync 1 DAGs
[2026-05-04T06:13:08.690+0000] {logging_mixin.py:151} INFO - [2026-05-04T06:13:08.690+0000] {dag.py:3696} INFO - Setting next_dagrun for backfill_retail_pipeline to None, run_after=None
[2026-05-04T06:13:08.697+0000] {processor.py:179} INFO - Processing /opt/airflow/dags/backfill_retail_pipeline.py took 0.060 seconds
[2026-05-04T06:13:38.944+0000] {processor.py:157} INFO - Started process (PID=6695) to work on /opt/airflow/dags/backfill_retail_pipeline.py
[2026-05-04T06:13:38.945+0000] {processor.py:829} INFO - Processing file /opt/airflow/dags/backfill_retail_pipeline.py for tasks to queue
[2026-05-04T06:13:38.946+0000] {logging_mixin.py:151} INFO - [2026-05-04T06:13:38.945+0000] {dagbag.py:539} INFO - Filling up the DagBag from /opt/airflow/dags/backfill_retail_pipeline.py
[2026-05-04T06:13:38.956+0000] {processor.py:839} INFO - DAG(s) dict_keys(['backfill_retail_pipeline']) retrieved from /opt/airflow/dags/backfill_retail_pipeline.py
[2026-05-04T06:13:38.976+0000] {logging_mixin.py:151} INFO - [2026-05-04T06:13:38.976+0000] {dag.py:2915} INFO - Sync 1 DAGs
[2026-05-04T06:13:38.982+0000] {logging_mixin.py:151} INFO - [2026-05-04T06:13:38.982+0000] {dag.py:3696} INFO - Setting next_dagrun for backfill_retail_pipeline to None, run_after=None
[2026-05-04T06:13:38.989+0000] {processor.py:179} INFO - Processing /opt/airflow/dags/backfill_retail_pipeline.py took 0.048 seconds
[2026-05-04T06:14:09.212+0000] {processor.py:157} INFO - Started process (PID=6710) to work on /opt/airflow/dags/backfill_retail_pipeline.py
[2026-05-04T06:14:09.213+0000] {processor.py:829} INFO - Processing file /opt/airflow/dags/backfill_retail_pipeline.py for tasks to queue
[2026-05-04T06:14:09.214+0000] {logging_mixin.py:151} INFO - [2026-05-04T06:14:09.213+0000] {dagbag.py:539} INFO - Filling up the DagBag from /opt/airflow/dags/backfill_retail_pipeline.py
[2026-05-04T06:14:09.223+0000] {processor.py:839} INFO - DAG(s) dict_keys(['backfill_retail_pipeline']) retrieved from /opt/airflow/dags/backfill_retail_pipeline.py
[2026-05-04T06:14:09.242+0000] {logging_mixin.py:151} INFO - [2026-05-04T06:14:09.242+0000] {dag.py:2915} INFO - Sync 1 DAGs
[2026-05-04T06:14:09.248+0000] {logging_mixin.py:151} INFO - [2026-05-04T06:14:09.248+0000] {dag.py:3696} INFO - Setting next_dagrun for backfill_retail_pipeline to None, run_after=None
[2026-05-04T06:14:09.254+0000] {processor.py:179} INFO - Processing /opt/airflow/dags/backfill_retail_pipeline.py took 0.045 seconds
[2026-05-04T06:14:39.624+0000] {processor.py:157} INFO - Started process (PID=6725) to work on /opt/airflow/dags/backfill_retail_pipeline.py
[2026-05-04T06:14:39.627+0000] {processor.py:829} INFO - Processing file /opt/airflow/dags/backfill_retail_pipeline.py for tasks to queue
[2026-05-04T06:14:39.628+0000] {logging_mixin.py:151} INFO - [2026-05-04T06:14:39.628+0000] {dagbag.py:539} INFO - Filling up the DagBag from /opt/airflow/dags/backfill_retail_pipeline.py
[2026-05-04T06:14:39.637+0000] {processor.py:839} INFO - DAG(s) dict_keys(['backfill_retail_pipeline']) retrieved from /opt/airflow/dags/backfill_retail_pipeline.py
[2026-05-04T06:14:39.657+0000] {logging_mixin.py:151} INFO - [2026-05-04T06:14:39.657+0000] {dag.py:2915} INFO - Sync 1 DAGs
[2026-05-04T06:14:39.664+0000] {logging_mixin.py:151} INFO - [2026-05-04T06:14:39.663+0000] {dag.py:3696} INFO - Setting next_dagrun for backfill_retail_pipeline to None, run_after=None
[2026-05-04T06:14:39.670+0000] {processor.py:179} INFO - Processing /opt/airflow/dags/backfill_retail_pipeline.py took 0.050 seconds
[2026-05-04T06:15:10.070+0000] {processor.py:157} INFO - Started process (PID=6740) to work on /opt/airflow/dags/backfill_retail_pipeline.py
[2026-05-04T06:15:10.073+0000] {processor.py:829} INFO - Processing file /opt/airflow/dags/backfill_retail_pipeline.py for tasks to queue
[2026-05-04T06:15:10.073+0000] {logging_mixin.py:151} INFO - [2026-05-04T06:15:10.073+0000] {dagbag.py:539} INFO - Filling up the DagBag from /opt/airflow/dags/backfill_retail_pipeline.py
[2026-05-04T06:15:10.082+0000] {processor.py:839} INFO - DAG(s) dict_keys(['backfill_retail_pipeline']) retrieved from /opt/airflow/dags/backfill_retail_pipeline.py
[2026-05-04T06:15:10.102+0000] {logging_mixin.py:151} INFO - [2026-05-04T06:15:10.102+0000] {dag.py:2915} INFO - Sync 1 DAGs
[2026-05-04T06:15:10.108+0000] {logging_mixin.py:151} INFO - [2026-05-04T06:15:10.108+0000] {dag.py:3696} INFO - Setting next_dagrun for backfill_retail_pipeline to None, run_after=None
[2026-05-04T06:15:10.114+0000] {processor.py:179} INFO - Processing /opt/airflow/dags/backfill_retail_pipeline.py took 0.048 seconds
[2026-05-04T06:15:40.470+0000] {processor.py:157} INFO - Started process (PID=6755) to work on /opt/airflow/dags/backfill_retail_pipeline.py
[2026-05-04T06:15:40.473+0000] {processor.py:829} INFO - Processing file /opt/airflow/dags/backfill_retail_pipeline.py for tasks to queue
[2026-05-04T06:15:40.473+0000] {logging_mixin.py:151} INFO - [2026-05-04T06:15:40.473+0000] {dagbag.py:539} INFO - Filling up the DagBag from /opt/airflow/dags/backfill_retail_pipeline.py
[2026-05-04T06:15:40.480+0000] {processor.py:839} INFO - DAG(s) dict_keys(['backfill_retail_pipeline']) retrieved from /opt/airflow/dags/backfill_retail_pipeline.py
[2026-05-04T06:15:40.500+0000] {logging_mixin.py:151} INFO - [2026-05-04T06:15:40.499+0000] {dag.py:2915} INFO - Sync 1 DAGs
[2026-05-04T06:15:40.506+0000] {logging_mixin.py:151} INFO - [2026-05-04T06:15:40.506+0000] {dag.py:3696} INFO - Setting next_dagrun for backfill_retail_pipeline to None, run_after=None
[2026-05-04T06:15:40.513+0000] {processor.py:179} INFO - Processing /opt/airflow/dags/backfill_retail_pipeline.py took 0.050 seconds
[2026-05-04T06:16:10.770+0000] {processor.py:157} INFO - Started process (PID=6770) to work on /opt/airflow/dags/backfill_retail_pipeline.py
[2026-05-04T06:16:10.774+0000] {processor.py:829} INFO - Processing file /opt/airflow/dags/backfill_retail_pipeline.py for tasks to queue
[2026-05-04T06:16:10.774+0000] {logging_mixin.py:151} INFO - [2026-05-04T06:16:10.774+0000] {dagbag.py:539} INFO - Filling up the DagBag from /opt/airflow/dags/backfill_retail_pipeline.py
[2026-05-04T06:16:10.783+0000] {processor.py:839} INFO - DAG(s) dict_keys(['backfill_retail_pipeline']) retrieved from /opt/airflow/dags/backfill_retail_pipeline.py
[2026-05-04T06:16:10.803+0000] {logging_mixin.py:151} INFO - [2026-05-04T06:16:10.803+0000] {dag.py:2915} INFO - Sync 1 DAGs
[2026-05-04T06:16:10.809+0000] {logging_mixin.py:151} INFO - [2026-05-04T06:16:10.808+0000] {dag.py:3696} INFO - Setting next_dagrun for backfill_retail_pipeline to None, run_after=None
[2026-05-04T06:16:10.815+0000] {processor.py:179} INFO - Processing /opt/airflow/dags/backfill_retail_pipeline.py took 0.049 seconds
[2026-05-04T06:16:41.155+0000] {processor.py:157} INFO - Started process (PID=6785) to work on /opt/airflow/dags/backfill_retail_pipeline.py
[2026-05-04T06:16:41.157+0000] {processor.py:829} INFO - Processing file /opt/airflow/dags/backfill_retail_pipeline.py for tasks to queue
[2026-05-04T06:16:41.158+0000] {logging_mixin.py:151} INFO - [2026-05-04T06:16:41.158+0000] {dagbag.py:539} INFO - Filling up the DagBag from /opt/airflow/dags/backfill_retail_pipeline.py
[2026-05-04T06:16:41.174+0000] {processor.py:839} INFO - DAG(s) dict_keys(['backfill_retail_pipeline']) retrieved from /opt/airflow/dags/backfill_retail_pipeline.py
[2026-05-04T06:16:41.206+0000] {logging_mixin.py:151} INFO - [2026-05-04T06:16:41.206+0000] {dag.py:2915} INFO - Sync 1 DAGs
[2026-05-04T06:16:41.212+0000] {logging_mixin.py:151} INFO - [2026-05-04T06:16:41.212+0000] {dag.py:3696} INFO - Setting next_dagrun for backfill_retail_pipeline to None, run_after=None
[2026-05-04T06:16:41.220+0000] {processor.py:179} INFO - Processing /opt/airflow/dags/backfill_retail_pipeline.py took 0.067 seconds
[2026-05-04T06:17:11.537+0000] {processor.py:157} INFO - Started process (PID=6800) to work on /opt/airflow/dags/backfill_retail_pipeline.py
[2026-05-04T06:17:11.541+0000] {processor.py:829} INFO - Processing file /opt/airflow/dags/backfill_retail_pipeline.py for tasks to queue
[2026-05-04T06:17:11.542+0000] {logging_mixin.py:151} INFO - [2026-05-04T06:17:11.542+0000] {dagbag.py:539} INFO - Filling up the DagBag from /opt/airflow/dags/backfill_retail_pipeline.py
[2026-05-04T06:17:11.552+0000] {processor.py:839} INFO - DAG(s) dict_keys(['backfill_retail_pipeline']) retrieved from /opt/airflow/dags/backfill_retail_pipeline.py
[2026-05-04T06:17:11.573+0000] {logging_mixin.py:151} INFO - [2026-05-04T06:17:11.573+0000] {dag.py:2915} INFO - Sync 1 DAGs
[2026-05-04T06:17:11.580+0000] {logging_mixin.py:151} INFO - [2026-05-04T06:17:11.580+0000] {dag.py:3696} INFO - Setting next_dagrun for backfill_retail_pipeline to None, run_after=None
[2026-05-04T06:17:11.588+0000] {processor.py:179} INFO - Processing /opt/airflow/dags/backfill_retail_pipeline.py took 0.055 seconds
[2026-05-04T06:17:41.794+0000] {processor.py:157} INFO - Started process (PID=6815) to work on /opt/airflow/dags/backfill_retail_pipeline.py
[2026-05-04T06:17:41.797+0000] {processor.py:829} INFO - Processing file /opt/airflow/dags/backfill_retail_pipeline.py for tasks to queue
[2026-05-04T06:17:41.797+0000] {logging_mixin.py:151} INFO - [2026-05-04T06:17:41.797+0000] {dagbag.py:539} INFO - Filling up the DagBag from /opt/airflow/dags/backfill_retail_pipeline.py
[2026-05-04T06:17:41.805+0000] {processor.py:839} INFO - DAG(s) dict_keys(['backfill_retail_pipeline']) retrieved from /opt/airflow/dags/backfill_retail_pipeline.py
[2026-05-04T06:17:41.824+0000] {logging_mixin.py:151} INFO - [2026-05-04T06:17:41.823+0000] {dag.py:2915} INFO - Sync 1 DAGs
[2026-05-04T06:17:41.829+0000] {logging_mixin.py:151} INFO - [2026-05-04T06:17:41.829+0000] {dag.py:3696} INFO - Setting next_dagrun for backfill_retail_pipeline to None, run_after=None
[2026-05-04T06:17:41.835+0000] {processor.py:179} INFO - Processing /opt/airflow/dags/backfill_retail_pipeline.py took 0.044 seconds
[2026-05-04T06:18:12.032+0000] {processor.py:157} INFO - Started process (PID=6830) to work on /opt/airflow/dags/backfill_retail_pipeline.py
[2026-05-04T06:18:12.033+0000] {processor.py:829} INFO - Processing file /opt/airflow/dags/backfill_retail_pipeline.py for tasks to queue
[2026-05-04T06:18:12.034+0000] {logging_mixin.py:151} INFO - [2026-05-04T06:18:12.033+0000] {dagbag.py:539} INFO - Filling up the DagBag from /opt/airflow/dags/backfill_retail_pipeline.py
[2026-05-04T06:18:12.047+0000] {processor.py:839} INFO - DAG(s) dict_keys(['backfill_retail_pipeline']) retrieved from /opt/airflow/dags/backfill_retail_pipeline.py
[2026-05-04T06:18:12.067+0000] {logging_mixin.py:151} INFO - [2026-05-04T06:18:12.067+0000] {dag.py:2915} INFO - Sync 1 DAGs
[2026-05-04T06:18:12.073+0000] {logging_mixin.py:151} INFO - [2026-05-04T06:18:12.073+0000] {dag.py:3696} INFO - Setting next_dagrun for backfill_retail_pipeline to None, run_after=None
[2026-05-04T06:18:12.081+0000] {processor.py:179} INFO - Processing /opt/airflow/dags/backfill_retail_pipeline.py took 0.054 seconds
[2026-05-04T06:18:42.597+0000] {processor.py:157} INFO - Started process (PID=6845) to work on /opt/airflow/dags/backfill_retail_pipeline.py
[2026-05-04T06:18:42.598+0000] {processor.py:829} INFO - Processing file /opt/airflow/dags/backfill_retail_pipeline.py for tasks to queue
[2026-05-04T06:18:42.598+0000] {logging_mixin.py:151} INFO - [2026-05-04T06:18:42.598+0000] {dagbag.py:539} INFO - Filling up the DagBag from /opt/airflow/dags/backfill_retail_pipeline.py
[2026-05-04T06:18:42.606+0000] {processor.py:839} INFO - DAG(s) dict_keys(['backfill_retail_pipeline']) retrieved from /opt/airflow/dags/backfill_retail_pipeline.py
[2026-05-04T06:18:42.626+0000] {logging_mixin.py:151} INFO - [2026-05-04T06:18:42.626+0000] {dag.py:2915} INFO - Sync 1 DAGs
[2026-05-04T06:18:42.631+0000] {logging_mixin.py:151} INFO - [2026-05-04T06:18:42.631+0000] {dag.py:3696} INFO - Setting next_dagrun for backfill_retail_pipeline to None, run_after=None
[2026-05-04T06:18:42.637+0000] {processor.py:179} INFO - Processing /opt/airflow/dags/backfill_retail_pipeline.py took 0.044 seconds
[2026-05-04T06:19:12.971+0000] {processor.py:157} INFO - Started process (PID=6860) to work on /opt/airflow/dags/backfill_retail_pipeline.py
[2026-05-04T06:19:12.975+0000] {processor.py:829} INFO - Processing file /opt/airflow/dags/backfill_retail_pipeline.py for tasks to queue
[2026-05-04T06:19:12.976+0000] {logging_mixin.py:151} INFO - [2026-05-04T06:19:12.976+0000] {dagbag.py:539} INFO - Filling up the DagBag from /opt/airflow/dags/backfill_retail_pipeline.py
[2026-05-04T06:19:12.986+0000] {processor.py:839} INFO - DAG(s) dict_keys(['backfill_retail_pipeline']) retrieved from /opt/airflow/dags/backfill_retail_pipeline.py
[2026-05-04T06:19:13.007+0000] {logging_mixin.py:151} INFO - [2026-05-04T06:19:13.007+0000] {dag.py:2915} INFO - Sync 1 DAGs
[2026-05-04T06:19:13.014+0000] {logging_mixin.py:151} INFO - [2026-05-04T06:19:13.014+0000] {dag.py:3696} INFO - Setting next_dagrun for backfill_retail_pipeline to None, run_after=None
[2026-05-04T06:19:13.021+0000] {processor.py:179} INFO - Processing /opt/airflow/dags/backfill_retail_pipeline.py took 0.053 seconds
[2026-05-04T06:19:43.233+0000] {processor.py:157} INFO - Started process (PID=6875) to work on /opt/airflow/dags/backfill_retail_pipeline.py
[2026-05-04T06:19:43.237+0000] {processor.py:829} INFO - Processing file /opt/airflow/dags/backfill_retail_pipeline.py for tasks to queue
[2026-05-04T06:19:43.238+0000] {logging_mixin.py:151} INFO - [2026-05-04T06:19:43.237+0000] {dagbag.py:539} INFO - Filling up the DagBag from /opt/airflow/dags/backfill_retail_pipeline.py
[2026-05-04T06:19:43.247+0000] {processor.py:839} INFO - DAG(s) dict_keys(['backfill_retail_pipeline']) retrieved from /opt/airflow/dags/backfill_retail_pipeline.py
[2026-05-04T06:19:43.268+0000] {logging_mixin.py:151} INFO - [2026-05-04T06:19:43.268+0000] {dag.py:2915} INFO - Sync 1 DAGs
[2026-05-04T06:19:43.274+0000] {logging_mixin.py:151} INFO - [2026-05-04T06:19:43.273+0000] {dag.py:3696} INFO - Setting next_dagrun for backfill_retail_pipeline to None, run_after=None
[2026-05-04T06:19:43.280+0000] {processor.py:179} INFO - Processing /opt/airflow/dags/backfill_retail_pipeline.py took 0.052 seconds
[2026-05-04T06:20:13.579+0000] {processor.py:157} INFO - Started process (PID=6890) to work on /opt/airflow/dags/backfill_retail_pipeline.py
[2026-05-04T06:20:13.581+0000] {processor.py:829} INFO - Processing file /opt/airflow/dags/backfill_retail_pipeline.py for tasks to queue
[2026-05-04T06:20:13.582+0000] {logging_mixin.py:151} INFO - [2026-05-04T06:20:13.581+0000] {dagbag.py:539} INFO - Filling up the DagBag from /opt/airflow/dags/backfill_retail_pipeline.py
[2026-05-04T06:20:13.590+0000] {processor.py:839} INFO - DAG(s) dict_keys(['backfill_retail_pipeline']) retrieved from /opt/airflow/dags/backfill_retail_pipeline.py
[2026-05-04T06:20:13.610+0000] {logging_mixin.py:151} INFO - [2026-05-04T06:20:13.610+0000] {dag.py:2915} INFO - Sync 1 DAGs
[2026-05-04T06:20:13.616+0000] {logging_mixin.py:151} INFO - [2026-05-04T06:20:13.616+0000] {dag.py:3696} INFO - Setting next_dagrun for backfill_retail_pipeline to None, run_after=None
[2026-05-04T06:20:13.623+0000] {processor.py:179} INFO - Processing /opt/airflow/dags/backfill_retail_pipeline.py took 0.048 seconds
[2026-05-04T06:20:43.840+0000] {processor.py:157} INFO - Started process (PID=7003) to work on /opt/airflow/dags/backfill_retail_pipeline.py
[2026-05-04T06:20:43.843+0000] {processor.py:829} INFO - Processing file /opt/airflow/dags/backfill_retail_pipeline.py for tasks to queue
[2026-05-04T06:20:43.844+0000] {logging_mixin.py:151} INFO - [2026-05-04T06:20:43.843+0000] {dagbag.py:539} INFO - Filling up the DagBag from /opt/airflow/dags/backfill_retail_pipeline.py
[2026-05-04T06:20:43.853+0000] {processor.py:839} INFO - DAG(s) dict_keys(['backfill_retail_pipeline']) retrieved from /opt/airflow/dags/backfill_retail_pipeline.py
[2026-05-04T06:20:43.873+0000] {logging_mixin.py:151} INFO - [2026-05-04T06:20:43.873+0000] {dag.py:2915} INFO - Sync 1 DAGs
[2026-05-04T06:20:43.879+0000] {logging_mixin.py:151} INFO - [2026-05-04T06:20:43.879+0000] {dag.py:3696} INFO - Setting next_dagrun for backfill_retail_pipeline to None, run_after=None
[2026-05-04T06:20:43.885+0000] {processor.py:179} INFO - Processing /opt/airflow/dags/backfill_retail_pipeline.py took 0.048 seconds
[2026-05-04T06:21:14.097+0000] {processor.py:157} INFO - Started process (PID=7018) to work on /opt/airflow/dags/backfill_retail_pipeline.py
[2026-05-04T06:21:14.099+0000] {processor.py:829} INFO - Processing file /opt/airflow/dags/backfill_retail_pipeline.py for tasks to queue
[2026-05-04T06:21:14.100+0000] {logging_mixin.py:151} INFO - [2026-05-04T06:21:14.100+0000] {dagbag.py:539} INFO - Filling up the DagBag from /opt/airflow/dags/backfill_retail_pipeline.py
[2026-05-04T06:21:14.109+0000] {processor.py:839} INFO - DAG(s) dict_keys(['backfill_retail_pipeline']) retrieved from /opt/airflow/dags/backfill_retail_pipeline.py
[2026-05-04T06:21:14.130+0000] {logging_mixin.py:151} INFO - [2026-05-04T06:21:14.130+0000] {dag.py:2915} INFO - Sync 1 DAGs
[2026-05-04T06:21:14.136+0000] {logging_mixin.py:151} INFO - [2026-05-04T06:21:14.136+0000] {dag.py:3696} INFO - Setting next_dagrun for backfill_retail_pipeline to None, run_after=None
[2026-05-04T06:21:14.142+0000] {processor.py:179} INFO - Processing /opt/airflow/dags/backfill_retail_pipeline.py took 0.048 seconds
[2026-05-04T06:21:44.422+0000] {processor.py:157} INFO - Started process (PID=7033) to work on /opt/airflow/dags/backfill_retail_pipeline.py
[2026-05-04T06:21:44.422+0000] {processor.py:829} INFO - Processing file /opt/airflow/dags/backfill_retail_pipeline.py for tasks to queue
[2026-05-04T06:21:44.424+0000] {logging_mixin.py:151} INFO - [2026-05-04T06:21:44.423+0000] {dagbag.py:539} INFO - Filling up the DagBag from /opt/airflow/dags/backfill_retail_pipeline.py
[2026-05-04T06:21:44.435+0000] {processor.py:839} INFO - DAG(s) dict_keys(['backfill_retail_pipeline']) retrieved from /opt/airflow/dags/backfill_retail_pipeline.py
[2026-05-04T06:21:44.459+0000] {logging_mixin.py:151} INFO - [2026-05-04T06:21:44.459+0000] {dag.py:2915} INFO - Sync 1 DAGs
[2026-05-04T06:21:44.466+0000] {logging_mixin.py:151} INFO - [2026-05-04T06:21:44.465+0000] {dag.py:3696} INFO - Setting next_dagrun for backfill_retail_pipeline to None, run_after=None
[2026-05-04T06:21:44.473+0000] {processor.py:179} INFO - Processing /opt/airflow/dags/backfill_retail_pipeline.py took 0.055 seconds
[2026-05-04T06:22:14.660+0000] {processor.py:157} INFO - Started process (PID=7048) to work on /opt/airflow/dags/backfill_retail_pipeline.py
[2026-05-04T06:22:14.661+0000] {processor.py:829} INFO - Processing file /opt/airflow/dags/backfill_retail_pipeline.py for tasks to queue
[2026-05-04T06:22:14.662+0000] {logging_mixin.py:151} INFO - [2026-05-04T06:22:14.662+0000] {dagbag.py:539} INFO - Filling up the DagBag from /opt/airflow/dags/backfill_retail_pipeline.py
[2026-05-04T06:22:14.671+0000] {processor.py:839} INFO - DAG(s) dict_keys(['backfill_retail_pipeline']) retrieved from /opt/airflow/dags/backfill_retail_pipeline.py
[2026-05-04T06:22:14.690+0000] {logging_mixin.py:151} INFO - [2026-05-04T06:22:14.690+0000] {dag.py:2915} INFO - Sync 1 DAGs
[2026-05-04T06:22:14.696+0000] {logging_mixin.py:151} INFO - [2026-05-04T06:22:14.696+0000] {dag.py:3696} INFO - Setting next_dagrun for backfill_retail_pipeline to None, run_after=None
[2026-05-04T06:22:14.703+0000] {processor.py:179} INFO - Processing /opt/airflow/dags/backfill_retail_pipeline.py took 0.046 seconds
[2026-05-04T06:22:44.982+0000] {processor.py:157} INFO - Started process (PID=7063) to work on /opt/airflow/dags/backfill_retail_pipeline.py
[2026-05-04T06:22:44.983+0000] {processor.py:829} INFO - Processing file /opt/airflow/dags/backfill_retail_pipeline.py for tasks to queue
[2026-05-04T06:22:44.983+0000] {logging_mixin.py:151} INFO - [2026-05-04T06:22:44.983+0000] {dagbag.py:539} INFO - Filling up the DagBag from /opt/airflow/dags/backfill_retail_pipeline.py
[2026-05-04T06:22:44.990+0000] {processor.py:839} INFO - DAG(s) dict_keys(['backfill_retail_pipeline']) retrieved from /opt/airflow/dags/backfill_retail_pipeline.py
[2026-05-04T06:22:45.009+0000] {logging_mixin.py:151} INFO - [2026-05-04T06:22:45.009+0000] {dag.py:2915} INFO - Sync 1 DAGs
[2026-05-04T06:22:45.015+0000] {logging_mixin.py:151} INFO - [2026-05-04T06:22:45.015+0000] {dag.py:3696} INFO - Setting next_dagrun for backfill_retail_pipeline to None, run_after=None
[2026-05-04T06:22:45.021+0000] {processor.py:179} INFO - Processing /opt/airflow/dags/backfill_retail_pipeline.py took 0.042 seconds
[2026-05-04T06:23:15.302+0000] {processor.py:157} INFO - Started process (PID=7078) to work on /opt/airflow/dags/backfill_retail_pipeline.py
[2026-05-04T06:23:15.303+0000] {processor.py:829} INFO - Processing file /opt/airflow/dags/backfill_retail_pipeline.py for tasks to queue
[2026-05-04T06:23:15.304+0000] {logging_mixin.py:151} INFO - [2026-05-04T06:23:15.304+0000] {dagbag.py:539} INFO - Filling up the DagBag from /opt/airflow/dags/backfill_retail_pipeline.py
[2026-05-04T06:23:15.318+0000] {processor.py:839} INFO - DAG(s) dict_keys(['backfill_retail_pipeline']) retrieved from /opt/airflow/dags/backfill_retail_pipeline.py
[2026-05-04T06:23:15.351+0000] {logging_mixin.py:151} INFO - [2026-05-04T06:23:15.351+0000] {dag.py:2915} INFO - Sync 1 DAGs
[2026-05-04T06:23:15.359+0000] {logging_mixin.py:151} INFO - [2026-05-04T06:23:15.359+0000] {dag.py:3696} INFO - Setting next_dagrun for backfill_retail_pipeline to None, run_after=None
[2026-05-04T06:23:15.368+0000] {processor.py:179} INFO - Processing /opt/airflow/dags/backfill_retail_pipeline.py took 0.073 seconds
[2026-05-04T06:23:45.691+0000] {processor.py:157} INFO - Started process (PID=7093) to work on /opt/airflow/dags/backfill_retail_pipeline.py
[2026-05-04T06:23:45.692+0000] {processor.py:829} INFO - Processing file /opt/airflow/dags/backfill_retail_pipeline.py for tasks to queue
[2026-05-04T06:23:45.692+0000] {logging_mixin.py:151} INFO - [2026-05-04T06:23:45.692+0000] {dagbag.py:539} INFO - Filling up the DagBag from /opt/airflow/dags/backfill_retail_pipeline.py
[2026-05-04T06:23:45.702+0000] {processor.py:839} INFO - DAG(s) dict_keys(['backfill_retail_pipeline']) retrieved from /opt/airflow/dags/backfill_retail_pipeline.py
[2026-05-04T06:23:45.722+0000] {logging_mixin.py:151} INFO - [2026-05-04T06:23:45.722+0000] {dag.py:2915} INFO - Sync 1 DAGs
[2026-05-04T06:23:45.728+0000] {logging_mixin.py:151} INFO - [2026-05-04T06:23:45.728+0000] {dag.py:3696} INFO - Setting next_dagrun for backfill_retail_pipeline to None, run_after=None
[2026-05-04T06:23:45.734+0000] {processor.py:179} INFO - Processing /opt/airflow/dags/backfill_retail_pipeline.py took 0.046 seconds
[2026-05-04T06:24:16.014+0000] {processor.py:157} INFO - Started process (PID=7108) to work on /opt/airflow/dags/backfill_retail_pipeline.py
[2026-05-04T06:24:16.015+0000] {processor.py:829} INFO - Processing file /opt/airflow/dags/backfill_retail_pipeline.py for tasks to queue
[2026-05-04T06:24:16.017+0000] {logging_mixin.py:151} INFO - [2026-05-04T06:24:16.016+0000] {dagbag.py:539} INFO - Filling up the DagBag from /opt/airflow/dags/backfill_retail_pipeline.py
[2026-05-04T06:24:16.027+0000] {processor.py:839} INFO - DAG(s) dict_keys(['backfill_retail_pipeline']) retrieved from /opt/airflow/dags/backfill_retail_pipeline.py
[2026-05-04T06:24:16.051+0000] {logging_mixin.py:151} INFO - [2026-05-04T06:24:16.051+0000] {dag.py:2915} INFO - Sync 1 DAGs
[2026-05-04T06:24:16.059+0000] {logging_mixin.py:151} INFO - [2026-05-04T06:24:16.059+0000] {dag.py:3696} INFO - Setting next_dagrun for backfill_retail_pipeline to None, run_after=None
[2026-05-04T06:24:16.066+0000] {processor.py:179} INFO - Processing /opt/airflow/dags/backfill_retail_pipeline.py took 0.055 seconds
[2026-05-04T06:24:46.331+0000] {processor.py:157} INFO - Started process (PID=7123) to work on /opt/airflow/dags/backfill_retail_pipeline.py
[2026-05-04T06:24:46.332+0000] {processor.py:829} INFO - Processing file /opt/airflow/dags/backfill_retail_pipeline.py for tasks to queue
[2026-05-04T06:24:46.333+0000] {logging_mixin.py:151} INFO - [2026-05-04T06:24:46.333+0000] {dagbag.py:539} INFO - Filling up the DagBag from /opt/airflow/dags/backfill_retail_pipeline.py
[2026-05-04T06:24:46.344+0000] {processor.py:839} INFO - DAG(s) dict_keys(['backfill_retail_pipeline']) retrieved from /opt/airflow/dags/backfill_retail_pipeline.py
[2026-05-04T06:24:46.381+0000] {logging_mixin.py:151} INFO - [2026-05-04T06:24:46.381+0000] {dag.py:2915} INFO - Sync 1 DAGs
[2026-05-04T06:24:46.390+0000] {logging_mixin.py:151} INFO - [2026-05-04T06:24:46.390+0000] {dag.py:3696} INFO - Setting next_dagrun for backfill_retail_pipeline to None, run_after=None
[2026-05-04T06:24:46.400+0000] {processor.py:179} INFO - Processing /opt/airflow/dags/backfill_retail_pipeline.py took 0.074 seconds
[2026-05-04T06:25:16.628+0000] {processor.py:157} INFO - Started process (PID=7138) to work on /opt/airflow/dags/backfill_retail_pipeline.py
[2026-05-04T06:25:16.628+0000] {processor.py:829} INFO - Processing file /opt/airflow/dags/backfill_retail_pipeline.py for tasks to queue
[2026-05-04T06:25:16.629+0000] {logging_mixin.py:151} INFO - [2026-05-04T06:25:16.629+0000] {dagbag.py:539} INFO - Filling up the DagBag from /opt/airflow/dags/backfill_retail_pipeline.py
[2026-05-04T06:25:16.639+0000] {processor.py:839} INFO - DAG(s) dict_keys(['backfill_retail_pipeline']) retrieved from /opt/airflow/dags/backfill_retail_pipeline.py
[2026-05-04T06:25:16.659+0000] {logging_mixin.py:151} INFO - [2026-05-04T06:25:16.659+0000] {dag.py:2915} INFO - Sync 1 DAGs
[2026-05-04T06:25:16.665+0000] {logging_mixin.py:151} INFO - [2026-05-04T06:25:16.665+0000] {dag.py:3696} INFO - Setting next_dagrun for backfill_retail_pipeline to None, run_after=None
[2026-05-04T06:25:16.672+0000] {processor.py:179} INFO - Processing /opt/airflow/dags/backfill_retail_pipeline.py took 0.047 seconds
[2026-05-04T06:25:46.930+0000] {processor.py:157} INFO - Started process (PID=7153) to work on /opt/airflow/dags/backfill_retail_pipeline.py
[2026-05-04T06:25:46.933+0000] {processor.py:829} INFO - Processing file /opt/airflow/dags/backfill_retail_pipeline.py for tasks to queue
[2026-05-04T06:25:46.934+0000] {logging_mixin.py:151} INFO - [2026-05-04T06:25:46.933+0000] {dagbag.py:539} INFO - Filling up the DagBag from /opt/airflow/dags/backfill_retail_pipeline.py
[2026-05-04T06:25:46.943+0000] {processor.py:839} INFO - DAG(s) dict_keys(['backfill_retail_pipeline']) retrieved from /opt/airflow/dags/backfill_retail_pipeline.py
[2026-05-04T06:25:46.964+0000] {logging_mixin.py:151} INFO - [2026-05-04T06:25:46.964+0000] {dag.py:2915} INFO - Sync 1 DAGs
[2026-05-04T06:25:46.970+0000] {logging_mixin.py:151} INFO - [2026-05-04T06:25:46.970+0000] {dag.py:3696} INFO - Setting next_dagrun for backfill_retail_pipeline to None, run_after=None
[2026-05-04T06:25:46.976+0000] {processor.py:179} INFO - Processing /opt/airflow/dags/backfill_retail_pipeline.py took 0.052 seconds
[2026-05-04T06:26:17.282+0000] {processor.py:157} INFO - Started process (PID=7168) to work on /opt/airflow/dags/backfill_retail_pipeline.py
[2026-05-04T06:26:17.283+0000] {processor.py:829} INFO - Processing file /opt/airflow/dags/backfill_retail_pipeline.py for tasks to queue
[2026-05-04T06:26:17.283+0000] {logging_mixin.py:151} INFO - [2026-05-04T06:26:17.283+0000] {dagbag.py:539} INFO - Filling up the DagBag from /opt/airflow/dags/backfill_retail_pipeline.py
[2026-05-04T06:26:17.292+0000] {processor.py:839} INFO - DAG(s) dict_keys(['backfill_retail_pipeline']) retrieved from /opt/airflow/dags/backfill_retail_pipeline.py
[2026-05-04T06:26:17.311+0000] {logging_mixin.py:151} INFO - [2026-05-04T06:26:17.311+0000] {dag.py:2915} INFO - Sync 1 DAGs
[2026-05-04T06:26:17.318+0000] {logging_mixin.py:151} INFO - [2026-05-04T06:26:17.317+0000] {dag.py:3696} INFO - Setting next_dagrun for backfill_retail_pipeline to None, run_after=None
[2026-05-04T06:26:17.326+0000] {processor.py:179} INFO - Processing /opt/airflow/dags/backfill_retail_pipeline.py took 0.049 seconds
[2026-05-04T06:26:47.637+0000] {processor.py:157} INFO - Started process (PID=7183) to work on /opt/airflow/dags/backfill_retail_pipeline.py
[2026-05-04T06:26:47.638+0000] {processor.py:829} INFO - Processing file /opt/airflow/dags/backfill_retail_pipeline.py for tasks to queue
[2026-05-04T06:26:47.639+0000] {logging_mixin.py:151} INFO - [2026-05-04T06:26:47.638+0000] {dagbag.py:539} INFO - Filling up the DagBag from /opt/airflow/dags/backfill_retail_pipeline.py
[2026-05-04T06:26:47.648+0000] {processor.py:839} INFO - DAG(s) dict_keys(['backfill_retail_pipeline']) retrieved from /opt/airflow/dags/backfill_retail_pipeline.py
[2026-05-04T06:26:47.666+0000] {logging_mixin.py:151} INFO - [2026-05-04T06:26:47.666+0000] {dag.py:2915} INFO - Sync 1 DAGs
[2026-05-04T06:26:47.672+0000] {logging_mixin.py:151} INFO - [2026-05-04T06:26:47.672+0000] {dag.py:3696} INFO - Setting next_dagrun for backfill_retail_pipeline to None, run_after=None
[2026-05-04T06:26:47.678+0000] {processor.py:179} INFO - Processing /opt/airflow/dags/backfill_retail_pipeline.py took 0.047 seconds
[2026-05-04T06:27:18.022+0000] {processor.py:157} INFO - Started process (PID=7198) to work on /opt/airflow/dags/backfill_retail_pipeline.py
[2026-05-04T06:27:18.024+0000] {processor.py:829} INFO - Processing file /opt/airflow/dags/backfill_retail_pipeline.py for tasks to queue
[2026-05-04T06:27:18.025+0000] {logging_mixin.py:151} INFO - [2026-05-04T06:27:18.024+0000] {dagbag.py:539} INFO - Filling up the DagBag from /opt/airflow/dags/backfill_retail_pipeline.py
[2026-05-04T06:27:18.033+0000] {processor.py:839} INFO - DAG(s) dict_keys(['backfill_retail_pipeline']) retrieved from /opt/airflow/dags/backfill_retail_pipeline.py
[2026-05-04T06:27:18.053+0000] {logging_mixin.py:151} INFO - [2026-05-04T06:27:18.053+0000] {dag.py:2915} INFO - Sync 1 DAGs
[2026-05-04T06:27:18.058+0000] {logging_mixin.py:151} INFO - [2026-05-04T06:27:18.058+0000] {dag.py:3696} INFO - Setting next_dagrun for backfill_retail_pipeline to None, run_after=None
[2026-05-04T06:27:18.065+0000] {processor.py:179} INFO - Processing /opt/airflow/dags/backfill_retail_pipeline.py took 0.048 seconds
[2026-05-04T06:27:48.282+0000] {processor.py:157} INFO - Started process (PID=7213) to work on /opt/airflow/dags/backfill_retail_pipeline.py
[2026-05-04T06:27:48.287+0000] {processor.py:829} INFO - Processing file /opt/airflow/dags/backfill_retail_pipeline.py for tasks to queue
[2026-05-04T06:27:48.287+0000] {logging_mixin.py:151} INFO - [2026-05-04T06:27:48.287+0000] {dagbag.py:539} INFO - Filling up the DagBag from /opt/airflow/dags/backfill_retail_pipeline.py
[2026-05-04T06:27:48.298+0000] {processor.py:839} INFO - DAG(s) dict_keys(['backfill_retail_pipeline']) retrieved from /opt/airflow/dags/backfill_retail_pipeline.py
[2026-05-04T06:27:48.328+0000] {logging_mixin.py:151} INFO - [2026-05-04T06:27:48.328+0000] {dag.py:2915} INFO - Sync 1 DAGs
[2026-05-04T06:27:48.336+0000] {logging_mixin.py:151} INFO - [2026-05-04T06:27:48.336+0000] {dag.py:3696} INFO - Setting next_dagrun for backfill_retail_pipeline to None, run_after=None
[2026-05-04T06:27:48.343+0000] {processor.py:179} INFO - Processing /opt/airflow/dags/backfill_retail_pipeline.py took 0.066 seconds
[2026-05-04T06:28:18.655+0000] {processor.py:157} INFO - Started process (PID=7228) to work on /opt/airflow/dags/backfill_retail_pipeline.py
[2026-05-04T06:28:18.656+0000] {processor.py:829} INFO - Processing file /opt/airflow/dags/backfill_retail_pipeline.py for tasks to queue
[2026-05-04T06:28:18.657+0000] {logging_mixin.py:151} INFO - [2026-05-04T06:28:18.657+0000] {dagbag.py:539} INFO - Filling up the DagBag from /opt/airflow/dags/backfill_retail_pipeline.py
[2026-05-04T06:28:18.674+0000] {processor.py:839} INFO - DAG(s) dict_keys(['backfill_retail_pipeline']) retrieved from /opt/airflow/dags/backfill_retail_pipeline.py
[2026-05-04T06:28:18.707+0000] {logging_mixin.py:151} INFO - [2026-05-04T06:28:18.706+0000] {dag.py:2915} INFO - Sync 1 DAGs
[2026-05-04T06:28:18.715+0000] {logging_mixin.py:151} INFO - [2026-05-04T06:28:18.715+0000] {dag.py:3696} INFO - Setting next_dagrun for backfill_retail_pipeline to None, run_after=None
[2026-05-04T06:28:18.724+0000] {processor.py:179} INFO - Processing /opt/airflow/dags/backfill_retail_pipeline.py took 0.074 seconds
[2026-05-04T06:28:48.917+0000] {processor.py:157} INFO - Started process (PID=7243) to work on /opt/airflow/dags/backfill_retail_pipeline.py
[2026-05-04T06:28:48.920+0000] {processor.py:829} INFO - Processing file /opt/airflow/dags/backfill_retail_pipeline.py for tasks to queue
[2026-05-04T06:28:48.921+0000] {logging_mixin.py:151} INFO - [2026-05-04T06:28:48.921+0000] {dagbag.py:539} INFO - Filling up the DagBag from /opt/airflow/dags/backfill_retail_pipeline.py
[2026-05-04T06:28:48.929+0000] {processor.py:839} INFO - DAG(s) dict_keys(['backfill_retail_pipeline']) retrieved from /opt/airflow/dags/backfill_retail_pipeline.py
[2026-05-04T06:28:48.952+0000] {logging_mixin.py:151} INFO - [2026-05-04T06:28:48.952+0000] {dag.py:2915} INFO - Sync 1 DAGs
[2026-05-04T06:28:48.960+0000] {logging_mixin.py:151} INFO - [2026-05-04T06:28:48.960+0000] {dag.py:3696} INFO - Setting next_dagrun for backfill_retail_pipeline to None, run_after=None
[2026-05-04T06:28:48.968+0000] {processor.py:179} INFO - Processing /opt/airflow/dags/backfill_retail_pipeline.py took 0.064 seconds
[2026-05-04T06:29:19.239+0000] {processor.py:157} INFO - Started process (PID=7258) to work on /opt/airflow/dags/backfill_retail_pipeline.py
[2026-05-04T06:29:19.242+0000] {processor.py:829} INFO - Processing file /opt/airflow/dags/backfill_retail_pipeline.py for tasks to queue
[2026-05-04T06:29:19.243+0000] {logging_mixin.py:151} INFO - [2026-05-04T06:29:19.243+0000] {dagbag.py:539} INFO - Filling up the DagBag from /opt/airflow/dags/backfill_retail_pipeline.py
[2026-05-04T06:29:19.253+0000] {processor.py:839} INFO - DAG(s) dict_keys(['backfill_retail_pipeline']) retrieved from /opt/airflow/dags/backfill_retail_pipeline.py
[2026-05-04T06:29:19.274+0000] {logging_mixin.py:151} INFO - [2026-05-04T06:29:19.274+0000] {dag.py:2915} INFO - Sync 1 DAGs
[2026-05-04T06:29:19.279+0000] {logging_mixin.py:151} INFO - [2026-05-04T06:29:19.279+0000] {dag.py:3696} INFO - Setting next_dagrun for backfill_retail_pipeline to None, run_after=None
[2026-05-04T06:29:19.286+0000] {processor.py:179} INFO - Processing /opt/airflow/dags/backfill_retail_pipeline.py took 0.050 seconds
[2026-05-04T06:29:49.543+0000] {processor.py:157} INFO - Started process (PID=7273) to work on /opt/airflow/dags/backfill_retail_pipeline.py
[2026-05-04T06:29:49.546+0000] {processor.py:829} INFO - Processing file /opt/airflow/dags/backfill_retail_pipeline.py for tasks to queue
[2026-05-04T06:29:49.546+0000] {logging_mixin.py:151} INFO - [2026-05-04T06:29:49.546+0000] {dagbag.py:539} INFO - Filling up the DagBag from /opt/airflow/dags/backfill_retail_pipeline.py
[2026-05-04T06:29:49.555+0000] {processor.py:839} INFO - DAG(s) dict_keys(['backfill_retail_pipeline']) retrieved from /opt/airflow/dags/backfill_retail_pipeline.py
[2026-05-04T06:29:49.576+0000] {logging_mixin.py:151} INFO - [2026-05-04T06:29:49.576+0000] {dag.py:2915} INFO - Sync 1 DAGs
[2026-05-04T06:29:49.582+0000] {logging_mixin.py:151} INFO - [2026-05-04T06:29:49.582+0000] {dag.py:3696} INFO - Setting next_dagrun for backfill_retail_pipeline to None, run_after=None
[2026-05-04T06:29:49.591+0000] {processor.py:179} INFO - Processing /opt/airflow/dags/backfill_retail_pipeline.py took 0.052 seconds
[2026-05-04T06:30:19.861+0000] {processor.py:157} INFO - Started process (PID=7288) to work on /opt/airflow/dags/backfill_retail_pipeline.py
[2026-05-04T06:30:19.866+0000] {processor.py:829} INFO - Processing file /opt/airflow/dags/backfill_retail_pipeline.py for tasks to queue
[2026-05-04T06:30:19.867+0000] {logging_mixin.py:151} INFO - [2026-05-04T06:30:19.867+0000] {dagbag.py:539} INFO - Filling up the DagBag from /opt/airflow/dags/backfill_retail_pipeline.py
[2026-05-04T06:30:19.875+0000] {processor.py:839} INFO - DAG(s) dict_keys(['backfill_retail_pipeline']) retrieved from /opt/airflow/dags/backfill_retail_pipeline.py
[2026-05-04T06:30:19.895+0000] {logging_mixin.py:151} INFO - [2026-05-04T06:30:19.895+0000] {dag.py:2915} INFO - Sync 1 DAGs
[2026-05-04T06:30:19.901+0000] {logging_mixin.py:151} INFO - [2026-05-04T06:30:19.901+0000] {dag.py:3696} INFO - Setting next_dagrun for backfill_retail_pipeline to None, run_after=None
[2026-05-04T06:30:19.908+0000] {processor.py:179} INFO - Processing /opt/airflow/dags/backfill_retail_pipeline.py took 0.053 seconds
[2026-05-04T06:30:50.116+0000] {processor.py:157} INFO - Started process (PID=7303) to work on /opt/airflow/dags/backfill_retail_pipeline.py
[2026-05-04T06:30:50.118+0000] {processor.py:829} INFO - Processing file /opt/airflow/dags/backfill_retail_pipeline.py for tasks to queue
[2026-05-04T06:30:50.119+0000] {logging_mixin.py:151} INFO - [2026-05-04T06:30:50.119+0000] {dagbag.py:539} INFO - Filling up the DagBag from /opt/airflow/dags/backfill_retail_pipeline.py
[2026-05-04T06:30:50.137+0000] {processor.py:839} INFO - DAG(s) dict_keys(['backfill_retail_pipeline']) retrieved from /opt/airflow/dags/backfill_retail_pipeline.py
[2026-05-04T06:30:50.200+0000] {logging_mixin.py:151} INFO - [2026-05-04T06:30:50.200+0000] {dag.py:2915} INFO - Sync 1 DAGs
[2026-05-04T06:30:50.211+0000] {logging_mixin.py:151} INFO - [2026-05-04T06:30:50.211+0000] {dag.py:3696} INFO - Setting next_dagrun for backfill_retail_pipeline to None, run_after=None
[2026-05-04T06:30:50.226+0000] {processor.py:179} INFO - Processing /opt/airflow/dags/backfill_retail_pipeline.py took 0.116 seconds
[2026-05-04T06:31:20.491+0000] {processor.py:157} INFO - Started process (PID=7318) to work on /opt/airflow/dags/backfill_retail_pipeline.py
[2026-05-04T06:31:20.493+0000] {processor.py:829} INFO - Processing file /opt/airflow/dags/backfill_retail_pipeline.py for tasks to queue
[2026-05-04T06:31:20.494+0000] {logging_mixin.py:151} INFO - [2026-05-04T06:31:20.493+0000] {dagbag.py:539} INFO - Filling up the DagBag from /opt/airflow/dags/backfill_retail_pipeline.py
[2026-05-04T06:31:20.505+0000] {processor.py:839} INFO - DAG(s) dict_keys(['backfill_retail_pipeline']) retrieved from /opt/airflow/dags/backfill_retail_pipeline.py
[2026-05-04T06:31:20.529+0000] {logging_mixin.py:151} INFO - [2026-05-04T06:31:20.529+0000] {dag.py:2915} INFO - Sync 1 DAGs
[2026-05-04T06:31:20.536+0000] {logging_mixin.py:151} INFO - [2026-05-04T06:31:20.536+0000] {dag.py:3696} INFO - Setting next_dagrun for backfill_retail_pipeline to None, run_after=None
[2026-05-04T06:31:20.543+0000] {processor.py:179} INFO - Processing /opt/airflow/dags/backfill_retail_pipeline.py took 0.059 seconds
[2026-05-04T06:31:50.768+0000] {processor.py:157} INFO - Started process (PID=7333) to work on /opt/airflow/dags/backfill_retail_pipeline.py
[2026-05-04T06:31:50.769+0000] {processor.py:829} INFO - Processing file /opt/airflow/dags/backfill_retail_pipeline.py for tasks to queue
[2026-05-04T06:31:50.770+0000] {logging_mixin.py:151} INFO - [2026-05-04T06:31:50.770+0000] {dagbag.py:539} INFO - Filling up the DagBag from /opt/airflow/dags/backfill_retail_pipeline.py
[2026-05-04T06:31:50.782+0000] {processor.py:839} INFO - DAG(s) dict_keys(['backfill_retail_pipeline']) retrieved from /opt/airflow/dags/backfill_retail_pipeline.py
[2026-05-04T06:31:50.807+0000] {logging_mixin.py:151} INFO - [2026-05-04T06:31:50.807+0000] {dag.py:2915} INFO - Sync 1 DAGs
[2026-05-04T06:31:50.815+0000] {logging_mixin.py:151} INFO - [2026-05-04T06:31:50.815+0000] {dag.py:3696} INFO - Setting next_dagrun for backfill_retail_pipeline to None, run_after=None
[2026-05-04T06:31:50.822+0000] {processor.py:179} INFO - Processing /opt/airflow/dags/backfill_retail_pipeline.py took 0.059 seconds
[2026-05-04T06:32:21.002+0000] {processor.py:157} INFO - Started process (PID=7348) to work on /opt/airflow/dags/backfill_retail_pipeline.py
[2026-05-04T06:32:21.003+0000] {processor.py:829} INFO - Processing file /opt/airflow/dags/backfill_retail_pipeline.py for tasks to queue
[2026-05-04T06:32:21.004+0000] {logging_mixin.py:151} INFO - [2026-05-04T06:32:21.004+0000] {dagbag.py:539} INFO - Filling up the DagBag from /opt/airflow/dags/backfill_retail_pipeline.py
[2026-05-04T06:32:21.017+0000] {processor.py:839} INFO - DAG(s) dict_keys(['backfill_retail_pipeline']) retrieved from /opt/airflow/dags/backfill_retail_pipeline.py
[2026-05-04T06:32:21.041+0000] {logging_mixin.py:151} INFO - [2026-05-04T06:32:21.041+0000] {dag.py:2915} INFO - Sync 1 DAGs
[2026-05-04T06:32:21.047+0000] {logging_mixin.py:151} INFO - [2026-05-04T06:32:21.047+0000] {dag.py:3696} INFO - Setting next_dagrun for backfill_retail_pipeline to None, run_after=None
[2026-05-04T06:32:21.054+0000] {processor.py:179} INFO - Processing /opt/airflow/dags/backfill_retail_pipeline.py took 0.057 seconds
[2026-05-04T06:32:51.380+0000] {processor.py:157} INFO - Started process (PID=7363) to work on /opt/airflow/dags/backfill_retail_pipeline.py
[2026-05-04T06:32:51.381+0000] {processor.py:829} INFO - Processing file /opt/airflow/dags/backfill_retail_pipeline.py for tasks to queue
[2026-05-04T06:32:51.381+0000] {logging_mixin.py:151} INFO - [2026-05-04T06:32:51.381+0000] {dagbag.py:539} INFO - Filling up the DagBag from /opt/airflow/dags/backfill_retail_pipeline.py
[2026-05-04T06:32:51.389+0000] {processor.py:839} INFO - DAG(s) dict_keys(['backfill_retail_pipeline']) retrieved from /opt/airflow/dags/backfill_retail_pipeline.py
[2026-05-04T06:32:51.406+0000] {logging_mixin.py:151} INFO - [2026-05-04T06:32:51.406+0000] {dag.py:2915} INFO - Sync 1 DAGs
[2026-05-04T06:32:51.412+0000] {logging_mixin.py:151} INFO - [2026-05-04T06:32:51.412+0000] {dag.py:3696} INFO - Setting next_dagrun for backfill_retail_pipeline to None, run_after=None
[2026-05-04T06:32:51.420+0000] {processor.py:179} INFO - Processing /opt/airflow/dags/backfill_retail_pipeline.py took 0.042 seconds
[2026-05-04T06:33:21.763+0000] {processor.py:157} INFO - Started process (PID=7378) to work on /opt/airflow/dags/backfill_retail_pipeline.py
[2026-05-04T06:33:21.764+0000] {processor.py:829} INFO - Processing file /opt/airflow/dags/backfill_retail_pipeline.py for tasks to queue
[2026-05-04T06:33:21.764+0000] {logging_mixin.py:151} INFO - [2026-05-04T06:33:21.764+0000] {dagbag.py:539} INFO - Filling up the DagBag from /opt/airflow/dags/backfill_retail_pipeline.py
[2026-05-04T06:33:21.773+0000] {processor.py:839} INFO - DAG(s) dict_keys(['backfill_retail_pipeline']) retrieved from /opt/airflow/dags/backfill_retail_pipeline.py
[2026-05-04T06:33:21.793+0000] {logging_mixin.py:151} INFO - [2026-05-04T06:33:21.793+0000] {dag.py:2915} INFO - Sync 1 DAGs
[2026-05-04T06:33:21.800+0000] {logging_mixin.py:151} INFO - [2026-05-04T06:33:21.800+0000] {dag.py:3696} INFO - Setting next_dagrun for backfill_retail_pipeline to None, run_after=None
[2026-05-04T06:33:21.807+0000] {processor.py:179} INFO - Processing /opt/airflow/dags/backfill_retail_pipeline.py took 0.048 seconds
[2026-05-04T06:33:52.015+0000] {processor.py:157} INFO - Started process (PID=7393) to work on /opt/airflow/dags/backfill_retail_pipeline.py
[2026-05-04T06:33:52.016+0000] {processor.py:829} INFO - Processing file /opt/airflow/dags/backfill_retail_pipeline.py for tasks to queue
[2026-05-04T06:33:52.017+0000] {logging_mixin.py:151} INFO - [2026-05-04T06:33:52.017+0000] {dagbag.py:539} INFO - Filling up the DagBag from /opt/airflow/dags/backfill_retail_pipeline.py
[2026-05-04T06:33:52.026+0000] {processor.py:839} INFO - DAG(s) dict_keys(['backfill_retail_pipeline']) retrieved from /opt/airflow/dags/backfill_retail_pipeline.py
[2026-05-04T06:33:52.045+0000] {logging_mixin.py:151} INFO - [2026-05-04T06:33:52.045+0000] {dag.py:2915} INFO - Sync 1 DAGs
[2026-05-04T06:33:52.050+0000] {logging_mixin.py:151} INFO - [2026-05-04T06:33:52.050+0000] {dag.py:3696} INFO - Setting next_dagrun for backfill_retail_pipeline to None, run_after=None
[2026-05-04T06:33:52.057+0000] {processor.py:179} INFO - Processing /opt/airflow/dags/backfill_retail_pipeline.py took 0.046 seconds
[2026-05-04T06:34:22.288+0000] {processor.py:157} INFO - Started process (PID=7408) to work on /opt/airflow/dags/backfill_retail_pipeline.py
[2026-05-04T06:34:22.289+0000] {processor.py:829} INFO - Processing file /opt/airflow/dags/backfill_retail_pipeline.py for tasks to queue
[2026-05-04T06:34:22.290+0000] {logging_mixin.py:151} INFO - [2026-05-04T06:34:22.290+0000] {dagbag.py:539} INFO - Filling up the DagBag from /opt/airflow/dags/backfill_retail_pipeline.py
[2026-05-04T06:34:22.298+0000] {processor.py:839} INFO - DAG(s) dict_keys(['backfill_retail_pipeline']) retrieved from /opt/airflow/dags/backfill_retail_pipeline.py
[2026-05-04T06:34:22.317+0000] {logging_mixin.py:151} INFO - [2026-05-04T06:34:22.317+0000] {dag.py:2915} INFO - Sync 1 DAGs
[2026-05-04T06:34:22.322+0000] {logging_mixin.py:151} INFO - [2026-05-04T06:34:22.322+0000] {dag.py:3696} INFO - Setting next_dagrun for backfill_retail_pipeline to None, run_after=None
[2026-05-04T06:34:22.328+0000] {processor.py:179} INFO - Processing /opt/airflow/dags/backfill_retail_pipeline.py took 0.043 seconds
[2026-05-04T06:34:52.590+0000] {processor.py:157} INFO - Started process (PID=7423) to work on /opt/airflow/dags/backfill_retail_pipeline.py
[2026-05-04T06:34:52.591+0000] {processor.py:829} INFO - Processing file /opt/airflow/dags/backfill_retail_pipeline.py for tasks to queue
[2026-05-04T06:34:52.592+0000] {logging_mixin.py:151} INFO - [2026-05-04T06:34:52.591+0000] {dagbag.py:539} INFO - Filling up the DagBag from /opt/airflow/dags/backfill_retail_pipeline.py
[2026-05-04T06:34:52.600+0000] {processor.py:839} INFO - DAG(s) dict_keys(['backfill_retail_pipeline']) retrieved from /opt/airflow/dags/backfill_retail_pipeline.py
[2026-05-04T06:34:52.621+0000] {logging_mixin.py:151} INFO - [2026-05-04T06:34:52.620+0000] {dag.py:2915} INFO - Sync 1 DAGs
[2026-05-04T06:34:52.627+0000] {logging_mixin.py:151} INFO - [2026-05-04T06:34:52.626+0000] {dag.py:3696} INFO - Setting next_dagrun for backfill_retail_pipeline to None, run_after=None
[2026-05-04T06:34:52.634+0000] {processor.py:179} INFO - Processing /opt/airflow/dags/backfill_retail_pipeline.py took 0.048 seconds
[2026-05-04T06:35:22.979+0000] {processor.py:157} INFO - Started process (PID=7438) to work on /opt/airflow/dags/backfill_retail_pipeline.py
[2026-05-04T06:35:22.980+0000] {processor.py:829} INFO - Processing file /opt/airflow/dags/backfill_retail_pipeline.py for tasks to queue
[2026-05-04T06:35:22.981+0000] {logging_mixin.py:151} INFO - [2026-05-04T06:35:22.980+0000] {dagbag.py:539} INFO - Filling up the DagBag from /opt/airflow/dags/backfill_retail_pipeline.py
[2026-05-04T06:35:22.989+0000] {processor.py:839} INFO - DAG(s) dict_keys(['backfill_retail_pipeline']) retrieved from /opt/airflow/dags/backfill_retail_pipeline.py
[2026-05-04T06:35:23.012+0000] {logging_mixin.py:151} INFO - [2026-05-04T06:35:23.012+0000] {dag.py:2915} INFO - Sync 1 DAGs
[2026-05-04T06:35:23.019+0000] {logging_mixin.py:151} INFO - [2026-05-04T06:35:23.019+0000] {dag.py:3696} INFO - Setting next_dagrun for backfill_retail_pipeline to None, run_after=None
[2026-05-04T06:35:23.025+0000] {processor.py:179} INFO - Processing /opt/airflow/dags/backfill_retail_pipeline.py took 0.052 seconds
[2026-05-04T06:35:53.289+0000] {processor.py:157} INFO - Started process (PID=7453) to work on /opt/airflow/dags/backfill_retail_pipeline.py
[2026-05-04T06:35:53.290+0000] {processor.py:829} INFO - Processing file /opt/airflow/dags/backfill_retail_pipeline.py for tasks to queue
[2026-05-04T06:35:53.290+0000] {logging_mixin.py:151} INFO - [2026-05-04T06:35:53.290+0000] {dagbag.py:539} INFO - Filling up the DagBag from /opt/airflow/dags/backfill_retail_pipeline.py
[2026-05-04T06:35:53.298+0000] {processor.py:839} INFO - DAG(s) dict_keys(['backfill_retail_pipeline']) retrieved from /opt/airflow/dags/backfill_retail_pipeline.py
[2026-05-04T06:35:53.319+0000] {logging_mixin.py:151} INFO - [2026-05-04T06:35:53.319+0000] {dag.py:2915} INFO - Sync 1 DAGs
[2026-05-04T06:35:53.324+0000] {logging_mixin.py:151} INFO - [2026-05-04T06:35:53.324+0000] {dag.py:3696} INFO - Setting next_dagrun for backfill_retail_pipeline to None, run_after=None
[2026-05-04T06:35:53.331+0000] {processor.py:179} INFO - Processing /opt/airflow/dags/backfill_retail_pipeline.py took 0.046 seconds
[2026-05-04T06:36:23.651+0000] {processor.py:157} INFO - Started process (PID=7468) to work on /opt/airflow/dags/backfill_retail_pipeline.py
[2026-05-04T06:36:23.652+0000] {processor.py:829} INFO - Processing file /opt/airflow/dags/backfill_retail_pipeline.py for tasks to queue
[2026-05-04T06:36:23.653+0000] {logging_mixin.py:151} INFO - [2026-05-04T06:36:23.653+0000] {dagbag.py:539} INFO - Filling up the DagBag from /opt/airflow/dags/backfill_retail_pipeline.py
[2026-05-04T06:36:23.662+0000] {processor.py:839} INFO - DAG(s) dict_keys(['backfill_retail_pipeline']) retrieved from /opt/airflow/dags/backfill_retail_pipeline.py
[2026-05-04T06:36:23.682+0000] {logging_mixin.py:151} INFO - [2026-05-04T06:36:23.682+0000] {dag.py:2915} INFO - Sync 1 DAGs
[2026-05-04T06:36:23.688+0000] {logging_mixin.py:151} INFO - [2026-05-04T06:36:23.688+0000] {dag.py:3696} INFO - Setting next_dagrun for backfill_retail_pipeline to None, run_after=None
[2026-05-04T06:36:23.695+0000] {processor.py:179} INFO - Processing /opt/airflow/dags/backfill_retail_pipeline.py took 0.047 seconds
[2026-05-04T06:36:53.962+0000] {processor.py:157} INFO - Started process (PID=7483) to work on /opt/airflow/dags/backfill_retail_pipeline.py
[2026-05-04T06:36:53.965+0000] {processor.py:829} INFO - Processing file /opt/airflow/dags/backfill_retail_pipeline.py for tasks to queue
[2026-05-04T06:36:53.966+0000] {logging_mixin.py:151} INFO - [2026-05-04T06:36:53.966+0000] {dagbag.py:539} INFO - Filling up the DagBag from /opt/airflow/dags/backfill_retail_pipeline.py
[2026-05-04T06:36:53.974+0000] {processor.py:839} INFO - DAG(s) dict_keys(['backfill_retail_pipeline']) retrieved from /opt/airflow/dags/backfill_retail_pipeline.py
[2026-05-04T06:36:53.994+0000] {logging_mixin.py:151} INFO - [2026-05-04T06:36:53.994+0000] {dag.py:2915} INFO - Sync 1 DAGs
[2026-05-04T06:36:54.000+0000] {logging_mixin.py:151} INFO - [2026-05-04T06:36:54.000+0000] {dag.py:3696} INFO - Setting next_dagrun for backfill_retail_pipeline to None, run_after=None
[2026-05-04T06:36:54.006+0000] {processor.py:179} INFO - Processing /opt/airflow/dags/backfill_retail_pipeline.py took 0.047 seconds
[2026-05-04T06:37:24.362+0000] {processor.py:157} INFO - Started process (PID=7498) to work on /opt/airflow/dags/backfill_retail_pipeline.py
[2026-05-04T06:37:24.365+0000] {processor.py:829} INFO - Processing file /opt/airflow/dags/backfill_retail_pipeline.py for tasks to queue
[2026-05-04T06:37:24.366+0000] {logging_mixin.py:151} INFO - [2026-05-04T06:37:24.365+0000] {dagbag.py:539} INFO - Filling up the DagBag from /opt/airflow/dags/backfill_retail_pipeline.py
[2026-05-04T06:37:24.374+0000] {processor.py:839} INFO - DAG(s) dict_keys(['backfill_retail_pipeline']) retrieved from /opt/airflow/dags/backfill_retail_pipeline.py
[2026-05-04T06:37:24.397+0000] {logging_mixin.py:151} INFO - [2026-05-04T06:37:24.396+0000] {dag.py:2915} INFO - Sync 1 DAGs
[2026-05-04T06:37:24.403+0000] {logging_mixin.py:151} INFO - [2026-05-04T06:37:24.402+0000] {dag.py:3696} INFO - Setting next_dagrun for backfill_retail_pipeline to None, run_after=None
[2026-05-04T06:37:24.409+0000] {processor.py:179} INFO - Processing /opt/airflow/dags/backfill_retail_pipeline.py took 0.052 seconds
[2026-05-04T06:37:54.790+0000] {processor.py:157} INFO - Started process (PID=7513) to work on /opt/airflow/dags/backfill_retail_pipeline.py
[2026-05-04T06:37:54.793+0000] {processor.py:829} INFO - Processing file /opt/airflow/dags/backfill_retail_pipeline.py for tasks to queue
[2026-05-04T06:37:54.794+0000] {logging_mixin.py:151} INFO - [2026-05-04T06:37:54.794+0000] {dagbag.py:539} INFO - Filling up the DagBag from /opt/airflow/dags/backfill_retail_pipeline.py
[2026-05-04T06:37:54.803+0000] {processor.py:839} INFO - DAG(s) dict_keys(['backfill_retail_pipeline']) retrieved from /opt/airflow/dags/backfill_retail_pipeline.py
[2026-05-04T06:37:54.824+0000] {logging_mixin.py:151} INFO - [2026-05-04T06:37:54.824+0000] {dag.py:2915} INFO - Sync 1 DAGs
[2026-05-04T06:37:54.829+0000] {logging_mixin.py:151} INFO - [2026-05-04T06:37:54.829+0000] {dag.py:3696} INFO - Setting next_dagrun for backfill_retail_pipeline to None, run_after=None
[2026-05-04T06:37:54.836+0000] {processor.py:179} INFO - Processing /opt/airflow/dags/backfill_retail_pipeline.py took 0.049 seconds
[2026-05-04T06:38:25.071+0000] {processor.py:157} INFO - Started process (PID=7528) to work on /opt/airflow/dags/backfill_retail_pipeline.py
[2026-05-04T06:38:25.072+0000] {processor.py:829} INFO - Processing file /opt/airflow/dags/backfill_retail_pipeline.py for tasks to queue
[2026-05-04T06:38:25.073+0000] {logging_mixin.py:151} INFO - [2026-05-04T06:38:25.073+0000] {dagbag.py:539} INFO - Filling up the DagBag from /opt/airflow/dags/backfill_retail_pipeline.py
[2026-05-04T06:38:25.082+0000] {processor.py:839} INFO - DAG(s) dict_keys(['backfill_retail_pipeline']) retrieved from /opt/airflow/dags/backfill_retail_pipeline.py
[2026-05-04T06:38:25.105+0000] {logging_mixin.py:151} INFO - [2026-05-04T06:38:25.105+0000] {dag.py:2915} INFO - Sync 1 DAGs
[2026-05-04T06:38:25.112+0000] {logging_mixin.py:151} INFO - [2026-05-04T06:38:25.112+0000] {dag.py:3696} INFO - Setting next_dagrun for backfill_retail_pipeline to None, run_after=None
[2026-05-04T06:38:25.120+0000] {processor.py:179} INFO - Processing /opt/airflow/dags/backfill_retail_pipeline.py took 0.053 seconds
[2026-05-04T06:38:55.469+0000] {processor.py:157} INFO - Started process (PID=7543) to work on /opt/airflow/dags/backfill_retail_pipeline.py
[2026-05-04T06:38:55.470+0000] {processor.py:829} INFO - Processing file /opt/airflow/dags/backfill_retail_pipeline.py for tasks to queue
[2026-05-04T06:38:55.471+0000] {logging_mixin.py:151} INFO - [2026-05-04T06:38:55.470+0000] {dagbag.py:539} INFO - Filling up the DagBag from /opt/airflow/dags/backfill_retail_pipeline.py
[2026-05-04T06:38:55.479+0000] {processor.py:839} INFO - DAG(s) dict_keys(['backfill_retail_pipeline']) retrieved from /opt/airflow/dags/backfill_retail_pipeline.py
[2026-05-04T06:38:55.498+0000] {logging_mixin.py:151} INFO - [2026-05-04T06:38:55.498+0000] {dag.py:2915} INFO - Sync 1 DAGs
[2026-05-04T06:38:55.503+0000] {logging_mixin.py:151} INFO - [2026-05-04T06:38:55.503+0000] {dag.py:3696} INFO - Setting next_dagrun for backfill_retail_pipeline to None, run_after=None
[2026-05-04T06:38:55.510+0000] {processor.py:179} INFO - Processing /opt/airflow/dags/backfill_retail_pipeline.py took 0.044 seconds
[2026-05-04T06:39:25.758+0000] {processor.py:157} INFO - Started process (PID=7558) to work on /opt/airflow/dags/backfill_retail_pipeline.py
[2026-05-04T06:39:25.759+0000] {processor.py:829} INFO - Processing file /opt/airflow/dags/backfill_retail_pipeline.py for tasks to queue
[2026-05-04T06:39:25.760+0000] {logging_mixin.py:151} INFO - [2026-05-04T06:39:25.760+0000] {dagbag.py:539} INFO - Filling up the DagBag from /opt/airflow/dags/backfill_retail_pipeline.py
[2026-05-04T06:39:25.769+0000] {processor.py:839} INFO - DAG(s) dict_keys(['backfill_retail_pipeline']) retrieved from /opt/airflow/dags/backfill_retail_pipeline.py
[2026-05-04T06:39:25.788+0000] {logging_mixin.py:151} INFO - [2026-05-04T06:39:25.788+0000] {dag.py:2915} INFO - Sync 1 DAGs
[2026-05-04T06:39:25.793+0000] {logging_mixin.py:151} INFO - [2026-05-04T06:39:25.793+0000] {dag.py:3696} INFO - Setting next_dagrun for backfill_retail_pipeline to None, run_after=None
[2026-05-04T06:39:25.800+0000] {processor.py:179} INFO - Processing /opt/airflow/dags/backfill_retail_pipeline.py took 0.044 seconds
[2026-05-04T06:39:56.136+0000] {processor.py:157} INFO - Started process (PID=7573) to work on /opt/airflow/dags/backfill_retail_pipeline.py
[2026-05-04T06:39:56.138+0000] {processor.py:829} INFO - Processing file /opt/airflow/dags/backfill_retail_pipeline.py for tasks to queue
[2026-05-04T06:39:56.139+0000] {logging_mixin.py:151} INFO - [2026-05-04T06:39:56.138+0000] {dagbag.py:539} INFO - Filling up the DagBag from /opt/airflow/dags/backfill_retail_pipeline.py
[2026-05-04T06:39:56.150+0000] {processor.py:839} INFO - DAG(s) dict_keys(['backfill_retail_pipeline']) retrieved from /opt/airflow/dags/backfill_retail_pipeline.py
[2026-05-04T06:39:56.171+0000] {logging_mixin.py:151} INFO - [2026-05-04T06:39:56.171+0000] {dag.py:2915} INFO - Sync 1 DAGs
[2026-05-04T06:39:56.176+0000] {logging_mixin.py:151} INFO - [2026-05-04T06:39:56.176+0000] {dag.py:3696} INFO - Setting next_dagrun for backfill_retail_pipeline to None, run_after=None
[2026-05-04T06:39:56.182+0000] {processor.py:179} INFO - Processing /opt/airflow/dags/backfill_retail_pipeline.py took 0.050 seconds
[2026-05-04T06:40:26.429+0000] {processor.py:157} INFO - Started process (PID=7588) to work on /opt/airflow/dags/backfill_retail_pipeline.py
[2026-05-04T06:40:26.430+0000] {processor.py:829} INFO - Processing file /opt/airflow/dags/backfill_retail_pipeline.py for tasks to queue
[2026-05-04T06:40:26.431+0000] {logging_mixin.py:151} INFO - [2026-05-04T06:40:26.431+0000] {dagbag.py:539} INFO - Filling up the DagBag from /opt/airflow/dags/backfill_retail_pipeline.py
[2026-05-04T06:40:26.440+0000] {processor.py:839} INFO - DAG(s) dict_keys(['backfill_retail_pipeline']) retrieved from /opt/airflow/dags/backfill_retail_pipeline.py
[2026-05-04T06:40:26.460+0000] {logging_mixin.py:151} INFO - [2026-05-04T06:40:26.460+0000] {dag.py:2915} INFO - Sync 1 DAGs
[2026-05-04T06:40:26.465+0000] {logging_mixin.py:151} INFO - [2026-05-04T06:40:26.465+0000] {dag.py:3696} INFO - Setting next_dagrun for backfill_retail_pipeline to None, run_after=None
[2026-05-04T06:40:26.473+0000] {processor.py:179} INFO - Processing /opt/airflow/dags/backfill_retail_pipeline.py took 0.046 seconds
[2026-05-04T06:40:56.841+0000] {processor.py:157} INFO - Started process (PID=7603) to work on /opt/airflow/dags/backfill_retail_pipeline.py
[2026-05-04T06:40:56.845+0000] {processor.py:829} INFO - Processing file /opt/airflow/dags/backfill_retail_pipeline.py for tasks to queue
[2026-05-04T06:40:56.846+0000] {logging_mixin.py:151} INFO - [2026-05-04T06:40:56.845+0000] {dagbag.py:539} INFO - Filling up the DagBag from /opt/airflow/dags/backfill_retail_pipeline.py
[2026-05-04T06:40:56.859+0000] {processor.py:839} INFO - DAG(s) dict_keys(['backfill_retail_pipeline']) retrieved from /opt/airflow/dags/backfill_retail_pipeline.py
[2026-05-04T06:40:56.882+0000] {logging_mixin.py:151} INFO - [2026-05-04T06:40:56.882+0000] {dag.py:2915} INFO - Sync 1 DAGs
[2026-05-04T06:40:56.888+0000] {logging_mixin.py:151} INFO - [2026-05-04T06:40:56.888+0000] {dag.py:3696} INFO - Setting next_dagrun for backfill_retail_pipeline to None, run_after=None
[2026-05-04T06:40:56.896+0000] {processor.py:179} INFO - Processing /opt/airflow/dags/backfill_retail_pipeline.py took 0.059 seconds
[2026-05-04T06:41:27.248+0000] {processor.py:157} INFO - Started process (PID=7618) to work on /opt/airflow/dags/backfill_retail_pipeline.py
[2026-05-04T06:41:27.250+0000] {processor.py:829} INFO - Processing file /opt/airflow/dags/backfill_retail_pipeline.py for tasks to queue
[2026-05-04T06:41:27.251+0000] {logging_mixin.py:151} INFO - [2026-05-04T06:41:27.251+0000] {dagbag.py:539} INFO - Filling up the DagBag from /opt/airflow/dags/backfill_retail_pipeline.py
[2026-05-04T06:41:27.260+0000] {processor.py:839} INFO - DAG(s) dict_keys(['backfill_retail_pipeline']) retrieved from /opt/airflow/dags/backfill_retail_pipeline.py
[2026-05-04T06:41:27.281+0000] {logging_mixin.py:151} INFO - [2026-05-04T06:41:27.281+0000] {dag.py:2915} INFO - Sync 1 DAGs
[2026-05-04T06:41:27.288+0000] {logging_mixin.py:151} INFO - [2026-05-04T06:41:27.287+0000] {dag.py:3696} INFO - Setting next_dagrun for backfill_retail_pipeline to None, run_after=None
[2026-05-04T06:41:27.294+0000] {processor.py:179} INFO - Processing /opt/airflow/dags/backfill_retail_pipeline.py took 0.049 seconds
[2026-05-04T06:41:57.721+0000] {processor.py:157} INFO - Started process (PID=7633) to work on /opt/airflow/dags/backfill_retail_pipeline.py
[2026-05-04T06:41:57.722+0000] {processor.py:829} INFO - Processing file /opt/airflow/dags/backfill_retail_pipeline.py for tasks to queue
[2026-05-04T06:41:57.724+0000] {logging_mixin.py:151} INFO - [2026-05-04T06:41:57.723+0000] {dagbag.py:539} INFO - Filling up the DagBag from /opt/airflow/dags/backfill_retail_pipeline.py
[2026-05-04T06:41:57.739+0000] {processor.py:839} INFO - DAG(s) dict_keys(['backfill_retail_pipeline']) retrieved from /opt/airflow/dags/backfill_retail_pipeline.py
[2026-05-04T06:41:57.775+0000] {logging_mixin.py:151} INFO - [2026-05-04T06:41:57.774+0000] {dag.py:2915} INFO - Sync 1 DAGs
[2026-05-04T06:41:57.784+0000] {logging_mixin.py:151} INFO - [2026-05-04T06:41:57.784+0000] {dag.py:3696} INFO - Setting next_dagrun for backfill_retail_pipeline to None, run_after=None
[2026-05-04T06:41:57.793+0000] {processor.py:179} INFO - Processing /opt/airflow/dags/backfill_retail_pipeline.py took 0.077 seconds
[2026-05-04T06:42:28.094+0000] {processor.py:157} INFO - Started process (PID=7648) to work on /opt/airflow/dags/backfill_retail_pipeline.py
[2026-05-04T06:42:28.096+0000] {processor.py:829} INFO - Processing file /opt/airflow/dags/backfill_retail_pipeline.py for tasks to queue
[2026-05-04T06:42:28.097+0000] {logging_mixin.py:151} INFO - [2026-05-04T06:42:28.097+0000] {dagbag.py:539} INFO - Filling up the DagBag from /opt/airflow/dags/backfill_retail_pipeline.py
[2026-05-04T06:42:28.105+0000] {processor.py:839} INFO - DAG(s) dict_keys(['backfill_retail_pipeline']) retrieved from /opt/airflow/dags/backfill_retail_pipeline.py
[2026-05-04T06:42:28.130+0000] {logging_mixin.py:151} INFO - [2026-05-04T06:42:28.130+0000] {dag.py:2915} INFO - Sync 1 DAGs
[2026-05-04T06:42:28.137+0000] {logging_mixin.py:151} INFO - [2026-05-04T06:42:28.137+0000] {dag.py:3696} INFO - Setting next_dagrun for backfill_retail_pipeline to None, run_after=None
[2026-05-04T06:42:28.144+0000] {processor.py:179} INFO - Processing /opt/airflow/dags/backfill_retail_pipeline.py took 0.054 seconds
[2026-05-04T06:42:58.447+0000] {processor.py:157} INFO - Started process (PID=7663) to work on /opt/airflow/dags/backfill_retail_pipeline.py
[2026-05-04T06:42:58.451+0000] {processor.py:829} INFO - Processing file /opt/airflow/dags/backfill_retail_pipeline.py for tasks to queue
[2026-05-04T06:42:58.452+0000] {logging_mixin.py:151} INFO - [2026-05-04T06:42:58.451+0000] {dagbag.py:539} INFO - Filling up the DagBag from /opt/airflow/dags/backfill_retail_pipeline.py
[2026-05-04T06:42:58.461+0000] {processor.py:839} INFO - DAG(s) dict_keys(['backfill_retail_pipeline']) retrieved from /opt/airflow/dags/backfill_retail_pipeline.py
[2026-05-04T06:42:58.480+0000] {logging_mixin.py:151} INFO - [2026-05-04T06:42:58.480+0000] {dag.py:2915} INFO - Sync 1 DAGs
[2026-05-04T06:42:58.485+0000] {logging_mixin.py:151} INFO - [2026-05-04T06:42:58.485+0000] {dag.py:3696} INFO - Setting next_dagrun for backfill_retail_pipeline to None, run_after=None
[2026-05-04T06:42:58.491+0000] {processor.py:179} INFO - Processing /opt/airflow/dags/backfill_retail_pipeline.py took 0.047 seconds
[2026-05-04T06:43:28.710+0000] {processor.py:157} INFO - Started process (PID=7678) to work on /opt/airflow/dags/backfill_retail_pipeline.py
[2026-05-04T06:43:28.711+0000] {processor.py:829} INFO - Processing file /opt/airflow/dags/backfill_retail_pipeline.py for tasks to queue
[2026-05-04T06:43:28.712+0000] {logging_mixin.py:151} INFO - [2026-05-04T06:43:28.711+0000] {dagbag.py:539} INFO - Filling up the DagBag from /opt/airflow/dags/backfill_retail_pipeline.py
[2026-05-04T06:43:28.722+0000] {processor.py:839} INFO - DAG(s) dict_keys(['backfill_retail_pipeline']) retrieved from /opt/airflow/dags/backfill_retail_pipeline.py
[2026-05-04T06:43:28.742+0000] {logging_mixin.py:151} INFO - [2026-05-04T06:43:28.742+0000] {dag.py:2915} INFO - Sync 1 DAGs
[2026-05-04T06:43:28.748+0000] {logging_mixin.py:151} INFO - [2026-05-04T06:43:28.748+0000] {dag.py:3696} INFO - Setting next_dagrun for backfill_retail_pipeline to None, run_after=None
[2026-05-04T06:43:28.754+0000] {processor.py:179} INFO - Processing /opt/airflow/dags/backfill_retail_pipeline.py took 0.050 seconds
[2026-05-04T06:43:58.940+0000] {processor.py:157} INFO - Started process (PID=7693) to work on /opt/airflow/dags/backfill_retail_pipeline.py
[2026-05-04T06:43:58.940+0000] {processor.py:829} INFO - Processing file /opt/airflow/dags/backfill_retail_pipeline.py for tasks to queue
[2026-05-04T06:43:58.941+0000] {logging_mixin.py:151} INFO - [2026-05-04T06:43:58.941+0000] {dagbag.py:539} INFO - Filling up the DagBag from /opt/airflow/dags/backfill_retail_pipeline.py
[2026-05-04T06:43:58.951+0000] {processor.py:839} INFO - DAG(s) dict_keys(['backfill_retail_pipeline']) retrieved from /opt/airflow/dags/backfill_retail_pipeline.py
[2026-05-04T06:43:58.972+0000] {logging_mixin.py:151} INFO - [2026-05-04T06:43:58.972+0000] {dag.py:2915} INFO - Sync 1 DAGs
[2026-05-04T06:43:58.978+0000] {logging_mixin.py:151} INFO - [2026-05-04T06:43:58.978+0000] {dag.py:3696} INFO - Setting next_dagrun for backfill_retail_pipeline to None, run_after=None
[2026-05-04T06:43:58.985+0000] {processor.py:179} INFO - Processing /opt/airflow/dags/backfill_retail_pipeline.py took 0.048 seconds
[2026-05-04T06:44:29.356+0000] {processor.py:157} INFO - Started process (PID=7708) to work on /opt/airflow/dags/backfill_retail_pipeline.py
[2026-05-04T06:44:29.357+0000] {processor.py:829} INFO - Processing file /opt/airflow/dags/backfill_retail_pipeline.py for tasks to queue
[2026-05-04T06:44:29.357+0000] {logging_mixin.py:151} INFO - [2026-05-04T06:44:29.357+0000] {dagbag.py:539} INFO - Filling up the DagBag from /opt/airflow/dags/backfill_retail_pipeline.py
[2026-05-04T06:44:29.366+0000] {processor.py:839} INFO - DAG(s) dict_keys(['backfill_retail_pipeline']) retrieved from /opt/airflow/dags/backfill_retail_pipeline.py
[2026-05-04T06:44:29.386+0000] {logging_mixin.py:151} INFO - [2026-05-04T06:44:29.386+0000] {dag.py:2915} INFO - Sync 1 DAGs
[2026-05-04T06:44:29.392+0000] {logging_mixin.py:151} INFO - [2026-05-04T06:44:29.392+0000] {dag.py:3696} INFO - Setting next_dagrun for backfill_retail_pipeline to None, run_after=None
[2026-05-04T06:44:29.399+0000] {processor.py:179} INFO - Processing /opt/airflow/dags/backfill_retail_pipeline.py took 0.045 seconds
[2026-05-04T06:44:59.662+0000] {processor.py:157} INFO - Started process (PID=7723) to work on /opt/airflow/dags/backfill_retail_pipeline.py
[2026-05-04T06:44:59.662+0000] {processor.py:829} INFO - Processing file /opt/airflow/dags/backfill_retail_pipeline.py for tasks to queue
[2026-05-04T06:44:59.663+0000] {logging_mixin.py:151} INFO - [2026-05-04T06:44:59.663+0000] {dagbag.py:539} INFO - Filling up the DagBag from /opt/airflow/dags/backfill_retail_pipeline.py
[2026-05-04T06:44:59.672+0000] {processor.py:839} INFO - DAG(s) dict_keys(['backfill_retail_pipeline']) retrieved from /opt/airflow/dags/backfill_retail_pipeline.py
[2026-05-04T06:44:59.692+0000] {logging_mixin.py:151} INFO - [2026-05-04T06:44:59.692+0000] {dag.py:2915} INFO - Sync 1 DAGs
[2026-05-04T06:44:59.698+0000] {logging_mixin.py:151} INFO - [2026-05-04T06:44:59.698+0000] {dag.py:3696} INFO - Setting next_dagrun for backfill_retail_pipeline to None, run_after=None
[2026-05-04T06:44:59.704+0000] {processor.py:179} INFO - Processing /opt/airflow/dags/backfill_retail_pipeline.py took 0.045 seconds
[2026-05-04T06:45:29.978+0000] {processor.py:157} INFO - Started process (PID=7738) to work on /opt/airflow/dags/backfill_retail_pipeline.py
[2026-05-04T06:45:29.979+0000] {processor.py:829} INFO - Processing file /opt/airflow/dags/backfill_retail_pipeline.py for tasks to queue
[2026-05-04T06:45:29.980+0000] {logging_mixin.py:151} INFO - [2026-05-04T06:45:29.980+0000] {dagbag.py:539} INFO - Filling up the DagBag from /opt/airflow/dags/backfill_retail_pipeline.py
[2026-05-04T06:45:29.992+0000] {processor.py:839} INFO - DAG(s) dict_keys(['backfill_retail_pipeline']) retrieved from /opt/airflow/dags/backfill_retail_pipeline.py
[2026-05-04T06:45:30.017+0000] {logging_mixin.py:151} INFO - [2026-05-04T06:45:30.016+0000] {dag.py:2915} INFO - Sync 1 DAGs
[2026-05-04T06:45:30.023+0000] {logging_mixin.py:151} INFO - [2026-05-04T06:45:30.023+0000] {dag.py:3696} INFO - Setting next_dagrun for backfill_retail_pipeline to None, run_after=None
[2026-05-04T06:45:30.030+0000] {processor.py:179} INFO - Processing /opt/airflow/dags/backfill_retail_pipeline.py took 0.055 seconds
[2026-05-04T06:46:00.278+0000] {processor.py:157} INFO - Started process (PID=7753) to work on /opt/airflow/dags/backfill_retail_pipeline.py
[2026-05-04T06:46:00.279+0000] {processor.py:829} INFO - Processing file /opt/airflow/dags/backfill_retail_pipeline.py for tasks to queue
[2026-05-04T06:46:00.280+0000] {logging_mixin.py:151} INFO - [2026-05-04T06:46:00.279+0000] {dagbag.py:539} INFO - Filling up the DagBag from /opt/airflow/dags/backfill_retail_pipeline.py
[2026-05-04T06:46:00.290+0000] {processor.py:839} INFO - DAG(s) dict_keys(['backfill_retail_pipeline']) retrieved from /opt/airflow/dags/backfill_retail_pipeline.py
[2026-05-04T06:46:00.310+0000] {logging_mixin.py:151} INFO - [2026-05-04T06:46:00.310+0000] {dag.py:2915} INFO - Sync 1 DAGs
[2026-05-04T06:46:00.317+0000] {logging_mixin.py:151} INFO - [2026-05-04T06:46:00.316+0000] {dag.py:3696} INFO - Setting next_dagrun for backfill_retail_pipeline to None, run_after=None
[2026-05-04T06:46:00.324+0000] {processor.py:179} INFO - Processing /opt/airflow/dags/backfill_retail_pipeline.py took 0.049 seconds
[2026-05-04T06:46:30.699+0000] {processor.py:157} INFO - Started process (PID=7768) to work on /opt/airflow/dags/backfill_retail_pipeline.py
[2026-05-04T06:46:30.702+0000] {processor.py:829} INFO - Processing file /opt/airflow/dags/backfill_retail_pipeline.py for tasks to queue
[2026-05-04T06:46:30.703+0000] {logging_mixin.py:151} INFO - [2026-05-04T06:46:30.703+0000] {dagbag.py:539} INFO - Filling up the DagBag from /opt/airflow/dags/backfill_retail_pipeline.py
[2026-05-04T06:46:30.711+0000] {processor.py:839} INFO - DAG(s) dict_keys(['backfill_retail_pipeline']) retrieved from /opt/airflow/dags/backfill_retail_pipeline.py
[2026-05-04T06:46:30.729+0000] {logging_mixin.py:151} INFO - [2026-05-04T06:46:30.729+0000] {dag.py:2915} INFO - Sync 1 DAGs
[2026-05-04T06:46:30.734+0000] {logging_mixin.py:151} INFO - [2026-05-04T06:46:30.734+0000] {dag.py:3696} INFO - Setting next_dagrun for backfill_retail_pipeline to None, run_after=None
[2026-05-04T06:46:30.741+0000] {processor.py:179} INFO - Processing /opt/airflow/dags/backfill_retail_pipeline.py took 0.047 seconds
[2026-05-04T06:47:00.985+0000] {processor.py:157} INFO - Started process (PID=7783) to work on /opt/airflow/dags/backfill_retail_pipeline.py
[2026-05-04T06:47:00.988+0000] {processor.py:829} INFO - Processing file /opt/airflow/dags/backfill_retail_pipeline.py for tasks to queue
[2026-05-04T06:47:00.990+0000] {logging_mixin.py:151} INFO - [2026-05-04T06:47:00.989+0000] {dagbag.py:539} INFO - Filling up the DagBag from /opt/airflow/dags/backfill_retail_pipeline.py
[2026-05-04T06:47:01.015+0000] {processor.py:839} INFO - DAG(s) dict_keys(['backfill_retail_pipeline']) retrieved from /opt/airflow/dags/backfill_retail_pipeline.py
[2026-05-04T06:47:01.049+0000] {logging_mixin.py:151} INFO - [2026-05-04T06:47:01.049+0000] {dag.py:2915} INFO - Sync 1 DAGs
[2026-05-04T06:47:01.064+0000] {logging_mixin.py:151} INFO - [2026-05-04T06:47:01.064+0000] {dag.py:3696} INFO - Setting next_dagrun for backfill_retail_pipeline to None, run_after=None
[2026-05-04T06:47:01.072+0000] {processor.py:179} INFO - Processing /opt/airflow/dags/backfill_retail_pipeline.py took 0.098 seconds
[2026-05-04T06:47:31.314+0000] {processor.py:157} INFO - Started process (PID=7798) to work on /opt/airflow/dags/backfill_retail_pipeline.py
[2026-05-04T06:47:31.315+0000] {processor.py:829} INFO - Processing file /opt/airflow/dags/backfill_retail_pipeline.py for tasks to queue
[2026-05-04T06:47:31.316+0000] {logging_mixin.py:151} INFO - [2026-05-04T06:47:31.316+0000] {dagbag.py:539} INFO - Filling up the DagBag from /opt/airflow/dags/backfill_retail_pipeline.py
[2026-05-04T06:47:31.325+0000] {processor.py:839} INFO - DAG(s) dict_keys(['backfill_retail_pipeline']) retrieved from /opt/airflow/dags/backfill_retail_pipeline.py
[2026-05-04T06:47:31.345+0000] {logging_mixin.py:151} INFO - [2026-05-04T06:47:31.344+0000] {dag.py:2915} INFO - Sync 1 DAGs
[2026-05-04T06:47:31.350+0000] {logging_mixin.py:151} INFO - [2026-05-04T06:47:31.350+0000] {dag.py:3696} INFO - Setting next_dagrun for backfill_retail_pipeline to None, run_after=None
[2026-05-04T06:47:31.356+0000] {processor.py:179} INFO - Processing /opt/airflow/dags/backfill_retail_pipeline.py took 0.045 seconds
[2026-05-04T06:48:01.682+0000] {processor.py:157} INFO - Started process (PID=7813) to work on /opt/airflow/dags/backfill_retail_pipeline.py
[2026-05-04T06:48:01.685+0000] {processor.py:829} INFO - Processing file /opt/airflow/dags/backfill_retail_pipeline.py for tasks to queue
[2026-05-04T06:48:01.685+0000] {logging_mixin.py:151} INFO - [2026-05-04T06:48:01.685+0000] {dagbag.py:539} INFO - Filling up the DagBag from /opt/airflow/dags/backfill_retail_pipeline.py
[2026-05-04T06:48:01.695+0000] {processor.py:839} INFO - DAG(s) dict_keys(['backfill_retail_pipeline']) retrieved from /opt/airflow/dags/backfill_retail_pipeline.py
[2026-05-04T06:48:01.714+0000] {logging_mixin.py:151} INFO - [2026-05-04T06:48:01.713+0000] {dag.py:2915} INFO - Sync 1 DAGs
[2026-05-04T06:48:01.719+0000] {logging_mixin.py:151} INFO - [2026-05-04T06:48:01.719+0000] {dag.py:3696} INFO - Setting next_dagrun for backfill_retail_pipeline to None, run_after=None
[2026-05-04T06:48:01.726+0000] {processor.py:179} INFO - Processing /opt/airflow/dags/backfill_retail_pipeline.py took 0.047 seconds
[2026-05-04T06:48:32.002+0000] {processor.py:157} INFO - Started process (PID=7828) to work on /opt/airflow/dags/backfill_retail_pipeline.py
[2026-05-04T06:48:32.003+0000] {processor.py:829} INFO - Processing file /opt/airflow/dags/backfill_retail_pipeline.py for tasks to queue
[2026-05-04T06:48:32.004+0000] {logging_mixin.py:151} INFO - [2026-05-04T06:48:32.003+0000] {dagbag.py:539} INFO - Filling up the DagBag from /opt/airflow/dags/backfill_retail_pipeline.py
[2026-05-04T06:48:32.017+0000] {processor.py:839} INFO - DAG(s) dict_keys(['backfill_retail_pipeline']) retrieved from /opt/airflow/dags/backfill_retail_pipeline.py
[2026-05-04T06:48:32.038+0000] {logging_mixin.py:151} INFO - [2026-05-04T06:48:32.038+0000] {dag.py:2915} INFO - Sync 1 DAGs
[2026-05-04T06:48:32.043+0000] {logging_mixin.py:151} INFO - [2026-05-04T06:48:32.043+0000] {dag.py:3696} INFO - Setting next_dagrun for backfill_retail_pipeline to None, run_after=None
[2026-05-04T06:48:32.050+0000] {processor.py:179} INFO - Processing /opt/airflow/dags/backfill_retail_pipeline.py took 0.052 seconds
[2026-05-04T06:49:02.416+0000] {processor.py:157} INFO - Started process (PID=7843) to work on /opt/airflow/dags/backfill_retail_pipeline.py
[2026-05-04T06:49:02.419+0000] {processor.py:829} INFO - Processing file /opt/airflow/dags/backfill_retail_pipeline.py for tasks to queue
[2026-05-04T06:49:02.420+0000] {logging_mixin.py:151} INFO - [2026-05-04T06:49:02.420+0000] {dagbag.py:539} INFO - Filling up the DagBag from /opt/airflow/dags/backfill_retail_pipeline.py
[2026-05-04T06:49:02.428+0000] {processor.py:839} INFO - DAG(s) dict_keys(['backfill_retail_pipeline']) retrieved from /opt/airflow/dags/backfill_retail_pipeline.py
[2026-05-04T06:49:02.446+0000] {logging_mixin.py:151} INFO - [2026-05-04T06:49:02.446+0000] {dag.py:2915} INFO - Sync 1 DAGs
[2026-05-04T06:49:02.452+0000] {logging_mixin.py:151} INFO - [2026-05-04T06:49:02.452+0000] {dag.py:3696} INFO - Setting next_dagrun for backfill_retail_pipeline to None, run_after=None
[2026-05-04T06:49:02.459+0000] {processor.py:179} INFO - Processing /opt/airflow/dags/backfill_retail_pipeline.py took 0.046 seconds
[2026-05-04T06:49:32.729+0000] {processor.py:157} INFO - Started process (PID=7858) to work on /opt/airflow/dags/backfill_retail_pipeline.py
[2026-05-04T06:49:32.733+0000] {processor.py:829} INFO - Processing file /opt/airflow/dags/backfill_retail_pipeline.py for tasks to queue
[2026-05-04T06:49:32.734+0000] {logging_mixin.py:151} INFO - [2026-05-04T06:49:32.733+0000] {dagbag.py:539} INFO - Filling up the DagBag from /opt/airflow/dags/backfill_retail_pipeline.py
[2026-05-04T06:49:32.748+0000] {processor.py:839} INFO - DAG(s) dict_keys(['backfill_retail_pipeline']) retrieved from /opt/airflow/dags/backfill_retail_pipeline.py
[2026-05-04T06:49:32.773+0000] {logging_mixin.py:151} INFO - [2026-05-04T06:49:32.773+0000] {dag.py:2915} INFO - Sync 1 DAGs
[2026-05-04T06:49:32.787+0000] {logging_mixin.py:151} INFO - [2026-05-04T06:49:32.787+0000] {dag.py:3696} INFO - Setting next_dagrun for backfill_retail_pipeline to None, run_after=None
[2026-05-04T06:49:32.797+0000] {processor.py:179} INFO - Processing /opt/airflow/dags/backfill_retail_pipeline.py took 0.073 seconds
[2026-05-04T06:50:03.167+0000] {processor.py:157} INFO - Started process (PID=7873) to work on /opt/airflow/dags/backfill_retail_pipeline.py
[2026-05-04T06:50:03.170+0000] {processor.py:829} INFO - Processing file /opt/airflow/dags/backfill_retail_pipeline.py for tasks to queue
[2026-05-04T06:50:03.171+0000] {logging_mixin.py:151} INFO - [2026-05-04T06:50:03.170+0000] {dagbag.py:539} INFO - Filling up the DagBag from /opt/airflow/dags/backfill_retail_pipeline.py
[2026-05-04T06:50:03.180+0000] {processor.py:839} INFO - DAG(s) dict_keys(['backfill_retail_pipeline']) retrieved from /opt/airflow/dags/backfill_retail_pipeline.py
[2026-05-04T06:50:03.200+0000] {logging_mixin.py:151} INFO - [2026-05-04T06:50:03.199+0000] {dag.py:2915} INFO - Sync 1 DAGs
[2026-05-04T06:50:03.205+0000] {logging_mixin.py:151} INFO - [2026-05-04T06:50:03.205+0000] {dag.py:3696} INFO - Setting next_dagrun for backfill_retail_pipeline to None, run_after=None
[2026-05-04T06:50:03.212+0000] {processor.py:179} INFO - Processing /opt/airflow/dags/backfill_retail_pipeline.py took 0.048 seconds
[2026-05-04T06:50:33.551+0000] {processor.py:157} INFO - Started process (PID=7888) to work on /opt/airflow/dags/backfill_retail_pipeline.py
[2026-05-04T06:50:33.552+0000] {processor.py:829} INFO - Processing file /opt/airflow/dags/backfill_retail_pipeline.py for tasks to queue
[2026-05-04T06:50:33.553+0000] {logging_mixin.py:151} INFO - [2026-05-04T06:50:33.553+0000] {dagbag.py:539} INFO - Filling up the DagBag from /opt/airflow/dags/backfill_retail_pipeline.py
[2026-05-04T06:50:33.563+0000] {processor.py:839} INFO - DAG(s) dict_keys(['backfill_retail_pipeline']) retrieved from /opt/airflow/dags/backfill_retail_pipeline.py
[2026-05-04T06:50:33.584+0000] {logging_mixin.py:151} INFO - [2026-05-04T06:50:33.584+0000] {dag.py:2915} INFO - Sync 1 DAGs
[2026-05-04T06:50:33.591+0000] {logging_mixin.py:151} INFO - [2026-05-04T06:50:33.591+0000] {dag.py:3696} INFO - Setting next_dagrun for backfill_retail_pipeline to None, run_after=None
[2026-05-04T06:50:33.598+0000] {processor.py:179} INFO - Processing /opt/airflow/dags/backfill_retail_pipeline.py took 0.051 seconds
[2026-05-04T06:51:03.887+0000] {processor.py:157} INFO - Started process (PID=7903) to work on /opt/airflow/dags/backfill_retail_pipeline.py
[2026-05-04T06:51:03.888+0000] {processor.py:829} INFO - Processing file /opt/airflow/dags/backfill_retail_pipeline.py for tasks to queue
[2026-05-04T06:51:03.889+0000] {logging_mixin.py:151} INFO - [2026-05-04T06:51:03.888+0000] {dagbag.py:539} INFO - Filling up the DagBag from /opt/airflow/dags/backfill_retail_pipeline.py
[2026-05-04T06:51:03.896+0000] {processor.py:839} INFO - DAG(s) dict_keys(['backfill_retail_pipeline']) retrieved from /opt/airflow/dags/backfill_retail_pipeline.py
[2026-05-04T06:51:03.919+0000] {logging_mixin.py:151} INFO - [2026-05-04T06:51:03.919+0000] {dag.py:2915} INFO - Sync 1 DAGs
[2026-05-04T06:51:03.930+0000] {logging_mixin.py:151} INFO - [2026-05-04T06:51:03.930+0000] {dag.py:3696} INFO - Setting next_dagrun for backfill_retail_pipeline to None, run_after=None
[2026-05-04T06:51:03.939+0000] {processor.py:179} INFO - Processing /opt/airflow/dags/backfill_retail_pipeline.py took 0.054 seconds
[2026-05-04T06:51:34.251+0000] {processor.py:157} INFO - Started process (PID=7918) to work on /opt/airflow/dags/backfill_retail_pipeline.py
[2026-05-04T06:51:34.254+0000] {processor.py:829} INFO - Processing file /opt/airflow/dags/backfill_retail_pipeline.py for tasks to queue
[2026-05-04T06:51:34.254+0000] {logging_mixin.py:151} INFO - [2026-05-04T06:51:34.254+0000] {dagbag.py:539} INFO - Filling up the DagBag from /opt/airflow/dags/backfill_retail_pipeline.py
[2026-05-04T06:51:34.263+0000] {processor.py:839} INFO - DAG(s) dict_keys(['backfill_retail_pipeline']) retrieved from /opt/airflow/dags/backfill_retail_pipeline.py
[2026-05-04T06:51:34.281+0000] {logging_mixin.py:151} INFO - [2026-05-04T06:51:34.280+0000] {dag.py:2915} INFO - Sync 1 DAGs
[2026-05-04T06:51:34.287+0000] {logging_mixin.py:151} INFO - [2026-05-04T06:51:34.287+0000] {dag.py:3696} INFO - Setting next_dagrun for backfill_retail_pipeline to None, run_after=None
[2026-05-04T06:51:34.294+0000] {processor.py:179} INFO - Processing /opt/airflow/dags/backfill_retail_pipeline.py took 0.047 seconds
[2026-05-04T06:52:04.507+0000] {processor.py:157} INFO - Started process (PID=7933) to work on /opt/airflow/dags/backfill_retail_pipeline.py
[2026-05-04T06:52:04.508+0000] {processor.py:829} INFO - Processing file /opt/airflow/dags/backfill_retail_pipeline.py for tasks to queue
[2026-05-04T06:52:04.509+0000] {logging_mixin.py:151} INFO - [2026-05-04T06:52:04.509+0000] {dagbag.py:539} INFO - Filling up the DagBag from /opt/airflow/dags/backfill_retail_pipeline.py
[2026-05-04T06:52:04.519+0000] {processor.py:839} INFO - DAG(s) dict_keys(['backfill_retail_pipeline']) retrieved from /opt/airflow/dags/backfill_retail_pipeline.py
[2026-05-04T06:52:04.539+0000] {logging_mixin.py:151} INFO - [2026-05-04T06:52:04.539+0000] {dag.py:2915} INFO - Sync 1 DAGs
[2026-05-04T06:52:04.545+0000] {logging_mixin.py:151} INFO - [2026-05-04T06:52:04.545+0000] {dag.py:3696} INFO - Setting next_dagrun for backfill_retail_pipeline to None, run_after=None
[2026-05-04T06:52:04.552+0000] {processor.py:179} INFO - Processing /opt/airflow/dags/backfill_retail_pipeline.py took 0.048 seconds
[2026-05-04T06:52:34.838+0000] {processor.py:157} INFO - Started process (PID=7948) to work on /opt/airflow/dags/backfill_retail_pipeline.py
[2026-05-04T06:52:34.839+0000] {processor.py:829} INFO - Processing file /opt/airflow/dags/backfill_retail_pipeline.py for tasks to queue
[2026-05-04T06:52:34.840+0000] {logging_mixin.py:151} INFO - [2026-05-04T06:52:34.840+0000] {dagbag.py:539} INFO - Filling up the DagBag from /opt/airflow/dags/backfill_retail_pipeline.py
[2026-05-04T06:52:34.849+0000] {processor.py:839} INFO - DAG(s) dict_keys(['backfill_retail_pipeline']) retrieved from /opt/airflow/dags/backfill_retail_pipeline.py
[2026-05-04T06:52:34.869+0000] {logging_mixin.py:151} INFO - [2026-05-04T06:52:34.868+0000] {dag.py:2915} INFO - Sync 1 DAGs
[2026-05-04T06:52:34.877+0000] {logging_mixin.py:151} INFO - [2026-05-04T06:52:34.877+0000] {dag.py:3696} INFO - Setting next_dagrun for backfill_retail_pipeline to None, run_after=None
[2026-05-04T06:52:34.885+0000] {processor.py:179} INFO - Processing /opt/airflow/dags/backfill_retail_pipeline.py took 0.051 seconds
[2026-05-04T06:53:05.164+0000] {processor.py:157} INFO - Started process (PID=7963) to work on /opt/airflow/dags/backfill_retail_pipeline.py
[2026-05-04T06:53:05.167+0000] {processor.py:829} INFO - Processing file /opt/airflow/dags/backfill_retail_pipeline.py for tasks to queue
[2026-05-04T06:53:05.168+0000] {logging_mixin.py:151} INFO - [2026-05-04T06:53:05.168+0000] {dagbag.py:539} INFO - Filling up the DagBag from /opt/airflow/dags/backfill_retail_pipeline.py
[2026-05-04T06:53:05.176+0000] {processor.py:839} INFO - DAG(s) dict_keys(['backfill_retail_pipeline']) retrieved from /opt/airflow/dags/backfill_retail_pipeline.py
[2026-05-04T06:53:05.199+0000] {logging_mixin.py:151} INFO - [2026-05-04T06:53:05.199+0000] {dag.py:2915} INFO - Sync 1 DAGs
[2026-05-04T06:53:05.204+0000] {logging_mixin.py:151} INFO - [2026-05-04T06:53:05.204+0000] {dag.py:3696} INFO - Setting next_dagrun for backfill_retail_pipeline to None, run_after=None
[2026-05-04T06:53:05.211+0000] {processor.py:179} INFO - Processing /opt/airflow/dags/backfill_retail_pipeline.py took 0.050 seconds
[2026-05-04T06:53:35.490+0000] {processor.py:157} INFO - Started process (PID=7978) to work on /opt/airflow/dags/backfill_retail_pipeline.py
[2026-05-04T06:53:35.491+0000] {processor.py:829} INFO - Processing file /opt/airflow/dags/backfill_retail_pipeline.py for tasks to queue
[2026-05-04T06:53:35.491+0000] {logging_mixin.py:151} INFO - [2026-05-04T06:53:35.491+0000] {dagbag.py:539} INFO - Filling up the DagBag from /opt/airflow/dags/backfill_retail_pipeline.py
[2026-05-04T06:53:35.501+0000] {processor.py:839} INFO - DAG(s) dict_keys(['backfill_retail_pipeline']) retrieved from /opt/airflow/dags/backfill_retail_pipeline.py
[2026-05-04T06:53:35.522+0000] {logging_mixin.py:151} INFO - [2026-05-04T06:53:35.522+0000] {dag.py:2915} INFO - Sync 1 DAGs
[2026-05-04T06:53:35.527+0000] {logging_mixin.py:151} INFO - [2026-05-04T06:53:35.527+0000] {dag.py:3696} INFO - Setting next_dagrun for backfill_retail_pipeline to None, run_after=None
[2026-05-04T06:53:35.534+0000] {processor.py:179} INFO - Processing /opt/airflow/dags/backfill_retail_pipeline.py took 0.047 seconds
[2026-05-04T06:54:05.774+0000] {processor.py:157} INFO - Started process (PID=7993) to work on /opt/airflow/dags/backfill_retail_pipeline.py
[2026-05-04T06:54:05.775+0000] {processor.py:829} INFO - Processing file /opt/airflow/dags/backfill_retail_pipeline.py for tasks to queue
[2026-05-04T06:54:05.775+0000] {logging_mixin.py:151} INFO - [2026-05-04T06:54:05.775+0000] {dagbag.py:539} INFO - Filling up the DagBag from /opt/airflow/dags/backfill_retail_pipeline.py
[2026-05-04T06:54:05.785+0000] {processor.py:839} INFO - DAG(s) dict_keys(['backfill_retail_pipeline']) retrieved from /opt/airflow/dags/backfill_retail_pipeline.py
[2026-05-04T06:54:05.805+0000] {logging_mixin.py:151} INFO - [2026-05-04T06:54:05.805+0000] {dag.py:2915} INFO - Sync 1 DAGs
[2026-05-04T06:54:05.811+0000] {logging_mixin.py:151} INFO - [2026-05-04T06:54:05.811+0000] {dag.py:3696} INFO - Setting next_dagrun for backfill_retail_pipeline to None, run_after=None
[2026-05-04T06:54:05.818+0000] {processor.py:179} INFO - Processing /opt/airflow/dags/backfill_retail_pipeline.py took 0.047 seconds
[2026-05-04T06:54:36.122+0000] {processor.py:157} INFO - Started process (PID=8008) to work on /opt/airflow/dags/backfill_retail_pipeline.py
[2026-05-04T06:54:36.123+0000] {processor.py:829} INFO - Processing file /opt/airflow/dags/backfill_retail_pipeline.py for tasks to queue
[2026-05-04T06:54:36.124+0000] {logging_mixin.py:151} INFO - [2026-05-04T06:54:36.124+0000] {dagbag.py:539} INFO - Filling up the DagBag from /opt/airflow/dags/backfill_retail_pipeline.py
[2026-05-04T06:54:36.136+0000] {processor.py:839} INFO - DAG(s) dict_keys(['backfill_retail_pipeline']) retrieved from /opt/airflow/dags/backfill_retail_pipeline.py
[2026-05-04T06:54:36.158+0000] {logging_mixin.py:151} INFO - [2026-05-04T06:54:36.158+0000] {dag.py:2915} INFO - Sync 1 DAGs
[2026-05-04T06:54:36.164+0000] {logging_mixin.py:151} INFO - [2026-05-04T06:54:36.164+0000] {dag.py:3696} INFO - Setting next_dagrun for backfill_retail_pipeline to None, run_after=None
[2026-05-04T06:54:36.173+0000] {processor.py:179} INFO - Processing /opt/airflow/dags/backfill_retail_pipeline.py took 0.055 seconds
[2026-05-04T06:55:06.522+0000] {processor.py:157} INFO - Started process (PID=8023) to work on /opt/airflow/dags/backfill_retail_pipeline.py
[2026-05-04T06:55:06.523+0000] {processor.py:829} INFO - Processing file /opt/airflow/dags/backfill_retail_pipeline.py for tasks to queue
[2026-05-04T06:55:06.524+0000] {logging_mixin.py:151} INFO - [2026-05-04T06:55:06.524+0000] {dagbag.py:539} INFO - Filling up the DagBag from /opt/airflow/dags/backfill_retail_pipeline.py
[2026-05-04T06:55:06.534+0000] {processor.py:839} INFO - DAG(s) dict_keys(['backfill_retail_pipeline']) retrieved from /opt/airflow/dags/backfill_retail_pipeline.py
[2026-05-04T06:55:06.555+0000] {logging_mixin.py:151} INFO - [2026-05-04T06:55:06.555+0000] {dag.py:2915} INFO - Sync 1 DAGs
[2026-05-04T06:55:06.561+0000] {logging_mixin.py:151} INFO - [2026-05-04T06:55:06.561+0000] {dag.py:3696} INFO - Setting next_dagrun for backfill_retail_pipeline to None, run_after=None
[2026-05-04T06:55:06.568+0000] {processor.py:179} INFO - Processing /opt/airflow/dags/backfill_retail_pipeline.py took 0.049 seconds
[2026-05-04T06:55:36.828+0000] {processor.py:157} INFO - Started process (PID=8038) to work on /opt/airflow/dags/backfill_retail_pipeline.py
[2026-05-04T06:55:36.829+0000] {processor.py:829} INFO - Processing file /opt/airflow/dags/backfill_retail_pipeline.py for tasks to queue
[2026-05-04T06:55:36.830+0000] {logging_mixin.py:151} INFO - [2026-05-04T06:55:36.830+0000] {dagbag.py:539} INFO - Filling up the DagBag from /opt/airflow/dags/backfill_retail_pipeline.py
[2026-05-04T06:55:36.840+0000] {processor.py:839} INFO - DAG(s) dict_keys(['backfill_retail_pipeline']) retrieved from /opt/airflow/dags/backfill_retail_pipeline.py
[2026-05-04T06:55:36.859+0000] {logging_mixin.py:151} INFO - [2026-05-04T06:55:36.859+0000] {dag.py:2915} INFO - Sync 1 DAGs
[2026-05-04T06:55:36.864+0000] {logging_mixin.py:151} INFO - [2026-05-04T06:55:36.864+0000] {dag.py:3696} INFO - Setting next_dagrun for backfill_retail_pipeline to None, run_after=None
[2026-05-04T06:55:36.871+0000] {processor.py:179} INFO - Processing /opt/airflow/dags/backfill_retail_pipeline.py took 0.050 seconds
[2026-05-04T06:56:07.102+0000] {processor.py:157} INFO - Started process (PID=8053) to work on /opt/airflow/dags/backfill_retail_pipeline.py
[2026-05-04T06:56:07.103+0000] {processor.py:829} INFO - Processing file /opt/airflow/dags/backfill_retail_pipeline.py for tasks to queue
[2026-05-04T06:56:07.103+0000] {logging_mixin.py:151} INFO - [2026-05-04T06:56:07.103+0000] {dagbag.py:539} INFO - Filling up the DagBag from /opt/airflow/dags/backfill_retail_pipeline.py
[2026-05-04T06:56:07.113+0000] {processor.py:839} INFO - DAG(s) dict_keys(['backfill_retail_pipeline']) retrieved from /opt/airflow/dags/backfill_retail_pipeline.py
[2026-05-04T06:56:07.132+0000] {logging_mixin.py:151} INFO - [2026-05-04T06:56:07.132+0000] {dag.py:2915} INFO - Sync 1 DAGs
[2026-05-04T06:56:07.137+0000] {logging_mixin.py:151} INFO - [2026-05-04T06:56:07.137+0000] {dag.py:3696} INFO - Setting next_dagrun for backfill_retail_pipeline to None, run_after=None
[2026-05-04T06:56:07.146+0000] {processor.py:179} INFO - Processing /opt/airflow/dags/backfill_retail_pipeline.py took 0.047 seconds
[2026-05-04T06:56:37.484+0000] {processor.py:157} INFO - Started process (PID=8068) to work on /opt/airflow/dags/backfill_retail_pipeline.py
[2026-05-04T06:56:37.487+0000] {processor.py:829} INFO - Processing file /opt/airflow/dags/backfill_retail_pipeline.py for tasks to queue
[2026-05-04T06:56:37.488+0000] {logging_mixin.py:151} INFO - [2026-05-04T06:56:37.488+0000] {dagbag.py:539} INFO - Filling up the DagBag from /opt/airflow/dags/backfill_retail_pipeline.py
[2026-05-04T06:56:37.495+0000] {processor.py:839} INFO - DAG(s) dict_keys(['backfill_retail_pipeline']) retrieved from /opt/airflow/dags/backfill_retail_pipeline.py
[2026-05-04T06:56:37.511+0000] {logging_mixin.py:151} INFO - [2026-05-04T06:56:37.511+0000] {dag.py:2915} INFO - Sync 1 DAGs
[2026-05-04T06:56:37.517+0000] {logging_mixin.py:151} INFO - [2026-05-04T06:56:37.517+0000] {dag.py:3696} INFO - Setting next_dagrun for backfill_retail_pipeline to None, run_after=None
[2026-05-04T06:56:37.524+0000] {processor.py:179} INFO - Processing /opt/airflow/dags/backfill_retail_pipeline.py took 0.043 seconds
[2026-05-04T06:57:07.810+0000] {processor.py:157} INFO - Started process (PID=8083) to work on /opt/airflow/dags/backfill_retail_pipeline.py
[2026-05-04T06:57:07.811+0000] {processor.py:829} INFO - Processing file /opt/airflow/dags/backfill_retail_pipeline.py for tasks to queue
[2026-05-04T06:57:07.811+0000] {logging_mixin.py:151} INFO - [2026-05-04T06:57:07.811+0000] {dagbag.py:539} INFO - Filling up the DagBag from /opt/airflow/dags/backfill_retail_pipeline.py
[2026-05-04T06:57:07.817+0000] {processor.py:839} INFO - DAG(s) dict_keys(['backfill_retail_pipeline']) retrieved from /opt/airflow/dags/backfill_retail_pipeline.py
[2026-05-04T06:57:07.833+0000] {logging_mixin.py:151} INFO - [2026-05-04T06:57:07.832+0000] {dag.py:2915} INFO - Sync 1 DAGs
[2026-05-04T06:57:07.838+0000] {logging_mixin.py:151} INFO - [2026-05-04T06:57:07.837+0000] {dag.py:3696} INFO - Setting next_dagrun for backfill_retail_pipeline to None, run_after=None
[2026-05-04T06:57:07.844+0000] {processor.py:179} INFO - Processing /opt/airflow/dags/backfill_retail_pipeline.py took 0.036 seconds
[2026-05-04T06:57:38.117+0000] {processor.py:157} INFO - Started process (PID=8098) to work on /opt/airflow/dags/backfill_retail_pipeline.py
[2026-05-04T06:57:38.118+0000] {processor.py:829} INFO - Processing file /opt/airflow/dags/backfill_retail_pipeline.py for tasks to queue
[2026-05-04T06:57:38.119+0000] {logging_mixin.py:151} INFO - [2026-05-04T06:57:38.118+0000] {dagbag.py:539} INFO - Filling up the DagBag from /opt/airflow/dags/backfill_retail_pipeline.py
[2026-05-04T06:57:38.127+0000] {processor.py:839} INFO - DAG(s) dict_keys(['backfill_retail_pipeline']) retrieved from /opt/airflow/dags/backfill_retail_pipeline.py
[2026-05-04T06:57:38.152+0000] {logging_mixin.py:151} INFO - [2026-05-04T06:57:38.152+0000] {dag.py:2915} INFO - Sync 1 DAGs
[2026-05-04T06:57:38.158+0000] {logging_mixin.py:151} INFO - [2026-05-04T06:57:38.158+0000] {dag.py:3696} INFO - Setting next_dagrun for backfill_retail_pipeline to None, run_after=None
[2026-05-04T06:57:38.164+0000] {processor.py:179} INFO - Processing /opt/airflow/dags/backfill_retail_pipeline.py took 0.052 seconds
[2026-05-04T06:58:08.374+0000] {processor.py:157} INFO - Started process (PID=8113) to work on /opt/airflow/dags/backfill_retail_pipeline.py
[2026-05-04T06:58:08.375+0000] {processor.py:829} INFO - Processing file /opt/airflow/dags/backfill_retail_pipeline.py for tasks to queue
[2026-05-04T06:58:08.377+0000] {logging_mixin.py:151} INFO - [2026-05-04T06:58:08.376+0000] {dagbag.py:539} INFO - Filling up the DagBag from /opt/airflow/dags/backfill_retail_pipeline.py
[2026-05-04T06:58:08.385+0000] {processor.py:839} INFO - DAG(s) dict_keys(['backfill_retail_pipeline']) retrieved from /opt/airflow/dags/backfill_retail_pipeline.py
[2026-05-04T06:58:08.406+0000] {logging_mixin.py:151} INFO - [2026-05-04T06:58:08.406+0000] {dag.py:2915} INFO - Sync 1 DAGs
[2026-05-04T06:58:08.411+0000] {logging_mixin.py:151} INFO - [2026-05-04T06:58:08.411+0000] {dag.py:3696} INFO - Setting next_dagrun for backfill_retail_pipeline to None, run_after=None
[2026-05-04T06:58:08.417+0000] {processor.py:179} INFO - Processing /opt/airflow/dags/backfill_retail_pipeline.py took 0.049 seconds
[2026-05-04T06:58:38.700+0000] {processor.py:157} INFO - Started process (PID=8128) to work on /opt/airflow/dags/backfill_retail_pipeline.py
[2026-05-04T06:58:38.701+0000] {processor.py:829} INFO - Processing file /opt/airflow/dags/backfill_retail_pipeline.py for tasks to queue
[2026-05-04T06:58:38.702+0000] {logging_mixin.py:151} INFO - [2026-05-04T06:58:38.702+0000] {dagbag.py:539} INFO - Filling up the DagBag from /opt/airflow/dags/backfill_retail_pipeline.py
[2026-05-04T06:58:38.712+0000] {processor.py:839} INFO - DAG(s) dict_keys(['backfill_retail_pipeline']) retrieved from /opt/airflow/dags/backfill_retail_pipeline.py
[2026-05-04T06:58:38.734+0000] {logging_mixin.py:151} INFO - [2026-05-04T06:58:38.733+0000] {dag.py:2915} INFO - Sync 1 DAGs
[2026-05-04T06:58:38.739+0000] {logging_mixin.py:151} INFO - [2026-05-04T06:58:38.739+0000] {dag.py:3696} INFO - Setting next_dagrun for backfill_retail_pipeline to None, run_after=None
[2026-05-04T06:58:38.745+0000] {processor.py:179} INFO - Processing /opt/airflow/dags/backfill_retail_pipeline.py took 0.048 seconds
[2026-05-04T06:59:08.994+0000] {processor.py:157} INFO - Started process (PID=8143) to work on /opt/airflow/dags/backfill_retail_pipeline.py
[2026-05-04T06:59:08.995+0000] {processor.py:829} INFO - Processing file /opt/airflow/dags/backfill_retail_pipeline.py for tasks to queue
[2026-05-04T06:59:08.995+0000] {logging_mixin.py:151} INFO - [2026-05-04T06:59:08.995+0000] {dagbag.py:539} INFO - Filling up the DagBag from /opt/airflow/dags/backfill_retail_pipeline.py
[2026-05-04T06:59:09.004+0000] {processor.py:839} INFO - DAG(s) dict_keys(['backfill_retail_pipeline']) retrieved from /opt/airflow/dags/backfill_retail_pipeline.py
[2026-05-04T06:59:09.022+0000] {logging_mixin.py:151} INFO - [2026-05-04T06:59:09.022+0000] {dag.py:2915} INFO - Sync 1 DAGs
[2026-05-04T06:59:09.028+0000] {logging_mixin.py:151} INFO - [2026-05-04T06:59:09.028+0000] {dag.py:3696} INFO - Setting next_dagrun for backfill_retail_pipeline to None, run_after=None
[2026-05-04T06:59:09.034+0000] {processor.py:179} INFO - Processing /opt/airflow/dags/backfill_retail_pipeline.py took 0.044 seconds
[2026-05-04T06:59:39.311+0000] {processor.py:157} INFO - Started process (PID=8158) to work on /opt/airflow/dags/backfill_retail_pipeline.py
[2026-05-04T06:59:39.312+0000] {processor.py:829} INFO - Processing file /opt/airflow/dags/backfill_retail_pipeline.py for tasks to queue
[2026-05-04T06:59:39.313+0000] {logging_mixin.py:151} INFO - [2026-05-04T06:59:39.313+0000] {dagbag.py:539} INFO - Filling up the DagBag from /opt/airflow/dags/backfill_retail_pipeline.py
[2026-05-04T06:59:39.325+0000] {processor.py:839} INFO - DAG(s) dict_keys(['backfill_retail_pipeline']) retrieved from /opt/airflow/dags/backfill_retail_pipeline.py
[2026-05-04T06:59:39.350+0000] {logging_mixin.py:151} INFO - [2026-05-04T06:59:39.350+0000] {dag.py:2915} INFO - Sync 1 DAGs
[2026-05-04T06:59:39.356+0000] {logging_mixin.py:151} INFO - [2026-05-04T06:59:39.356+0000] {dag.py:3696} INFO - Setting next_dagrun for backfill_retail_pipeline to None, run_after=None
[2026-05-04T06:59:39.363+0000] {processor.py:179} INFO - Processing /opt/airflow/dags/backfill_retail_pipeline.py took 0.057 seconds
[2026-05-04T07:00:09.588+0000] {processor.py:157} INFO - Started process (PID=8216) to work on /opt/airflow/dags/backfill_retail_pipeline.py
[2026-05-04T07:00:09.589+0000] {processor.py:829} INFO - Processing file /opt/airflow/dags/backfill_retail_pipeline.py for tasks to queue
[2026-05-04T07:00:09.590+0000] {logging_mixin.py:151} INFO - [2026-05-04T07:00:09.589+0000] {dagbag.py:539} INFO - Filling up the DagBag from /opt/airflow/dags/backfill_retail_pipeline.py
[2026-05-04T07:00:09.602+0000] {processor.py:839} INFO - DAG(s) dict_keys(['backfill_retail_pipeline']) retrieved from /opt/airflow/dags/backfill_retail_pipeline.py
[2026-05-04T07:00:09.632+0000] {logging_mixin.py:151} INFO - [2026-05-04T07:00:09.632+0000] {dag.py:2915} INFO - Sync 1 DAGs
[2026-05-04T07:00:09.644+0000] {logging_mixin.py:151} INFO - [2026-05-04T07:00:09.644+0000] {dag.py:3696} INFO - Setting next_dagrun for backfill_retail_pipeline to None, run_after=None
[2026-05-04T07:00:09.651+0000] {processor.py:179} INFO - Processing /opt/airflow/dags/backfill_retail_pipeline.py took 0.067 seconds
[2026-05-04T07:00:39.852+0000] {processor.py:157} INFO - Started process (PID=8270) to work on /opt/airflow/dags/backfill_retail_pipeline.py
[2026-05-04T07:00:39.854+0000] {processor.py:829} INFO - Processing file /opt/airflow/dags/backfill_retail_pipeline.py for tasks to queue
[2026-05-04T07:00:39.855+0000] {logging_mixin.py:151} INFO - [2026-05-04T07:00:39.854+0000] {dagbag.py:539} INFO - Filling up the DagBag from /opt/airflow/dags/backfill_retail_pipeline.py
[2026-05-04T07:00:39.880+0000] {processor.py:839} INFO - DAG(s) dict_keys(['backfill_retail_pipeline']) retrieved from /opt/airflow/dags/backfill_retail_pipeline.py
[2026-05-04T07:00:39.914+0000] {logging_mixin.py:151} INFO - [2026-05-04T07:00:39.914+0000] {dag.py:2915} INFO - Sync 1 DAGs
[2026-05-04T07:00:39.923+0000] {logging_mixin.py:151} INFO - [2026-05-04T07:00:39.923+0000] {dag.py:3696} INFO - Setting next_dagrun for backfill_retail_pipeline to None, run_after=None
[2026-05-04T07:00:39.930+0000] {processor.py:179} INFO - Processing /opt/airflow/dags/backfill_retail_pipeline.py took 0.085 seconds
[2026-05-04T07:01:10.143+0000] {processor.py:157} INFO - Started process (PID=8285) to work on /opt/airflow/dags/backfill_retail_pipeline.py
[2026-05-04T07:01:10.145+0000] {processor.py:829} INFO - Processing file /opt/airflow/dags/backfill_retail_pipeline.py for tasks to queue
[2026-05-04T07:01:10.146+0000] {logging_mixin.py:151} INFO - [2026-05-04T07:01:10.146+0000] {dagbag.py:539} INFO - Filling up the DagBag from /opt/airflow/dags/backfill_retail_pipeline.py
[2026-05-04T07:01:10.156+0000] {processor.py:839} INFO - DAG(s) dict_keys(['backfill_retail_pipeline']) retrieved from /opt/airflow/dags/backfill_retail_pipeline.py
[2026-05-04T07:01:10.177+0000] {logging_mixin.py:151} INFO - [2026-05-04T07:01:10.177+0000] {dag.py:2915} INFO - Sync 1 DAGs
[2026-05-04T07:01:10.182+0000] {logging_mixin.py:151} INFO - [2026-05-04T07:01:10.182+0000] {dag.py:3696} INFO - Setting next_dagrun for backfill_retail_pipeline to None, run_after=None
[2026-05-04T07:01:10.189+0000] {processor.py:179} INFO - Processing /opt/airflow/dags/backfill_retail_pipeline.py took 0.050 seconds
[2026-05-04T07:01:40.441+0000] {processor.py:157} INFO - Started process (PID=8300) to work on /opt/airflow/dags/backfill_retail_pipeline.py
[2026-05-04T07:01:40.442+0000] {processor.py:829} INFO - Processing file /opt/airflow/dags/backfill_retail_pipeline.py for tasks to queue
[2026-05-04T07:01:40.443+0000] {logging_mixin.py:151} INFO - [2026-05-04T07:01:40.442+0000] {dagbag.py:539} INFO - Filling up the DagBag from /opt/airflow/dags/backfill_retail_pipeline.py
[2026-05-04T07:01:40.451+0000] {processor.py:839} INFO - DAG(s) dict_keys(['backfill_retail_pipeline']) retrieved from /opt/airflow/dags/backfill_retail_pipeline.py
[2026-05-04T07:01:40.485+0000] {logging_mixin.py:151} INFO - [2026-05-04T07:01:40.485+0000] {dag.py:2915} INFO - Sync 1 DAGs
[2026-05-04T07:01:40.492+0000] {logging_mixin.py:151} INFO - [2026-05-04T07:01:40.492+0000] {dag.py:3696} INFO - Setting next_dagrun for backfill_retail_pipeline to None, run_after=None
[2026-05-04T07:01:40.499+0000] {processor.py:179} INFO - Processing /opt/airflow/dags/backfill_retail_pipeline.py took 0.063 seconds
[2026-05-04T07:02:10.924+0000] {processor.py:157} INFO - Started process (PID=8315) to work on /opt/airflow/dags/backfill_retail_pipeline.py
[2026-05-04T07:02:10.925+0000] {processor.py:829} INFO - Processing file /opt/airflow/dags/backfill_retail_pipeline.py for tasks to queue
[2026-05-04T07:02:10.926+0000] {logging_mixin.py:151} INFO - [2026-05-04T07:02:10.926+0000] {dagbag.py:539} INFO - Filling up the DagBag from /opt/airflow/dags/backfill_retail_pipeline.py
[2026-05-04T07:02:10.935+0000] {processor.py:839} INFO - DAG(s) dict_keys(['backfill_retail_pipeline']) retrieved from /opt/airflow/dags/backfill_retail_pipeline.py
[2026-05-04T07:02:10.961+0000] {logging_mixin.py:151} INFO - [2026-05-04T07:02:10.961+0000] {dag.py:2915} INFO - Sync 1 DAGs
[2026-05-04T07:02:10.967+0000] {logging_mixin.py:151} INFO - [2026-05-04T07:02:10.967+0000] {dag.py:3696} INFO - Setting next_dagrun for backfill_retail_pipeline to None, run_after=None
[2026-05-04T07:02:10.976+0000] {processor.py:179} INFO - Processing /opt/airflow/dags/backfill_retail_pipeline.py took 0.056 seconds
[2026-05-04T07:02:41.177+0000] {processor.py:157} INFO - Started process (PID=8330) to work on /opt/airflow/dags/backfill_retail_pipeline.py
[2026-05-04T07:02:41.179+0000] {processor.py:829} INFO - Processing file /opt/airflow/dags/backfill_retail_pipeline.py for tasks to queue
[2026-05-04T07:02:41.180+0000] {logging_mixin.py:151} INFO - [2026-05-04T07:02:41.180+0000] {dagbag.py:539} INFO - Filling up the DagBag from /opt/airflow/dags/backfill_retail_pipeline.py
[2026-05-04T07:02:41.188+0000] {processor.py:839} INFO - DAG(s) dict_keys(['backfill_retail_pipeline']) retrieved from /opt/airflow/dags/backfill_retail_pipeline.py
[2026-05-04T07:02:41.207+0000] {logging_mixin.py:151} INFO - [2026-05-04T07:02:41.207+0000] {dag.py:2915} INFO - Sync 1 DAGs
[2026-05-04T07:02:41.212+0000] {logging_mixin.py:151} INFO - [2026-05-04T07:02:41.212+0000] {dag.py:3696} INFO - Setting next_dagrun for backfill_retail_pipeline to None, run_after=None
[2026-05-04T07:02:41.221+0000] {processor.py:179} INFO - Processing /opt/airflow/dags/backfill_retail_pipeline.py took 0.048 seconds
[2026-05-04T07:03:11.443+0000] {processor.py:157} INFO - Started process (PID=8345) to work on /opt/airflow/dags/backfill_retail_pipeline.py
[2026-05-04T07:03:11.446+0000] {processor.py:829} INFO - Processing file /opt/airflow/dags/backfill_retail_pipeline.py for tasks to queue
[2026-05-04T07:03:11.447+0000] {logging_mixin.py:151} INFO - [2026-05-04T07:03:11.446+0000] {dagbag.py:539} INFO - Filling up the DagBag from /opt/airflow/dags/backfill_retail_pipeline.py
[2026-05-04T07:03:11.455+0000] {processor.py:839} INFO - DAG(s) dict_keys(['backfill_retail_pipeline']) retrieved from /opt/airflow/dags/backfill_retail_pipeline.py
[2026-05-04T07:03:11.475+0000] {logging_mixin.py:151} INFO - [2026-05-04T07:03:11.475+0000] {dag.py:2915} INFO - Sync 1 DAGs
[2026-05-04T07:03:11.481+0000] {logging_mixin.py:151} INFO - [2026-05-04T07:03:11.480+0000] {dag.py:3696} INFO - Setting next_dagrun for backfill_retail_pipeline to None, run_after=None
[2026-05-04T07:03:11.486+0000] {processor.py:179} INFO - Processing /opt/airflow/dags/backfill_retail_pipeline.py took 0.046 seconds
[2026-05-04T07:03:41.772+0000] {processor.py:157} INFO - Started process (PID=8360) to work on /opt/airflow/dags/backfill_retail_pipeline.py
[2026-05-04T07:03:41.774+0000] {processor.py:829} INFO - Processing file /opt/airflow/dags/backfill_retail_pipeline.py for tasks to queue
[2026-05-04T07:03:41.775+0000] {logging_mixin.py:151} INFO - [2026-05-04T07:03:41.774+0000] {dagbag.py:539} INFO - Filling up the DagBag from /opt/airflow/dags/backfill_retail_pipeline.py
[2026-05-04T07:03:41.790+0000] {processor.py:839} INFO - DAG(s) dict_keys(['backfill_retail_pipeline']) retrieved from /opt/airflow/dags/backfill_retail_pipeline.py
[2026-05-04T07:03:41.815+0000] {logging_mixin.py:151} INFO - [2026-05-04T07:03:41.815+0000] {dag.py:2915} INFO - Sync 1 DAGs
[2026-05-04T07:03:41.823+0000] {logging_mixin.py:151} INFO - [2026-05-04T07:03:41.822+0000] {dag.py:3696} INFO - Setting next_dagrun for backfill_retail_pipeline to None, run_after=None
[2026-05-04T07:03:41.830+0000] {processor.py:179} INFO - Processing /opt/airflow/dags/backfill_retail_pipeline.py took 0.064 seconds
[2026-05-04T07:04:12.058+0000] {processor.py:157} INFO - Started process (PID=8375) to work on /opt/airflow/dags/backfill_retail_pipeline.py
[2026-05-04T07:04:12.060+0000] {processor.py:829} INFO - Processing file /opt/airflow/dags/backfill_retail_pipeline.py for tasks to queue
[2026-05-04T07:04:12.061+0000] {logging_mixin.py:151} INFO - [2026-05-04T07:04:12.061+0000] {dagbag.py:539} INFO - Filling up the DagBag from /opt/airflow/dags/backfill_retail_pipeline.py
[2026-05-04T07:04:12.075+0000] {processor.py:839} INFO - DAG(s) dict_keys(['backfill_retail_pipeline']) retrieved from /opt/airflow/dags/backfill_retail_pipeline.py
[2026-05-04T07:04:12.101+0000] {logging_mixin.py:151} INFO - [2026-05-04T07:04:12.101+0000] {dag.py:2915} INFO - Sync 1 DAGs
[2026-05-04T07:04:12.108+0000] {logging_mixin.py:151} INFO - [2026-05-04T07:04:12.108+0000] {dag.py:3696} INFO - Setting next_dagrun for backfill_retail_pipeline to None, run_after=None
[2026-05-04T07:04:12.116+0000] {processor.py:179} INFO - Processing /opt/airflow/dags/backfill_retail_pipeline.py took 0.064 seconds
[2026-05-04T07:04:42.382+0000] {processor.py:157} INFO - Started process (PID=8390) to work on /opt/airflow/dags/backfill_retail_pipeline.py
[2026-05-04T07:04:42.385+0000] {processor.py:829} INFO - Processing file /opt/airflow/dags/backfill_retail_pipeline.py for tasks to queue
[2026-05-04T07:04:42.386+0000] {logging_mixin.py:151} INFO - [2026-05-04T07:04:42.386+0000] {dagbag.py:539} INFO - Filling up the DagBag from /opt/airflow/dags/backfill_retail_pipeline.py
[2026-05-04T07:04:42.394+0000] {processor.py:839} INFO - DAG(s) dict_keys(['backfill_retail_pipeline']) retrieved from /opt/airflow/dags/backfill_retail_pipeline.py
[2026-05-04T07:04:42.420+0000] {logging_mixin.py:151} INFO - [2026-05-04T07:04:42.420+0000] {dag.py:2915} INFO - Sync 1 DAGs
[2026-05-04T07:04:42.426+0000] {logging_mixin.py:151} INFO - [2026-05-04T07:04:42.426+0000] {dag.py:3696} INFO - Setting next_dagrun for backfill_retail_pipeline to None, run_after=None
[2026-05-04T07:04:42.432+0000] {processor.py:179} INFO - Processing /opt/airflow/dags/backfill_retail_pipeline.py took 0.053 seconds
[2026-05-04T07:05:12.690+0000] {processor.py:157} INFO - Started process (PID=8405) to work on /opt/airflow/dags/backfill_retail_pipeline.py
[2026-05-04T07:05:12.691+0000] {processor.py:829} INFO - Processing file /opt/airflow/dags/backfill_retail_pipeline.py for tasks to queue
[2026-05-04T07:05:12.692+0000] {logging_mixin.py:151} INFO - [2026-05-04T07:05:12.691+0000] {dagbag.py:539} INFO - Filling up the DagBag from /opt/airflow/dags/backfill_retail_pipeline.py
[2026-05-04T07:05:12.700+0000] {processor.py:839} INFO - DAG(s) dict_keys(['backfill_retail_pipeline']) retrieved from /opt/airflow/dags/backfill_retail_pipeline.py
[2026-05-04T07:05:12.720+0000] {logging_mixin.py:151} INFO - [2026-05-04T07:05:12.720+0000] {dag.py:2915} INFO - Sync 1 DAGs
[2026-05-04T07:05:12.726+0000] {logging_mixin.py:151} INFO - [2026-05-04T07:05:12.726+0000] {dag.py:3696} INFO - Setting next_dagrun for backfill_retail_pipeline to None, run_after=None
[2026-05-04T07:05:12.732+0000] {processor.py:179} INFO - Processing /opt/airflow/dags/backfill_retail_pipeline.py took 0.046 seconds
[2026-05-04T07:05:43.020+0000] {processor.py:157} INFO - Started process (PID=8420) to work on /opt/airflow/dags/backfill_retail_pipeline.py
[2026-05-04T07:05:43.021+0000] {processor.py:829} INFO - Processing file /opt/airflow/dags/backfill_retail_pipeline.py for tasks to queue
[2026-05-04T07:05:43.022+0000] {logging_mixin.py:151} INFO - [2026-05-04T07:05:43.022+0000] {dagbag.py:539} INFO - Filling up the DagBag from /opt/airflow/dags/backfill_retail_pipeline.py
[2026-05-04T07:05:43.034+0000] {processor.py:839} INFO - DAG(s) dict_keys(['backfill_retail_pipeline']) retrieved from /opt/airflow/dags/backfill_retail_pipeline.py
[2026-05-04T07:05:43.054+0000] {logging_mixin.py:151} INFO - [2026-05-04T07:05:43.054+0000] {dag.py:2915} INFO - Sync 1 DAGs
[2026-05-04T07:05:43.060+0000] {logging_mixin.py:151} INFO - [2026-05-04T07:05:43.060+0000] {dag.py:3696} INFO - Setting next_dagrun for backfill_retail_pipeline to None, run_after=None
[2026-05-04T07:05:43.066+0000] {processor.py:179} INFO - Processing /opt/airflow/dags/backfill_retail_pipeline.py took 0.051 seconds
[2026-05-04T07:06:13.324+0000] {processor.py:157} INFO - Started process (PID=8435) to work on /opt/airflow/dags/backfill_retail_pipeline.py
[2026-05-04T07:06:13.325+0000] {processor.py:829} INFO - Processing file /opt/airflow/dags/backfill_retail_pipeline.py for tasks to queue
[2026-05-04T07:06:13.326+0000] {logging_mixin.py:151} INFO - [2026-05-04T07:06:13.326+0000] {dagbag.py:539} INFO - Filling up the DagBag from /opt/airflow/dags/backfill_retail_pipeline.py
[2026-05-04T07:06:13.335+0000] {processor.py:839} INFO - DAG(s) dict_keys(['backfill_retail_pipeline']) retrieved from /opt/airflow/dags/backfill_retail_pipeline.py
[2026-05-04T07:06:13.355+0000] {logging_mixin.py:151} INFO - [2026-05-04T07:06:13.355+0000] {dag.py:2915} INFO - Sync 1 DAGs
[2026-05-04T07:06:13.361+0000] {logging_mixin.py:151} INFO - [2026-05-04T07:06:13.361+0000] {dag.py:3696} INFO - Setting next_dagrun for backfill_retail_pipeline to None, run_after=None
[2026-05-04T07:06:13.368+0000] {processor.py:179} INFO - Processing /opt/airflow/dags/backfill_retail_pipeline.py took 0.046 seconds
[2026-05-04T07:06:43.750+0000] {processor.py:157} INFO - Started process (PID=8450) to work on /opt/airflow/dags/backfill_retail_pipeline.py
[2026-05-04T07:06:43.752+0000] {processor.py:829} INFO - Processing file /opt/airflow/dags/backfill_retail_pipeline.py for tasks to queue
[2026-05-04T07:06:43.753+0000] {logging_mixin.py:151} INFO - [2026-05-04T07:06:43.753+0000] {dagbag.py:539} INFO - Filling up the DagBag from /opt/airflow/dags/backfill_retail_pipeline.py
[2026-05-04T07:06:43.761+0000] {processor.py:839} INFO - DAG(s) dict_keys(['backfill_retail_pipeline']) retrieved from /opt/airflow/dags/backfill_retail_pipeline.py
[2026-05-04T07:06:43.780+0000] {logging_mixin.py:151} INFO - [2026-05-04T07:06:43.780+0000] {dag.py:2915} INFO - Sync 1 DAGs
[2026-05-04T07:06:43.786+0000] {logging_mixin.py:151} INFO - [2026-05-04T07:06:43.786+0000] {dag.py:3696} INFO - Setting next_dagrun for backfill_retail_pipeline to None, run_after=None
[2026-05-04T07:06:43.792+0000] {processor.py:179} INFO - Processing /opt/airflow/dags/backfill_retail_pipeline.py took 0.047 seconds
[2026-05-04T07:07:14.162+0000] {processor.py:157} INFO - Started process (PID=8465) to work on /opt/airflow/dags/backfill_retail_pipeline.py
[2026-05-04T07:07:14.165+0000] {processor.py:829} INFO - Processing file /opt/airflow/dags/backfill_retail_pipeline.py for tasks to queue
[2026-05-04T07:07:14.166+0000] {logging_mixin.py:151} INFO - [2026-05-04T07:07:14.165+0000] {dagbag.py:539} INFO - Filling up the DagBag from /opt/airflow/dags/backfill_retail_pipeline.py
[2026-05-04T07:07:14.175+0000] {processor.py:839} INFO - DAG(s) dict_keys(['backfill_retail_pipeline']) retrieved from /opt/airflow/dags/backfill_retail_pipeline.py
[2026-05-04T07:07:14.194+0000] {logging_mixin.py:151} INFO - [2026-05-04T07:07:14.194+0000] {dag.py:2915} INFO - Sync 1 DAGs
[2026-05-04T07:07:14.199+0000] {logging_mixin.py:151} INFO - [2026-05-04T07:07:14.199+0000] {dag.py:3696} INFO - Setting next_dagrun for backfill_retail_pipeline to None, run_after=None
[2026-05-04T07:07:14.205+0000] {processor.py:179} INFO - Processing /opt/airflow/dags/backfill_retail_pipeline.py took 0.048 seconds
[2026-05-04T07:07:44.533+0000] {processor.py:157} INFO - Started process (PID=8480) to work on /opt/airflow/dags/backfill_retail_pipeline.py
[2026-05-04T07:07:44.534+0000] {processor.py:829} INFO - Processing file /opt/airflow/dags/backfill_retail_pipeline.py for tasks to queue
[2026-05-04T07:07:44.535+0000] {logging_mixin.py:151} INFO - [2026-05-04T07:07:44.534+0000] {dagbag.py:539} INFO - Filling up the DagBag from /opt/airflow/dags/backfill_retail_pipeline.py
[2026-05-04T07:07:44.547+0000] {processor.py:839} INFO - DAG(s) dict_keys(['backfill_retail_pipeline']) retrieved from /opt/airflow/dags/backfill_retail_pipeline.py
[2026-05-04T07:07:44.571+0000] {logging_mixin.py:151} INFO - [2026-05-04T07:07:44.571+0000] {dag.py:2915} INFO - Sync 1 DAGs
[2026-05-04T07:07:44.577+0000] {logging_mixin.py:151} INFO - [2026-05-04T07:07:44.576+0000] {dag.py:3696} INFO - Setting next_dagrun for backfill_retail_pipeline to None, run_after=None
[2026-05-04T07:07:44.587+0000] {processor.py:179} INFO - Processing /opt/airflow/dags/backfill_retail_pipeline.py took 0.056 seconds
[2026-05-04T07:08:14.823+0000] {processor.py:157} INFO - Started process (PID=8495) to work on /opt/airflow/dags/backfill_retail_pipeline.py
[2026-05-04T07:08:14.826+0000] {processor.py:829} INFO - Processing file /opt/airflow/dags/backfill_retail_pipeline.py for tasks to queue
[2026-05-04T07:08:14.827+0000] {logging_mixin.py:151} INFO - [2026-05-04T07:08:14.827+0000] {dagbag.py:539} INFO - Filling up the DagBag from /opt/airflow/dags/backfill_retail_pipeline.py
[2026-05-04T07:08:14.837+0000] {processor.py:839} INFO - DAG(s) dict_keys(['backfill_retail_pipeline']) retrieved from /opt/airflow/dags/backfill_retail_pipeline.py
[2026-05-04T07:08:14.865+0000] {logging_mixin.py:151} INFO - [2026-05-04T07:08:14.865+0000] {dag.py:2915} INFO - Sync 1 DAGs
[2026-05-04T07:08:14.870+0000] {logging_mixin.py:151} INFO - [2026-05-04T07:08:14.870+0000] {dag.py:3696} INFO - Setting next_dagrun for backfill_retail_pipeline to None, run_after=None
[2026-05-04T07:08:14.877+0000] {processor.py:179} INFO - Processing /opt/airflow/dags/backfill_retail_pipeline.py took 0.062 seconds
[2026-05-04T07:08:45.274+0000] {processor.py:157} INFO - Started process (PID=8510) to work on /opt/airflow/dags/backfill_retail_pipeline.py
[2026-05-04T07:08:45.277+0000] {processor.py:829} INFO - Processing file /opt/airflow/dags/backfill_retail_pipeline.py for tasks to queue
[2026-05-04T07:08:45.278+0000] {logging_mixin.py:151} INFO - [2026-05-04T07:08:45.277+0000] {dagbag.py:539} INFO - Filling up the DagBag from /opt/airflow/dags/backfill_retail_pipeline.py
[2026-05-04T07:08:45.289+0000] {processor.py:839} INFO - DAG(s) dict_keys(['backfill_retail_pipeline']) retrieved from /opt/airflow/dags/backfill_retail_pipeline.py
[2026-05-04T07:08:45.317+0000] {logging_mixin.py:151} INFO - [2026-05-04T07:08:45.317+0000] {dag.py:2915} INFO - Sync 1 DAGs
[2026-05-04T07:08:45.325+0000] {logging_mixin.py:151} INFO - [2026-05-04T07:08:45.325+0000] {dag.py:3696} INFO - Setting next_dagrun for backfill_retail_pipeline to None, run_after=None
[2026-05-04T07:08:45.332+0000] {processor.py:179} INFO - Processing /opt/airflow/dags/backfill_retail_pipeline.py took 0.068 seconds
[2026-05-04T07:09:15.624+0000] {processor.py:157} INFO - Started process (PID=8525) to work on /opt/airflow/dags/backfill_retail_pipeline.py
[2026-05-04T07:09:15.625+0000] {processor.py:829} INFO - Processing file /opt/airflow/dags/backfill_retail_pipeline.py for tasks to queue
[2026-05-04T07:09:15.625+0000] {logging_mixin.py:151} INFO - [2026-05-04T07:09:15.625+0000] {dagbag.py:539} INFO - Filling up the DagBag from /opt/airflow/dags/backfill_retail_pipeline.py
[2026-05-04T07:09:15.631+0000] {processor.py:839} INFO - DAG(s) dict_keys(['backfill_retail_pipeline']) retrieved from /opt/airflow/dags/backfill_retail_pipeline.py
[2026-05-04T07:09:15.650+0000] {logging_mixin.py:151} INFO - [2026-05-04T07:09:15.650+0000] {dag.py:2915} INFO - Sync 1 DAGs
[2026-05-04T07:09:15.658+0000] {logging_mixin.py:151} INFO - [2026-05-04T07:09:15.657+0000] {dag.py:3696} INFO - Setting next_dagrun for backfill_retail_pipeline to None, run_after=None
[2026-05-04T07:09:15.664+0000] {processor.py:179} INFO - Processing /opt/airflow/dags/backfill_retail_pipeline.py took 0.044 seconds
[2026-05-04T07:09:45.921+0000] {processor.py:157} INFO - Started process (PID=8540) to work on /opt/airflow/dags/backfill_retail_pipeline.py
[2026-05-04T07:09:45.924+0000] {processor.py:829} INFO - Processing file /opt/airflow/dags/backfill_retail_pipeline.py for tasks to queue
[2026-05-04T07:09:45.925+0000] {logging_mixin.py:151} INFO - [2026-05-04T07:09:45.925+0000] {dagbag.py:539} INFO - Filling up the DagBag from /opt/airflow/dags/backfill_retail_pipeline.py
[2026-05-04T07:09:45.934+0000] {processor.py:839} INFO - DAG(s) dict_keys(['backfill_retail_pipeline']) retrieved from /opt/airflow/dags/backfill_retail_pipeline.py
[2026-05-04T07:09:45.951+0000] {logging_mixin.py:151} INFO - [2026-05-04T07:09:45.951+0000] {dag.py:2915} INFO - Sync 1 DAGs
[2026-05-04T07:09:45.956+0000] {logging_mixin.py:151} INFO - [2026-05-04T07:09:45.956+0000] {dag.py:3696} INFO - Setting next_dagrun for backfill_retail_pipeline to None, run_after=None
[2026-05-04T07:09:45.963+0000] {processor.py:179} INFO - Processing /opt/airflow/dags/backfill_retail_pipeline.py took 0.049 seconds
[2026-05-04T07:10:16.254+0000] {processor.py:157} INFO - Started process (PID=8555) to work on /opt/airflow/dags/backfill_retail_pipeline.py
[2026-05-04T07:10:16.255+0000] {processor.py:829} INFO - Processing file /opt/airflow/dags/backfill_retail_pipeline.py for tasks to queue
[2026-05-04T07:10:16.256+0000] {logging_mixin.py:151} INFO - [2026-05-04T07:10:16.255+0000] {dagbag.py:539} INFO - Filling up the DagBag from /opt/airflow/dags/backfill_retail_pipeline.py
[2026-05-04T07:10:16.263+0000] {processor.py:839} INFO - DAG(s) dict_keys(['backfill_retail_pipeline']) retrieved from /opt/airflow/dags/backfill_retail_pipeline.py
[2026-05-04T07:10:16.280+0000] {logging_mixin.py:151} INFO - [2026-05-04T07:10:16.280+0000] {dag.py:2915} INFO - Sync 1 DAGs
[2026-05-04T07:10:16.285+0000] {logging_mixin.py:151} INFO - [2026-05-04T07:10:16.285+0000] {dag.py:3696} INFO - Setting next_dagrun for backfill_retail_pipeline to None, run_after=None
[2026-05-04T07:10:16.292+0000] {processor.py:179} INFO - Processing /opt/airflow/dags/backfill_retail_pipeline.py took 0.041 seconds
[2026-05-04T07:10:46.601+0000] {processor.py:157} INFO - Started process (PID=8570) to work on /opt/airflow/dags/backfill_retail_pipeline.py
[2026-05-04T07:10:46.602+0000] {processor.py:829} INFO - Processing file /opt/airflow/dags/backfill_retail_pipeline.py for tasks to queue
[2026-05-04T07:10:46.603+0000] {logging_mixin.py:151} INFO - [2026-05-04T07:10:46.602+0000] {dagbag.py:539} INFO - Filling up the DagBag from /opt/airflow/dags/backfill_retail_pipeline.py
[2026-05-04T07:10:46.611+0000] {processor.py:839} INFO - DAG(s) dict_keys(['backfill_retail_pipeline']) retrieved from /opt/airflow/dags/backfill_retail_pipeline.py
[2026-05-04T07:10:46.630+0000] {logging_mixin.py:151} INFO - [2026-05-04T07:10:46.630+0000] {dag.py:2915} INFO - Sync 1 DAGs
[2026-05-04T07:10:46.636+0000] {logging_mixin.py:151} INFO - [2026-05-04T07:10:46.636+0000] {dag.py:3696} INFO - Setting next_dagrun for backfill_retail_pipeline to None, run_after=None
[2026-05-04T07:10:46.642+0000] {processor.py:179} INFO - Processing /opt/airflow/dags/backfill_retail_pipeline.py took 0.044 seconds
[2026-05-04T07:11:16.840+0000] {processor.py:157} INFO - Started process (PID=8585) to work on /opt/airflow/dags/backfill_retail_pipeline.py
[2026-05-04T07:11:16.841+0000] {processor.py:829} INFO - Processing file /opt/airflow/dags/backfill_retail_pipeline.py for tasks to queue
[2026-05-04T07:11:16.842+0000] {logging_mixin.py:151} INFO - [2026-05-04T07:11:16.842+0000] {dagbag.py:539} INFO - Filling up the DagBag from /opt/airflow/dags/backfill_retail_pipeline.py
[2026-05-04T07:11:16.850+0000] {processor.py:839} INFO - DAG(s) dict_keys(['backfill_retail_pipeline']) retrieved from /opt/airflow/dags/backfill_retail_pipeline.py
[2026-05-04T07:11:16.868+0000] {logging_mixin.py:151} INFO - [2026-05-04T07:11:16.868+0000] {dag.py:2915} INFO - Sync 1 DAGs
[2026-05-04T07:11:16.874+0000] {logging_mixin.py:151} INFO - [2026-05-04T07:11:16.874+0000] {dag.py:3696} INFO - Setting next_dagrun for backfill_retail_pipeline to None, run_after=None
[2026-05-04T07:11:16.881+0000] {processor.py:179} INFO - Processing /opt/airflow/dags/backfill_retail_pipeline.py took 0.047 seconds
[2026-05-04T07:11:47.183+0000] {processor.py:157} INFO - Started process (PID=8600) to work on /opt/airflow/dags/backfill_retail_pipeline.py
[2026-05-04T07:11:47.184+0000] {processor.py:829} INFO - Processing file /opt/airflow/dags/backfill_retail_pipeline.py for tasks to queue
[2026-05-04T07:11:47.185+0000] {logging_mixin.py:151} INFO - [2026-05-04T07:11:47.185+0000] {dagbag.py:539} INFO - Filling up the DagBag from /opt/airflow/dags/backfill_retail_pipeline.py
[2026-05-04T07:11:47.198+0000] {processor.py:839} INFO - DAG(s) dict_keys(['backfill_retail_pipeline']) retrieved from /opt/airflow/dags/backfill_retail_pipeline.py
[2026-05-04T07:11:47.222+0000] {logging_mixin.py:151} INFO - [2026-05-04T07:11:47.222+0000] {dag.py:2915} INFO - Sync 1 DAGs
[2026-05-04T07:11:47.229+0000] {logging_mixin.py:151} INFO - [2026-05-04T07:11:47.229+0000] {dag.py:3696} INFO - Setting next_dagrun for backfill_retail_pipeline to None, run_after=None
[2026-05-04T07:11:47.236+0000] {processor.py:179} INFO - Processing /opt/airflow/dags/backfill_retail_pipeline.py took 0.058 seconds
[2026-05-04T07:12:17.443+0000] {processor.py:157} INFO - Started process (PID=8615) to work on /opt/airflow/dags/backfill_retail_pipeline.py
[2026-05-04T07:12:17.444+0000] {processor.py:829} INFO - Processing file /opt/airflow/dags/backfill_retail_pipeline.py for tasks to queue
[2026-05-04T07:12:17.445+0000] {logging_mixin.py:151} INFO - [2026-05-04T07:12:17.445+0000] {dagbag.py:539} INFO - Filling up the DagBag from /opt/airflow/dags/backfill_retail_pipeline.py
[2026-05-04T07:12:17.454+0000] {processor.py:839} INFO - DAG(s) dict_keys(['backfill_retail_pipeline']) retrieved from /opt/airflow/dags/backfill_retail_pipeline.py
[2026-05-04T07:12:17.471+0000] {logging_mixin.py:151} INFO - [2026-05-04T07:12:17.471+0000] {dag.py:2915} INFO - Sync 1 DAGs
[2026-05-04T07:12:17.476+0000] {logging_mixin.py:151} INFO - [2026-05-04T07:12:17.476+0000] {dag.py:3696} INFO - Setting next_dagrun for backfill_retail_pipeline to None, run_after=None
[2026-05-04T07:12:17.482+0000] {processor.py:179} INFO - Processing /opt/airflow/dags/backfill_retail_pipeline.py took 0.042 seconds
[2026-05-04T07:12:47.686+0000] {processor.py:157} INFO - Started process (PID=8630) to work on /opt/airflow/dags/backfill_retail_pipeline.py
[2026-05-04T07:12:47.687+0000] {processor.py:829} INFO - Processing file /opt/airflow/dags/backfill_retail_pipeline.py for tasks to queue
[2026-05-04T07:12:47.688+0000] {logging_mixin.py:151} INFO - [2026-05-04T07:12:47.687+0000] {dagbag.py:539} INFO - Filling up the DagBag from /opt/airflow/dags/backfill_retail_pipeline.py
[2026-05-04T07:12:47.696+0000] {processor.py:839} INFO - DAG(s) dict_keys(['backfill_retail_pipeline']) retrieved from /opt/airflow/dags/backfill_retail_pipeline.py
[2026-05-04T07:12:47.713+0000] {logging_mixin.py:151} INFO - [2026-05-04T07:12:47.713+0000] {dag.py:2915} INFO - Sync 1 DAGs
[2026-05-04T07:12:47.718+0000] {logging_mixin.py:151} INFO - [2026-05-04T07:12:47.718+0000] {dag.py:3696} INFO - Setting next_dagrun for backfill_retail_pipeline to None, run_after=None
[2026-05-04T07:12:47.725+0000] {processor.py:179} INFO - Processing /opt/airflow/dags/backfill_retail_pipeline.py took 0.043 seconds
[2026-05-04T07:13:17.981+0000] {processor.py:157} INFO - Started process (PID=8645) to work on /opt/airflow/dags/backfill_retail_pipeline.py
[2026-05-04T07:13:17.982+0000] {processor.py:829} INFO - Processing file /opt/airflow/dags/backfill_retail_pipeline.py for tasks to queue
[2026-05-04T07:13:17.983+0000] {logging_mixin.py:151} INFO - [2026-05-04T07:13:17.983+0000] {dagbag.py:539} INFO - Filling up the DagBag from /opt/airflow/dags/backfill_retail_pipeline.py
[2026-05-04T07:13:17.993+0000] {processor.py:839} INFO - DAG(s) dict_keys(['backfill_retail_pipeline']) retrieved from /opt/airflow/dags/backfill_retail_pipeline.py
[2026-05-04T07:13:18.013+0000] {logging_mixin.py:151} INFO - [2026-05-04T07:13:18.013+0000] {dag.py:2915} INFO - Sync 1 DAGs
[2026-05-04T07:13:18.019+0000] {logging_mixin.py:151} INFO - [2026-05-04T07:13:18.019+0000] {dag.py:3696} INFO - Setting next_dagrun for backfill_retail_pipeline to None, run_after=None
[2026-05-04T07:13:18.026+0000] {processor.py:179} INFO - Processing /opt/airflow/dags/backfill_retail_pipeline.py took 0.047 seconds
[2026-05-04T07:13:48.290+0000] {processor.py:157} INFO - Started process (PID=8660) to work on /opt/airflow/dags/backfill_retail_pipeline.py
[2026-05-04T07:13:48.291+0000] {processor.py:829} INFO - Processing file /opt/airflow/dags/backfill_retail_pipeline.py for tasks to queue
[2026-05-04T07:13:48.292+0000] {logging_mixin.py:151} INFO - [2026-05-04T07:13:48.291+0000] {dagbag.py:539} INFO - Filling up the DagBag from /opt/airflow/dags/backfill_retail_pipeline.py
[2026-05-04T07:13:48.300+0000] {processor.py:839} INFO - DAG(s) dict_keys(['backfill_retail_pipeline']) retrieved from /opt/airflow/dags/backfill_retail_pipeline.py
[2026-05-04T07:13:48.319+0000] {logging_mixin.py:151} INFO - [2026-05-04T07:13:48.319+0000] {dag.py:2915} INFO - Sync 1 DAGs
[2026-05-04T07:13:48.325+0000] {logging_mixin.py:151} INFO - [2026-05-04T07:13:48.325+0000] {dag.py:3696} INFO - Setting next_dagrun for backfill_retail_pipeline to None, run_after=None
[2026-05-04T07:13:48.332+0000] {processor.py:179} INFO - Processing /opt/airflow/dags/backfill_retail_pipeline.py took 0.048 seconds
[2026-05-04T07:14:18.552+0000] {processor.py:157} INFO - Started process (PID=8675) to work on /opt/airflow/dags/backfill_retail_pipeline.py
[2026-05-04T07:14:18.556+0000] {processor.py:829} INFO - Processing file /opt/airflow/dags/backfill_retail_pipeline.py for tasks to queue
[2026-05-04T07:14:18.557+0000] {logging_mixin.py:151} INFO - [2026-05-04T07:14:18.557+0000] {dagbag.py:539} INFO - Filling up the DagBag from /opt/airflow/dags/backfill_retail_pipeline.py
[2026-05-04T07:14:18.570+0000] {processor.py:839} INFO - DAG(s) dict_keys(['backfill_retail_pipeline']) retrieved from /opt/airflow/dags/backfill_retail_pipeline.py
[2026-05-04T07:14:18.592+0000] {logging_mixin.py:151} INFO - [2026-05-04T07:14:18.592+0000] {dag.py:2915} INFO - Sync 1 DAGs
[2026-05-04T07:14:18.598+0000] {logging_mixin.py:151} INFO - [2026-05-04T07:14:18.598+0000] {dag.py:3696} INFO - Setting next_dagrun for backfill_retail_pipeline to None, run_after=None
[2026-05-04T07:14:18.608+0000] {processor.py:179} INFO - Processing /opt/airflow/dags/backfill_retail_pipeline.py took 0.064 seconds
[2026-05-04T07:14:48.934+0000] {processor.py:157} INFO - Started process (PID=8690) to work on /opt/airflow/dags/backfill_retail_pipeline.py
[2026-05-04T07:14:48.935+0000] {processor.py:829} INFO - Processing file /opt/airflow/dags/backfill_retail_pipeline.py for tasks to queue
[2026-05-04T07:14:48.937+0000] {logging_mixin.py:151} INFO - [2026-05-04T07:14:48.936+0000] {dagbag.py:539} INFO - Filling up the DagBag from /opt/airflow/dags/backfill_retail_pipeline.py
[2026-05-04T07:14:48.952+0000] {processor.py:839} INFO - DAG(s) dict_keys(['backfill_retail_pipeline']) retrieved from /opt/airflow/dags/backfill_retail_pipeline.py
[2026-05-04T07:14:48.970+0000] {logging_mixin.py:151} INFO - [2026-05-04T07:14:48.970+0000] {dag.py:2915} INFO - Sync 1 DAGs
[2026-05-04T07:14:48.976+0000] {logging_mixin.py:151} INFO - [2026-05-04T07:14:48.976+0000] {dag.py:3696} INFO - Setting next_dagrun for backfill_retail_pipeline to None, run_after=None
[2026-05-04T07:14:48.982+0000] {processor.py:179} INFO - Processing /opt/airflow/dags/backfill_retail_pipeline.py took 0.056 seconds
[2026-05-04T07:15:19.174+0000] {processor.py:157} INFO - Started process (PID=8705) to work on /opt/airflow/dags/backfill_retail_pipeline.py
[2026-05-04T07:15:19.175+0000] {processor.py:829} INFO - Processing file /opt/airflow/dags/backfill_retail_pipeline.py for tasks to queue
[2026-05-04T07:15:19.176+0000] {logging_mixin.py:151} INFO - [2026-05-04T07:15:19.176+0000] {dagbag.py:539} INFO - Filling up the DagBag from /opt/airflow/dags/backfill_retail_pipeline.py
[2026-05-04T07:15:19.186+0000] {processor.py:839} INFO - DAG(s) dict_keys(['backfill_retail_pipeline']) retrieved from /opt/airflow/dags/backfill_retail_pipeline.py
[2026-05-04T07:15:19.206+0000] {logging_mixin.py:151} INFO - [2026-05-04T07:15:19.206+0000] {dag.py:2915} INFO - Sync 1 DAGs
[2026-05-04T07:15:19.212+0000] {logging_mixin.py:151} INFO - [2026-05-04T07:15:19.212+0000] {dag.py:3696} INFO - Setting next_dagrun for backfill_retail_pipeline to None, run_after=None
[2026-05-04T07:15:19.218+0000] {processor.py:179} INFO - Processing /opt/airflow/dags/backfill_retail_pipeline.py took 0.047 seconds
[2026-05-04T07:15:49.491+0000] {processor.py:157} INFO - Started process (PID=8720) to work on /opt/airflow/dags/backfill_retail_pipeline.py
[2026-05-04T07:15:49.492+0000] {processor.py:829} INFO - Processing file /opt/airflow/dags/backfill_retail_pipeline.py for tasks to queue
[2026-05-04T07:15:49.493+0000] {logging_mixin.py:151} INFO - [2026-05-04T07:15:49.493+0000] {dagbag.py:539} INFO - Filling up the DagBag from /opt/airflow/dags/backfill_retail_pipeline.py
[2026-05-04T07:15:49.503+0000] {processor.py:839} INFO - DAG(s) dict_keys(['backfill_retail_pipeline']) retrieved from /opt/airflow/dags/backfill_retail_pipeline.py
[2026-05-04T07:15:49.528+0000] {logging_mixin.py:151} INFO - [2026-05-04T07:15:49.528+0000] {dag.py:2915} INFO - Sync 1 DAGs
[2026-05-04T07:15:49.535+0000] {logging_mixin.py:151} INFO - [2026-05-04T07:15:49.535+0000] {dag.py:3696} INFO - Setting next_dagrun for backfill_retail_pipeline to None, run_after=None
[2026-05-04T07:15:49.542+0000] {processor.py:179} INFO - Processing /opt/airflow/dags/backfill_retail_pipeline.py took 0.055 seconds
[2026-05-04T07:16:19.842+0000] {processor.py:157} INFO - Started process (PID=8735) to work on /opt/airflow/dags/backfill_retail_pipeline.py
[2026-05-04T07:16:19.842+0000] {processor.py:829} INFO - Processing file /opt/airflow/dags/backfill_retail_pipeline.py for tasks to queue
[2026-05-04T07:16:19.844+0000] {logging_mixin.py:151} INFO - [2026-05-04T07:16:19.843+0000] {dagbag.py:539} INFO - Filling up the DagBag from /opt/airflow/dags/backfill_retail_pipeline.py
[2026-05-04T07:16:19.852+0000] {processor.py:839} INFO - DAG(s) dict_keys(['backfill_retail_pipeline']) retrieved from /opt/airflow/dags/backfill_retail_pipeline.py
[2026-05-04T07:16:19.872+0000] {logging_mixin.py:151} INFO - [2026-05-04T07:16:19.872+0000] {dag.py:2915} INFO - Sync 1 DAGs
[2026-05-04T07:16:19.878+0000] {logging_mixin.py:151} INFO - [2026-05-04T07:16:19.878+0000] {dag.py:3696} INFO - Setting next_dagrun for backfill_retail_pipeline to None, run_after=None
[2026-05-04T07:16:19.885+0000] {processor.py:179} INFO - Processing /opt/airflow/dags/backfill_retail_pipeline.py took 0.047 seconds
[2026-05-04T07:16:50.141+0000] {processor.py:157} INFO - Started process (PID=8750) to work on /opt/airflow/dags/backfill_retail_pipeline.py
[2026-05-04T07:16:50.145+0000] {processor.py:829} INFO - Processing file /opt/airflow/dags/backfill_retail_pipeline.py for tasks to queue
[2026-05-04T07:16:50.145+0000] {logging_mixin.py:151} INFO - [2026-05-04T07:16:50.145+0000] {dagbag.py:539} INFO - Filling up the DagBag from /opt/airflow/dags/backfill_retail_pipeline.py
[2026-05-04T07:16:50.155+0000] {processor.py:839} INFO - DAG(s) dict_keys(['backfill_retail_pipeline']) retrieved from /opt/airflow/dags/backfill_retail_pipeline.py
[2026-05-04T07:16:50.176+0000] {logging_mixin.py:151} INFO - [2026-05-04T07:16:50.176+0000] {dag.py:2915} INFO - Sync 1 DAGs
[2026-05-04T07:16:50.182+0000] {logging_mixin.py:151} INFO - [2026-05-04T07:16:50.182+0000] {dag.py:3696} INFO - Setting next_dagrun for backfill_retail_pipeline to None, run_after=None
[2026-05-04T07:16:50.189+0000] {processor.py:179} INFO - Processing /opt/airflow/dags/backfill_retail_pipeline.py took 0.051 seconds
[2026-05-04T07:17:20.464+0000] {processor.py:157} INFO - Started process (PID=8765) to work on /opt/airflow/dags/backfill_retail_pipeline.py
[2026-05-04T07:17:20.465+0000] {processor.py:829} INFO - Processing file /opt/airflow/dags/backfill_retail_pipeline.py for tasks to queue
[2026-05-04T07:17:20.466+0000] {logging_mixin.py:151} INFO - [2026-05-04T07:17:20.466+0000] {dagbag.py:539} INFO - Filling up the DagBag from /opt/airflow/dags/backfill_retail_pipeline.py
[2026-05-04T07:17:20.475+0000] {processor.py:839} INFO - DAG(s) dict_keys(['backfill_retail_pipeline']) retrieved from /opt/airflow/dags/backfill_retail_pipeline.py
[2026-05-04T07:17:20.495+0000] {logging_mixin.py:151} INFO - [2026-05-04T07:17:20.495+0000] {dag.py:2915} INFO - Sync 1 DAGs
[2026-05-04T07:17:20.500+0000] {logging_mixin.py:151} INFO - [2026-05-04T07:17:20.500+0000] {dag.py:3696} INFO - Setting next_dagrun for backfill_retail_pipeline to None, run_after=None
[2026-05-04T07:17:20.507+0000] {processor.py:179} INFO - Processing /opt/airflow/dags/backfill_retail_pipeline.py took 0.048 seconds
[2026-05-04T07:17:50.835+0000] {processor.py:157} INFO - Started process (PID=8780) to work on /opt/airflow/dags/backfill_retail_pipeline.py
[2026-05-04T07:17:50.836+0000] {processor.py:829} INFO - Processing file /opt/airflow/dags/backfill_retail_pipeline.py for tasks to queue
[2026-05-04T07:17:50.837+0000] {logging_mixin.py:151} INFO - [2026-05-04T07:17:50.837+0000] {dagbag.py:539} INFO - Filling up the DagBag from /opt/airflow/dags/backfill_retail_pipeline.py
[2026-05-04T07:17:50.845+0000] {processor.py:839} INFO - DAG(s) dict_keys(['backfill_retail_pipeline']) retrieved from /opt/airflow/dags/backfill_retail_pipeline.py
[2026-05-04T07:17:50.862+0000] {logging_mixin.py:151} INFO - [2026-05-04T07:17:50.862+0000] {dag.py:2915} INFO - Sync 1 DAGs
[2026-05-04T07:17:50.867+0000] {logging_mixin.py:151} INFO - [2026-05-04T07:17:50.867+0000] {dag.py:3696} INFO - Setting next_dagrun for backfill_retail_pipeline to None, run_after=None
[2026-05-04T07:17:50.874+0000] {processor.py:179} INFO - Processing /opt/airflow/dags/backfill_retail_pipeline.py took 0.041 seconds
[2026-05-04T07:18:21.084+0000] {processor.py:157} INFO - Started process (PID=8795) to work on /opt/airflow/dags/backfill_retail_pipeline.py
[2026-05-04T07:18:21.085+0000] {processor.py:829} INFO - Processing file /opt/airflow/dags/backfill_retail_pipeline.py for tasks to queue
[2026-05-04T07:18:21.086+0000] {logging_mixin.py:151} INFO - [2026-05-04T07:18:21.086+0000] {dagbag.py:539} INFO - Filling up the DagBag from /opt/airflow/dags/backfill_retail_pipeline.py
[2026-05-04T07:18:21.095+0000] {processor.py:839} INFO - DAG(s) dict_keys(['backfill_retail_pipeline']) retrieved from /opt/airflow/dags/backfill_retail_pipeline.py
[2026-05-04T07:18:21.115+0000] {logging_mixin.py:151} INFO - [2026-05-04T07:18:21.115+0000] {dag.py:2915} INFO - Sync 1 DAGs
[2026-05-04T07:18:21.121+0000] {logging_mixin.py:151} INFO - [2026-05-04T07:18:21.121+0000] {dag.py:3696} INFO - Setting next_dagrun for backfill_retail_pipeline to None, run_after=None
[2026-05-04T07:18:21.137+0000] {processor.py:179} INFO - Processing /opt/airflow/dags/backfill_retail_pipeline.py took 0.057 seconds
[2026-05-04T07:18:51.431+0000] {processor.py:157} INFO - Started process (PID=8810) to work on /opt/airflow/dags/backfill_retail_pipeline.py
[2026-05-04T07:18:51.432+0000] {processor.py:829} INFO - Processing file /opt/airflow/dags/backfill_retail_pipeline.py for tasks to queue
[2026-05-04T07:18:51.433+0000] {logging_mixin.py:151} INFO - [2026-05-04T07:18:51.433+0000] {dagbag.py:539} INFO - Filling up the DagBag from /opt/airflow/dags/backfill_retail_pipeline.py
[2026-05-04T07:18:51.455+0000] {processor.py:839} INFO - DAG(s) dict_keys(['backfill_retail_pipeline']) retrieved from /opt/airflow/dags/backfill_retail_pipeline.py
[2026-05-04T07:18:51.506+0000] {logging_mixin.py:151} INFO - [2026-05-04T07:18:51.505+0000] {dag.py:2915} INFO - Sync 1 DAGs
[2026-05-04T07:18:51.513+0000] {logging_mixin.py:151} INFO - [2026-05-04T07:18:51.513+0000] {dag.py:3696} INFO - Setting next_dagrun for backfill_retail_pipeline to None, run_after=None
[2026-05-04T07:18:51.521+0000] {processor.py:179} INFO - Processing /opt/airflow/dags/backfill_retail_pipeline.py took 0.095 seconds
[2026-05-04T07:19:21.762+0000] {processor.py:157} INFO - Started process (PID=8825) to work on /opt/airflow/dags/backfill_retail_pipeline.py
[2026-05-04T07:19:21.763+0000] {processor.py:829} INFO - Processing file /opt/airflow/dags/backfill_retail_pipeline.py for tasks to queue
[2026-05-04T07:19:21.764+0000] {logging_mixin.py:151} INFO - [2026-05-04T07:19:21.764+0000] {dagbag.py:539} INFO - Filling up the DagBag from /opt/airflow/dags/backfill_retail_pipeline.py
[2026-05-04T07:19:21.773+0000] {processor.py:839} INFO - DAG(s) dict_keys(['backfill_retail_pipeline']) retrieved from /opt/airflow/dags/backfill_retail_pipeline.py
[2026-05-04T07:19:21.792+0000] {logging_mixin.py:151} INFO - [2026-05-04T07:19:21.792+0000] {dag.py:2915} INFO - Sync 1 DAGs
[2026-05-04T07:19:21.798+0000] {logging_mixin.py:151} INFO - [2026-05-04T07:19:21.798+0000] {dag.py:3696} INFO - Setting next_dagrun for backfill_retail_pipeline to None, run_after=None
[2026-05-04T07:19:21.804+0000] {processor.py:179} INFO - Processing /opt/airflow/dags/backfill_retail_pipeline.py took 0.047 seconds
[2026-05-04T07:19:52.031+0000] {processor.py:157} INFO - Started process (PID=8840) to work on /opt/airflow/dags/backfill_retail_pipeline.py
[2026-05-04T07:19:52.032+0000] {processor.py:829} INFO - Processing file /opt/airflow/dags/backfill_retail_pipeline.py for tasks to queue
[2026-05-04T07:19:52.033+0000] {logging_mixin.py:151} INFO - [2026-05-04T07:19:52.033+0000] {dagbag.py:539} INFO - Filling up the DagBag from /opt/airflow/dags/backfill_retail_pipeline.py
[2026-05-04T07:19:52.044+0000] {processor.py:839} INFO - DAG(s) dict_keys(['backfill_retail_pipeline']) retrieved from /opt/airflow/dags/backfill_retail_pipeline.py
[2026-05-04T07:19:52.067+0000] {logging_mixin.py:151} INFO - [2026-05-04T07:19:52.067+0000] {dag.py:2915} INFO - Sync 1 DAGs
[2026-05-04T07:19:52.074+0000] {logging_mixin.py:151} INFO - [2026-05-04T07:19:52.074+0000] {dag.py:3696} INFO - Setting next_dagrun for backfill_retail_pipeline to None, run_after=None
[2026-05-04T07:19:52.080+0000] {processor.py:179} INFO - Processing /opt/airflow/dags/backfill_retail_pipeline.py took 0.055 seconds
[2026-05-04T07:20:22.384+0000] {processor.py:157} INFO - Started process (PID=8855) to work on /opt/airflow/dags/backfill_retail_pipeline.py
[2026-05-04T07:20:22.385+0000] {processor.py:829} INFO - Processing file /opt/airflow/dags/backfill_retail_pipeline.py for tasks to queue
[2026-05-04T07:20:22.386+0000] {logging_mixin.py:151} INFO - [2026-05-04T07:20:22.386+0000] {dagbag.py:539} INFO - Filling up the DagBag from /opt/airflow/dags/backfill_retail_pipeline.py
[2026-05-04T07:20:22.394+0000] {processor.py:839} INFO - DAG(s) dict_keys(['backfill_retail_pipeline']) retrieved from /opt/airflow/dags/backfill_retail_pipeline.py
[2026-05-04T07:20:22.413+0000] {logging_mixin.py:151} INFO - [2026-05-04T07:20:22.413+0000] {dag.py:2915} INFO - Sync 1 DAGs
[2026-05-04T07:20:22.418+0000] {logging_mixin.py:151} INFO - [2026-05-04T07:20:22.418+0000] {dag.py:3696} INFO - Setting next_dagrun for backfill_retail_pipeline to None, run_after=None
[2026-05-04T07:20:22.424+0000] {processor.py:179} INFO - Processing /opt/airflow/dags/backfill_retail_pipeline.py took 0.043 seconds
[2026-05-04T07:20:52.769+0000] {processor.py:157} INFO - Started process (PID=8870) to work on /opt/airflow/dags/backfill_retail_pipeline.py
[2026-05-04T07:20:52.770+0000] {processor.py:829} INFO - Processing file /opt/airflow/dags/backfill_retail_pipeline.py for tasks to queue
[2026-05-04T07:20:52.771+0000] {logging_mixin.py:151} INFO - [2026-05-04T07:20:52.771+0000] {dagbag.py:539} INFO - Filling up the DagBag from /opt/airflow/dags/backfill_retail_pipeline.py
[2026-05-04T07:20:52.786+0000] {processor.py:839} INFO - DAG(s) dict_keys(['backfill_retail_pipeline']) retrieved from /opt/airflow/dags/backfill_retail_pipeline.py
[2026-05-04T07:20:52.806+0000] {logging_mixin.py:151} INFO - [2026-05-04T07:20:52.806+0000] {dag.py:2915} INFO - Sync 1 DAGs
[2026-05-04T07:20:52.812+0000] {logging_mixin.py:151} INFO - [2026-05-04T07:20:52.812+0000] {dag.py:3696} INFO - Setting next_dagrun for backfill_retail_pipeline to None, run_after=None
[2026-05-04T07:20:52.818+0000] {processor.py:179} INFO - Processing /opt/airflow/dags/backfill_retail_pipeline.py took 0.052 seconds
[2026-05-04T07:21:23.172+0000] {processor.py:157} INFO - Started process (PID=8885) to work on /opt/airflow/dags/backfill_retail_pipeline.py
[2026-05-04T07:21:23.175+0000] {processor.py:829} INFO - Processing file /opt/airflow/dags/backfill_retail_pipeline.py for tasks to queue
[2026-05-04T07:21:23.176+0000] {logging_mixin.py:151} INFO - [2026-05-04T07:21:23.176+0000] {dagbag.py:539} INFO - Filling up the DagBag from /opt/airflow/dags/backfill_retail_pipeline.py
[2026-05-04T07:21:23.187+0000] {processor.py:839} INFO - DAG(s) dict_keys(['backfill_retail_pipeline']) retrieved from /opt/airflow/dags/backfill_retail_pipeline.py
[2026-05-04T07:21:23.204+0000] {logging_mixin.py:151} INFO - [2026-05-04T07:21:23.204+0000] {dag.py:2915} INFO - Sync 1 DAGs
[2026-05-04T07:21:23.210+0000] {logging_mixin.py:151} INFO - [2026-05-04T07:21:23.210+0000] {dag.py:3696} INFO - Setting next_dagrun for backfill_retail_pipeline to None, run_after=None
[2026-05-04T07:21:23.216+0000] {processor.py:179} INFO - Processing /opt/airflow/dags/backfill_retail_pipeline.py took 0.046 seconds
[2026-05-04T07:21:53.492+0000] {processor.py:157} INFO - Started process (PID=8900) to work on /opt/airflow/dags/backfill_retail_pipeline.py
[2026-05-04T07:21:53.494+0000] {processor.py:829} INFO - Processing file /opt/airflow/dags/backfill_retail_pipeline.py for tasks to queue
[2026-05-04T07:21:53.495+0000] {logging_mixin.py:151} INFO - [2026-05-04T07:21:53.494+0000] {dagbag.py:539} INFO - Filling up the DagBag from /opt/airflow/dags/backfill_retail_pipeline.py
[2026-05-04T07:21:53.509+0000] {processor.py:839} INFO - DAG(s) dict_keys(['backfill_retail_pipeline']) retrieved from /opt/airflow/dags/backfill_retail_pipeline.py
[2026-05-04T07:21:53.536+0000] {logging_mixin.py:151} INFO - [2026-05-04T07:21:53.536+0000] {dag.py:2915} INFO - Sync 1 DAGs
[2026-05-04T07:21:53.543+0000] {logging_mixin.py:151} INFO - [2026-05-04T07:21:53.543+0000] {dag.py:3696} INFO - Setting next_dagrun for backfill_retail_pipeline to None, run_after=None
[2026-05-04T07:21:53.551+0000] {processor.py:179} INFO - Processing /opt/airflow/dags/backfill_retail_pipeline.py took 0.063 seconds
[2026-05-04T07:22:23.881+0000] {processor.py:157} INFO - Started process (PID=8915) to work on /opt/airflow/dags/backfill_retail_pipeline.py
[2026-05-04T07:22:23.884+0000] {processor.py:829} INFO - Processing file /opt/airflow/dags/backfill_retail_pipeline.py for tasks to queue
[2026-05-04T07:22:23.886+0000] {logging_mixin.py:151} INFO - [2026-05-04T07:22:23.885+0000] {dagbag.py:539} INFO - Filling up the DagBag from /opt/airflow/dags/backfill_retail_pipeline.py
[2026-05-04T07:22:23.910+0000] {processor.py:839} INFO - DAG(s) dict_keys(['backfill_retail_pipeline']) retrieved from /opt/airflow/dags/backfill_retail_pipeline.py
[2026-05-04T07:22:23.948+0000] {logging_mixin.py:151} INFO - [2026-05-04T07:22:23.948+0000] {dag.py:2915} INFO - Sync 1 DAGs
[2026-05-04T07:22:23.957+0000] {logging_mixin.py:151} INFO - [2026-05-04T07:22:23.957+0000] {dag.py:3696} INFO - Setting next_dagrun for backfill_retail_pipeline to None, run_after=None
[2026-05-04T07:22:23.965+0000] {processor.py:179} INFO - Processing /opt/airflow/dags/backfill_retail_pipeline.py took 0.092 seconds
[2026-05-04T07:22:54.262+0000] {processor.py:157} INFO - Started process (PID=8930) to work on /opt/airflow/dags/backfill_retail_pipeline.py
[2026-05-04T07:22:54.265+0000] {processor.py:829} INFO - Processing file /opt/airflow/dags/backfill_retail_pipeline.py for tasks to queue
[2026-05-04T07:22:54.266+0000] {logging_mixin.py:151} INFO - [2026-05-04T07:22:54.265+0000] {dagbag.py:539} INFO - Filling up the DagBag from /opt/airflow/dags/backfill_retail_pipeline.py
[2026-05-04T07:22:54.274+0000] {processor.py:839} INFO - DAG(s) dict_keys(['backfill_retail_pipeline']) retrieved from /opt/airflow/dags/backfill_retail_pipeline.py
[2026-05-04T07:22:54.293+0000] {logging_mixin.py:151} INFO - [2026-05-04T07:22:54.293+0000] {dag.py:2915} INFO - Sync 1 DAGs
[2026-05-04T07:22:54.299+0000] {logging_mixin.py:151} INFO - [2026-05-04T07:22:54.298+0000] {dag.py:3696} INFO - Setting next_dagrun for backfill_retail_pipeline to None, run_after=None
[2026-05-04T07:22:54.305+0000] {processor.py:179} INFO - Processing /opt/airflow/dags/backfill_retail_pipeline.py took 0.046 seconds
[2026-05-04T07:23:24.664+0000] {processor.py:157} INFO - Started process (PID=8945) to work on /opt/airflow/dags/backfill_retail_pipeline.py
[2026-05-04T07:23:24.667+0000] {processor.py:829} INFO - Processing file /opt/airflow/dags/backfill_retail_pipeline.py for tasks to queue
[2026-05-04T07:23:24.668+0000] {logging_mixin.py:151} INFO - [2026-05-04T07:23:24.668+0000] {dagbag.py:539} INFO - Filling up the DagBag from /opt/airflow/dags/backfill_retail_pipeline.py
[2026-05-04T07:23:24.680+0000] {processor.py:839} INFO - DAG(s) dict_keys(['backfill_retail_pipeline']) retrieved from /opt/airflow/dags/backfill_retail_pipeline.py
[2026-05-04T07:23:24.700+0000] {logging_mixin.py:151} INFO - [2026-05-04T07:23:24.700+0000] {dag.py:2915} INFO - Sync 1 DAGs
[2026-05-04T07:23:24.705+0000] {logging_mixin.py:151} INFO - [2026-05-04T07:23:24.705+0000] {dag.py:3696} INFO - Setting next_dagrun for backfill_retail_pipeline to None, run_after=None
[2026-05-04T07:23:24.711+0000] {processor.py:179} INFO - Processing /opt/airflow/dags/backfill_retail_pipeline.py took 0.051 seconds
[2026-05-04T07:23:54.962+0000] {processor.py:157} INFO - Started process (PID=8960) to work on /opt/airflow/dags/backfill_retail_pipeline.py
[2026-05-04T07:23:54.965+0000] {processor.py:829} INFO - Processing file /opt/airflow/dags/backfill_retail_pipeline.py for tasks to queue
[2026-05-04T07:23:54.966+0000] {logging_mixin.py:151} INFO - [2026-05-04T07:23:54.966+0000] {dagbag.py:539} INFO - Filling up the DagBag from /opt/airflow/dags/backfill_retail_pipeline.py
[2026-05-04T07:23:54.975+0000] {processor.py:839} INFO - DAG(s) dict_keys(['backfill_retail_pipeline']) retrieved from /opt/airflow/dags/backfill_retail_pipeline.py
[2026-05-04T07:23:55.003+0000] {logging_mixin.py:151} INFO - [2026-05-04T07:23:55.003+0000] {dag.py:2915} INFO - Sync 1 DAGs
[2026-05-04T07:23:55.009+0000] {logging_mixin.py:151} INFO - [2026-05-04T07:23:55.009+0000] {dag.py:3696} INFO - Setting next_dagrun for backfill_retail_pipeline to None, run_after=None
[2026-05-04T07:23:55.015+0000] {processor.py:179} INFO - Processing /opt/airflow/dags/backfill_retail_pipeline.py took 0.059 seconds
[2026-05-04T07:24:25.262+0000] {processor.py:157} INFO - Started process (PID=8975) to work on /opt/airflow/dags/backfill_retail_pipeline.py
[2026-05-04T07:24:25.263+0000] {processor.py:829} INFO - Processing file /opt/airflow/dags/backfill_retail_pipeline.py for tasks to queue
[2026-05-04T07:24:25.263+0000] {logging_mixin.py:151} INFO - [2026-05-04T07:24:25.263+0000] {dagbag.py:539} INFO - Filling up the DagBag from /opt/airflow/dags/backfill_retail_pipeline.py
[2026-05-04T07:24:25.269+0000] {processor.py:839} INFO - DAG(s) dict_keys(['backfill_retail_pipeline']) retrieved from /opt/airflow/dags/backfill_retail_pipeline.py
[2026-05-04T07:24:25.285+0000] {logging_mixin.py:151} INFO - [2026-05-04T07:24:25.285+0000] {dag.py:2915} INFO - Sync 1 DAGs
[2026-05-04T07:24:25.290+0000] {logging_mixin.py:151} INFO - [2026-05-04T07:24:25.290+0000] {dag.py:3696} INFO - Setting next_dagrun for backfill_retail_pipeline to None, run_after=None
[2026-05-04T07:24:25.298+0000] {processor.py:179} INFO - Processing /opt/airflow/dags/backfill_retail_pipeline.py took 0.038 seconds
[2026-05-04T07:24:55.719+0000] {processor.py:157} INFO - Started process (PID=8990) to work on /opt/airflow/dags/backfill_retail_pipeline.py
[2026-05-04T07:24:55.722+0000] {processor.py:829} INFO - Processing file /opt/airflow/dags/backfill_retail_pipeline.py for tasks to queue
[2026-05-04T07:24:55.723+0000] {logging_mixin.py:151} INFO - [2026-05-04T07:24:55.723+0000] {dagbag.py:539} INFO - Filling up the DagBag from /opt/airflow/dags/backfill_retail_pipeline.py
[2026-05-04T07:24:55.736+0000] {processor.py:839} INFO - DAG(s) dict_keys(['backfill_retail_pipeline']) retrieved from /opt/airflow/dags/backfill_retail_pipeline.py
[2026-05-04T07:24:55.760+0000] {logging_mixin.py:151} INFO - [2026-05-04T07:24:55.759+0000] {dag.py:2915} INFO - Sync 1 DAGs
[2026-05-04T07:24:55.765+0000] {logging_mixin.py:151} INFO - [2026-05-04T07:24:55.765+0000] {dag.py:3696} INFO - Setting next_dagrun for backfill_retail_pipeline to None, run_after=None
[2026-05-04T07:24:55.771+0000] {processor.py:179} INFO - Processing /opt/airflow/dags/backfill_retail_pipeline.py took 0.057 seconds
[2026-05-04T07:25:26.001+0000] {processor.py:157} INFO - Started process (PID=9005) to work on /opt/airflow/dags/backfill_retail_pipeline.py
[2026-05-04T07:25:26.004+0000] {processor.py:829} INFO - Processing file /opt/airflow/dags/backfill_retail_pipeline.py for tasks to queue
[2026-05-04T07:25:26.005+0000] {logging_mixin.py:151} INFO - [2026-05-04T07:25:26.004+0000] {dagbag.py:539} INFO - Filling up the DagBag from /opt/airflow/dags/backfill_retail_pipeline.py
[2026-05-04T07:25:26.023+0000] {processor.py:839} INFO - DAG(s) dict_keys(['backfill_retail_pipeline']) retrieved from /opt/airflow/dags/backfill_retail_pipeline.py
[2026-05-04T07:25:26.045+0000] {logging_mixin.py:151} INFO - [2026-05-04T07:25:26.045+0000] {dag.py:2915} INFO - Sync 1 DAGs
[2026-05-04T07:25:26.050+0000] {logging_mixin.py:151} INFO - [2026-05-04T07:25:26.050+0000] {dag.py:3696} INFO - Setting next_dagrun for backfill_retail_pipeline to None, run_after=None
[2026-05-04T07:25:26.056+0000] {processor.py:179} INFO - Processing /opt/airflow/dags/backfill_retail_pipeline.py took 0.060 seconds
[2026-05-04T07:25:56.346+0000] {processor.py:157} INFO - Started process (PID=9020) to work on /opt/airflow/dags/backfill_retail_pipeline.py
[2026-05-04T07:25:56.347+0000] {processor.py:829} INFO - Processing file /opt/airflow/dags/backfill_retail_pipeline.py for tasks to queue
[2026-05-04T07:25:56.348+0000] {logging_mixin.py:151} INFO - [2026-05-04T07:25:56.348+0000] {dagbag.py:539} INFO - Filling up the DagBag from /opt/airflow/dags/backfill_retail_pipeline.py
[2026-05-04T07:25:56.358+0000] {processor.py:839} INFO - DAG(s) dict_keys(['backfill_retail_pipeline']) retrieved from /opt/airflow/dags/backfill_retail_pipeline.py
[2026-05-04T07:25:56.378+0000] {logging_mixin.py:151} INFO - [2026-05-04T07:25:56.378+0000] {dag.py:2915} INFO - Sync 1 DAGs
[2026-05-04T07:25:56.383+0000] {logging_mixin.py:151} INFO - [2026-05-04T07:25:56.383+0000] {dag.py:3696} INFO - Setting next_dagrun for backfill_retail_pipeline to None, run_after=None
[2026-05-04T07:25:56.390+0000] {processor.py:179} INFO - Processing /opt/airflow/dags/backfill_retail_pipeline.py took 0.048 seconds
[2026-05-04T07:26:26.645+0000] {processor.py:157} INFO - Started process (PID=9035) to work on /opt/airflow/dags/backfill_retail_pipeline.py
[2026-05-04T07:26:26.646+0000] {processor.py:829} INFO - Processing file /opt/airflow/dags/backfill_retail_pipeline.py for tasks to queue
[2026-05-04T07:26:26.647+0000] {logging_mixin.py:151} INFO - [2026-05-04T07:26:26.646+0000] {dagbag.py:539} INFO - Filling up the DagBag from /opt/airflow/dags/backfill_retail_pipeline.py
[2026-05-04T07:26:26.659+0000] {processor.py:839} INFO - DAG(s) dict_keys(['backfill_retail_pipeline']) retrieved from /opt/airflow/dags/backfill_retail_pipeline.py
[2026-05-04T07:26:26.685+0000] {logging_mixin.py:151} INFO - [2026-05-04T07:26:26.685+0000] {dag.py:2915} INFO - Sync 1 DAGs
[2026-05-04T07:26:26.692+0000] {logging_mixin.py:151} INFO - [2026-05-04T07:26:26.692+0000] {dag.py:3696} INFO - Setting next_dagrun for backfill_retail_pipeline to None, run_after=None
[2026-05-04T07:26:26.699+0000] {processor.py:179} INFO - Processing /opt/airflow/dags/backfill_retail_pipeline.py took 0.058 seconds
[2026-05-04T07:26:56.941+0000] {processor.py:157} INFO - Started process (PID=9050) to work on /opt/airflow/dags/backfill_retail_pipeline.py
[2026-05-04T07:26:56.942+0000] {processor.py:829} INFO - Processing file /opt/airflow/dags/backfill_retail_pipeline.py for tasks to queue
[2026-05-04T07:26:56.943+0000] {logging_mixin.py:151} INFO - [2026-05-04T07:26:56.943+0000] {dagbag.py:539} INFO - Filling up the DagBag from /opt/airflow/dags/backfill_retail_pipeline.py
[2026-05-04T07:26:56.953+0000] {processor.py:839} INFO - DAG(s) dict_keys(['backfill_retail_pipeline']) retrieved from /opt/airflow/dags/backfill_retail_pipeline.py
[2026-05-04T07:26:56.979+0000] {logging_mixin.py:151} INFO - [2026-05-04T07:26:56.979+0000] {dag.py:2915} INFO - Sync 1 DAGs
[2026-05-04T07:26:56.984+0000] {logging_mixin.py:151} INFO - [2026-05-04T07:26:56.984+0000] {dag.py:3696} INFO - Setting next_dagrun for backfill_retail_pipeline to None, run_after=None
[2026-05-04T07:26:56.991+0000] {processor.py:179} INFO - Processing /opt/airflow/dags/backfill_retail_pipeline.py took 0.055 seconds
[2026-05-04T07:27:27.332+0000] {processor.py:157} INFO - Started process (PID=9065) to work on /opt/airflow/dags/backfill_retail_pipeline.py
[2026-05-04T07:27:27.335+0000] {processor.py:829} INFO - Processing file /opt/airflow/dags/backfill_retail_pipeline.py for tasks to queue
[2026-05-04T07:27:27.336+0000] {logging_mixin.py:151} INFO - [2026-05-04T07:27:27.335+0000] {dagbag.py:539} INFO - Filling up the DagBag from /opt/airflow/dags/backfill_retail_pipeline.py
[2026-05-04T07:27:27.345+0000] {processor.py:839} INFO - DAG(s) dict_keys(['backfill_retail_pipeline']) retrieved from /opt/airflow/dags/backfill_retail_pipeline.py
[2026-05-04T07:27:27.364+0000] {logging_mixin.py:151} INFO - [2026-05-04T07:27:27.364+0000] {dag.py:2915} INFO - Sync 1 DAGs
[2026-05-04T07:27:27.370+0000] {logging_mixin.py:151} INFO - [2026-05-04T07:27:27.370+0000] {dag.py:3696} INFO - Setting next_dagrun for backfill_retail_pipeline to None, run_after=None
[2026-05-04T07:27:27.378+0000] {processor.py:179} INFO - Processing /opt/airflow/dags/backfill_retail_pipeline.py took 0.049 seconds
[2026-05-04T07:27:57.690+0000] {processor.py:157} INFO - Started process (PID=9080) to work on /opt/airflow/dags/backfill_retail_pipeline.py
[2026-05-04T07:27:57.694+0000] {processor.py:829} INFO - Processing file /opt/airflow/dags/backfill_retail_pipeline.py for tasks to queue
[2026-05-04T07:27:57.695+0000] {logging_mixin.py:151} INFO - [2026-05-04T07:27:57.694+0000] {dagbag.py:539} INFO - Filling up the DagBag from /opt/airflow/dags/backfill_retail_pipeline.py
[2026-05-04T07:27:57.704+0000] {processor.py:839} INFO - DAG(s) dict_keys(['backfill_retail_pipeline']) retrieved from /opt/airflow/dags/backfill_retail_pipeline.py
[2026-05-04T07:27:57.723+0000] {logging_mixin.py:151} INFO - [2026-05-04T07:27:57.723+0000] {dag.py:2915} INFO - Sync 1 DAGs
[2026-05-04T07:27:57.729+0000] {logging_mixin.py:151} INFO - [2026-05-04T07:27:57.729+0000] {dag.py:3696} INFO - Setting next_dagrun for backfill_retail_pipeline to None, run_after=None
[2026-05-04T07:27:57.736+0000] {processor.py:179} INFO - Processing /opt/airflow/dags/backfill_retail_pipeline.py took 0.050 seconds
[2026-05-04T07:28:28.112+0000] {processor.py:157} INFO - Started process (PID=9095) to work on /opt/airflow/dags/backfill_retail_pipeline.py
[2026-05-04T07:28:28.113+0000] {processor.py:829} INFO - Processing file /opt/airflow/dags/backfill_retail_pipeline.py for tasks to queue
[2026-05-04T07:28:28.114+0000] {logging_mixin.py:151} INFO - [2026-05-04T07:28:28.114+0000] {dagbag.py:539} INFO - Filling up the DagBag from /opt/airflow/dags/backfill_retail_pipeline.py
[2026-05-04T07:28:28.125+0000] {processor.py:839} INFO - DAG(s) dict_keys(['backfill_retail_pipeline']) retrieved from /opt/airflow/dags/backfill_retail_pipeline.py
[2026-05-04T07:28:28.146+0000] {logging_mixin.py:151} INFO - [2026-05-04T07:28:28.146+0000] {dag.py:2915} INFO - Sync 1 DAGs
[2026-05-04T07:28:28.152+0000] {logging_mixin.py:151} INFO - [2026-05-04T07:28:28.152+0000] {dag.py:3696} INFO - Setting next_dagrun for backfill_retail_pipeline to None, run_after=None
[2026-05-04T07:28:28.159+0000] {processor.py:179} INFO - Processing /opt/airflow/dags/backfill_retail_pipeline.py took 0.050 seconds
[2026-05-04T07:28:58.405+0000] {processor.py:157} INFO - Started process (PID=9110) to work on /opt/airflow/dags/backfill_retail_pipeline.py
[2026-05-04T07:28:58.406+0000] {processor.py:829} INFO - Processing file /opt/airflow/dags/backfill_retail_pipeline.py for tasks to queue
[2026-05-04T07:28:58.407+0000] {logging_mixin.py:151} INFO - [2026-05-04T07:28:58.407+0000] {dagbag.py:539} INFO - Filling up the DagBag from /opt/airflow/dags/backfill_retail_pipeline.py
[2026-05-04T07:28:58.417+0000] {processor.py:839} INFO - DAG(s) dict_keys(['backfill_retail_pipeline']) retrieved from /opt/airflow/dags/backfill_retail_pipeline.py
[2026-05-04T07:28:58.439+0000] {logging_mixin.py:151} INFO - [2026-05-04T07:28:58.439+0000] {dag.py:2915} INFO - Sync 1 DAGs
[2026-05-04T07:28:58.445+0000] {logging_mixin.py:151} INFO - [2026-05-04T07:28:58.445+0000] {dag.py:3696} INFO - Setting next_dagrun for backfill_retail_pipeline to None, run_after=None
[2026-05-04T07:28:58.451+0000] {processor.py:179} INFO - Processing /opt/airflow/dags/backfill_retail_pipeline.py took 0.051 seconds
[2026-05-04T07:29:28.795+0000] {processor.py:157} INFO - Started process (PID=9125) to work on /opt/airflow/dags/backfill_retail_pipeline.py
[2026-05-04T07:29:28.797+0000] {processor.py:829} INFO - Processing file /opt/airflow/dags/backfill_retail_pipeline.py for tasks to queue
[2026-05-04T07:29:28.798+0000] {logging_mixin.py:151} INFO - [2026-05-04T07:29:28.797+0000] {dagbag.py:539} INFO - Filling up the DagBag from /opt/airflow/dags/backfill_retail_pipeline.py
[2026-05-04T07:29:28.808+0000] {processor.py:839} INFO - DAG(s) dict_keys(['backfill_retail_pipeline']) retrieved from /opt/airflow/dags/backfill_retail_pipeline.py
[2026-05-04T07:29:28.827+0000] {logging_mixin.py:151} INFO - [2026-05-04T07:29:28.827+0000] {dag.py:2915} INFO - Sync 1 DAGs
[2026-05-04T07:29:28.832+0000] {logging_mixin.py:151} INFO - [2026-05-04T07:29:28.832+0000] {dag.py:3696} INFO - Setting next_dagrun for backfill_retail_pipeline to None, run_after=None
[2026-05-04T07:29:28.839+0000] {processor.py:179} INFO - Processing /opt/airflow/dags/backfill_retail_pipeline.py took 0.046 seconds
[2026-05-04T07:29:59.208+0000] {processor.py:157} INFO - Started process (PID=9140) to work on /opt/airflow/dags/backfill_retail_pipeline.py
[2026-05-04T07:29:59.209+0000] {processor.py:829} INFO - Processing file /opt/airflow/dags/backfill_retail_pipeline.py for tasks to queue
[2026-05-04T07:29:59.209+0000] {logging_mixin.py:151} INFO - [2026-05-04T07:29:59.209+0000] {dagbag.py:539} INFO - Filling up the DagBag from /opt/airflow/dags/backfill_retail_pipeline.py
[2026-05-04T07:29:59.215+0000] {processor.py:839} INFO - DAG(s) dict_keys(['backfill_retail_pipeline']) retrieved from /opt/airflow/dags/backfill_retail_pipeline.py
[2026-05-04T07:29:59.231+0000] {logging_mixin.py:151} INFO - [2026-05-04T07:29:59.231+0000] {dag.py:2915} INFO - Sync 1 DAGs
[2026-05-04T07:29:59.236+0000] {logging_mixin.py:151} INFO - [2026-05-04T07:29:59.236+0000] {dag.py:3696} INFO - Setting next_dagrun for backfill_retail_pipeline to None, run_after=None
[2026-05-04T07:29:59.243+0000] {processor.py:179} INFO - Processing /opt/airflow/dags/backfill_retail_pipeline.py took 0.037 seconds
[2026-05-04T07:30:29.646+0000] {processor.py:157} INFO - Started process (PID=9155) to work on /opt/airflow/dags/backfill_retail_pipeline.py
[2026-05-04T07:30:29.649+0000] {processor.py:829} INFO - Processing file /opt/airflow/dags/backfill_retail_pipeline.py for tasks to queue
[2026-05-04T07:30:29.650+0000] {logging_mixin.py:151} INFO - [2026-05-04T07:30:29.650+0000] {dagbag.py:539} INFO - Filling up the DagBag from /opt/airflow/dags/backfill_retail_pipeline.py
[2026-05-04T07:30:29.661+0000] {processor.py:839} INFO - DAG(s) dict_keys(['backfill_retail_pipeline']) retrieved from /opt/airflow/dags/backfill_retail_pipeline.py
[2026-05-04T07:30:29.682+0000] {logging_mixin.py:151} INFO - [2026-05-04T07:30:29.682+0000] {dag.py:2915} INFO - Sync 1 DAGs
[2026-05-04T07:30:29.689+0000] {logging_mixin.py:151} INFO - [2026-05-04T07:30:29.689+0000] {dag.py:3696} INFO - Setting next_dagrun for backfill_retail_pipeline to None, run_after=None
[2026-05-04T07:30:29.696+0000] {processor.py:179} INFO - Processing /opt/airflow/dags/backfill_retail_pipeline.py took 0.055 seconds
[2026-05-04T07:30:59.947+0000] {processor.py:157} INFO - Started process (PID=9170) to work on /opt/airflow/dags/backfill_retail_pipeline.py
[2026-05-04T07:30:59.948+0000] {processor.py:829} INFO - Processing file /opt/airflow/dags/backfill_retail_pipeline.py for tasks to queue
[2026-05-04T07:30:59.949+0000] {logging_mixin.py:151} INFO - [2026-05-04T07:30:59.948+0000] {dagbag.py:539} INFO - Filling up the DagBag from /opt/airflow/dags/backfill_retail_pipeline.py
[2026-05-04T07:30:59.963+0000] {processor.py:839} INFO - DAG(s) dict_keys(['backfill_retail_pipeline']) retrieved from /opt/airflow/dags/backfill_retail_pipeline.py
[2026-05-04T07:30:59.988+0000] {logging_mixin.py:151} INFO - [2026-05-04T07:30:59.988+0000] {dag.py:2915} INFO - Sync 1 DAGs
[2026-05-04T07:30:59.993+0000] {logging_mixin.py:151} INFO - [2026-05-04T07:30:59.993+0000] {dag.py:3696} INFO - Setting next_dagrun for backfill_retail_pipeline to None, run_after=None
[2026-05-04T07:30:59.999+0000] {processor.py:179} INFO - Processing /opt/airflow/dags/backfill_retail_pipeline.py took 0.058 seconds
[2026-05-04T07:31:30.262+0000] {processor.py:157} INFO - Started process (PID=9185) to work on /opt/airflow/dags/backfill_retail_pipeline.py
[2026-05-04T07:31:30.263+0000] {processor.py:829} INFO - Processing file /opt/airflow/dags/backfill_retail_pipeline.py for tasks to queue
[2026-05-04T07:31:30.264+0000] {logging_mixin.py:151} INFO - [2026-05-04T07:31:30.264+0000] {dagbag.py:539} INFO - Filling up the DagBag from /opt/airflow/dags/backfill_retail_pipeline.py
[2026-05-04T07:31:30.274+0000] {processor.py:839} INFO - DAG(s) dict_keys(['backfill_retail_pipeline']) retrieved from /opt/airflow/dags/backfill_retail_pipeline.py
[2026-05-04T07:31:30.297+0000] {logging_mixin.py:151} INFO - [2026-05-04T07:31:30.297+0000] {dag.py:2915} INFO - Sync 1 DAGs
[2026-05-04T07:31:30.303+0000] {logging_mixin.py:151} INFO - [2026-05-04T07:31:30.303+0000] {dag.py:3696} INFO - Setting next_dagrun for backfill_retail_pipeline to None, run_after=None
[2026-05-04T07:31:30.310+0000] {processor.py:179} INFO - Processing /opt/airflow/dags/backfill_retail_pipeline.py took 0.053 seconds
[2026-05-04T07:32:00.666+0000] {processor.py:157} INFO - Started process (PID=9200) to work on /opt/airflow/dags/backfill_retail_pipeline.py
[2026-05-04T07:32:00.668+0000] {processor.py:829} INFO - Processing file /opt/airflow/dags/backfill_retail_pipeline.py for tasks to queue
[2026-05-04T07:32:00.669+0000] {logging_mixin.py:151} INFO - [2026-05-04T07:32:00.668+0000] {dagbag.py:539} INFO - Filling up the DagBag from /opt/airflow/dags/backfill_retail_pipeline.py
[2026-05-04T07:32:00.678+0000] {processor.py:839} INFO - DAG(s) dict_keys(['backfill_retail_pipeline']) retrieved from /opt/airflow/dags/backfill_retail_pipeline.py
[2026-05-04T07:32:00.697+0000] {logging_mixin.py:151} INFO - [2026-05-04T07:32:00.697+0000] {dag.py:2915} INFO - Sync 1 DAGs
[2026-05-04T07:32:00.703+0000] {logging_mixin.py:151} INFO - [2026-05-04T07:32:00.703+0000] {dag.py:3696} INFO - Setting next_dagrun for backfill_retail_pipeline to None, run_after=None
[2026-05-04T07:32:00.709+0000] {processor.py:179} INFO - Processing /opt/airflow/dags/backfill_retail_pipeline.py took 0.051 seconds
[2026-05-04T07:32:31.062+0000] {processor.py:157} INFO - Started process (PID=9215) to work on /opt/airflow/dags/backfill_retail_pipeline.py
[2026-05-04T07:32:31.065+0000] {processor.py:829} INFO - Processing file /opt/airflow/dags/backfill_retail_pipeline.py for tasks to queue
[2026-05-04T07:32:31.066+0000] {logging_mixin.py:151} INFO - [2026-05-04T07:32:31.066+0000] {dagbag.py:539} INFO - Filling up the DagBag from /opt/airflow/dags/backfill_retail_pipeline.py
[2026-05-04T07:32:31.079+0000] {processor.py:839} INFO - DAG(s) dict_keys(['backfill_retail_pipeline']) retrieved from /opt/airflow/dags/backfill_retail_pipeline.py
[2026-05-04T07:32:31.102+0000] {logging_mixin.py:151} INFO - [2026-05-04T07:32:31.102+0000] {dag.py:2915} INFO - Sync 1 DAGs
[2026-05-04T07:32:31.108+0000] {logging_mixin.py:151} INFO - [2026-05-04T07:32:31.108+0000] {dag.py:3696} INFO - Setting next_dagrun for backfill_retail_pipeline to None, run_after=None
[2026-05-04T07:32:31.115+0000] {processor.py:179} INFO - Processing /opt/airflow/dags/backfill_retail_pipeline.py took 0.059 seconds
[2026-05-04T07:33:01.367+0000] {processor.py:157} INFO - Started process (PID=9230) to work on /opt/airflow/dags/backfill_retail_pipeline.py
[2026-05-04T07:33:01.367+0000] {processor.py:829} INFO - Processing file /opt/airflow/dags/backfill_retail_pipeline.py for tasks to queue
[2026-05-04T07:33:01.368+0000] {logging_mixin.py:151} INFO - [2026-05-04T07:33:01.368+0000] {dagbag.py:539} INFO - Filling up the DagBag from /opt/airflow/dags/backfill_retail_pipeline.py
[2026-05-04T07:33:01.377+0000] {processor.py:839} INFO - DAG(s) dict_keys(['backfill_retail_pipeline']) retrieved from /opt/airflow/dags/backfill_retail_pipeline.py
[2026-05-04T07:33:01.397+0000] {logging_mixin.py:151} INFO - [2026-05-04T07:33:01.397+0000] {dag.py:2915} INFO - Sync 1 DAGs
[2026-05-04T07:33:01.403+0000] {logging_mixin.py:151} INFO - [2026-05-04T07:33:01.403+0000] {dag.py:3696} INFO - Setting next_dagrun for backfill_retail_pipeline to None, run_after=None
[2026-05-04T07:33:01.410+0000] {processor.py:179} INFO - Processing /opt/airflow/dags/backfill_retail_pipeline.py took 0.045 seconds
[2026-05-04T07:33:31.632+0000] {processor.py:157} INFO - Started process (PID=9245) to work on /opt/airflow/dags/backfill_retail_pipeline.py
[2026-05-04T07:33:31.634+0000] {processor.py:829} INFO - Processing file /opt/airflow/dags/backfill_retail_pipeline.py for tasks to queue
[2026-05-04T07:33:31.635+0000] {logging_mixin.py:151} INFO - [2026-05-04T07:33:31.635+0000] {dagbag.py:539} INFO - Filling up the DagBag from /opt/airflow/dags/backfill_retail_pipeline.py
[2026-05-04T07:33:31.644+0000] {processor.py:839} INFO - DAG(s) dict_keys(['backfill_retail_pipeline']) retrieved from /opt/airflow/dags/backfill_retail_pipeline.py
[2026-05-04T07:33:31.664+0000] {logging_mixin.py:151} INFO - [2026-05-04T07:33:31.664+0000] {dag.py:2915} INFO - Sync 1 DAGs
[2026-05-04T07:33:31.672+0000] {logging_mixin.py:151} INFO - [2026-05-04T07:33:31.672+0000] {dag.py:3696} INFO - Setting next_dagrun for backfill_retail_pipeline to None, run_after=None
[2026-05-04T07:33:31.679+0000] {processor.py:179} INFO - Processing /opt/airflow/dags/backfill_retail_pipeline.py took 0.050 seconds
[2026-05-04T07:34:01.892+0000] {processor.py:157} INFO - Started process (PID=9260) to work on /opt/airflow/dags/backfill_retail_pipeline.py
[2026-05-04T07:34:01.895+0000] {processor.py:829} INFO - Processing file /opt/airflow/dags/backfill_retail_pipeline.py for tasks to queue
[2026-05-04T07:34:01.896+0000] {logging_mixin.py:151} INFO - [2026-05-04T07:34:01.896+0000] {dagbag.py:539} INFO - Filling up the DagBag from /opt/airflow/dags/backfill_retail_pipeline.py
[2026-05-04T07:34:01.904+0000] {processor.py:839} INFO - DAG(s) dict_keys(['backfill_retail_pipeline']) retrieved from /opt/airflow/dags/backfill_retail_pipeline.py
[2026-05-04T07:34:01.925+0000] {logging_mixin.py:151} INFO - [2026-05-04T07:34:01.925+0000] {dag.py:2915} INFO - Sync 1 DAGs
[2026-05-04T07:34:01.930+0000] {logging_mixin.py:151} INFO - [2026-05-04T07:34:01.930+0000] {dag.py:3696} INFO - Setting next_dagrun for backfill_retail_pipeline to None, run_after=None
[2026-05-04T07:34:01.936+0000] {processor.py:179} INFO - Processing /opt/airflow/dags/backfill_retail_pipeline.py took 0.047 seconds
[2026-05-04T07:34:32.291+0000] {processor.py:157} INFO - Started process (PID=9275) to work on /opt/airflow/dags/backfill_retail_pipeline.py
[2026-05-04T07:34:32.293+0000] {processor.py:829} INFO - Processing file /opt/airflow/dags/backfill_retail_pipeline.py for tasks to queue
[2026-05-04T07:34:32.294+0000] {logging_mixin.py:151} INFO - [2026-05-04T07:34:32.294+0000] {dagbag.py:539} INFO - Filling up the DagBag from /opt/airflow/dags/backfill_retail_pipeline.py
[2026-05-04T07:34:32.300+0000] {processor.py:839} INFO - DAG(s) dict_keys(['backfill_retail_pipeline']) retrieved from /opt/airflow/dags/backfill_retail_pipeline.py
[2026-05-04T07:34:32.319+0000] {logging_mixin.py:151} INFO - [2026-05-04T07:34:32.318+0000] {dag.py:2915} INFO - Sync 1 DAGs
[2026-05-04T07:34:32.326+0000] {logging_mixin.py:151} INFO - [2026-05-04T07:34:32.326+0000] {dag.py:3696} INFO - Setting next_dagrun for backfill_retail_pipeline to None, run_after=None
[2026-05-04T07:34:32.337+0000] {processor.py:179} INFO - Processing /opt/airflow/dags/backfill_retail_pipeline.py took 0.049 seconds
[2026-05-04T07:35:02.720+0000] {processor.py:157} INFO - Started process (PID=9290) to work on /opt/airflow/dags/backfill_retail_pipeline.py
[2026-05-04T07:35:02.723+0000] {processor.py:829} INFO - Processing file /opt/airflow/dags/backfill_retail_pipeline.py for tasks to queue
[2026-05-04T07:35:02.724+0000] {logging_mixin.py:151} INFO - [2026-05-04T07:35:02.723+0000] {dagbag.py:539} INFO - Filling up the DagBag from /opt/airflow/dags/backfill_retail_pipeline.py
[2026-05-04T07:35:02.733+0000] {processor.py:839} INFO - DAG(s) dict_keys(['backfill_retail_pipeline']) retrieved from /opt/airflow/dags/backfill_retail_pipeline.py
[2026-05-04T07:35:02.753+0000] {logging_mixin.py:151} INFO - [2026-05-04T07:35:02.753+0000] {dag.py:2915} INFO - Sync 1 DAGs
[2026-05-04T07:35:02.758+0000] {logging_mixin.py:151} INFO - [2026-05-04T07:35:02.758+0000] {dag.py:3696} INFO - Setting next_dagrun for backfill_retail_pipeline to None, run_after=None
[2026-05-04T07:35:02.764+0000] {processor.py:179} INFO - Processing /opt/airflow/dags/backfill_retail_pipeline.py took 0.048 seconds
[2026-05-04T07:35:32.987+0000] {processor.py:157} INFO - Started process (PID=9305) to work on /opt/airflow/dags/backfill_retail_pipeline.py
[2026-05-04T07:35:32.988+0000] {processor.py:829} INFO - Processing file /opt/airflow/dags/backfill_retail_pipeline.py for tasks to queue
[2026-05-04T07:35:32.988+0000] {logging_mixin.py:151} INFO - [2026-05-04T07:35:32.988+0000] {dagbag.py:539} INFO - Filling up the DagBag from /opt/airflow/dags/backfill_retail_pipeline.py
[2026-05-04T07:35:32.998+0000] {processor.py:839} INFO - DAG(s) dict_keys(['backfill_retail_pipeline']) retrieved from /opt/airflow/dags/backfill_retail_pipeline.py
[2026-05-04T07:35:33.018+0000] {logging_mixin.py:151} INFO - [2026-05-04T07:35:33.018+0000] {dag.py:2915} INFO - Sync 1 DAGs
[2026-05-04T07:35:33.024+0000] {logging_mixin.py:151} INFO - [2026-05-04T07:35:33.024+0000] {dag.py:3696} INFO - Setting next_dagrun for backfill_retail_pipeline to None, run_after=None
[2026-05-04T07:35:33.030+0000] {processor.py:179} INFO - Processing /opt/airflow/dags/backfill_retail_pipeline.py took 0.048 seconds
[2026-05-04T07:36:03.303+0000] {processor.py:157} INFO - Started process (PID=9320) to work on /opt/airflow/dags/backfill_retail_pipeline.py
[2026-05-04T07:36:03.304+0000] {processor.py:829} INFO - Processing file /opt/airflow/dags/backfill_retail_pipeline.py for tasks to queue
[2026-05-04T07:36:03.305+0000] {logging_mixin.py:151} INFO - [2026-05-04T07:36:03.304+0000] {dagbag.py:539} INFO - Filling up the DagBag from /opt/airflow/dags/backfill_retail_pipeline.py
[2026-05-04T07:36:03.315+0000] {processor.py:839} INFO - DAG(s) dict_keys(['backfill_retail_pipeline']) retrieved from /opt/airflow/dags/backfill_retail_pipeline.py
[2026-05-04T07:36:03.338+0000] {logging_mixin.py:151} INFO - [2026-05-04T07:36:03.338+0000] {dag.py:2915} INFO - Sync 1 DAGs
[2026-05-04T07:36:03.344+0000] {logging_mixin.py:151} INFO - [2026-05-04T07:36:03.344+0000] {dag.py:3696} INFO - Setting next_dagrun for backfill_retail_pipeline to None, run_after=None
[2026-05-04T07:36:03.351+0000] {processor.py:179} INFO - Processing /opt/airflow/dags/backfill_retail_pipeline.py took 0.052 seconds
[2026-05-04T07:36:33.728+0000] {processor.py:157} INFO - Started process (PID=9335) to work on /opt/airflow/dags/backfill_retail_pipeline.py
[2026-05-04T07:36:33.731+0000] {processor.py:829} INFO - Processing file /opt/airflow/dags/backfill_retail_pipeline.py for tasks to queue
[2026-05-04T07:36:33.731+0000] {logging_mixin.py:151} INFO - [2026-05-04T07:36:33.731+0000] {dagbag.py:539} INFO - Filling up the DagBag from /opt/airflow/dags/backfill_retail_pipeline.py
[2026-05-04T07:36:33.740+0000] {processor.py:839} INFO - DAG(s) dict_keys(['backfill_retail_pipeline']) retrieved from /opt/airflow/dags/backfill_retail_pipeline.py
[2026-05-04T07:36:33.761+0000] {logging_mixin.py:151} INFO - [2026-05-04T07:36:33.761+0000] {dag.py:2915} INFO - Sync 1 DAGs
[2026-05-04T07:36:33.767+0000] {logging_mixin.py:151} INFO - [2026-05-04T07:36:33.767+0000] {dag.py:3696} INFO - Setting next_dagrun for backfill_retail_pipeline to None, run_after=None
[2026-05-04T07:36:33.774+0000] {processor.py:179} INFO - Processing /opt/airflow/dags/backfill_retail_pipeline.py took 0.048 seconds
[2026-05-04T07:37:04.099+0000] {processor.py:157} INFO - Started process (PID=9350) to work on /opt/airflow/dags/backfill_retail_pipeline.py
[2026-05-04T07:37:04.102+0000] {processor.py:829} INFO - Processing file /opt/airflow/dags/backfill_retail_pipeline.py for tasks to queue
[2026-05-04T07:37:04.102+0000] {logging_mixin.py:151} INFO - [2026-05-04T07:37:04.102+0000] {dagbag.py:539} INFO - Filling up the DagBag from /opt/airflow/dags/backfill_retail_pipeline.py
[2026-05-04T07:37:04.110+0000] {processor.py:839} INFO - DAG(s) dict_keys(['backfill_retail_pipeline']) retrieved from /opt/airflow/dags/backfill_retail_pipeline.py
[2026-05-04T07:37:04.131+0000] {logging_mixin.py:151} INFO - [2026-05-04T07:37:04.131+0000] {dag.py:2915} INFO - Sync 1 DAGs
[2026-05-04T07:37:04.137+0000] {logging_mixin.py:151} INFO - [2026-05-04T07:37:04.137+0000] {dag.py:3696} INFO - Setting next_dagrun for backfill_retail_pipeline to None, run_after=None
[2026-05-04T07:37:04.144+0000] {processor.py:179} INFO - Processing /opt/airflow/dags/backfill_retail_pipeline.py took 0.048 seconds
[2026-05-04T07:37:34.381+0000] {processor.py:157} INFO - Started process (PID=9365) to work on /opt/airflow/dags/backfill_retail_pipeline.py
[2026-05-04T07:37:34.382+0000] {processor.py:829} INFO - Processing file /opt/airflow/dags/backfill_retail_pipeline.py for tasks to queue
[2026-05-04T07:37:34.383+0000] {logging_mixin.py:151} INFO - [2026-05-04T07:37:34.383+0000] {dagbag.py:539} INFO - Filling up the DagBag from /opt/airflow/dags/backfill_retail_pipeline.py
[2026-05-04T07:37:34.392+0000] {processor.py:839} INFO - DAG(s) dict_keys(['backfill_retail_pipeline']) retrieved from /opt/airflow/dags/backfill_retail_pipeline.py
[2026-05-04T07:37:34.417+0000] {logging_mixin.py:151} INFO - [2026-05-04T07:37:34.417+0000] {dag.py:2915} INFO - Sync 1 DAGs
[2026-05-04T07:37:34.422+0000] {logging_mixin.py:151} INFO - [2026-05-04T07:37:34.422+0000] {dag.py:3696} INFO - Setting next_dagrun for backfill_retail_pipeline to None, run_after=None
[2026-05-04T07:37:34.429+0000] {processor.py:179} INFO - Processing /opt/airflow/dags/backfill_retail_pipeline.py took 0.052 seconds
[2026-05-04T07:38:04.623+0000] {processor.py:157} INFO - Started process (PID=9380) to work on /opt/airflow/dags/backfill_retail_pipeline.py
[2026-05-04T07:38:04.623+0000] {processor.py:829} INFO - Processing file /opt/airflow/dags/backfill_retail_pipeline.py for tasks to queue
[2026-05-04T07:38:04.624+0000] {logging_mixin.py:151} INFO - [2026-05-04T07:38:04.624+0000] {dagbag.py:539} INFO - Filling up the DagBag from /opt/airflow/dags/backfill_retail_pipeline.py
[2026-05-04T07:38:04.634+0000] {processor.py:839} INFO - DAG(s) dict_keys(['backfill_retail_pipeline']) retrieved from /opt/airflow/dags/backfill_retail_pipeline.py
[2026-05-04T07:38:04.654+0000] {logging_mixin.py:151} INFO - [2026-05-04T07:38:04.654+0000] {dag.py:2915} INFO - Sync 1 DAGs
[2026-05-04T07:38:04.659+0000] {logging_mixin.py:151} INFO - [2026-05-04T07:38:04.659+0000] {dag.py:3696} INFO - Setting next_dagrun for backfill_retail_pipeline to None, run_after=None
[2026-05-04T07:38:04.666+0000] {processor.py:179} INFO - Processing /opt/airflow/dags/backfill_retail_pipeline.py took 0.047 seconds
[2026-05-04T07:38:34.879+0000] {processor.py:157} INFO - Started process (PID=9395) to work on /opt/airflow/dags/backfill_retail_pipeline.py
[2026-05-04T07:38:34.881+0000] {processor.py:829} INFO - Processing file /opt/airflow/dags/backfill_retail_pipeline.py for tasks to queue
[2026-05-04T07:38:34.882+0000] {logging_mixin.py:151} INFO - [2026-05-04T07:38:34.881+0000] {dagbag.py:539} INFO - Filling up the DagBag from /opt/airflow/dags/backfill_retail_pipeline.py
[2026-05-04T07:38:34.897+0000] {processor.py:839} INFO - DAG(s) dict_keys(['backfill_retail_pipeline']) retrieved from /opt/airflow/dags/backfill_retail_pipeline.py
[2026-05-04T07:38:34.918+0000] {logging_mixin.py:151} INFO - [2026-05-04T07:38:34.918+0000] {dag.py:2915} INFO - Sync 1 DAGs
[2026-05-04T07:38:34.923+0000] {logging_mixin.py:151} INFO - [2026-05-04T07:38:34.923+0000] {dag.py:3696} INFO - Setting next_dagrun for backfill_retail_pipeline to None, run_after=None
[2026-05-04T07:38:34.931+0000] {processor.py:179} INFO - Processing /opt/airflow/dags/backfill_retail_pipeline.py took 0.055 seconds
[2026-05-04T07:39:05.318+0000] {processor.py:157} INFO - Started process (PID=9410) to work on /opt/airflow/dags/backfill_retail_pipeline.py
[2026-05-04T07:39:05.321+0000] {processor.py:829} INFO - Processing file /opt/airflow/dags/backfill_retail_pipeline.py for tasks to queue
[2026-05-04T07:39:05.322+0000] {logging_mixin.py:151} INFO - [2026-05-04T07:39:05.322+0000] {dagbag.py:539} INFO - Filling up the DagBag from /opt/airflow/dags/backfill_retail_pipeline.py
[2026-05-04T07:39:05.330+0000] {processor.py:839} INFO - DAG(s) dict_keys(['backfill_retail_pipeline']) retrieved from /opt/airflow/dags/backfill_retail_pipeline.py
[2026-05-04T07:39:05.348+0000] {logging_mixin.py:151} INFO - [2026-05-04T07:39:05.348+0000] {dag.py:2915} INFO - Sync 1 DAGs
[2026-05-04T07:39:05.354+0000] {logging_mixin.py:151} INFO - [2026-05-04T07:39:05.353+0000] {dag.py:3696} INFO - Setting next_dagrun for backfill_retail_pipeline to None, run_after=None
[2026-05-04T07:39:05.361+0000] {processor.py:179} INFO - Processing /opt/airflow/dags/backfill_retail_pipeline.py took 0.045 seconds
[2026-05-04T07:39:35.683+0000] {processor.py:157} INFO - Started process (PID=9425) to work on /opt/airflow/dags/backfill_retail_pipeline.py
[2026-05-04T07:39:35.684+0000] {processor.py:829} INFO - Processing file /opt/airflow/dags/backfill_retail_pipeline.py for tasks to queue
[2026-05-04T07:39:35.685+0000] {logging_mixin.py:151} INFO - [2026-05-04T07:39:35.684+0000] {dagbag.py:539} INFO - Filling up the DagBag from /opt/airflow/dags/backfill_retail_pipeline.py
[2026-05-04T07:39:35.696+0000] {processor.py:839} INFO - DAG(s) dict_keys(['backfill_retail_pipeline']) retrieved from /opt/airflow/dags/backfill_retail_pipeline.py
[2026-05-04T07:39:35.722+0000] {logging_mixin.py:151} INFO - [2026-05-04T07:39:35.722+0000] {dag.py:2915} INFO - Sync 1 DAGs
[2026-05-04T07:39:35.727+0000] {logging_mixin.py:151} INFO - [2026-05-04T07:39:35.727+0000] {dag.py:3696} INFO - Setting next_dagrun for backfill_retail_pipeline to None, run_after=None
[2026-05-04T07:39:35.733+0000] {processor.py:179} INFO - Processing /opt/airflow/dags/backfill_retail_pipeline.py took 0.053 seconds
[2026-05-04T07:40:05.990+0000] {processor.py:157} INFO - Started process (PID=9440) to work on /opt/airflow/dags/backfill_retail_pipeline.py
[2026-05-04T07:40:05.993+0000] {processor.py:829} INFO - Processing file /opt/airflow/dags/backfill_retail_pipeline.py for tasks to queue
[2026-05-04T07:40:05.994+0000] {logging_mixin.py:151} INFO - [2026-05-04T07:40:05.994+0000] {dagbag.py:539} INFO - Filling up the DagBag from /opt/airflow/dags/backfill_retail_pipeline.py
[2026-05-04T07:40:06.002+0000] {processor.py:839} INFO - DAG(s) dict_keys(['backfill_retail_pipeline']) retrieved from /opt/airflow/dags/backfill_retail_pipeline.py
[2026-05-04T07:40:06.022+0000] {logging_mixin.py:151} INFO - [2026-05-04T07:40:06.022+0000] {dag.py:2915} INFO - Sync 1 DAGs
[2026-05-04T07:40:06.027+0000] {logging_mixin.py:151} INFO - [2026-05-04T07:40:06.027+0000] {dag.py:3696} INFO - Setting next_dagrun for backfill_retail_pipeline to None, run_after=None
[2026-05-04T07:40:06.033+0000] {processor.py:179} INFO - Processing /opt/airflow/dags/backfill_retail_pipeline.py took 0.048 seconds
[2026-05-04T07:40:36.388+0000] {processor.py:157} INFO - Started process (PID=9455) to work on /opt/airflow/dags/backfill_retail_pipeline.py
[2026-05-04T07:40:36.389+0000] {processor.py:829} INFO - Processing file /opt/airflow/dags/backfill_retail_pipeline.py for tasks to queue
[2026-05-04T07:40:36.390+0000] {logging_mixin.py:151} INFO - [2026-05-04T07:40:36.390+0000] {dagbag.py:539} INFO - Filling up the DagBag from /opt/airflow/dags/backfill_retail_pipeline.py
[2026-05-04T07:40:36.398+0000] {processor.py:839} INFO - DAG(s) dict_keys(['backfill_retail_pipeline']) retrieved from /opt/airflow/dags/backfill_retail_pipeline.py
[2026-05-04T07:40:36.416+0000] {logging_mixin.py:151} INFO - [2026-05-04T07:40:36.416+0000] {dag.py:2915} INFO - Sync 1 DAGs
[2026-05-04T07:40:36.421+0000] {logging_mixin.py:151} INFO - [2026-05-04T07:40:36.421+0000] {dag.py:3696} INFO - Setting next_dagrun for backfill_retail_pipeline to None, run_after=None
[2026-05-04T07:40:36.428+0000] {processor.py:179} INFO - Processing /opt/airflow/dags/backfill_retail_pipeline.py took 0.043 seconds
[2026-05-04T07:41:06.725+0000] {processor.py:157} INFO - Started process (PID=9470) to work on /opt/airflow/dags/backfill_retail_pipeline.py
[2026-05-04T07:41:06.726+0000] {processor.py:829} INFO - Processing file /opt/airflow/dags/backfill_retail_pipeline.py for tasks to queue
[2026-05-04T07:41:06.727+0000] {logging_mixin.py:151} INFO - [2026-05-04T07:41:06.726+0000] {dagbag.py:539} INFO - Filling up the DagBag from /opt/airflow/dags/backfill_retail_pipeline.py
[2026-05-04T07:41:06.740+0000] {processor.py:839} INFO - DAG(s) dict_keys(['backfill_retail_pipeline']) retrieved from /opt/airflow/dags/backfill_retail_pipeline.py
[2026-05-04T07:41:06.758+0000] {logging_mixin.py:151} INFO - [2026-05-04T07:41:06.758+0000] {dag.py:2915} INFO - Sync 1 DAGs
[2026-05-04T07:41:06.764+0000] {logging_mixin.py:151} INFO - [2026-05-04T07:41:06.764+0000] {dag.py:3696} INFO - Setting next_dagrun for backfill_retail_pipeline to None, run_after=None
[2026-05-04T07:41:06.776+0000] {processor.py:179} INFO - Processing /opt/airflow/dags/backfill_retail_pipeline.py took 0.054 seconds
[2026-05-04T07:41:37.042+0000] {processor.py:157} INFO - Started process (PID=9485) to work on /opt/airflow/dags/backfill_retail_pipeline.py
[2026-05-04T07:41:37.045+0000] {processor.py:829} INFO - Processing file /opt/airflow/dags/backfill_retail_pipeline.py for tasks to queue
[2026-05-04T07:41:37.046+0000] {logging_mixin.py:151} INFO - [2026-05-04T07:41:37.046+0000] {dagbag.py:539} INFO - Filling up the DagBag from /opt/airflow/dags/backfill_retail_pipeline.py
[2026-05-04T07:41:37.056+0000] {processor.py:839} INFO - DAG(s) dict_keys(['backfill_retail_pipeline']) retrieved from /opt/airflow/dags/backfill_retail_pipeline.py
[2026-05-04T07:41:37.074+0000] {logging_mixin.py:151} INFO - [2026-05-04T07:41:37.074+0000] {dag.py:2915} INFO - Sync 1 DAGs
[2026-05-04T07:41:37.080+0000] {logging_mixin.py:151} INFO - [2026-05-04T07:41:37.080+0000] {dag.py:3696} INFO - Setting next_dagrun for backfill_retail_pipeline to None, run_after=None
[2026-05-04T07:41:37.086+0000] {processor.py:179} INFO - Processing /opt/airflow/dags/backfill_retail_pipeline.py took 0.048 seconds
[2026-05-04T07:42:07.297+0000] {processor.py:157} INFO - Started process (PID=9500) to work on /opt/airflow/dags/backfill_retail_pipeline.py
[2026-05-04T07:42:07.300+0000] {processor.py:829} INFO - Processing file /opt/airflow/dags/backfill_retail_pipeline.py for tasks to queue
[2026-05-04T07:42:07.301+0000] {logging_mixin.py:151} INFO - [2026-05-04T07:42:07.300+0000] {dagbag.py:539} INFO - Filling up the DagBag from /opt/airflow/dags/backfill_retail_pipeline.py
[2026-05-04T07:42:07.310+0000] {processor.py:839} INFO - DAG(s) dict_keys(['backfill_retail_pipeline']) retrieved from /opt/airflow/dags/backfill_retail_pipeline.py
[2026-05-04T07:42:07.332+0000] {logging_mixin.py:151} INFO - [2026-05-04T07:42:07.332+0000] {dag.py:2915} INFO - Sync 1 DAGs
[2026-05-04T07:42:07.338+0000] {logging_mixin.py:151} INFO - [2026-05-04T07:42:07.338+0000] {dag.py:3696} INFO - Setting next_dagrun for backfill_retail_pipeline to None, run_after=None
[2026-05-04T07:42:07.344+0000] {processor.py:179} INFO - Processing /opt/airflow/dags/backfill_retail_pipeline.py took 0.050 seconds
[2026-05-04T07:42:37.624+0000] {processor.py:157} INFO - Started process (PID=9515) to work on /opt/airflow/dags/backfill_retail_pipeline.py
[2026-05-04T07:42:37.625+0000] {processor.py:829} INFO - Processing file /opt/airflow/dags/backfill_retail_pipeline.py for tasks to queue
[2026-05-04T07:42:37.626+0000] {logging_mixin.py:151} INFO - [2026-05-04T07:42:37.625+0000] {dagbag.py:539} INFO - Filling up the DagBag from /opt/airflow/dags/backfill_retail_pipeline.py
[2026-05-04T07:42:37.634+0000] {processor.py:839} INFO - DAG(s) dict_keys(['backfill_retail_pipeline']) retrieved from /opt/airflow/dags/backfill_retail_pipeline.py
[2026-05-04T07:42:37.661+0000] {logging_mixin.py:151} INFO - [2026-05-04T07:42:37.661+0000] {dag.py:2915} INFO - Sync 1 DAGs
[2026-05-04T07:42:37.666+0000] {logging_mixin.py:151} INFO - [2026-05-04T07:42:37.666+0000] {dag.py:3696} INFO - Setting next_dagrun for backfill_retail_pipeline to None, run_after=None
[2026-05-04T07:42:37.672+0000] {processor.py:179} INFO - Processing /opt/airflow/dags/backfill_retail_pipeline.py took 0.052 seconds
[2026-05-04T07:43:07.873+0000] {processor.py:157} INFO - Started process (PID=9530) to work on /opt/airflow/dags/backfill_retail_pipeline.py
[2026-05-04T07:43:07.874+0000] {processor.py:829} INFO - Processing file /opt/airflow/dags/backfill_retail_pipeline.py for tasks to queue
[2026-05-04T07:43:07.876+0000] {logging_mixin.py:151} INFO - [2026-05-04T07:43:07.875+0000] {dagbag.py:539} INFO - Filling up the DagBag from /opt/airflow/dags/backfill_retail_pipeline.py
[2026-05-04T07:43:07.886+0000] {processor.py:839} INFO - DAG(s) dict_keys(['backfill_retail_pipeline']) retrieved from /opt/airflow/dags/backfill_retail_pipeline.py
[2026-05-04T07:43:07.907+0000] {logging_mixin.py:151} INFO - [2026-05-04T07:43:07.907+0000] {dag.py:2915} INFO - Sync 1 DAGs
[2026-05-04T07:43:07.913+0000] {logging_mixin.py:151} INFO - [2026-05-04T07:43:07.913+0000] {dag.py:3696} INFO - Setting next_dagrun for backfill_retail_pipeline to None, run_after=None
[2026-05-04T07:43:07.920+0000] {processor.py:179} INFO - Processing /opt/airflow/dags/backfill_retail_pipeline.py took 0.050 seconds
[2026-05-04T07:43:38.202+0000] {processor.py:157} INFO - Started process (PID=9545) to work on /opt/airflow/dags/backfill_retail_pipeline.py
[2026-05-04T07:43:38.203+0000] {processor.py:829} INFO - Processing file /opt/airflow/dags/backfill_retail_pipeline.py for tasks to queue
[2026-05-04T07:43:38.203+0000] {logging_mixin.py:151} INFO - [2026-05-04T07:43:38.203+0000] {dagbag.py:539} INFO - Filling up the DagBag from /opt/airflow/dags/backfill_retail_pipeline.py
[2026-05-04T07:43:38.214+0000] {processor.py:839} INFO - DAG(s) dict_keys(['backfill_retail_pipeline']) retrieved from /opt/airflow/dags/backfill_retail_pipeline.py
[2026-05-04T07:43:38.242+0000] {logging_mixin.py:151} INFO - [2026-05-04T07:43:38.242+0000] {dag.py:2915} INFO - Sync 1 DAGs
[2026-05-04T07:43:38.248+0000] {logging_mixin.py:151} INFO - [2026-05-04T07:43:38.248+0000] {dag.py:3696} INFO - Setting next_dagrun for backfill_retail_pipeline to None, run_after=None
[2026-05-04T07:43:38.255+0000] {processor.py:179} INFO - Processing /opt/airflow/dags/backfill_retail_pipeline.py took 0.056 seconds
[2026-05-04T07:44:08.621+0000] {processor.py:157} INFO - Started process (PID=9560) to work on /opt/airflow/dags/backfill_retail_pipeline.py
[2026-05-04T07:44:08.624+0000] {processor.py:829} INFO - Processing file /opt/airflow/dags/backfill_retail_pipeline.py for tasks to queue
[2026-05-04T07:44:08.625+0000] {logging_mixin.py:151} INFO - [2026-05-04T07:44:08.624+0000] {dagbag.py:539} INFO - Filling up the DagBag from /opt/airflow/dags/backfill_retail_pipeline.py
[2026-05-04T07:44:08.633+0000] {processor.py:839} INFO - DAG(s) dict_keys(['backfill_retail_pipeline']) retrieved from /opt/airflow/dags/backfill_retail_pipeline.py
[2026-05-04T07:44:08.652+0000] {logging_mixin.py:151} INFO - [2026-05-04T07:44:08.652+0000] {dag.py:2915} INFO - Sync 1 DAGs
[2026-05-04T07:44:08.657+0000] {logging_mixin.py:151} INFO - [2026-05-04T07:44:08.657+0000] {dag.py:3696} INFO - Setting next_dagrun for backfill_retail_pipeline to None, run_after=None
[2026-05-04T07:44:08.664+0000] {processor.py:179} INFO - Processing /opt/airflow/dags/backfill_retail_pipeline.py took 0.046 seconds
[2026-05-04T07:44:39.002+0000] {processor.py:157} INFO - Started process (PID=9575) to work on /opt/airflow/dags/backfill_retail_pipeline.py
[2026-05-04T07:44:39.003+0000] {processor.py:829} INFO - Processing file /opt/airflow/dags/backfill_retail_pipeline.py for tasks to queue
[2026-05-04T07:44:39.004+0000] {logging_mixin.py:151} INFO - [2026-05-04T07:44:39.004+0000] {dagbag.py:539} INFO - Filling up the DagBag from /opt/airflow/dags/backfill_retail_pipeline.py
[2026-05-04T07:44:39.012+0000] {processor.py:839} INFO - DAG(s) dict_keys(['backfill_retail_pipeline']) retrieved from /opt/airflow/dags/backfill_retail_pipeline.py
[2026-05-04T07:44:39.029+0000] {logging_mixin.py:151} INFO - [2026-05-04T07:44:39.029+0000] {dag.py:2915} INFO - Sync 1 DAGs
[2026-05-04T07:44:39.035+0000] {logging_mixin.py:151} INFO - [2026-05-04T07:44:39.035+0000] {dag.py:3696} INFO - Setting next_dagrun for backfill_retail_pipeline to None, run_after=None
[2026-05-04T07:44:39.041+0000] {processor.py:179} INFO - Processing /opt/airflow/dags/backfill_retail_pipeline.py took 0.042 seconds
[2026-05-04T07:45:09.291+0000] {processor.py:157} INFO - Started process (PID=9590) to work on /opt/airflow/dags/backfill_retail_pipeline.py
[2026-05-04T07:45:09.292+0000] {processor.py:829} INFO - Processing file /opt/airflow/dags/backfill_retail_pipeline.py for tasks to queue
[2026-05-04T07:45:09.293+0000] {logging_mixin.py:151} INFO - [2026-05-04T07:45:09.293+0000] {dagbag.py:539} INFO - Filling up the DagBag from /opt/airflow/dags/backfill_retail_pipeline.py
[2026-05-04T07:45:09.302+0000] {processor.py:839} INFO - DAG(s) dict_keys(['backfill_retail_pipeline']) retrieved from /opt/airflow/dags/backfill_retail_pipeline.py
[2026-05-04T07:45:09.326+0000] {logging_mixin.py:151} INFO - [2026-05-04T07:45:09.326+0000] {dag.py:2915} INFO - Sync 1 DAGs
[2026-05-04T07:45:09.333+0000] {logging_mixin.py:151} INFO - [2026-05-04T07:45:09.333+0000] {dag.py:3696} INFO - Setting next_dagrun for backfill_retail_pipeline to None, run_after=None
[2026-05-04T07:45:09.342+0000] {processor.py:179} INFO - Processing /opt/airflow/dags/backfill_retail_pipeline.py took 0.056 seconds
[2026-05-04T07:45:39.703+0000] {processor.py:157} INFO - Started process (PID=9605) to work on /opt/airflow/dags/backfill_retail_pipeline.py
[2026-05-04T07:45:39.706+0000] {processor.py:829} INFO - Processing file /opt/airflow/dags/backfill_retail_pipeline.py for tasks to queue
[2026-05-04T07:45:39.707+0000] {logging_mixin.py:151} INFO - [2026-05-04T07:45:39.707+0000] {dagbag.py:539} INFO - Filling up the DagBag from /opt/airflow/dags/backfill_retail_pipeline.py
[2026-05-04T07:45:39.715+0000] {processor.py:839} INFO - DAG(s) dict_keys(['backfill_retail_pipeline']) retrieved from /opt/airflow/dags/backfill_retail_pipeline.py
[2026-05-04T07:45:39.732+0000] {logging_mixin.py:151} INFO - [2026-05-04T07:45:39.732+0000] {dag.py:2915} INFO - Sync 1 DAGs
[2026-05-04T07:45:39.738+0000] {logging_mixin.py:151} INFO - [2026-05-04T07:45:39.738+0000] {dag.py:3696} INFO - Setting next_dagrun for backfill_retail_pipeline to None, run_after=None
[2026-05-04T07:45:39.744+0000] {processor.py:179} INFO - Processing /opt/airflow/dags/backfill_retail_pipeline.py took 0.044 seconds
[2026-05-04T07:46:10.107+0000] {processor.py:157} INFO - Started process (PID=9620) to work on /opt/airflow/dags/backfill_retail_pipeline.py
[2026-05-04T07:46:10.108+0000] {processor.py:829} INFO - Processing file /opt/airflow/dags/backfill_retail_pipeline.py for tasks to queue
[2026-05-04T07:46:10.109+0000] {logging_mixin.py:151} INFO - [2026-05-04T07:46:10.109+0000] {dagbag.py:539} INFO - Filling up the DagBag from /opt/airflow/dags/backfill_retail_pipeline.py
[2026-05-04T07:46:10.118+0000] {processor.py:839} INFO - DAG(s) dict_keys(['backfill_retail_pipeline']) retrieved from /opt/airflow/dags/backfill_retail_pipeline.py
[2026-05-04T07:46:10.137+0000] {logging_mixin.py:151} INFO - [2026-05-04T07:46:10.137+0000] {dag.py:2915} INFO - Sync 1 DAGs
[2026-05-04T07:46:10.142+0000] {logging_mixin.py:151} INFO - [2026-05-04T07:46:10.142+0000] {dag.py:3696} INFO - Setting next_dagrun for backfill_retail_pipeline to None, run_after=None
[2026-05-04T07:46:10.149+0000] {processor.py:179} INFO - Processing /opt/airflow/dags/backfill_retail_pipeline.py took 0.045 seconds
[2026-05-04T07:46:40.450+0000] {processor.py:157} INFO - Started process (PID=9635) to work on /opt/airflow/dags/backfill_retail_pipeline.py
[2026-05-04T07:46:40.453+0000] {processor.py:829} INFO - Processing file /opt/airflow/dags/backfill_retail_pipeline.py for tasks to queue
[2026-05-04T07:46:40.454+0000] {logging_mixin.py:151} INFO - [2026-05-04T07:46:40.453+0000] {dagbag.py:539} INFO - Filling up the DagBag from /opt/airflow/dags/backfill_retail_pipeline.py
[2026-05-04T07:46:40.461+0000] {processor.py:839} INFO - DAG(s) dict_keys(['backfill_retail_pipeline']) retrieved from /opt/airflow/dags/backfill_retail_pipeline.py
[2026-05-04T07:46:40.477+0000] {logging_mixin.py:151} INFO - [2026-05-04T07:46:40.477+0000] {dag.py:2915} INFO - Sync 1 DAGs
[2026-05-04T07:46:40.483+0000] {logging_mixin.py:151} INFO - [2026-05-04T07:46:40.483+0000] {dag.py:3696} INFO - Setting next_dagrun for backfill_retail_pipeline to None, run_after=None
[2026-05-04T07:46:40.490+0000] {processor.py:179} INFO - Processing /opt/airflow/dags/backfill_retail_pipeline.py took 0.042 seconds
[2026-05-04T07:47:10.862+0000] {processor.py:157} INFO - Started process (PID=9650) to work on /opt/airflow/dags/backfill_retail_pipeline.py
[2026-05-04T07:47:10.865+0000] {processor.py:829} INFO - Processing file /opt/airflow/dags/backfill_retail_pipeline.py for tasks to queue
[2026-05-04T07:47:10.866+0000] {logging_mixin.py:151} INFO - [2026-05-04T07:47:10.866+0000] {dagbag.py:539} INFO - Filling up the DagBag from /opt/airflow/dags/backfill_retail_pipeline.py
[2026-05-04T07:47:10.878+0000] {processor.py:839} INFO - DAG(s) dict_keys(['backfill_retail_pipeline']) retrieved from /opt/airflow/dags/backfill_retail_pipeline.py
[2026-05-04T07:47:10.896+0000] {logging_mixin.py:151} INFO - [2026-05-04T07:47:10.896+0000] {dag.py:2915} INFO - Sync 1 DAGs
[2026-05-04T07:47:10.901+0000] {logging_mixin.py:151} INFO - [2026-05-04T07:47:10.901+0000] {dag.py:3696} INFO - Setting next_dagrun for backfill_retail_pipeline to None, run_after=None
[2026-05-04T07:47:10.907+0000] {processor.py:179} INFO - Processing /opt/airflow/dags/backfill_retail_pipeline.py took 0.049 seconds
[2026-05-04T07:47:41.267+0000] {processor.py:157} INFO - Started process (PID=9665) to work on /opt/airflow/dags/backfill_retail_pipeline.py
[2026-05-04T07:47:41.270+0000] {processor.py:829} INFO - Processing file /opt/airflow/dags/backfill_retail_pipeline.py for tasks to queue
[2026-05-04T07:47:41.271+0000] {logging_mixin.py:151} INFO - [2026-05-04T07:47:41.271+0000] {dagbag.py:539} INFO - Filling up the DagBag from /opt/airflow/dags/backfill_retail_pipeline.py
[2026-05-04T07:47:41.279+0000] {processor.py:839} INFO - DAG(s) dict_keys(['backfill_retail_pipeline']) retrieved from /opt/airflow/dags/backfill_retail_pipeline.py
[2026-05-04T07:47:41.298+0000] {logging_mixin.py:151} INFO - [2026-05-04T07:47:41.298+0000] {dag.py:2915} INFO - Sync 1 DAGs
[2026-05-04T07:47:41.303+0000] {logging_mixin.py:151} INFO - [2026-05-04T07:47:41.303+0000] {dag.py:3696} INFO - Setting next_dagrun for backfill_retail_pipeline to None, run_after=None
[2026-05-04T07:47:41.309+0000] {processor.py:179} INFO - Processing /opt/airflow/dags/backfill_retail_pipeline.py took 0.045 seconds
[2026-05-04T07:48:11.518+0000] {processor.py:157} INFO - Started process (PID=9680) to work on /opt/airflow/dags/backfill_retail_pipeline.py
[2026-05-04T07:48:11.519+0000] {processor.py:829} INFO - Processing file /opt/airflow/dags/backfill_retail_pipeline.py for tasks to queue
[2026-05-04T07:48:11.520+0000] {logging_mixin.py:151} INFO - [2026-05-04T07:48:11.520+0000] {dagbag.py:539} INFO - Filling up the DagBag from /opt/airflow/dags/backfill_retail_pipeline.py
[2026-05-04T07:48:11.529+0000] {processor.py:839} INFO - DAG(s) dict_keys(['backfill_retail_pipeline']) retrieved from /opt/airflow/dags/backfill_retail_pipeline.py
[2026-05-04T07:48:11.550+0000] {logging_mixin.py:151} INFO - [2026-05-04T07:48:11.550+0000] {dag.py:2915} INFO - Sync 1 DAGs
[2026-05-04T07:48:11.556+0000] {logging_mixin.py:151} INFO - [2026-05-04T07:48:11.556+0000] {dag.py:3696} INFO - Setting next_dagrun for backfill_retail_pipeline to None, run_after=None
[2026-05-04T07:48:11.563+0000] {processor.py:179} INFO - Processing /opt/airflow/dags/backfill_retail_pipeline.py took 0.049 seconds
[2026-05-04T07:48:41.945+0000] {processor.py:157} INFO - Started process (PID=9695) to work on /opt/airflow/dags/backfill_retail_pipeline.py
[2026-05-04T07:48:41.947+0000] {processor.py:829} INFO - Processing file /opt/airflow/dags/backfill_retail_pipeline.py for tasks to queue
[2026-05-04T07:48:41.948+0000] {logging_mixin.py:151} INFO - [2026-05-04T07:48:41.948+0000] {dagbag.py:539} INFO - Filling up the DagBag from /opt/airflow/dags/backfill_retail_pipeline.py
[2026-05-04T07:48:41.954+0000] {processor.py:839} INFO - DAG(s) dict_keys(['backfill_retail_pipeline']) retrieved from /opt/airflow/dags/backfill_retail_pipeline.py
[2026-05-04T07:48:41.971+0000] {logging_mixin.py:151} INFO - [2026-05-04T07:48:41.971+0000] {dag.py:2915} INFO - Sync 1 DAGs
[2026-05-04T07:48:41.976+0000] {logging_mixin.py:151} INFO - [2026-05-04T07:48:41.976+0000] {dag.py:3696} INFO - Setting next_dagrun for backfill_retail_pipeline to None, run_after=None
[2026-05-04T07:48:41.982+0000] {processor.py:179} INFO - Processing /opt/airflow/dags/backfill_retail_pipeline.py took 0.040 seconds
[2026-05-04T07:49:12.197+0000] {processor.py:157} INFO - Started process (PID=9710) to work on /opt/airflow/dags/backfill_retail_pipeline.py
[2026-05-04T07:49:12.201+0000] {processor.py:829} INFO - Processing file /opt/airflow/dags/backfill_retail_pipeline.py for tasks to queue
[2026-05-04T07:49:12.202+0000] {logging_mixin.py:151} INFO - [2026-05-04T07:49:12.201+0000] {dagbag.py:539} INFO - Filling up the DagBag from /opt/airflow/dags/backfill_retail_pipeline.py
[2026-05-04T07:49:12.210+0000] {processor.py:839} INFO - DAG(s) dict_keys(['backfill_retail_pipeline']) retrieved from /opt/airflow/dags/backfill_retail_pipeline.py
[2026-05-04T07:49:12.230+0000] {logging_mixin.py:151} INFO - [2026-05-04T07:49:12.230+0000] {dag.py:2915} INFO - Sync 1 DAGs
[2026-05-04T07:49:12.235+0000] {logging_mixin.py:151} INFO - [2026-05-04T07:49:12.235+0000] {dag.py:3696} INFO - Setting next_dagrun for backfill_retail_pipeline to None, run_after=None
[2026-05-04T07:49:12.242+0000] {processor.py:179} INFO - Processing /opt/airflow/dags/backfill_retail_pipeline.py took 0.048 seconds
[2026-05-04T07:49:42.464+0000] {processor.py:157} INFO - Started process (PID=9725) to work on /opt/airflow/dags/backfill_retail_pipeline.py
[2026-05-04T07:49:42.468+0000] {processor.py:829} INFO - Processing file /opt/airflow/dags/backfill_retail_pipeline.py for tasks to queue
[2026-05-04T07:49:42.469+0000] {logging_mixin.py:151} INFO - [2026-05-04T07:49:42.469+0000] {dagbag.py:539} INFO - Filling up the DagBag from /opt/airflow/dags/backfill_retail_pipeline.py
[2026-05-04T07:49:42.478+0000] {processor.py:839} INFO - DAG(s) dict_keys(['backfill_retail_pipeline']) retrieved from /opt/airflow/dags/backfill_retail_pipeline.py
[2026-05-04T07:49:42.499+0000] {logging_mixin.py:151} INFO - [2026-05-04T07:49:42.499+0000] {dag.py:2915} INFO - Sync 1 DAGs
[2026-05-04T07:49:42.504+0000] {logging_mixin.py:151} INFO - [2026-05-04T07:49:42.504+0000] {dag.py:3696} INFO - Setting next_dagrun for backfill_retail_pipeline to None, run_after=None
[2026-05-04T07:49:42.511+0000] {processor.py:179} INFO - Processing /opt/airflow/dags/backfill_retail_pipeline.py took 0.051 seconds
[2026-05-04T07:50:12.828+0000] {processor.py:157} INFO - Started process (PID=9740) to work on /opt/airflow/dags/backfill_retail_pipeline.py
[2026-05-04T07:50:12.829+0000] {processor.py:829} INFO - Processing file /opt/airflow/dags/backfill_retail_pipeline.py for tasks to queue
[2026-05-04T07:50:12.830+0000] {logging_mixin.py:151} INFO - [2026-05-04T07:50:12.830+0000] {dagbag.py:539} INFO - Filling up the DagBag from /opt/airflow/dags/backfill_retail_pipeline.py
[2026-05-04T07:50:12.853+0000] {processor.py:839} INFO - DAG(s) dict_keys(['backfill_retail_pipeline']) retrieved from /opt/airflow/dags/backfill_retail_pipeline.py
[2026-05-04T07:50:12.906+0000] {logging_mixin.py:151} INFO - [2026-05-04T07:50:12.906+0000] {dag.py:2915} INFO - Sync 1 DAGs
[2026-05-04T07:50:12.913+0000] {logging_mixin.py:151} INFO - [2026-05-04T07:50:12.913+0000] {dag.py:3696} INFO - Setting next_dagrun for backfill_retail_pipeline to None, run_after=None
[2026-05-04T07:50:12.926+0000] {processor.py:179} INFO - Processing /opt/airflow/dags/backfill_retail_pipeline.py took 0.102 seconds
[2026-05-04T07:50:43.263+0000] {processor.py:157} INFO - Started process (PID=9755) to work on /opt/airflow/dags/backfill_retail_pipeline.py
[2026-05-04T07:50:43.266+0000] {processor.py:829} INFO - Processing file /opt/airflow/dags/backfill_retail_pipeline.py for tasks to queue
[2026-05-04T07:50:43.267+0000] {logging_mixin.py:151} INFO - [2026-05-04T07:50:43.266+0000] {dagbag.py:539} INFO - Filling up the DagBag from /opt/airflow/dags/backfill_retail_pipeline.py
[2026-05-04T07:50:43.276+0000] {processor.py:839} INFO - DAG(s) dict_keys(['backfill_retail_pipeline']) retrieved from /opt/airflow/dags/backfill_retail_pipeline.py
[2026-05-04T07:50:43.296+0000] {logging_mixin.py:151} INFO - [2026-05-04T07:50:43.295+0000] {dag.py:2915} INFO - Sync 1 DAGs
[2026-05-04T07:50:43.301+0000] {logging_mixin.py:151} INFO - [2026-05-04T07:50:43.301+0000] {dag.py:3696} INFO - Setting next_dagrun for backfill_retail_pipeline to None, run_after=None
[2026-05-04T07:50:43.307+0000] {processor.py:179} INFO - Processing /opt/airflow/dags/backfill_retail_pipeline.py took 0.047 seconds
[2026-05-04T07:51:13.626+0000] {processor.py:157} INFO - Started process (PID=9770) to work on /opt/airflow/dags/backfill_retail_pipeline.py
[2026-05-04T07:51:13.629+0000] {processor.py:829} INFO - Processing file /opt/airflow/dags/backfill_retail_pipeline.py for tasks to queue
[2026-05-04T07:51:13.630+0000] {logging_mixin.py:151} INFO - [2026-05-04T07:51:13.629+0000] {dagbag.py:539} INFO - Filling up the DagBag from /opt/airflow/dags/backfill_retail_pipeline.py
[2026-05-04T07:51:13.637+0000] {processor.py:839} INFO - DAG(s) dict_keys(['backfill_retail_pipeline']) retrieved from /opt/airflow/dags/backfill_retail_pipeline.py
[2026-05-04T07:51:13.660+0000] {logging_mixin.py:151} INFO - [2026-05-04T07:51:13.660+0000] {dag.py:2915} INFO - Sync 1 DAGs
[2026-05-04T07:51:13.665+0000] {logging_mixin.py:151} INFO - [2026-05-04T07:51:13.665+0000] {dag.py:3696} INFO - Setting next_dagrun for backfill_retail_pipeline to None, run_after=None
[2026-05-04T07:51:13.672+0000] {processor.py:179} INFO - Processing /opt/airflow/dags/backfill_retail_pipeline.py took 0.048 seconds
[2026-05-04T07:51:43.901+0000] {processor.py:157} INFO - Started process (PID=9785) to work on /opt/airflow/dags/backfill_retail_pipeline.py
[2026-05-04T07:51:43.904+0000] {processor.py:829} INFO - Processing file /opt/airflow/dags/backfill_retail_pipeline.py for tasks to queue
[2026-05-04T07:51:43.905+0000] {logging_mixin.py:151} INFO - [2026-05-04T07:51:43.904+0000] {dagbag.py:539} INFO - Filling up the DagBag from /opt/airflow/dags/backfill_retail_pipeline.py
[2026-05-04T07:51:43.915+0000] {processor.py:839} INFO - DAG(s) dict_keys(['backfill_retail_pipeline']) retrieved from /opt/airflow/dags/backfill_retail_pipeline.py
[2026-05-04T07:51:43.940+0000] {logging_mixin.py:151} INFO - [2026-05-04T07:51:43.940+0000] {dag.py:2915} INFO - Sync 1 DAGs
[2026-05-04T07:51:43.945+0000] {logging_mixin.py:151} INFO - [2026-05-04T07:51:43.945+0000] {dag.py:3696} INFO - Setting next_dagrun for backfill_retail_pipeline to None, run_after=None
[2026-05-04T07:51:43.952+0000] {processor.py:179} INFO - Processing /opt/airflow/dags/backfill_retail_pipeline.py took 0.055 seconds
[2026-05-04T07:52:14.137+0000] {processor.py:157} INFO - Started process (PID=9800) to work on /opt/airflow/dags/backfill_retail_pipeline.py
[2026-05-04T07:52:14.140+0000] {processor.py:829} INFO - Processing file /opt/airflow/dags/backfill_retail_pipeline.py for tasks to queue
[2026-05-04T07:52:14.140+0000] {logging_mixin.py:151} INFO - [2026-05-04T07:52:14.140+0000] {dagbag.py:539} INFO - Filling up the DagBag from /opt/airflow/dags/backfill_retail_pipeline.py
[2026-05-04T07:52:14.147+0000] {processor.py:839} INFO - DAG(s) dict_keys(['backfill_retail_pipeline']) retrieved from /opt/airflow/dags/backfill_retail_pipeline.py
[2026-05-04T07:52:14.164+0000] {logging_mixin.py:151} INFO - [2026-05-04T07:52:14.164+0000] {dag.py:2915} INFO - Sync 1 DAGs
[2026-05-04T07:52:14.170+0000] {logging_mixin.py:151} INFO - [2026-05-04T07:52:14.170+0000] {dag.py:3696} INFO - Setting next_dagrun for backfill_retail_pipeline to None, run_after=None
[2026-05-04T07:52:14.176+0000] {processor.py:179} INFO - Processing /opt/airflow/dags/backfill_retail_pipeline.py took 0.041 seconds
[2026-05-04T07:52:44.477+0000] {processor.py:157} INFO - Started process (PID=9815) to work on /opt/airflow/dags/backfill_retail_pipeline.py
[2026-05-04T07:52:44.478+0000] {processor.py:829} INFO - Processing file /opt/airflow/dags/backfill_retail_pipeline.py for tasks to queue
[2026-05-04T07:52:44.479+0000] {logging_mixin.py:151} INFO - [2026-05-04T07:52:44.478+0000] {dagbag.py:539} INFO - Filling up the DagBag from /opt/airflow/dags/backfill_retail_pipeline.py
[2026-05-04T07:52:44.488+0000] {processor.py:839} INFO - DAG(s) dict_keys(['backfill_retail_pipeline']) retrieved from /opt/airflow/dags/backfill_retail_pipeline.py
[2026-05-04T07:52:44.507+0000] {logging_mixin.py:151} INFO - [2026-05-04T07:52:44.507+0000] {dag.py:2915} INFO - Sync 1 DAGs
[2026-05-04T07:52:44.513+0000] {logging_mixin.py:151} INFO - [2026-05-04T07:52:44.513+0000] {dag.py:3696} INFO - Setting next_dagrun for backfill_retail_pipeline to None, run_after=None
[2026-05-04T07:52:44.519+0000] {processor.py:179} INFO - Processing /opt/airflow/dags/backfill_retail_pipeline.py took 0.044 seconds
[2026-05-04T07:53:14.784+0000] {processor.py:157} INFO - Started process (PID=9830) to work on /opt/airflow/dags/backfill_retail_pipeline.py
[2026-05-04T07:53:14.785+0000] {processor.py:829} INFO - Processing file /opt/airflow/dags/backfill_retail_pipeline.py for tasks to queue
[2026-05-04T07:53:14.786+0000] {logging_mixin.py:151} INFO - [2026-05-04T07:53:14.786+0000] {dagbag.py:539} INFO - Filling up the DagBag from /opt/airflow/dags/backfill_retail_pipeline.py
[2026-05-04T07:53:14.797+0000] {processor.py:839} INFO - DAG(s) dict_keys(['backfill_retail_pipeline']) retrieved from /opt/airflow/dags/backfill_retail_pipeline.py
[2026-05-04T07:53:14.817+0000] {logging_mixin.py:151} INFO - [2026-05-04T07:53:14.817+0000] {dag.py:2915} INFO - Sync 1 DAGs
[2026-05-04T07:53:14.824+0000] {logging_mixin.py:151} INFO - [2026-05-04T07:53:14.824+0000] {dag.py:3696} INFO - Setting next_dagrun for backfill_retail_pipeline to None, run_after=None
[2026-05-04T07:53:14.831+0000] {processor.py:179} INFO - Processing /opt/airflow/dags/backfill_retail_pipeline.py took 0.049 seconds
[2026-05-04T07:53:45.067+0000] {processor.py:157} INFO - Started process (PID=9845) to work on /opt/airflow/dags/backfill_retail_pipeline.py
[2026-05-04T07:53:45.068+0000] {processor.py:829} INFO - Processing file /opt/airflow/dags/backfill_retail_pipeline.py for tasks to queue
[2026-05-04T07:53:45.069+0000] {logging_mixin.py:151} INFO - [2026-05-04T07:53:45.069+0000] {dagbag.py:539} INFO - Filling up the DagBag from /opt/airflow/dags/backfill_retail_pipeline.py
[2026-05-04T07:53:45.076+0000] {processor.py:839} INFO - DAG(s) dict_keys(['backfill_retail_pipeline']) retrieved from /opt/airflow/dags/backfill_retail_pipeline.py
[2026-05-04T07:53:45.096+0000] {logging_mixin.py:151} INFO - [2026-05-04T07:53:45.096+0000] {dag.py:2915} INFO - Sync 1 DAGs
[2026-05-04T07:53:45.102+0000] {logging_mixin.py:151} INFO - [2026-05-04T07:53:45.102+0000] {dag.py:3696} INFO - Setting next_dagrun for backfill_retail_pipeline to None, run_after=None
[2026-05-04T07:53:45.108+0000] {processor.py:179} INFO - Processing /opt/airflow/dags/backfill_retail_pipeline.py took 0.045 seconds
[2026-05-04T07:54:15.350+0000] {processor.py:157} INFO - Started process (PID=9860) to work on /opt/airflow/dags/backfill_retail_pipeline.py
[2026-05-04T07:54:15.353+0000] {processor.py:829} INFO - Processing file /opt/airflow/dags/backfill_retail_pipeline.py for tasks to queue
[2026-05-04T07:54:15.354+0000] {logging_mixin.py:151} INFO - [2026-05-04T07:54:15.354+0000] {dagbag.py:539} INFO - Filling up the DagBag from /opt/airflow/dags/backfill_retail_pipeline.py
[2026-05-04T07:54:15.368+0000] {processor.py:839} INFO - DAG(s) dict_keys(['backfill_retail_pipeline']) retrieved from /opt/airflow/dags/backfill_retail_pipeline.py
[2026-05-04T07:54:15.400+0000] {logging_mixin.py:151} INFO - [2026-05-04T07:54:15.400+0000] {dag.py:2915} INFO - Sync 1 DAGs
[2026-05-04T07:54:15.407+0000] {logging_mixin.py:151} INFO - [2026-05-04T07:54:15.407+0000] {dag.py:3696} INFO - Setting next_dagrun for backfill_retail_pipeline to None, run_after=None
[2026-05-04T07:54:15.415+0000] {processor.py:179} INFO - Processing /opt/airflow/dags/backfill_retail_pipeline.py took 0.071 seconds
[2026-05-04T07:54:45.747+0000] {processor.py:157} INFO - Started process (PID=9875) to work on /opt/airflow/dags/backfill_retail_pipeline.py
[2026-05-04T07:54:45.748+0000] {processor.py:829} INFO - Processing file /opt/airflow/dags/backfill_retail_pipeline.py for tasks to queue
[2026-05-04T07:54:45.748+0000] {logging_mixin.py:151} INFO - [2026-05-04T07:54:45.748+0000] {dagbag.py:539} INFO - Filling up the DagBag from /opt/airflow/dags/backfill_retail_pipeline.py
[2026-05-04T07:54:45.756+0000] {processor.py:839} INFO - DAG(s) dict_keys(['backfill_retail_pipeline']) retrieved from /opt/airflow/dags/backfill_retail_pipeline.py
[2026-05-04T07:54:45.774+0000] {logging_mixin.py:151} INFO - [2026-05-04T07:54:45.774+0000] {dag.py:2915} INFO - Sync 1 DAGs
[2026-05-04T07:54:45.781+0000] {logging_mixin.py:151} INFO - [2026-05-04T07:54:45.781+0000] {dag.py:3696} INFO - Setting next_dagrun for backfill_retail_pipeline to None, run_after=None
[2026-05-04T07:54:45.789+0000] {processor.py:179} INFO - Processing /opt/airflow/dags/backfill_retail_pipeline.py took 0.045 seconds
[2026-05-04T07:55:16.083+0000] {processor.py:157} INFO - Started process (PID=9890) to work on /opt/airflow/dags/backfill_retail_pipeline.py
[2026-05-04T07:55:16.084+0000] {processor.py:829} INFO - Processing file /opt/airflow/dags/backfill_retail_pipeline.py for tasks to queue
[2026-05-04T07:55:16.086+0000] {logging_mixin.py:151} INFO - [2026-05-04T07:55:16.085+0000] {dagbag.py:539} INFO - Filling up the DagBag from /opt/airflow/dags/backfill_retail_pipeline.py
[2026-05-04T07:55:16.099+0000] {processor.py:839} INFO - DAG(s) dict_keys(['backfill_retail_pipeline']) retrieved from /opt/airflow/dags/backfill_retail_pipeline.py
[2026-05-04T07:55:16.125+0000] {logging_mixin.py:151} INFO - [2026-05-04T07:55:16.125+0000] {dag.py:2915} INFO - Sync 1 DAGs
[2026-05-04T07:55:16.132+0000] {logging_mixin.py:151} INFO - [2026-05-04T07:55:16.131+0000] {dag.py:3696} INFO - Setting next_dagrun for backfill_retail_pipeline to None, run_after=None
[2026-05-04T07:55:16.139+0000] {processor.py:179} INFO - Processing /opt/airflow/dags/backfill_retail_pipeline.py took 0.061 seconds
[2026-05-04T07:55:46.392+0000] {processor.py:157} INFO - Started process (PID=9905) to work on /opt/airflow/dags/backfill_retail_pipeline.py
[2026-05-04T07:55:46.393+0000] {processor.py:829} INFO - Processing file /opt/airflow/dags/backfill_retail_pipeline.py for tasks to queue
[2026-05-04T07:55:46.394+0000] {logging_mixin.py:151} INFO - [2026-05-04T07:55:46.393+0000] {dagbag.py:539} INFO - Filling up the DagBag from /opt/airflow/dags/backfill_retail_pipeline.py
[2026-05-04T07:55:46.402+0000] {processor.py:839} INFO - DAG(s) dict_keys(['backfill_retail_pipeline']) retrieved from /opt/airflow/dags/backfill_retail_pipeline.py
[2026-05-04T07:55:46.426+0000] {logging_mixin.py:151} INFO - [2026-05-04T07:55:46.426+0000] {dag.py:2915} INFO - Sync 1 DAGs
[2026-05-04T07:55:46.432+0000] {logging_mixin.py:151} INFO - [2026-05-04T07:55:46.432+0000] {dag.py:3696} INFO - Setting next_dagrun for backfill_retail_pipeline to None, run_after=None
[2026-05-04T07:55:46.438+0000] {processor.py:179} INFO - Processing /opt/airflow/dags/backfill_retail_pipeline.py took 0.048 seconds
[2026-05-04T07:56:16.787+0000] {processor.py:157} INFO - Started process (PID=9920) to work on /opt/airflow/dags/backfill_retail_pipeline.py
[2026-05-04T07:56:16.788+0000] {processor.py:829} INFO - Processing file /opt/airflow/dags/backfill_retail_pipeline.py for tasks to queue
[2026-05-04T07:56:16.789+0000] {logging_mixin.py:151} INFO - [2026-05-04T07:56:16.788+0000] {dagbag.py:539} INFO - Filling up the DagBag from /opt/airflow/dags/backfill_retail_pipeline.py
[2026-05-04T07:56:16.799+0000] {processor.py:839} INFO - DAG(s) dict_keys(['backfill_retail_pipeline']) retrieved from /opt/airflow/dags/backfill_retail_pipeline.py
[2026-05-04T07:56:16.821+0000] {logging_mixin.py:151} INFO - [2026-05-04T07:56:16.821+0000] {dag.py:2915} INFO - Sync 1 DAGs
[2026-05-04T07:56:16.826+0000] {logging_mixin.py:151} INFO - [2026-05-04T07:56:16.826+0000] {dag.py:3696} INFO - Setting next_dagrun for backfill_retail_pipeline to None, run_after=None
[2026-05-04T07:56:16.833+0000] {processor.py:179} INFO - Processing /opt/airflow/dags/backfill_retail_pipeline.py took 0.048 seconds
[2026-05-04T07:56:47.129+0000] {processor.py:157} INFO - Started process (PID=9935) to work on /opt/airflow/dags/backfill_retail_pipeline.py
[2026-05-04T07:56:47.131+0000] {processor.py:829} INFO - Processing file /opt/airflow/dags/backfill_retail_pipeline.py for tasks to queue
[2026-05-04T07:56:47.132+0000] {logging_mixin.py:151} INFO - [2026-05-04T07:56:47.131+0000] {dagbag.py:539} INFO - Filling up the DagBag from /opt/airflow/dags/backfill_retail_pipeline.py
[2026-05-04T07:56:47.141+0000] {processor.py:839} INFO - DAG(s) dict_keys(['backfill_retail_pipeline']) retrieved from /opt/airflow/dags/backfill_retail_pipeline.py
[2026-05-04T07:56:47.160+0000] {logging_mixin.py:151} INFO - [2026-05-04T07:56:47.160+0000] {dag.py:2915} INFO - Sync 1 DAGs
[2026-05-04T07:56:47.166+0000] {logging_mixin.py:151} INFO - [2026-05-04T07:56:47.166+0000] {dag.py:3696} INFO - Setting next_dagrun for backfill_retail_pipeline to None, run_after=None
[2026-05-04T07:56:47.172+0000] {processor.py:179} INFO - Processing /opt/airflow/dags/backfill_retail_pipeline.py took 0.046 seconds
[2026-05-04T07:57:17.465+0000] {processor.py:157} INFO - Started process (PID=9950) to work on /opt/airflow/dags/backfill_retail_pipeline.py
[2026-05-04T07:57:17.465+0000] {processor.py:829} INFO - Processing file /opt/airflow/dags/backfill_retail_pipeline.py for tasks to queue
[2026-05-04T07:57:17.466+0000] {logging_mixin.py:151} INFO - [2026-05-04T07:57:17.466+0000] {dagbag.py:539} INFO - Filling up the DagBag from /opt/airflow/dags/backfill_retail_pipeline.py
[2026-05-04T07:57:17.475+0000] {processor.py:839} INFO - DAG(s) dict_keys(['backfill_retail_pipeline']) retrieved from /opt/airflow/dags/backfill_retail_pipeline.py
[2026-05-04T07:57:17.495+0000] {logging_mixin.py:151} INFO - [2026-05-04T07:57:17.495+0000] {dag.py:2915} INFO - Sync 1 DAGs
[2026-05-04T07:57:17.501+0000] {logging_mixin.py:151} INFO - [2026-05-04T07:57:17.501+0000] {dag.py:3696} INFO - Setting next_dagrun for backfill_retail_pipeline to None, run_after=None
[2026-05-04T07:57:17.508+0000] {processor.py:179} INFO - Processing /opt/airflow/dags/backfill_retail_pipeline.py took 0.049 seconds
[2026-05-04T07:57:47.879+0000] {processor.py:157} INFO - Started process (PID=9965) to work on /opt/airflow/dags/backfill_retail_pipeline.py
[2026-05-04T07:57:47.882+0000] {processor.py:829} INFO - Processing file /opt/airflow/dags/backfill_retail_pipeline.py for tasks to queue
[2026-05-04T07:57:47.882+0000] {logging_mixin.py:151} INFO - [2026-05-04T07:57:47.882+0000] {dagbag.py:539} INFO - Filling up the DagBag from /opt/airflow/dags/backfill_retail_pipeline.py
[2026-05-04T07:57:47.891+0000] {processor.py:839} INFO - DAG(s) dict_keys(['backfill_retail_pipeline']) retrieved from /opt/airflow/dags/backfill_retail_pipeline.py
[2026-05-04T07:57:47.910+0000] {logging_mixin.py:151} INFO - [2026-05-04T07:57:47.910+0000] {dag.py:2915} INFO - Sync 1 DAGs
[2026-05-04T07:57:47.915+0000] {logging_mixin.py:151} INFO - [2026-05-04T07:57:47.915+0000] {dag.py:3696} INFO - Setting next_dagrun for backfill_retail_pipeline to None, run_after=None
[2026-05-04T07:57:47.921+0000] {processor.py:179} INFO - Processing /opt/airflow/dags/backfill_retail_pipeline.py took 0.046 seconds
[2026-05-04T07:58:18.198+0000] {processor.py:157} INFO - Started process (PID=9980) to work on /opt/airflow/dags/backfill_retail_pipeline.py
[2026-05-04T07:58:18.199+0000] {processor.py:829} INFO - Processing file /opt/airflow/dags/backfill_retail_pipeline.py for tasks to queue
[2026-05-04T07:58:18.200+0000] {logging_mixin.py:151} INFO - [2026-05-04T07:58:18.200+0000] {dagbag.py:539} INFO - Filling up the DagBag from /opt/airflow/dags/backfill_retail_pipeline.py
[2026-05-04T07:58:18.210+0000] {processor.py:839} INFO - DAG(s) dict_keys(['backfill_retail_pipeline']) retrieved from /opt/airflow/dags/backfill_retail_pipeline.py
[2026-05-04T07:58:18.233+0000] {logging_mixin.py:151} INFO - [2026-05-04T07:58:18.233+0000] {dag.py:2915} INFO - Sync 1 DAGs
[2026-05-04T07:58:18.239+0000] {logging_mixin.py:151} INFO - [2026-05-04T07:58:18.239+0000] {dag.py:3696} INFO - Setting next_dagrun for backfill_retail_pipeline to None, run_after=None
[2026-05-04T07:58:18.246+0000] {processor.py:179} INFO - Processing /opt/airflow/dags/backfill_retail_pipeline.py took 0.052 seconds
[2026-05-04T07:58:48.461+0000] {processor.py:157} INFO - Started process (PID=9995) to work on /opt/airflow/dags/backfill_retail_pipeline.py
[2026-05-04T07:58:48.465+0000] {processor.py:829} INFO - Processing file /opt/airflow/dags/backfill_retail_pipeline.py for tasks to queue
[2026-05-04T07:58:48.465+0000] {logging_mixin.py:151} INFO - [2026-05-04T07:58:48.465+0000] {dagbag.py:539} INFO - Filling up the DagBag from /opt/airflow/dags/backfill_retail_pipeline.py
[2026-05-04T07:58:48.477+0000] {processor.py:839} INFO - DAG(s) dict_keys(['backfill_retail_pipeline']) retrieved from /opt/airflow/dags/backfill_retail_pipeline.py
[2026-05-04T07:58:48.498+0000] {logging_mixin.py:151} INFO - [2026-05-04T07:58:48.497+0000] {dag.py:2915} INFO - Sync 1 DAGs
[2026-05-04T07:58:48.504+0000] {logging_mixin.py:151} INFO - [2026-05-04T07:58:48.504+0000] {dag.py:3696} INFO - Setting next_dagrun for backfill_retail_pipeline to None, run_after=None
[2026-05-04T07:58:48.511+0000] {processor.py:179} INFO - Processing /opt/airflow/dags/backfill_retail_pipeline.py took 0.055 seconds
[2026-05-04T07:59:18.713+0000] {processor.py:157} INFO - Started process (PID=10010) to work on /opt/airflow/dags/backfill_retail_pipeline.py
[2026-05-04T07:59:18.716+0000] {processor.py:829} INFO - Processing file /opt/airflow/dags/backfill_retail_pipeline.py for tasks to queue
[2026-05-04T07:59:18.717+0000] {logging_mixin.py:151} INFO - [2026-05-04T07:59:18.717+0000] {dagbag.py:539} INFO - Filling up the DagBag from /opt/airflow/dags/backfill_retail_pipeline.py
[2026-05-04T07:59:18.727+0000] {processor.py:839} INFO - DAG(s) dict_keys(['backfill_retail_pipeline']) retrieved from /opt/airflow/dags/backfill_retail_pipeline.py
[2026-05-04T07:59:18.750+0000] {logging_mixin.py:151} INFO - [2026-05-04T07:59:18.750+0000] {dag.py:2915} INFO - Sync 1 DAGs
[2026-05-04T07:59:18.755+0000] {logging_mixin.py:151} INFO - [2026-05-04T07:59:18.755+0000] {dag.py:3696} INFO - Setting next_dagrun for backfill_retail_pipeline to None, run_after=None
[2026-05-04T07:59:18.761+0000] {processor.py:179} INFO - Processing /opt/airflow/dags/backfill_retail_pipeline.py took 0.054 seconds
[2026-05-04T07:59:49.091+0000] {processor.py:157} INFO - Started process (PID=10025) to work on /opt/airflow/dags/backfill_retail_pipeline.py
[2026-05-04T07:59:49.092+0000] {processor.py:829} INFO - Processing file /opt/airflow/dags/backfill_retail_pipeline.py for tasks to queue
[2026-05-04T07:59:49.093+0000] {logging_mixin.py:151} INFO - [2026-05-04T07:59:49.092+0000] {dagbag.py:539} INFO - Filling up the DagBag from /opt/airflow/dags/backfill_retail_pipeline.py
[2026-05-04T07:59:49.112+0000] {processor.py:839} INFO - DAG(s) dict_keys(['backfill_retail_pipeline']) retrieved from /opt/airflow/dags/backfill_retail_pipeline.py
[2026-05-04T07:59:49.150+0000] {logging_mixin.py:151} INFO - [2026-05-04T07:59:49.150+0000] {dag.py:2915} INFO - Sync 1 DAGs
[2026-05-04T07:59:49.160+0000] {logging_mixin.py:151} INFO - [2026-05-04T07:59:49.160+0000] {dag.py:3696} INFO - Setting next_dagrun for backfill_retail_pipeline to None, run_after=None
[2026-05-04T07:59:49.173+0000] {processor.py:179} INFO - Processing /opt/airflow/dags/backfill_retail_pipeline.py took 0.090 seconds
[2026-05-04T08:00:19.326+0000] {processor.py:157} INFO - Started process (PID=10111) to work on /opt/airflow/dags/backfill_retail_pipeline.py
[2026-05-04T08:00:19.329+0000] {processor.py:829} INFO - Processing file /opt/airflow/dags/backfill_retail_pipeline.py for tasks to queue
[2026-05-04T08:00:19.330+0000] {logging_mixin.py:151} INFO - [2026-05-04T08:00:19.330+0000] {dagbag.py:539} INFO - Filling up the DagBag from /opt/airflow/dags/backfill_retail_pipeline.py
[2026-05-04T08:00:19.344+0000] {processor.py:839} INFO - DAG(s) dict_keys(['backfill_retail_pipeline']) retrieved from /opt/airflow/dags/backfill_retail_pipeline.py
[2026-05-04T08:00:19.368+0000] {logging_mixin.py:151} INFO - [2026-05-04T08:00:19.368+0000] {dag.py:2915} INFO - Sync 1 DAGs
[2026-05-04T08:00:19.377+0000] {logging_mixin.py:151} INFO - [2026-05-04T08:00:19.376+0000] {dag.py:3696} INFO - Setting next_dagrun for backfill_retail_pipeline to None, run_after=None
[2026-05-04T08:00:19.389+0000] {processor.py:179} INFO - Processing /opt/airflow/dags/backfill_retail_pipeline.py took 0.068 seconds
[2026-05-04T08:00:49.740+0000] {processor.py:157} INFO - Started process (PID=10141) to work on /opt/airflow/dags/backfill_retail_pipeline.py
[2026-05-04T08:00:49.743+0000] {processor.py:829} INFO - Processing file /opt/airflow/dags/backfill_retail_pipeline.py for tasks to queue
[2026-05-04T08:00:49.744+0000] {logging_mixin.py:151} INFO - [2026-05-04T08:00:49.743+0000] {dagbag.py:539} INFO - Filling up the DagBag from /opt/airflow/dags/backfill_retail_pipeline.py
[2026-05-04T08:00:49.752+0000] {processor.py:839} INFO - DAG(s) dict_keys(['backfill_retail_pipeline']) retrieved from /opt/airflow/dags/backfill_retail_pipeline.py
[2026-05-04T08:00:49.771+0000] {logging_mixin.py:151} INFO - [2026-05-04T08:00:49.771+0000] {dag.py:2915} INFO - Sync 1 DAGs
[2026-05-04T08:00:49.777+0000] {logging_mixin.py:151} INFO - [2026-05-04T08:00:49.777+0000] {dag.py:3696} INFO - Setting next_dagrun for backfill_retail_pipeline to None, run_after=None
[2026-05-04T08:00:49.783+0000] {processor.py:179} INFO - Processing /opt/airflow/dags/backfill_retail_pipeline.py took 0.046 seconds
[2026-05-04T08:01:19.999+0000] {processor.py:157} INFO - Started process (PID=10156) to work on /opt/airflow/dags/backfill_retail_pipeline.py
[2026-05-04T08:01:20.003+0000] {processor.py:829} INFO - Processing file /opt/airflow/dags/backfill_retail_pipeline.py for tasks to queue
[2026-05-04T08:01:20.003+0000] {logging_mixin.py:151} INFO - [2026-05-04T08:01:20.003+0000] {dagbag.py:539} INFO - Filling up the DagBag from /opt/airflow/dags/backfill_retail_pipeline.py
[2026-05-04T08:01:20.014+0000] {processor.py:839} INFO - DAG(s) dict_keys(['backfill_retail_pipeline']) retrieved from /opt/airflow/dags/backfill_retail_pipeline.py
[2026-05-04T08:01:20.034+0000] {logging_mixin.py:151} INFO - [2026-05-04T08:01:20.034+0000] {dag.py:2915} INFO - Sync 1 DAGs
[2026-05-04T08:01:20.041+0000] {logging_mixin.py:151} INFO - [2026-05-04T08:01:20.041+0000] {dag.py:3696} INFO - Setting next_dagrun for backfill_retail_pipeline to None, run_after=None
[2026-05-04T08:01:20.050+0000] {processor.py:179} INFO - Processing /opt/airflow/dags/backfill_retail_pipeline.py took 0.054 seconds
[2026-05-04T08:01:50.384+0000] {processor.py:157} INFO - Started process (PID=10171) to work on /opt/airflow/dags/backfill_retail_pipeline.py
[2026-05-04T08:01:50.388+0000] {processor.py:829} INFO - Processing file /opt/airflow/dags/backfill_retail_pipeline.py for tasks to queue
[2026-05-04T08:01:50.389+0000] {logging_mixin.py:151} INFO - [2026-05-04T08:01:50.388+0000] {dagbag.py:539} INFO - Filling up the DagBag from /opt/airflow/dags/backfill_retail_pipeline.py
[2026-05-04T08:01:50.397+0000] {processor.py:839} INFO - DAG(s) dict_keys(['backfill_retail_pipeline']) retrieved from /opt/airflow/dags/backfill_retail_pipeline.py
[2026-05-04T08:01:50.417+0000] {logging_mixin.py:151} INFO - [2026-05-04T08:01:50.417+0000] {dag.py:2915} INFO - Sync 1 DAGs
[2026-05-04T08:01:50.423+0000] {logging_mixin.py:151} INFO - [2026-05-04T08:01:50.423+0000] {dag.py:3696} INFO - Setting next_dagrun for backfill_retail_pipeline to None, run_after=None
[2026-05-04T08:01:50.429+0000] {processor.py:179} INFO - Processing /opt/airflow/dags/backfill_retail_pipeline.py took 0.048 seconds
[2026-05-04T08:02:20.803+0000] {processor.py:157} INFO - Started process (PID=10186) to work on /opt/airflow/dags/backfill_retail_pipeline.py
[2026-05-04T08:02:20.804+0000] {processor.py:829} INFO - Processing file /opt/airflow/dags/backfill_retail_pipeline.py for tasks to queue
[2026-05-04T08:02:20.805+0000] {logging_mixin.py:151} INFO - [2026-05-04T08:02:20.805+0000] {dagbag.py:539} INFO - Filling up the DagBag from /opt/airflow/dags/backfill_retail_pipeline.py
[2026-05-04T08:02:20.813+0000] {processor.py:839} INFO - DAG(s) dict_keys(['backfill_retail_pipeline']) retrieved from /opt/airflow/dags/backfill_retail_pipeline.py
[2026-05-04T08:02:20.832+0000] {logging_mixin.py:151} INFO - [2026-05-04T08:02:20.832+0000] {dag.py:2915} INFO - Sync 1 DAGs
[2026-05-04T08:02:20.838+0000] {logging_mixin.py:151} INFO - [2026-05-04T08:02:20.838+0000] {dag.py:3696} INFO - Setting next_dagrun for backfill_retail_pipeline to None, run_after=None
[2026-05-04T08:02:20.844+0000] {processor.py:179} INFO - Processing /opt/airflow/dags/backfill_retail_pipeline.py took 0.044 seconds
[2026-05-04T08:02:51.204+0000] {processor.py:157} INFO - Started process (PID=10201) to work on /opt/airflow/dags/backfill_retail_pipeline.py
[2026-05-04T08:02:51.207+0000] {processor.py:829} INFO - Processing file /opt/airflow/dags/backfill_retail_pipeline.py for tasks to queue
[2026-05-04T08:02:51.208+0000] {logging_mixin.py:151} INFO - [2026-05-04T08:02:51.208+0000] {dagbag.py:539} INFO - Filling up the DagBag from /opt/airflow/dags/backfill_retail_pipeline.py
[2026-05-04T08:02:51.217+0000] {processor.py:839} INFO - DAG(s) dict_keys(['backfill_retail_pipeline']) retrieved from /opt/airflow/dags/backfill_retail_pipeline.py
[2026-05-04T08:02:51.237+0000] {logging_mixin.py:151} INFO - [2026-05-04T08:02:51.237+0000] {dag.py:2915} INFO - Sync 1 DAGs
[2026-05-04T08:02:51.242+0000] {logging_mixin.py:151} INFO - [2026-05-04T08:02:51.242+0000] {dag.py:3696} INFO - Setting next_dagrun for backfill_retail_pipeline to None, run_after=None
[2026-05-04T08:02:51.249+0000] {processor.py:179} INFO - Processing /opt/airflow/dags/backfill_retail_pipeline.py took 0.048 seconds
[2026-05-04T08:03:21.454+0000] {processor.py:157} INFO - Started process (PID=10216) to work on /opt/airflow/dags/backfill_retail_pipeline.py
[2026-05-04T08:03:21.457+0000] {processor.py:829} INFO - Processing file /opt/airflow/dags/backfill_retail_pipeline.py for tasks to queue
[2026-05-04T08:03:21.458+0000] {logging_mixin.py:151} INFO - [2026-05-04T08:03:21.457+0000] {dagbag.py:539} INFO - Filling up the DagBag from /opt/airflow/dags/backfill_retail_pipeline.py
[2026-05-04T08:03:21.466+0000] {processor.py:839} INFO - DAG(s) dict_keys(['backfill_retail_pipeline']) retrieved from /opt/airflow/dags/backfill_retail_pipeline.py
[2026-05-04T08:03:21.486+0000] {logging_mixin.py:151} INFO - [2026-05-04T08:03:21.486+0000] {dag.py:2915} INFO - Sync 1 DAGs
[2026-05-04T08:03:21.491+0000] {logging_mixin.py:151} INFO - [2026-05-04T08:03:21.491+0000] {dag.py:3696} INFO - Setting next_dagrun for backfill_retail_pipeline to None, run_after=None
[2026-05-04T08:03:21.497+0000] {processor.py:179} INFO - Processing /opt/airflow/dags/backfill_retail_pipeline.py took 0.046 seconds
[2026-05-04T08:03:51.757+0000] {processor.py:157} INFO - Started process (PID=10231) to work on /opt/airflow/dags/backfill_retail_pipeline.py
[2026-05-04T08:03:51.758+0000] {processor.py:829} INFO - Processing file /opt/airflow/dags/backfill_retail_pipeline.py for tasks to queue
[2026-05-04T08:03:51.759+0000] {logging_mixin.py:151} INFO - [2026-05-04T08:03:51.759+0000] {dagbag.py:539} INFO - Filling up the DagBag from /opt/airflow/dags/backfill_retail_pipeline.py
[2026-05-04T08:03:51.768+0000] {processor.py:839} INFO - DAG(s) dict_keys(['backfill_retail_pipeline']) retrieved from /opt/airflow/dags/backfill_retail_pipeline.py
[2026-05-04T08:03:51.790+0000] {logging_mixin.py:151} INFO - [2026-05-04T08:03:51.789+0000] {dag.py:2915} INFO - Sync 1 DAGs
[2026-05-04T08:03:51.795+0000] {logging_mixin.py:151} INFO - [2026-05-04T08:03:51.795+0000] {dag.py:3696} INFO - Setting next_dagrun for backfill_retail_pipeline to None, run_after=None
[2026-05-04T08:03:51.801+0000] {processor.py:179} INFO - Processing /opt/airflow/dags/backfill_retail_pipeline.py took 0.048 seconds
[2026-05-04T08:04:22.124+0000] {processor.py:157} INFO - Started process (PID=10246) to work on /opt/airflow/dags/backfill_retail_pipeline.py
[2026-05-04T08:04:22.124+0000] {processor.py:829} INFO - Processing file /opt/airflow/dags/backfill_retail_pipeline.py for tasks to queue
[2026-05-04T08:04:22.125+0000] {logging_mixin.py:151} INFO - [2026-05-04T08:04:22.125+0000] {dagbag.py:539} INFO - Filling up the DagBag from /opt/airflow/dags/backfill_retail_pipeline.py
[2026-05-04T08:04:22.133+0000] {processor.py:839} INFO - DAG(s) dict_keys(['backfill_retail_pipeline']) retrieved from /opt/airflow/dags/backfill_retail_pipeline.py
[2026-05-04T08:04:22.150+0000] {logging_mixin.py:151} INFO - [2026-05-04T08:04:22.150+0000] {dag.py:2915} INFO - Sync 1 DAGs
[2026-05-04T08:04:22.154+0000] {logging_mixin.py:151} INFO - [2026-05-04T08:04:22.154+0000] {dag.py:3696} INFO - Setting next_dagrun for backfill_retail_pipeline to None, run_after=None
[2026-05-04T08:04:22.160+0000] {processor.py:179} INFO - Processing /opt/airflow/dags/backfill_retail_pipeline.py took 0.040 seconds
[2026-05-04T08:04:52.439+0000] {processor.py:157} INFO - Started process (PID=10261) to work on /opt/airflow/dags/backfill_retail_pipeline.py
[2026-05-04T08:04:52.440+0000] {processor.py:829} INFO - Processing file /opt/airflow/dags/backfill_retail_pipeline.py for tasks to queue
[2026-05-04T08:04:52.441+0000] {logging_mixin.py:151} INFO - [2026-05-04T08:04:52.441+0000] {dagbag.py:539} INFO - Filling up the DagBag from /opt/airflow/dags/backfill_retail_pipeline.py
[2026-05-04T08:04:52.454+0000] {processor.py:839} INFO - DAG(s) dict_keys(['backfill_retail_pipeline']) retrieved from /opt/airflow/dags/backfill_retail_pipeline.py
[2026-05-04T08:04:52.482+0000] {logging_mixin.py:151} INFO - [2026-05-04T08:04:52.482+0000] {dag.py:2915} INFO - Sync 1 DAGs
[2026-05-04T08:04:52.489+0000] {logging_mixin.py:151} INFO - [2026-05-04T08:04:52.489+0000] {dag.py:3696} INFO - Setting next_dagrun for backfill_retail_pipeline to None, run_after=None
[2026-05-04T08:04:52.495+0000] {processor.py:179} INFO - Processing /opt/airflow/dags/backfill_retail_pipeline.py took 0.061 seconds
[2026-05-04T08:05:22.704+0000] {processor.py:157} INFO - Started process (PID=10276) to work on /opt/airflow/dags/backfill_retail_pipeline.py
[2026-05-04T08:05:22.705+0000] {processor.py:829} INFO - Processing file /opt/airflow/dags/backfill_retail_pipeline.py for tasks to queue
[2026-05-04T08:05:22.706+0000] {logging_mixin.py:151} INFO - [2026-05-04T08:05:22.706+0000] {dagbag.py:539} INFO - Filling up the DagBag from /opt/airflow/dags/backfill_retail_pipeline.py
[2026-05-04T08:05:22.715+0000] {processor.py:839} INFO - DAG(s) dict_keys(['backfill_retail_pipeline']) retrieved from /opt/airflow/dags/backfill_retail_pipeline.py
[2026-05-04T08:05:22.739+0000] {logging_mixin.py:151} INFO - [2026-05-04T08:05:22.738+0000] {dag.py:2915} INFO - Sync 1 DAGs
[2026-05-04T08:05:22.744+0000] {logging_mixin.py:151} INFO - [2026-05-04T08:05:22.744+0000] {dag.py:3696} INFO - Setting next_dagrun for backfill_retail_pipeline to None, run_after=None
[2026-05-04T08:05:22.751+0000] {processor.py:179} INFO - Processing /opt/airflow/dags/backfill_retail_pipeline.py took 0.049 seconds
[2026-05-04T08:05:53.014+0000] {processor.py:157} INFO - Started process (PID=10291) to work on /opt/airflow/dags/backfill_retail_pipeline.py
[2026-05-04T08:05:53.015+0000] {processor.py:829} INFO - Processing file /opt/airflow/dags/backfill_retail_pipeline.py for tasks to queue
[2026-05-04T08:05:53.016+0000] {logging_mixin.py:151} INFO - [2026-05-04T08:05:53.016+0000] {dagbag.py:539} INFO - Filling up the DagBag from /opt/airflow/dags/backfill_retail_pipeline.py
[2026-05-04T08:05:53.026+0000] {processor.py:839} INFO - DAG(s) dict_keys(['backfill_retail_pipeline']) retrieved from /opt/airflow/dags/backfill_retail_pipeline.py
[2026-05-04T08:05:53.046+0000] {logging_mixin.py:151} INFO - [2026-05-04T08:05:53.046+0000] {dag.py:2915} INFO - Sync 1 DAGs
[2026-05-04T08:05:53.052+0000] {logging_mixin.py:151} INFO - [2026-05-04T08:05:53.052+0000] {dag.py:3696} INFO - Setting next_dagrun for backfill_retail_pipeline to None, run_after=None
[2026-05-04T08:05:53.060+0000] {processor.py:179} INFO - Processing /opt/airflow/dags/backfill_retail_pipeline.py took 0.048 seconds
[2026-05-04T08:06:23.267+0000] {processor.py:157} INFO - Started process (PID=10306) to work on /opt/airflow/dags/backfill_retail_pipeline.py
[2026-05-04T08:06:23.268+0000] {processor.py:829} INFO - Processing file /opt/airflow/dags/backfill_retail_pipeline.py for tasks to queue
[2026-05-04T08:06:23.269+0000] {logging_mixin.py:151} INFO - [2026-05-04T08:06:23.269+0000] {dagbag.py:539} INFO - Filling up the DagBag from /opt/airflow/dags/backfill_retail_pipeline.py
[2026-05-04T08:06:23.277+0000] {processor.py:839} INFO - DAG(s) dict_keys(['backfill_retail_pipeline']) retrieved from /opt/airflow/dags/backfill_retail_pipeline.py
[2026-05-04T08:06:23.297+0000] {logging_mixin.py:151} INFO - [2026-05-04T08:06:23.296+0000] {dag.py:2915} INFO - Sync 1 DAGs
[2026-05-04T08:06:23.302+0000] {logging_mixin.py:151} INFO - [2026-05-04T08:06:23.302+0000] {dag.py:3696} INFO - Setting next_dagrun for backfill_retail_pipeline to None, run_after=None
[2026-05-04T08:06:23.309+0000] {processor.py:179} INFO - Processing /opt/airflow/dags/backfill_retail_pipeline.py took 0.044 seconds
[2026-05-04T08:06:53.564+0000] {processor.py:157} INFO - Started process (PID=10321) to work on /opt/airflow/dags/backfill_retail_pipeline.py
[2026-05-04T08:06:53.565+0000] {processor.py:829} INFO - Processing file /opt/airflow/dags/backfill_retail_pipeline.py for tasks to queue
[2026-05-04T08:06:53.566+0000] {logging_mixin.py:151} INFO - [2026-05-04T08:06:53.565+0000] {dagbag.py:539} INFO - Filling up the DagBag from /opt/airflow/dags/backfill_retail_pipeline.py
[2026-05-04T08:06:53.574+0000] {processor.py:839} INFO - DAG(s) dict_keys(['backfill_retail_pipeline']) retrieved from /opt/airflow/dags/backfill_retail_pipeline.py
[2026-05-04T08:06:53.591+0000] {logging_mixin.py:151} INFO - [2026-05-04T08:06:53.591+0000] {dag.py:2915} INFO - Sync 1 DAGs
[2026-05-04T08:06:53.597+0000] {logging_mixin.py:151} INFO - [2026-05-04T08:06:53.596+0000] {dag.py:3696} INFO - Setting next_dagrun for backfill_retail_pipeline to None, run_after=None
[2026-05-04T08:06:53.603+0000] {processor.py:179} INFO - Processing /opt/airflow/dags/backfill_retail_pipeline.py took 0.041 seconds
[2026-05-04T08:07:23.810+0000] {processor.py:157} INFO - Started process (PID=10336) to work on /opt/airflow/dags/backfill_retail_pipeline.py
[2026-05-04T08:07:23.811+0000] {processor.py:829} INFO - Processing file /opt/airflow/dags/backfill_retail_pipeline.py for tasks to queue
[2026-05-04T08:07:23.812+0000] {logging_mixin.py:151} INFO - [2026-05-04T08:07:23.812+0000] {dagbag.py:539} INFO - Filling up the DagBag from /opt/airflow/dags/backfill_retail_pipeline.py
[2026-05-04T08:07:23.822+0000] {processor.py:839} INFO - DAG(s) dict_keys(['backfill_retail_pipeline']) retrieved from /opt/airflow/dags/backfill_retail_pipeline.py
[2026-05-04T08:07:23.841+0000] {logging_mixin.py:151} INFO - [2026-05-04T08:07:23.841+0000] {dag.py:2915} INFO - Sync 1 DAGs
[2026-05-04T08:07:23.847+0000] {logging_mixin.py:151} INFO - [2026-05-04T08:07:23.847+0000] {dag.py:3696} INFO - Setting next_dagrun for backfill_retail_pipeline to None, run_after=None
[2026-05-04T08:07:23.853+0000] {processor.py:179} INFO - Processing /opt/airflow/dags/backfill_retail_pipeline.py took 0.046 seconds
[2026-05-04T08:07:54.111+0000] {processor.py:157} INFO - Started process (PID=10351) to work on /opt/airflow/dags/backfill_retail_pipeline.py
[2026-05-04T08:07:54.111+0000] {processor.py:829} INFO - Processing file /opt/airflow/dags/backfill_retail_pipeline.py for tasks to queue
[2026-05-04T08:07:54.112+0000] {logging_mixin.py:151} INFO - [2026-05-04T08:07:54.112+0000] {dagbag.py:539} INFO - Filling up the DagBag from /opt/airflow/dags/backfill_retail_pipeline.py
[2026-05-04T08:07:54.121+0000] {processor.py:839} INFO - DAG(s) dict_keys(['backfill_retail_pipeline']) retrieved from /opt/airflow/dags/backfill_retail_pipeline.py
[2026-05-04T08:07:54.141+0000] {logging_mixin.py:151} INFO - [2026-05-04T08:07:54.141+0000] {dag.py:2915} INFO - Sync 1 DAGs
[2026-05-04T08:07:54.147+0000] {logging_mixin.py:151} INFO - [2026-05-04T08:07:54.147+0000] {dag.py:3696} INFO - Setting next_dagrun for backfill_retail_pipeline to None, run_after=None
[2026-05-04T08:07:54.154+0000] {processor.py:179} INFO - Processing /opt/airflow/dags/backfill_retail_pipeline.py took 0.045 seconds
[2026-05-04T08:08:24.435+0000] {processor.py:157} INFO - Started process (PID=10366) to work on /opt/airflow/dags/backfill_retail_pipeline.py
[2026-05-04T08:08:24.436+0000] {processor.py:829} INFO - Processing file /opt/airflow/dags/backfill_retail_pipeline.py for tasks to queue
[2026-05-04T08:08:24.437+0000] {logging_mixin.py:151} INFO - [2026-05-04T08:08:24.437+0000] {dagbag.py:539} INFO - Filling up the DagBag from /opt/airflow/dags/backfill_retail_pipeline.py
[2026-05-04T08:08:24.457+0000] {processor.py:839} INFO - DAG(s) dict_keys(['backfill_retail_pipeline']) retrieved from /opt/airflow/dags/backfill_retail_pipeline.py
[2026-05-04T08:08:24.493+0000] {logging_mixin.py:151} INFO - [2026-05-04T08:08:24.493+0000] {dag.py:2915} INFO - Sync 1 DAGs
[2026-05-04T08:08:24.504+0000] {logging_mixin.py:151} INFO - [2026-05-04T08:08:24.504+0000] {dag.py:3696} INFO - Setting next_dagrun for backfill_retail_pipeline to None, run_after=None
[2026-05-04T08:08:24.514+0000] {processor.py:179} INFO - Processing /opt/airflow/dags/backfill_retail_pipeline.py took 0.086 seconds
[2026-05-04T08:08:54.720+0000] {processor.py:157} INFO - Started process (PID=10381) to work on /opt/airflow/dags/backfill_retail_pipeline.py
[2026-05-04T08:08:54.723+0000] {processor.py:829} INFO - Processing file /opt/airflow/dags/backfill_retail_pipeline.py for tasks to queue
[2026-05-04T08:08:54.724+0000] {logging_mixin.py:151} INFO - [2026-05-04T08:08:54.724+0000] {dagbag.py:539} INFO - Filling up the DagBag from /opt/airflow/dags/backfill_retail_pipeline.py
[2026-05-04T08:08:54.733+0000] {processor.py:839} INFO - DAG(s) dict_keys(['backfill_retail_pipeline']) retrieved from /opt/airflow/dags/backfill_retail_pipeline.py
[2026-05-04T08:08:54.752+0000] {logging_mixin.py:151} INFO - [2026-05-04T08:08:54.752+0000] {dag.py:2915} INFO - Sync 1 DAGs
[2026-05-04T08:08:54.757+0000] {logging_mixin.py:151} INFO - [2026-05-04T08:08:54.757+0000] {dag.py:3696} INFO - Setting next_dagrun for backfill_retail_pipeline to None, run_after=None
[2026-05-04T08:08:54.763+0000] {processor.py:179} INFO - Processing /opt/airflow/dags/backfill_retail_pipeline.py took 0.046 seconds
[2026-05-04T08:09:25.075+0000] {processor.py:157} INFO - Started process (PID=10396) to work on /opt/airflow/dags/backfill_retail_pipeline.py
[2026-05-04T08:09:25.078+0000] {processor.py:829} INFO - Processing file /opt/airflow/dags/backfill_retail_pipeline.py for tasks to queue
[2026-05-04T08:09:25.079+0000] {logging_mixin.py:151} INFO - [2026-05-04T08:09:25.078+0000] {dagbag.py:539} INFO - Filling up the DagBag from /opt/airflow/dags/backfill_retail_pipeline.py
[2026-05-04T08:09:25.088+0000] {processor.py:839} INFO - DAG(s) dict_keys(['backfill_retail_pipeline']) retrieved from /opt/airflow/dags/backfill_retail_pipeline.py
[2026-05-04T08:09:25.108+0000] {logging_mixin.py:151} INFO - [2026-05-04T08:09:25.108+0000] {dag.py:2915} INFO - Sync 1 DAGs
[2026-05-04T08:09:25.113+0000] {logging_mixin.py:151} INFO - [2026-05-04T08:09:25.113+0000] {dag.py:3696} INFO - Setting next_dagrun for backfill_retail_pipeline to None, run_after=None
[2026-05-04T08:09:25.121+0000] {processor.py:179} INFO - Processing /opt/airflow/dags/backfill_retail_pipeline.py took 0.051 seconds
[2026-05-04T08:09:55.433+0000] {processor.py:157} INFO - Started process (PID=10411) to work on /opt/airflow/dags/backfill_retail_pipeline.py
[2026-05-04T08:09:55.434+0000] {processor.py:829} INFO - Processing file /opt/airflow/dags/backfill_retail_pipeline.py for tasks to queue
[2026-05-04T08:09:55.434+0000] {logging_mixin.py:151} INFO - [2026-05-04T08:09:55.434+0000] {dagbag.py:539} INFO - Filling up the DagBag from /opt/airflow/dags/backfill_retail_pipeline.py
[2026-05-04T08:09:55.444+0000] {processor.py:839} INFO - DAG(s) dict_keys(['backfill_retail_pipeline']) retrieved from /opt/airflow/dags/backfill_retail_pipeline.py
[2026-05-04T08:09:55.466+0000] {logging_mixin.py:151} INFO - [2026-05-04T08:09:55.466+0000] {dag.py:2915} INFO - Sync 1 DAGs
[2026-05-04T08:09:55.473+0000] {logging_mixin.py:151} INFO - [2026-05-04T08:09:55.473+0000] {dag.py:3696} INFO - Setting next_dagrun for backfill_retail_pipeline to None, run_after=None
[2026-05-04T08:09:55.480+0000] {processor.py:179} INFO - Processing /opt/airflow/dags/backfill_retail_pipeline.py took 0.049 seconds
[2026-05-04T08:10:25.759+0000] {processor.py:157} INFO - Started process (PID=10426) to work on /opt/airflow/dags/backfill_retail_pipeline.py
[2026-05-04T08:10:25.760+0000] {processor.py:829} INFO - Processing file /opt/airflow/dags/backfill_retail_pipeline.py for tasks to queue
[2026-05-04T08:10:25.762+0000] {logging_mixin.py:151} INFO - [2026-05-04T08:10:25.761+0000] {dagbag.py:539} INFO - Filling up the DagBag from /opt/airflow/dags/backfill_retail_pipeline.py
[2026-05-04T08:10:25.775+0000] {processor.py:839} INFO - DAG(s) dict_keys(['backfill_retail_pipeline']) retrieved from /opt/airflow/dags/backfill_retail_pipeline.py
[2026-05-04T08:10:25.798+0000] {logging_mixin.py:151} INFO - [2026-05-04T08:10:25.798+0000] {dag.py:2915} INFO - Sync 1 DAGs
[2026-05-04T08:10:25.803+0000] {logging_mixin.py:151} INFO - [2026-05-04T08:10:25.803+0000] {dag.py:3696} INFO - Setting next_dagrun for backfill_retail_pipeline to None, run_after=None
[2026-05-04T08:10:25.809+0000] {processor.py:179} INFO - Processing /opt/airflow/dags/backfill_retail_pipeline.py took 0.056 seconds
[2026-05-04T08:10:56.003+0000] {processor.py:157} INFO - Started process (PID=10441) to work on /opt/airflow/dags/backfill_retail_pipeline.py
[2026-05-04T08:10:56.004+0000] {processor.py:829} INFO - Processing file /opt/airflow/dags/backfill_retail_pipeline.py for tasks to queue
[2026-05-04T08:10:56.005+0000] {logging_mixin.py:151} INFO - [2026-05-04T08:10:56.004+0000] {dagbag.py:539} INFO - Filling up the DagBag from /opt/airflow/dags/backfill_retail_pipeline.py
[2026-05-04T08:10:56.014+0000] {processor.py:839} INFO - DAG(s) dict_keys(['backfill_retail_pipeline']) retrieved from /opt/airflow/dags/backfill_retail_pipeline.py
[2026-05-04T08:10:56.035+0000] {logging_mixin.py:151} INFO - [2026-05-04T08:10:56.034+0000] {dag.py:2915} INFO - Sync 1 DAGs
[2026-05-04T08:10:56.041+0000] {logging_mixin.py:151} INFO - [2026-05-04T08:10:56.041+0000] {dag.py:3696} INFO - Setting next_dagrun for backfill_retail_pipeline to None, run_after=None
[2026-05-04T08:10:56.047+0000] {processor.py:179} INFO - Processing /opt/airflow/dags/backfill_retail_pipeline.py took 0.047 seconds
[2026-05-04T08:11:26.257+0000] {processor.py:157} INFO - Started process (PID=10456) to work on /opt/airflow/dags/backfill_retail_pipeline.py
[2026-05-04T08:11:26.258+0000] {processor.py:829} INFO - Processing file /opt/airflow/dags/backfill_retail_pipeline.py for tasks to queue
[2026-05-04T08:11:26.259+0000] {logging_mixin.py:151} INFO - [2026-05-04T08:11:26.259+0000] {dagbag.py:539} INFO - Filling up the DagBag from /opt/airflow/dags/backfill_retail_pipeline.py
[2026-05-04T08:11:26.275+0000] {processor.py:839} INFO - DAG(s) dict_keys(['backfill_retail_pipeline']) retrieved from /opt/airflow/dags/backfill_retail_pipeline.py
[2026-05-04T08:11:26.298+0000] {logging_mixin.py:151} INFO - [2026-05-04T08:11:26.298+0000] {dag.py:2915} INFO - Sync 1 DAGs
[2026-05-04T08:11:26.304+0000] {logging_mixin.py:151} INFO - [2026-05-04T08:11:26.304+0000] {dag.py:3696} INFO - Setting next_dagrun for backfill_retail_pipeline to None, run_after=None
[2026-05-04T08:11:26.310+0000] {processor.py:179} INFO - Processing /opt/airflow/dags/backfill_retail_pipeline.py took 0.060 seconds
[2026-05-04T08:11:56.645+0000] {processor.py:157} INFO - Started process (PID=10471) to work on /opt/airflow/dags/backfill_retail_pipeline.py
[2026-05-04T08:11:56.646+0000] {processor.py:829} INFO - Processing file /opt/airflow/dags/backfill_retail_pipeline.py for tasks to queue
[2026-05-04T08:11:56.647+0000] {logging_mixin.py:151} INFO - [2026-05-04T08:11:56.646+0000] {dagbag.py:539} INFO - Filling up the DagBag from /opt/airflow/dags/backfill_retail_pipeline.py
[2026-05-04T08:11:56.657+0000] {processor.py:839} INFO - DAG(s) dict_keys(['backfill_retail_pipeline']) retrieved from /opt/airflow/dags/backfill_retail_pipeline.py
[2026-05-04T08:11:56.678+0000] {logging_mixin.py:151} INFO - [2026-05-04T08:11:56.678+0000] {dag.py:2915} INFO - Sync 1 DAGs
[2026-05-04T08:11:56.684+0000] {logging_mixin.py:151} INFO - [2026-05-04T08:11:56.684+0000] {dag.py:3696} INFO - Setting next_dagrun for backfill_retail_pipeline to None, run_after=None
[2026-05-04T08:11:56.691+0000] {processor.py:179} INFO - Processing /opt/airflow/dags/backfill_retail_pipeline.py took 0.051 seconds
[2026-05-04T08:12:26.937+0000] {processor.py:157} INFO - Started process (PID=10486) to work on /opt/airflow/dags/backfill_retail_pipeline.py
[2026-05-04T08:12:26.938+0000] {processor.py:829} INFO - Processing file /opt/airflow/dags/backfill_retail_pipeline.py for tasks to queue
[2026-05-04T08:12:26.939+0000] {logging_mixin.py:151} INFO - [2026-05-04T08:12:26.939+0000] {dagbag.py:539} INFO - Filling up the DagBag from /opt/airflow/dags/backfill_retail_pipeline.py
[2026-05-04T08:12:26.950+0000] {processor.py:839} INFO - DAG(s) dict_keys(['backfill_retail_pipeline']) retrieved from /opt/airflow/dags/backfill_retail_pipeline.py
[2026-05-04T08:12:26.970+0000] {logging_mixin.py:151} INFO - [2026-05-04T08:12:26.970+0000] {dag.py:2915} INFO - Sync 1 DAGs
[2026-05-04T08:12:26.975+0000] {logging_mixin.py:151} INFO - [2026-05-04T08:12:26.975+0000] {dag.py:3696} INFO - Setting next_dagrun for backfill_retail_pipeline to None, run_after=None
[2026-05-04T08:12:26.982+0000] {processor.py:179} INFO - Processing /opt/airflow/dags/backfill_retail_pipeline.py took 0.048 seconds
[2026-05-04T08:12:57.183+0000] {processor.py:157} INFO - Started process (PID=10501) to work on /opt/airflow/dags/backfill_retail_pipeline.py
[2026-05-04T08:12:57.184+0000] {processor.py:829} INFO - Processing file /opt/airflow/dags/backfill_retail_pipeline.py for tasks to queue
[2026-05-04T08:12:57.185+0000] {logging_mixin.py:151} INFO - [2026-05-04T08:12:57.184+0000] {dagbag.py:539} INFO - Filling up the DagBag from /opt/airflow/dags/backfill_retail_pipeline.py
[2026-05-04T08:12:57.197+0000] {processor.py:839} INFO - DAG(s) dict_keys(['backfill_retail_pipeline']) retrieved from /opt/airflow/dags/backfill_retail_pipeline.py
[2026-05-04T08:12:57.218+0000] {logging_mixin.py:151} INFO - [2026-05-04T08:12:57.218+0000] {dag.py:2915} INFO - Sync 1 DAGs
[2026-05-04T08:12:57.223+0000] {logging_mixin.py:151} INFO - [2026-05-04T08:12:57.223+0000] {dag.py:3696} INFO - Setting next_dagrun for backfill_retail_pipeline to None, run_after=None
[2026-05-04T08:12:57.230+0000] {processor.py:179} INFO - Processing /opt/airflow/dags/backfill_retail_pipeline.py took 0.053 seconds
[2026-05-04T08:13:27.498+0000] {processor.py:157} INFO - Started process (PID=10516) to work on /opt/airflow/dags/backfill_retail_pipeline.py
[2026-05-04T08:13:27.499+0000] {processor.py:829} INFO - Processing file /opt/airflow/dags/backfill_retail_pipeline.py for tasks to queue
[2026-05-04T08:13:27.499+0000] {logging_mixin.py:151} INFO - [2026-05-04T08:13:27.499+0000] {dagbag.py:539} INFO - Filling up the DagBag from /opt/airflow/dags/backfill_retail_pipeline.py
[2026-05-04T08:13:27.509+0000] {processor.py:839} INFO - DAG(s) dict_keys(['backfill_retail_pipeline']) retrieved from /opt/airflow/dags/backfill_retail_pipeline.py
[2026-05-04T08:13:27.531+0000] {logging_mixin.py:151} INFO - [2026-05-04T08:13:27.531+0000] {dag.py:2915} INFO - Sync 1 DAGs
[2026-05-04T08:13:27.537+0000] {logging_mixin.py:151} INFO - [2026-05-04T08:13:27.537+0000] {dag.py:3696} INFO - Setting next_dagrun for backfill_retail_pipeline to None, run_after=None
[2026-05-04T08:13:27.545+0000] {processor.py:179} INFO - Processing /opt/airflow/dags/backfill_retail_pipeline.py took 0.050 seconds
[2026-05-04T08:13:57.745+0000] {processor.py:157} INFO - Started process (PID=10531) to work on /opt/airflow/dags/backfill_retail_pipeline.py
[2026-05-04T08:13:57.746+0000] {processor.py:829} INFO - Processing file /opt/airflow/dags/backfill_retail_pipeline.py for tasks to queue
[2026-05-04T08:13:57.748+0000] {logging_mixin.py:151} INFO - [2026-05-04T08:13:57.747+0000] {dagbag.py:539} INFO - Filling up the DagBag from /opt/airflow/dags/backfill_retail_pipeline.py
[2026-05-04T08:13:57.759+0000] {processor.py:839} INFO - DAG(s) dict_keys(['backfill_retail_pipeline']) retrieved from /opt/airflow/dags/backfill_retail_pipeline.py
[2026-05-04T08:13:57.781+0000] {logging_mixin.py:151} INFO - [2026-05-04T08:13:57.781+0000] {dag.py:2915} INFO - Sync 1 DAGs
[2026-05-04T08:13:57.787+0000] {logging_mixin.py:151} INFO - [2026-05-04T08:13:57.787+0000] {dag.py:3696} INFO - Setting next_dagrun for backfill_retail_pipeline to None, run_after=None
[2026-05-04T08:13:57.793+0000] {processor.py:179} INFO - Processing /opt/airflow/dags/backfill_retail_pipeline.py took 0.052 seconds
[2026-05-04T08:14:28.076+0000] {processor.py:157} INFO - Started process (PID=10546) to work on /opt/airflow/dags/backfill_retail_pipeline.py
[2026-05-04T08:14:28.080+0000] {processor.py:829} INFO - Processing file /opt/airflow/dags/backfill_retail_pipeline.py for tasks to queue
[2026-05-04T08:14:28.081+0000] {logging_mixin.py:151} INFO - [2026-05-04T08:14:28.081+0000] {dagbag.py:539} INFO - Filling up the DagBag from /opt/airflow/dags/backfill_retail_pipeline.py
[2026-05-04T08:14:28.095+0000] {processor.py:839} INFO - DAG(s) dict_keys(['backfill_retail_pipeline']) retrieved from /opt/airflow/dags/backfill_retail_pipeline.py
[2026-05-04T08:14:28.116+0000] {logging_mixin.py:151} INFO - [2026-05-04T08:14:28.116+0000] {dag.py:2915} INFO - Sync 1 DAGs
[2026-05-04T08:14:28.122+0000] {logging_mixin.py:151} INFO - [2026-05-04T08:14:28.122+0000] {dag.py:3696} INFO - Setting next_dagrun for backfill_retail_pipeline to None, run_after=None
[2026-05-04T08:14:28.128+0000] {processor.py:179} INFO - Processing /opt/airflow/dags/backfill_retail_pipeline.py took 0.057 seconds
[2026-05-04T08:14:58.446+0000] {processor.py:157} INFO - Started process (PID=10561) to work on /opt/airflow/dags/backfill_retail_pipeline.py
[2026-05-04T08:14:58.449+0000] {processor.py:829} INFO - Processing file /opt/airflow/dags/backfill_retail_pipeline.py for tasks to queue
[2026-05-04T08:14:58.450+0000] {logging_mixin.py:151} INFO - [2026-05-04T08:14:58.450+0000] {dagbag.py:539} INFO - Filling up the DagBag from /opt/airflow/dags/backfill_retail_pipeline.py
[2026-05-04T08:14:58.459+0000] {processor.py:839} INFO - DAG(s) dict_keys(['backfill_retail_pipeline']) retrieved from /opt/airflow/dags/backfill_retail_pipeline.py
[2026-05-04T08:14:58.480+0000] {logging_mixin.py:151} INFO - [2026-05-04T08:14:58.480+0000] {dag.py:2915} INFO - Sync 1 DAGs
[2026-05-04T08:14:58.486+0000] {logging_mixin.py:151} INFO - [2026-05-04T08:14:58.486+0000] {dag.py:3696} INFO - Setting next_dagrun for backfill_retail_pipeline to None, run_after=None
[2026-05-04T08:14:58.493+0000] {processor.py:179} INFO - Processing /opt/airflow/dags/backfill_retail_pipeline.py took 0.049 seconds
[2026-05-04T08:15:28.770+0000] {processor.py:157} INFO - Started process (PID=10576) to work on /opt/airflow/dags/backfill_retail_pipeline.py
[2026-05-04T08:15:28.771+0000] {processor.py:829} INFO - Processing file /opt/airflow/dags/backfill_retail_pipeline.py for tasks to queue
[2026-05-04T08:15:28.772+0000] {logging_mixin.py:151} INFO - [2026-05-04T08:15:28.772+0000] {dagbag.py:539} INFO - Filling up the DagBag from /opt/airflow/dags/backfill_retail_pipeline.py
[2026-05-04T08:15:28.783+0000] {processor.py:839} INFO - DAG(s) dict_keys(['backfill_retail_pipeline']) retrieved from /opt/airflow/dags/backfill_retail_pipeline.py
[2026-05-04T08:15:28.808+0000] {logging_mixin.py:151} INFO - [2026-05-04T08:15:28.808+0000] {dag.py:2915} INFO - Sync 1 DAGs
[2026-05-04T08:15:28.816+0000] {logging_mixin.py:151} INFO - [2026-05-04T08:15:28.816+0000] {dag.py:3696} INFO - Setting next_dagrun for backfill_retail_pipeline to None, run_after=None
[2026-05-04T08:15:28.824+0000] {processor.py:179} INFO - Processing /opt/airflow/dags/backfill_retail_pipeline.py took 0.058 seconds
[2026-05-04T08:15:59.111+0000] {processor.py:157} INFO - Started process (PID=10591) to work on /opt/airflow/dags/backfill_retail_pipeline.py
[2026-05-04T08:15:59.114+0000] {processor.py:829} INFO - Processing file /opt/airflow/dags/backfill_retail_pipeline.py for tasks to queue
[2026-05-04T08:15:59.115+0000] {logging_mixin.py:151} INFO - [2026-05-04T08:15:59.115+0000] {dagbag.py:539} INFO - Filling up the DagBag from /opt/airflow/dags/backfill_retail_pipeline.py
[2026-05-04T08:15:59.125+0000] {processor.py:839} INFO - DAG(s) dict_keys(['backfill_retail_pipeline']) retrieved from /opt/airflow/dags/backfill_retail_pipeline.py
[2026-05-04T08:15:59.154+0000] {logging_mixin.py:151} INFO - [2026-05-04T08:15:59.154+0000] {dag.py:2915} INFO - Sync 1 DAGs
[2026-05-04T08:15:59.161+0000] {logging_mixin.py:151} INFO - [2026-05-04T08:15:59.161+0000] {dag.py:3696} INFO - Setting next_dagrun for backfill_retail_pipeline to None, run_after=None
[2026-05-04T08:15:59.170+0000] {processor.py:179} INFO - Processing /opt/airflow/dags/backfill_retail_pipeline.py took 0.063 seconds
[2026-05-04T08:16:29.476+0000] {processor.py:157} INFO - Started process (PID=10606) to work on /opt/airflow/dags/backfill_retail_pipeline.py
[2026-05-04T08:16:29.477+0000] {processor.py:829} INFO - Processing file /opt/airflow/dags/backfill_retail_pipeline.py for tasks to queue
[2026-05-04T08:16:29.478+0000] {logging_mixin.py:151} INFO - [2026-05-04T08:16:29.478+0000] {dagbag.py:539} INFO - Filling up the DagBag from /opt/airflow/dags/backfill_retail_pipeline.py
[2026-05-04T08:16:29.487+0000] {processor.py:839} INFO - DAG(s) dict_keys(['backfill_retail_pipeline']) retrieved from /opt/airflow/dags/backfill_retail_pipeline.py
[2026-05-04T08:16:29.508+0000] {logging_mixin.py:151} INFO - [2026-05-04T08:16:29.508+0000] {dag.py:2915} INFO - Sync 1 DAGs
[2026-05-04T08:16:29.514+0000] {logging_mixin.py:151} INFO - [2026-05-04T08:16:29.514+0000] {dag.py:3696} INFO - Setting next_dagrun for backfill_retail_pipeline to None, run_after=None
[2026-05-04T08:16:29.521+0000] {processor.py:179} INFO - Processing /opt/airflow/dags/backfill_retail_pipeline.py took 0.047 seconds
[2026-05-04T08:16:59.880+0000] {processor.py:157} INFO - Started process (PID=10621) to work on /opt/airflow/dags/backfill_retail_pipeline.py
[2026-05-04T08:16:59.884+0000] {processor.py:829} INFO - Processing file /opt/airflow/dags/backfill_retail_pipeline.py for tasks to queue
[2026-05-04T08:16:59.885+0000] {logging_mixin.py:151} INFO - [2026-05-04T08:16:59.884+0000] {dagbag.py:539} INFO - Filling up the DagBag from /opt/airflow/dags/backfill_retail_pipeline.py
[2026-05-04T08:16:59.893+0000] {processor.py:839} INFO - DAG(s) dict_keys(['backfill_retail_pipeline']) retrieved from /opt/airflow/dags/backfill_retail_pipeline.py
[2026-05-04T08:16:59.910+0000] {logging_mixin.py:151} INFO - [2026-05-04T08:16:59.910+0000] {dag.py:2915} INFO - Sync 1 DAGs
[2026-05-04T08:16:59.915+0000] {logging_mixin.py:151} INFO - [2026-05-04T08:16:59.915+0000] {dag.py:3696} INFO - Setting next_dagrun for backfill_retail_pipeline to None, run_after=None
[2026-05-04T08:16:59.922+0000] {processor.py:179} INFO - Processing /opt/airflow/dags/backfill_retail_pipeline.py took 0.047 seconds
[2026-05-04T08:17:30.209+0000] {processor.py:157} INFO - Started process (PID=10636) to work on /opt/airflow/dags/backfill_retail_pipeline.py
[2026-05-04T08:17:30.211+0000] {processor.py:829} INFO - Processing file /opt/airflow/dags/backfill_retail_pipeline.py for tasks to queue
[2026-05-04T08:17:30.212+0000] {logging_mixin.py:151} INFO - [2026-05-04T08:17:30.211+0000] {dagbag.py:539} INFO - Filling up the DagBag from /opt/airflow/dags/backfill_retail_pipeline.py
[2026-05-04T08:17:30.226+0000] {processor.py:839} INFO - DAG(s) dict_keys(['backfill_retail_pipeline']) retrieved from /opt/airflow/dags/backfill_retail_pipeline.py
[2026-05-04T08:17:30.254+0000] {logging_mixin.py:151} INFO - [2026-05-04T08:17:30.254+0000] {dag.py:2915} INFO - Sync 1 DAGs
[2026-05-04T08:17:30.261+0000] {logging_mixin.py:151} INFO - [2026-05-04T08:17:30.261+0000] {dag.py:3696} INFO - Setting next_dagrun for backfill_retail_pipeline to None, run_after=None
[2026-05-04T08:17:30.269+0000] {processor.py:179} INFO - Processing /opt/airflow/dags/backfill_retail_pipeline.py took 0.064 seconds
[2026-05-04T08:18:00.570+0000] {processor.py:157} INFO - Started process (PID=10651) to work on /opt/airflow/dags/backfill_retail_pipeline.py
[2026-05-04T08:18:00.572+0000] {processor.py:829} INFO - Processing file /opt/airflow/dags/backfill_retail_pipeline.py for tasks to queue
[2026-05-04T08:18:00.573+0000] {logging_mixin.py:151} INFO - [2026-05-04T08:18:00.573+0000] {dagbag.py:539} INFO - Filling up the DagBag from /opt/airflow/dags/backfill_retail_pipeline.py
[2026-05-04T08:18:00.583+0000] {processor.py:839} INFO - DAG(s) dict_keys(['backfill_retail_pipeline']) retrieved from /opt/airflow/dags/backfill_retail_pipeline.py
[2026-05-04T08:18:00.601+0000] {logging_mixin.py:151} INFO - [2026-05-04T08:18:00.600+0000] {dag.py:2915} INFO - Sync 1 DAGs
[2026-05-04T08:18:00.606+0000] {logging_mixin.py:151} INFO - [2026-05-04T08:18:00.606+0000] {dag.py:3696} INFO - Setting next_dagrun for backfill_retail_pipeline to None, run_after=None
[2026-05-04T08:18:00.612+0000] {processor.py:179} INFO - Processing /opt/airflow/dags/backfill_retail_pipeline.py took 0.046 seconds
[2026-05-04T08:18:30.844+0000] {processor.py:157} INFO - Started process (PID=10666) to work on /opt/airflow/dags/backfill_retail_pipeline.py
[2026-05-04T08:18:30.845+0000] {processor.py:829} INFO - Processing file /opt/airflow/dags/backfill_retail_pipeline.py for tasks to queue
[2026-05-04T08:18:30.846+0000] {logging_mixin.py:151} INFO - [2026-05-04T08:18:30.846+0000] {dagbag.py:539} INFO - Filling up the DagBag from /opt/airflow/dags/backfill_retail_pipeline.py
[2026-05-04T08:18:30.854+0000] {processor.py:839} INFO - DAG(s) dict_keys(['backfill_retail_pipeline']) retrieved from /opt/airflow/dags/backfill_retail_pipeline.py
[2026-05-04T08:18:30.876+0000] {logging_mixin.py:151} INFO - [2026-05-04T08:18:30.876+0000] {dag.py:2915} INFO - Sync 1 DAGs
[2026-05-04T08:18:30.881+0000] {logging_mixin.py:151} INFO - [2026-05-04T08:18:30.881+0000] {dag.py:3696} INFO - Setting next_dagrun for backfill_retail_pipeline to None, run_after=None
[2026-05-04T08:18:30.888+0000] {processor.py:179} INFO - Processing /opt/airflow/dags/backfill_retail_pipeline.py took 0.047 seconds
[2026-05-04T08:19:01.107+0000] {processor.py:157} INFO - Started process (PID=10681) to work on /opt/airflow/dags/backfill_retail_pipeline.py
[2026-05-04T08:19:01.110+0000] {processor.py:829} INFO - Processing file /opt/airflow/dags/backfill_retail_pipeline.py for tasks to queue
[2026-05-04T08:19:01.111+0000] {logging_mixin.py:151} INFO - [2026-05-04T08:19:01.110+0000] {dagbag.py:539} INFO - Filling up the DagBag from /opt/airflow/dags/backfill_retail_pipeline.py
[2026-05-04T08:19:01.119+0000] {processor.py:839} INFO - DAG(s) dict_keys(['backfill_retail_pipeline']) retrieved from /opt/airflow/dags/backfill_retail_pipeline.py
[2026-05-04T08:19:01.140+0000] {logging_mixin.py:151} INFO - [2026-05-04T08:19:01.140+0000] {dag.py:2915} INFO - Sync 1 DAGs
[2026-05-04T08:19:01.145+0000] {logging_mixin.py:151} INFO - [2026-05-04T08:19:01.145+0000] {dag.py:3696} INFO - Setting next_dagrun for backfill_retail_pipeline to None, run_after=None
[2026-05-04T08:19:01.151+0000] {processor.py:179} INFO - Processing /opt/airflow/dags/backfill_retail_pipeline.py took 0.048 seconds
[2026-05-04T08:19:31.329+0000] {processor.py:157} INFO - Started process (PID=10696) to work on /opt/airflow/dags/backfill_retail_pipeline.py
[2026-05-04T08:19:31.330+0000] {processor.py:829} INFO - Processing file /opt/airflow/dags/backfill_retail_pipeline.py for tasks to queue
[2026-05-04T08:19:31.331+0000] {logging_mixin.py:151} INFO - [2026-05-04T08:19:31.331+0000] {dagbag.py:539} INFO - Filling up the DagBag from /opt/airflow/dags/backfill_retail_pipeline.py
[2026-05-04T08:19:31.340+0000] {processor.py:839} INFO - DAG(s) dict_keys(['backfill_retail_pipeline']) retrieved from /opt/airflow/dags/backfill_retail_pipeline.py
[2026-05-04T08:19:31.362+0000] {logging_mixin.py:151} INFO - [2026-05-04T08:19:31.361+0000] {dag.py:2915} INFO - Sync 1 DAGs
[2026-05-04T08:19:31.367+0000] {logging_mixin.py:151} INFO - [2026-05-04T08:19:31.367+0000] {dag.py:3696} INFO - Setting next_dagrun for backfill_retail_pipeline to None, run_after=None
[2026-05-04T08:19:31.374+0000] {processor.py:179} INFO - Processing /opt/airflow/dags/backfill_retail_pipeline.py took 0.048 seconds
[2026-05-04T08:20:01.733+0000] {processor.py:157} INFO - Started process (PID=10711) to work on /opt/airflow/dags/backfill_retail_pipeline.py
[2026-05-04T08:20:01.734+0000] {processor.py:829} INFO - Processing file /opt/airflow/dags/backfill_retail_pipeline.py for tasks to queue
[2026-05-04T08:20:01.735+0000] {logging_mixin.py:151} INFO - [2026-05-04T08:20:01.735+0000] {dagbag.py:539} INFO - Filling up the DagBag from /opt/airflow/dags/backfill_retail_pipeline.py
[2026-05-04T08:20:01.746+0000] {processor.py:839} INFO - DAG(s) dict_keys(['backfill_retail_pipeline']) retrieved from /opt/airflow/dags/backfill_retail_pipeline.py
[2026-05-04T08:20:01.772+0000] {logging_mixin.py:151} INFO - [2026-05-04T08:20:01.772+0000] {dag.py:2915} INFO - Sync 1 DAGs
[2026-05-04T08:20:01.777+0000] {logging_mixin.py:151} INFO - [2026-05-04T08:20:01.777+0000] {dag.py:3696} INFO - Setting next_dagrun for backfill_retail_pipeline to None, run_after=None
[2026-05-04T08:20:01.784+0000] {processor.py:179} INFO - Processing /opt/airflow/dags/backfill_retail_pipeline.py took 0.054 seconds
[2026-05-04T08:20:31.967+0000] {processor.py:157} INFO - Started process (PID=10726) to work on /opt/airflow/dags/backfill_retail_pipeline.py
[2026-05-04T08:20:31.968+0000] {processor.py:829} INFO - Processing file /opt/airflow/dags/backfill_retail_pipeline.py for tasks to queue
[2026-05-04T08:20:31.969+0000] {logging_mixin.py:151} INFO - [2026-05-04T08:20:31.969+0000] {dagbag.py:539} INFO - Filling up the DagBag from /opt/airflow/dags/backfill_retail_pipeline.py
[2026-05-04T08:20:31.978+0000] {processor.py:839} INFO - DAG(s) dict_keys(['backfill_retail_pipeline']) retrieved from /opt/airflow/dags/backfill_retail_pipeline.py
[2026-05-04T08:20:32.002+0000] {logging_mixin.py:151} INFO - [2026-05-04T08:20:32.002+0000] {dag.py:2915} INFO - Sync 1 DAGs
[2026-05-04T08:20:32.008+0000] {logging_mixin.py:151} INFO - [2026-05-04T08:20:32.008+0000] {dag.py:3696} INFO - Setting next_dagrun for backfill_retail_pipeline to None, run_after=None
[2026-05-04T08:20:32.014+0000] {processor.py:179} INFO - Processing /opt/airflow/dags/backfill_retail_pipeline.py took 0.051 seconds
[2026-05-04T08:21:02.320+0000] {processor.py:157} INFO - Started process (PID=10741) to work on /opt/airflow/dags/backfill_retail_pipeline.py
[2026-05-04T08:21:02.324+0000] {processor.py:829} INFO - Processing file /opt/airflow/dags/backfill_retail_pipeline.py for tasks to queue
[2026-05-04T08:21:02.325+0000] {logging_mixin.py:151} INFO - [2026-05-04T08:21:02.324+0000] {dagbag.py:539} INFO - Filling up the DagBag from /opt/airflow/dags/backfill_retail_pipeline.py
[2026-05-04T08:21:02.340+0000] {processor.py:839} INFO - DAG(s) dict_keys(['backfill_retail_pipeline']) retrieved from /opt/airflow/dags/backfill_retail_pipeline.py
[2026-05-04T08:21:02.362+0000] {logging_mixin.py:151} INFO - [2026-05-04T08:21:02.362+0000] {dag.py:2915} INFO - Sync 1 DAGs
[2026-05-04T08:21:02.368+0000] {logging_mixin.py:151} INFO - [2026-05-04T08:21:02.368+0000] {dag.py:3696} INFO - Setting next_dagrun for backfill_retail_pipeline to None, run_after=None
[2026-05-04T08:21:02.375+0000] {processor.py:179} INFO - Processing /opt/airflow/dags/backfill_retail_pipeline.py took 0.060 seconds
[2026-05-04T08:21:32.775+0000] {processor.py:157} INFO - Started process (PID=10756) to work on /opt/airflow/dags/backfill_retail_pipeline.py
[2026-05-04T08:21:32.777+0000] {processor.py:829} INFO - Processing file /opt/airflow/dags/backfill_retail_pipeline.py for tasks to queue
[2026-05-04T08:21:32.778+0000] {logging_mixin.py:151} INFO - [2026-05-04T08:21:32.778+0000] {dagbag.py:539} INFO - Filling up the DagBag from /opt/airflow/dags/backfill_retail_pipeline.py
[2026-05-04T08:21:32.789+0000] {processor.py:839} INFO - DAG(s) dict_keys(['backfill_retail_pipeline']) retrieved from /opt/airflow/dags/backfill_retail_pipeline.py
[2026-05-04T08:21:32.816+0000] {logging_mixin.py:151} INFO - [2026-05-04T08:21:32.816+0000] {dag.py:2915} INFO - Sync 1 DAGs
[2026-05-04T08:21:32.823+0000] {logging_mixin.py:151} INFO - [2026-05-04T08:21:32.823+0000] {dag.py:3696} INFO - Setting next_dagrun for backfill_retail_pipeline to None, run_after=None
[2026-05-04T08:21:32.830+0000] {processor.py:179} INFO - Processing /opt/airflow/dags/backfill_retail_pipeline.py took 0.060 seconds
[2026-05-04T08:22:03.014+0000] {processor.py:157} INFO - Started process (PID=10771) to work on /opt/airflow/dags/backfill_retail_pipeline.py
[2026-05-04T08:22:03.017+0000] {processor.py:829} INFO - Processing file /opt/airflow/dags/backfill_retail_pipeline.py for tasks to queue
[2026-05-04T08:22:03.018+0000] {logging_mixin.py:151} INFO - [2026-05-04T08:22:03.018+0000] {dagbag.py:539} INFO - Filling up the DagBag from /opt/airflow/dags/backfill_retail_pipeline.py
[2026-05-04T08:22:03.026+0000] {processor.py:839} INFO - DAG(s) dict_keys(['backfill_retail_pipeline']) retrieved from /opt/airflow/dags/backfill_retail_pipeline.py
[2026-05-04T08:22:03.043+0000] {logging_mixin.py:151} INFO - [2026-05-04T08:22:03.043+0000] {dag.py:2915} INFO - Sync 1 DAGs
[2026-05-04T08:22:03.048+0000] {logging_mixin.py:151} INFO - [2026-05-04T08:22:03.048+0000] {dag.py:3696} INFO - Setting next_dagrun for backfill_retail_pipeline to None, run_after=None
[2026-05-04T08:22:03.055+0000] {processor.py:179} INFO - Processing /opt/airflow/dags/backfill_retail_pipeline.py took 0.043 seconds
[2026-05-04T08:22:33.343+0000] {processor.py:157} INFO - Started process (PID=10786) to work on /opt/airflow/dags/backfill_retail_pipeline.py
[2026-05-04T08:22:33.345+0000] {processor.py:829} INFO - Processing file /opt/airflow/dags/backfill_retail_pipeline.py for tasks to queue
[2026-05-04T08:22:33.346+0000] {logging_mixin.py:151} INFO - [2026-05-04T08:22:33.346+0000] {dagbag.py:539} INFO - Filling up the DagBag from /opt/airflow/dags/backfill_retail_pipeline.py
[2026-05-04T08:22:33.358+0000] {processor.py:839} INFO - DAG(s) dict_keys(['backfill_retail_pipeline']) retrieved from /opt/airflow/dags/backfill_retail_pipeline.py
[2026-05-04T08:22:33.378+0000] {logging_mixin.py:151} INFO - [2026-05-04T08:22:33.378+0000] {dag.py:2915} INFO - Sync 1 DAGs
[2026-05-04T08:22:33.383+0000] {logging_mixin.py:151} INFO - [2026-05-04T08:22:33.383+0000] {dag.py:3696} INFO - Setting next_dagrun for backfill_retail_pipeline to None, run_after=None
[2026-05-04T08:22:33.389+0000] {processor.py:179} INFO - Processing /opt/airflow/dags/backfill_retail_pipeline.py took 0.050 seconds
[2026-05-04T08:23:03.684+0000] {processor.py:157} INFO - Started process (PID=10801) to work on /opt/airflow/dags/backfill_retail_pipeline.py
[2026-05-04T08:23:03.685+0000] {processor.py:829} INFO - Processing file /opt/airflow/dags/backfill_retail_pipeline.py for tasks to queue
[2026-05-04T08:23:03.686+0000] {logging_mixin.py:151} INFO - [2026-05-04T08:23:03.686+0000] {dagbag.py:539} INFO - Filling up the DagBag from /opt/airflow/dags/backfill_retail_pipeline.py
[2026-05-04T08:23:03.698+0000] {processor.py:839} INFO - DAG(s) dict_keys(['backfill_retail_pipeline']) retrieved from /opt/airflow/dags/backfill_retail_pipeline.py
[2026-05-04T08:23:03.726+0000] {logging_mixin.py:151} INFO - [2026-05-04T08:23:03.726+0000] {dag.py:2915} INFO - Sync 1 DAGs
[2026-05-04T08:23:03.736+0000] {logging_mixin.py:151} INFO - [2026-05-04T08:23:03.736+0000] {dag.py:3696} INFO - Setting next_dagrun for backfill_retail_pipeline to None, run_after=None
[2026-05-04T08:23:03.743+0000] {processor.py:179} INFO - Processing /opt/airflow/dags/backfill_retail_pipeline.py took 0.062 seconds
[2026-05-04T08:23:33.980+0000] {processor.py:157} INFO - Started process (PID=10816) to work on /opt/airflow/dags/backfill_retail_pipeline.py
[2026-05-04T08:23:33.980+0000] {processor.py:829} INFO - Processing file /opt/airflow/dags/backfill_retail_pipeline.py for tasks to queue
[2026-05-04T08:23:33.981+0000] {logging_mixin.py:151} INFO - [2026-05-04T08:23:33.981+0000] {dagbag.py:539} INFO - Filling up the DagBag from /opt/airflow/dags/backfill_retail_pipeline.py
[2026-05-04T08:23:33.990+0000] {processor.py:839} INFO - DAG(s) dict_keys(['backfill_retail_pipeline']) retrieved from /opt/airflow/dags/backfill_retail_pipeline.py
[2026-05-04T08:23:34.008+0000] {logging_mixin.py:151} INFO - [2026-05-04T08:23:34.008+0000] {dag.py:2915} INFO - Sync 1 DAGs
[2026-05-04T08:23:34.014+0000] {logging_mixin.py:151} INFO - [2026-05-04T08:23:34.014+0000] {dag.py:3696} INFO - Setting next_dagrun for backfill_retail_pipeline to None, run_after=None
[2026-05-04T08:23:34.022+0000] {processor.py:179} INFO - Processing /opt/airflow/dags/backfill_retail_pipeline.py took 0.045 seconds
[2026-05-04T08:24:04.337+0000] {processor.py:157} INFO - Started process (PID=10831) to work on /opt/airflow/dags/backfill_retail_pipeline.py
[2026-05-04T08:24:04.338+0000] {processor.py:829} INFO - Processing file /opt/airflow/dags/backfill_retail_pipeline.py for tasks to queue
[2026-05-04T08:24:04.339+0000] {logging_mixin.py:151} INFO - [2026-05-04T08:24:04.339+0000] {dagbag.py:539} INFO - Filling up the DagBag from /opt/airflow/dags/backfill_retail_pipeline.py
[2026-05-04T08:24:04.349+0000] {processor.py:839} INFO - DAG(s) dict_keys(['backfill_retail_pipeline']) retrieved from /opt/airflow/dags/backfill_retail_pipeline.py
[2026-05-04T08:24:04.370+0000] {logging_mixin.py:151} INFO - [2026-05-04T08:24:04.369+0000] {dag.py:2915} INFO - Sync 1 DAGs
[2026-05-04T08:24:04.376+0000] {logging_mixin.py:151} INFO - [2026-05-04T08:24:04.376+0000] {dag.py:3696} INFO - Setting next_dagrun for backfill_retail_pipeline to None, run_after=None
[2026-05-04T08:24:04.384+0000] {processor.py:179} INFO - Processing /opt/airflow/dags/backfill_retail_pipeline.py took 0.051 seconds
[2026-05-04T08:24:34.628+0000] {processor.py:157} INFO - Started process (PID=10846) to work on /opt/airflow/dags/backfill_retail_pipeline.py
[2026-05-04T08:24:34.630+0000] {processor.py:829} INFO - Processing file /opt/airflow/dags/backfill_retail_pipeline.py for tasks to queue
[2026-05-04T08:24:34.630+0000] {logging_mixin.py:151} INFO - [2026-05-04T08:24:34.630+0000] {dagbag.py:539} INFO - Filling up the DagBag from /opt/airflow/dags/backfill_retail_pipeline.py
[2026-05-04T08:24:34.637+0000] {processor.py:839} INFO - DAG(s) dict_keys(['backfill_retail_pipeline']) retrieved from /opt/airflow/dags/backfill_retail_pipeline.py
[2026-05-04T08:24:34.658+0000] {logging_mixin.py:151} INFO - [2026-05-04T08:24:34.658+0000] {dag.py:2915} INFO - Sync 1 DAGs
[2026-05-04T08:24:34.664+0000] {logging_mixin.py:151} INFO - [2026-05-04T08:24:34.663+0000] {dag.py:3696} INFO - Setting next_dagrun for backfill_retail_pipeline to None, run_after=None
[2026-05-04T08:24:34.670+0000] {processor.py:179} INFO - Processing /opt/airflow/dags/backfill_retail_pipeline.py took 0.045 seconds
[2026-05-04T08:25:05.020+0000] {processor.py:157} INFO - Started process (PID=10861) to work on /opt/airflow/dags/backfill_retail_pipeline.py
[2026-05-04T08:25:05.024+0000] {processor.py:829} INFO - Processing file /opt/airflow/dags/backfill_retail_pipeline.py for tasks to queue
[2026-05-04T08:25:05.024+0000] {logging_mixin.py:151} INFO - [2026-05-04T08:25:05.024+0000] {dagbag.py:539} INFO - Filling up the DagBag from /opt/airflow/dags/backfill_retail_pipeline.py
[2026-05-04T08:25:05.031+0000] {processor.py:839} INFO - DAG(s) dict_keys(['backfill_retail_pipeline']) retrieved from /opt/airflow/dags/backfill_retail_pipeline.py
[2026-05-04T08:25:05.049+0000] {logging_mixin.py:151} INFO - [2026-05-04T08:25:05.049+0000] {dag.py:2915} INFO - Sync 1 DAGs
[2026-05-04T08:25:05.054+0000] {logging_mixin.py:151} INFO - [2026-05-04T08:25:05.054+0000] {dag.py:3696} INFO - Setting next_dagrun for backfill_retail_pipeline to None, run_after=None
[2026-05-04T08:25:05.060+0000] {processor.py:179} INFO - Processing /opt/airflow/dags/backfill_retail_pipeline.py took 0.044 seconds
[2026-05-04T08:25:35.375+0000] {processor.py:157} INFO - Started process (PID=10876) to work on /opt/airflow/dags/backfill_retail_pipeline.py
[2026-05-04T08:25:35.378+0000] {processor.py:829} INFO - Processing file /opt/airflow/dags/backfill_retail_pipeline.py for tasks to queue
[2026-05-04T08:25:35.379+0000] {logging_mixin.py:151} INFO - [2026-05-04T08:25:35.379+0000] {dagbag.py:539} INFO - Filling up the DagBag from /opt/airflow/dags/backfill_retail_pipeline.py
[2026-05-04T08:25:35.386+0000] {processor.py:839} INFO - DAG(s) dict_keys(['backfill_retail_pipeline']) retrieved from /opt/airflow/dags/backfill_retail_pipeline.py
[2026-05-04T08:25:35.402+0000] {logging_mixin.py:151} INFO - [2026-05-04T08:25:35.402+0000] {dag.py:2915} INFO - Sync 1 DAGs
[2026-05-04T08:25:35.408+0000] {logging_mixin.py:151} INFO - [2026-05-04T08:25:35.408+0000] {dag.py:3696} INFO - Setting next_dagrun for backfill_retail_pipeline to None, run_after=None
[2026-05-04T08:25:35.415+0000] {processor.py:179} INFO - Processing /opt/airflow/dags/backfill_retail_pipeline.py took 0.043 seconds
[2026-05-04T08:26:05.778+0000] {processor.py:157} INFO - Started process (PID=10891) to work on /opt/airflow/dags/backfill_retail_pipeline.py
[2026-05-04T08:26:05.779+0000] {processor.py:829} INFO - Processing file /opt/airflow/dags/backfill_retail_pipeline.py for tasks to queue
[2026-05-04T08:26:05.780+0000] {logging_mixin.py:151} INFO - [2026-05-04T08:26:05.779+0000] {dagbag.py:539} INFO - Filling up the DagBag from /opt/airflow/dags/backfill_retail_pipeline.py
[2026-05-04T08:26:05.788+0000] {processor.py:839} INFO - DAG(s) dict_keys(['backfill_retail_pipeline']) retrieved from /opt/airflow/dags/backfill_retail_pipeline.py
[2026-05-04T08:26:05.805+0000] {logging_mixin.py:151} INFO - [2026-05-04T08:26:05.805+0000] {dag.py:2915} INFO - Sync 1 DAGs
[2026-05-04T08:26:05.811+0000] {logging_mixin.py:151} INFO - [2026-05-04T08:26:05.811+0000] {dag.py:3696} INFO - Setting next_dagrun for backfill_retail_pipeline to None, run_after=None
[2026-05-04T08:26:05.818+0000] {processor.py:179} INFO - Processing /opt/airflow/dags/backfill_retail_pipeline.py took 0.043 seconds
[2026-05-04T08:26:36.196+0000] {processor.py:157} INFO - Started process (PID=10906) to work on /opt/airflow/dags/backfill_retail_pipeline.py
[2026-05-04T08:26:36.199+0000] {processor.py:829} INFO - Processing file /opt/airflow/dags/backfill_retail_pipeline.py for tasks to queue
[2026-05-04T08:26:36.199+0000] {logging_mixin.py:151} INFO - [2026-05-04T08:26:36.199+0000] {dagbag.py:539} INFO - Filling up the DagBag from /opt/airflow/dags/backfill_retail_pipeline.py
[2026-05-04T08:26:36.208+0000] {processor.py:839} INFO - DAG(s) dict_keys(['backfill_retail_pipeline']) retrieved from /opt/airflow/dags/backfill_retail_pipeline.py
[2026-05-04T08:26:36.227+0000] {logging_mixin.py:151} INFO - [2026-05-04T08:26:36.227+0000] {dag.py:2915} INFO - Sync 1 DAGs
[2026-05-04T08:26:36.233+0000] {logging_mixin.py:151} INFO - [2026-05-04T08:26:36.233+0000] {dag.py:3696} INFO - Setting next_dagrun for backfill_retail_pipeline to None, run_after=None
[2026-05-04T08:26:36.239+0000] {processor.py:179} INFO - Processing /opt/airflow/dags/backfill_retail_pipeline.py took 0.047 seconds
[2026-05-04T08:27:06.505+0000] {processor.py:157} INFO - Started process (PID=10921) to work on /opt/airflow/dags/backfill_retail_pipeline.py
[2026-05-04T08:27:06.506+0000] {processor.py:829} INFO - Processing file /opt/airflow/dags/backfill_retail_pipeline.py for tasks to queue
[2026-05-04T08:27:06.507+0000] {logging_mixin.py:151} INFO - [2026-05-04T08:27:06.506+0000] {dagbag.py:539} INFO - Filling up the DagBag from /opt/airflow/dags/backfill_retail_pipeline.py
[2026-05-04T08:27:06.515+0000] {processor.py:839} INFO - DAG(s) dict_keys(['backfill_retail_pipeline']) retrieved from /opt/airflow/dags/backfill_retail_pipeline.py
[2026-05-04T08:27:06.534+0000] {logging_mixin.py:151} INFO - [2026-05-04T08:27:06.533+0000] {dag.py:2915} INFO - Sync 1 DAGs
[2026-05-04T08:27:06.539+0000] {logging_mixin.py:151} INFO - [2026-05-04T08:27:06.539+0000] {dag.py:3696} INFO - Setting next_dagrun for backfill_retail_pipeline to None, run_after=None
[2026-05-04T08:27:06.546+0000] {processor.py:179} INFO - Processing /opt/airflow/dags/backfill_retail_pipeline.py took 0.044 seconds
[2026-05-04T08:27:36.772+0000] {processor.py:157} INFO - Started process (PID=10936) to work on /opt/airflow/dags/backfill_retail_pipeline.py
[2026-05-04T08:27:36.773+0000] {processor.py:829} INFO - Processing file /opt/airflow/dags/backfill_retail_pipeline.py for tasks to queue
[2026-05-04T08:27:36.774+0000] {logging_mixin.py:151} INFO - [2026-05-04T08:27:36.774+0000] {dagbag.py:539} INFO - Filling up the DagBag from /opt/airflow/dags/backfill_retail_pipeline.py
[2026-05-04T08:27:36.784+0000] {processor.py:839} INFO - DAG(s) dict_keys(['backfill_retail_pipeline']) retrieved from /opt/airflow/dags/backfill_retail_pipeline.py
[2026-05-04T08:27:36.804+0000] {logging_mixin.py:151} INFO - [2026-05-04T08:27:36.804+0000] {dag.py:2915} INFO - Sync 1 DAGs
[2026-05-04T08:27:36.809+0000] {logging_mixin.py:151} INFO - [2026-05-04T08:27:36.809+0000] {dag.py:3696} INFO - Setting next_dagrun for backfill_retail_pipeline to None, run_after=None
[2026-05-04T08:27:36.816+0000] {processor.py:179} INFO - Processing /opt/airflow/dags/backfill_retail_pipeline.py took 0.047 seconds
[2026-05-04T08:28:07.004+0000] {processor.py:157} INFO - Started process (PID=10951) to work on /opt/airflow/dags/backfill_retail_pipeline.py
[2026-05-04T08:28:07.005+0000] {processor.py:829} INFO - Processing file /opt/airflow/dags/backfill_retail_pipeline.py for tasks to queue
[2026-05-04T08:28:07.005+0000] {logging_mixin.py:151} INFO - [2026-05-04T08:28:07.005+0000] {dagbag.py:539} INFO - Filling up the DagBag from /opt/airflow/dags/backfill_retail_pipeline.py
[2026-05-04T08:28:07.012+0000] {processor.py:839} INFO - DAG(s) dict_keys(['backfill_retail_pipeline']) retrieved from /opt/airflow/dags/backfill_retail_pipeline.py
[2026-05-04T08:28:07.031+0000] {logging_mixin.py:151} INFO - [2026-05-04T08:28:07.031+0000] {dag.py:2915} INFO - Sync 1 DAGs
[2026-05-04T08:28:07.037+0000] {logging_mixin.py:151} INFO - [2026-05-04T08:28:07.037+0000] {dag.py:3696} INFO - Setting next_dagrun for backfill_retail_pipeline to None, run_after=None
[2026-05-04T08:28:07.044+0000] {processor.py:179} INFO - Processing /opt/airflow/dags/backfill_retail_pipeline.py took 0.043 seconds
[2026-05-04T08:28:37.452+0000] {processor.py:157} INFO - Started process (PID=10966) to work on /opt/airflow/dags/backfill_retail_pipeline.py
[2026-05-04T08:28:37.455+0000] {processor.py:829} INFO - Processing file /opt/airflow/dags/backfill_retail_pipeline.py for tasks to queue
[2026-05-04T08:28:37.456+0000] {logging_mixin.py:151} INFO - [2026-05-04T08:28:37.456+0000] {dagbag.py:539} INFO - Filling up the DagBag from /opt/airflow/dags/backfill_retail_pipeline.py
[2026-05-04T08:28:37.465+0000] {processor.py:839} INFO - DAG(s) dict_keys(['backfill_retail_pipeline']) retrieved from /opt/airflow/dags/backfill_retail_pipeline.py
[2026-05-04T08:28:37.485+0000] {logging_mixin.py:151} INFO - [2026-05-04T08:28:37.484+0000] {dag.py:2915} INFO - Sync 1 DAGs
[2026-05-04T08:28:37.490+0000] {logging_mixin.py:151} INFO - [2026-05-04T08:28:37.490+0000] {dag.py:3696} INFO - Setting next_dagrun for backfill_retail_pipeline to None, run_after=None
[2026-05-04T08:28:37.497+0000] {processor.py:179} INFO - Processing /opt/airflow/dags/backfill_retail_pipeline.py took 0.047 seconds
[2026-05-04T08:29:07.747+0000] {processor.py:157} INFO - Started process (PID=10981) to work on /opt/airflow/dags/backfill_retail_pipeline.py
[2026-05-04T08:29:07.748+0000] {processor.py:829} INFO - Processing file /opt/airflow/dags/backfill_retail_pipeline.py for tasks to queue
[2026-05-04T08:29:07.749+0000] {logging_mixin.py:151} INFO - [2026-05-04T08:29:07.749+0000] {dagbag.py:539} INFO - Filling up the DagBag from /opt/airflow/dags/backfill_retail_pipeline.py
[2026-05-04T08:29:07.757+0000] {processor.py:839} INFO - DAG(s) dict_keys(['backfill_retail_pipeline']) retrieved from /opt/airflow/dags/backfill_retail_pipeline.py
[2026-05-04T08:29:07.777+0000] {logging_mixin.py:151} INFO - [2026-05-04T08:29:07.776+0000] {dag.py:2915} INFO - Sync 1 DAGs
[2026-05-04T08:29:07.782+0000] {logging_mixin.py:151} INFO - [2026-05-04T08:29:07.782+0000] {dag.py:3696} INFO - Setting next_dagrun for backfill_retail_pipeline to None, run_after=None
[2026-05-04T08:29:07.788+0000] {processor.py:179} INFO - Processing /opt/airflow/dags/backfill_retail_pipeline.py took 0.049 seconds
[2026-05-04T08:29:38.034+0000] {processor.py:157} INFO - Started process (PID=10996) to work on /opt/airflow/dags/backfill_retail_pipeline.py
[2026-05-04T08:29:38.035+0000] {processor.py:829} INFO - Processing file /opt/airflow/dags/backfill_retail_pipeline.py for tasks to queue
[2026-05-04T08:29:38.036+0000] {logging_mixin.py:151} INFO - [2026-05-04T08:29:38.035+0000] {dagbag.py:539} INFO - Filling up the DagBag from /opt/airflow/dags/backfill_retail_pipeline.py
[2026-05-04T08:29:38.047+0000] {processor.py:839} INFO - DAG(s) dict_keys(['backfill_retail_pipeline']) retrieved from /opt/airflow/dags/backfill_retail_pipeline.py
[2026-05-04T08:29:38.072+0000] {logging_mixin.py:151} INFO - [2026-05-04T08:29:38.072+0000] {dag.py:2915} INFO - Sync 1 DAGs
[2026-05-04T08:29:38.080+0000] {logging_mixin.py:151} INFO - [2026-05-04T08:29:38.080+0000] {dag.py:3696} INFO - Setting next_dagrun for backfill_retail_pipeline to None, run_after=None
[2026-05-04T08:29:38.090+0000] {processor.py:179} INFO - Processing /opt/airflow/dags/backfill_retail_pipeline.py took 0.061 seconds
[2026-05-04T08:30:08.420+0000] {processor.py:157} INFO - Started process (PID=11011) to work on /opt/airflow/dags/backfill_retail_pipeline.py
[2026-05-04T08:30:08.421+0000] {processor.py:829} INFO - Processing file /opt/airflow/dags/backfill_retail_pipeline.py for tasks to queue
[2026-05-04T08:30:08.422+0000] {logging_mixin.py:151} INFO - [2026-05-04T08:30:08.422+0000] {dagbag.py:539} INFO - Filling up the DagBag from /opt/airflow/dags/backfill_retail_pipeline.py
[2026-05-04T08:30:08.433+0000] {processor.py:839} INFO - DAG(s) dict_keys(['backfill_retail_pipeline']) retrieved from /opt/airflow/dags/backfill_retail_pipeline.py
[2026-05-04T08:30:08.465+0000] {logging_mixin.py:151} INFO - [2026-05-04T08:30:08.465+0000] {dag.py:2915} INFO - Sync 1 DAGs
[2026-05-04T08:30:08.472+0000] {logging_mixin.py:151} INFO - [2026-05-04T08:30:08.471+0000] {dag.py:3696} INFO - Setting next_dagrun for backfill_retail_pipeline to None, run_after=None
[2026-05-04T08:30:08.479+0000] {processor.py:179} INFO - Processing /opt/airflow/dags/backfill_retail_pipeline.py took 0.065 seconds
[2026-05-04T08:30:38.840+0000] {processor.py:157} INFO - Started process (PID=11026) to work on /opt/airflow/dags/backfill_retail_pipeline.py
[2026-05-04T08:30:38.843+0000] {processor.py:829} INFO - Processing file /opt/airflow/dags/backfill_retail_pipeline.py for tasks to queue
[2026-05-04T08:30:38.844+0000] {logging_mixin.py:151} INFO - [2026-05-04T08:30:38.844+0000] {dagbag.py:539} INFO - Filling up the DagBag from /opt/airflow/dags/backfill_retail_pipeline.py
[2026-05-04T08:30:38.853+0000] {processor.py:839} INFO - DAG(s) dict_keys(['backfill_retail_pipeline']) retrieved from /opt/airflow/dags/backfill_retail_pipeline.py
[2026-05-04T08:30:38.871+0000] {logging_mixin.py:151} INFO - [2026-05-04T08:30:38.871+0000] {dag.py:2915} INFO - Sync 1 DAGs
[2026-05-04T08:30:38.876+0000] {logging_mixin.py:151} INFO - [2026-05-04T08:30:38.876+0000] {dag.py:3696} INFO - Setting next_dagrun for backfill_retail_pipeline to None, run_after=None
[2026-05-04T08:30:38.882+0000] {processor.py:179} INFO - Processing /opt/airflow/dags/backfill_retail_pipeline.py took 0.047 seconds
[2026-05-04T08:31:09.151+0000] {processor.py:157} INFO - Started process (PID=11041) to work on /opt/airflow/dags/backfill_retail_pipeline.py
[2026-05-04T08:31:09.152+0000] {processor.py:829} INFO - Processing file /opt/airflow/dags/backfill_retail_pipeline.py for tasks to queue
[2026-05-04T08:31:09.153+0000] {logging_mixin.py:151} INFO - [2026-05-04T08:31:09.152+0000] {dagbag.py:539} INFO - Filling up the DagBag from /opt/airflow/dags/backfill_retail_pipeline.py
[2026-05-04T08:31:09.161+0000] {processor.py:839} INFO - DAG(s) dict_keys(['backfill_retail_pipeline']) retrieved from /opt/airflow/dags/backfill_retail_pipeline.py
[2026-05-04T08:31:09.178+0000] {logging_mixin.py:151} INFO - [2026-05-04T08:31:09.178+0000] {dag.py:2915} INFO - Sync 1 DAGs
[2026-05-04T08:31:09.185+0000] {logging_mixin.py:151} INFO - [2026-05-04T08:31:09.185+0000] {dag.py:3696} INFO - Setting next_dagrun for backfill_retail_pipeline to None, run_after=None
[2026-05-04T08:31:09.196+0000] {processor.py:179} INFO - Processing /opt/airflow/dags/backfill_retail_pipeline.py took 0.048 seconds
[2026-05-04T08:31:39.509+0000] {processor.py:157} INFO - Started process (PID=11056) to work on /opt/airflow/dags/backfill_retail_pipeline.py
[2026-05-04T08:31:39.510+0000] {processor.py:829} INFO - Processing file /opt/airflow/dags/backfill_retail_pipeline.py for tasks to queue
[2026-05-04T08:31:39.510+0000] {logging_mixin.py:151} INFO - [2026-05-04T08:31:39.510+0000] {dagbag.py:539} INFO - Filling up the DagBag from /opt/airflow/dags/backfill_retail_pipeline.py
[2026-05-04T08:31:39.520+0000] {processor.py:839} INFO - DAG(s) dict_keys(['backfill_retail_pipeline']) retrieved from /opt/airflow/dags/backfill_retail_pipeline.py
[2026-05-04T08:31:39.538+0000] {logging_mixin.py:151} INFO - [2026-05-04T08:31:39.538+0000] {dag.py:2915} INFO - Sync 1 DAGs
[2026-05-04T08:31:39.543+0000] {logging_mixin.py:151} INFO - [2026-05-04T08:31:39.543+0000] {dag.py:3696} INFO - Setting next_dagrun for backfill_retail_pipeline to None, run_after=None
[2026-05-04T08:31:39.549+0000] {processor.py:179} INFO - Processing /opt/airflow/dags/backfill_retail_pipeline.py took 0.043 seconds
[2026-05-04T08:32:09.836+0000] {processor.py:157} INFO - Started process (PID=11071) to work on /opt/airflow/dags/backfill_retail_pipeline.py
[2026-05-04T08:32:09.837+0000] {processor.py:829} INFO - Processing file /opt/airflow/dags/backfill_retail_pipeline.py for tasks to queue
[2026-05-04T08:32:09.838+0000] {logging_mixin.py:151} INFO - [2026-05-04T08:32:09.838+0000] {dagbag.py:539} INFO - Filling up the DagBag from /opt/airflow/dags/backfill_retail_pipeline.py
[2026-05-04T08:32:09.852+0000] {processor.py:839} INFO - DAG(s) dict_keys(['backfill_retail_pipeline']) retrieved from /opt/airflow/dags/backfill_retail_pipeline.py
[2026-05-04T08:32:09.883+0000] {logging_mixin.py:151} INFO - [2026-05-04T08:32:09.883+0000] {dag.py:2915} INFO - Sync 1 DAGs
[2026-05-04T08:32:09.891+0000] {logging_mixin.py:151} INFO - [2026-05-04T08:32:09.890+0000] {dag.py:3696} INFO - Setting next_dagrun for backfill_retail_pipeline to None, run_after=None
[2026-05-04T08:32:09.898+0000] {processor.py:179} INFO - Processing /opt/airflow/dags/backfill_retail_pipeline.py took 0.066 seconds
[2026-05-04T08:32:40.157+0000] {processor.py:157} INFO - Started process (PID=11086) to work on /opt/airflow/dags/backfill_retail_pipeline.py
[2026-05-04T08:32:40.158+0000] {processor.py:829} INFO - Processing file /opt/airflow/dags/backfill_retail_pipeline.py for tasks to queue
[2026-05-04T08:32:40.159+0000] {logging_mixin.py:151} INFO - [2026-05-04T08:32:40.159+0000] {dagbag.py:539} INFO - Filling up the DagBag from /opt/airflow/dags/backfill_retail_pipeline.py
[2026-05-04T08:32:40.175+0000] {processor.py:839} INFO - DAG(s) dict_keys(['backfill_retail_pipeline']) retrieved from /opt/airflow/dags/backfill_retail_pipeline.py
[2026-05-04T08:32:40.200+0000] {logging_mixin.py:151} INFO - [2026-05-04T08:32:40.200+0000] {dag.py:2915} INFO - Sync 1 DAGs
[2026-05-04T08:32:40.208+0000] {logging_mixin.py:151} INFO - [2026-05-04T08:32:40.207+0000] {dag.py:3696} INFO - Setting next_dagrun for backfill_retail_pipeline to None, run_after=None
[2026-05-04T08:32:40.215+0000] {processor.py:179} INFO - Processing /opt/airflow/dags/backfill_retail_pipeline.py took 0.061 seconds
[2026-05-04T08:33:10.510+0000] {processor.py:157} INFO - Started process (PID=11101) to work on /opt/airflow/dags/backfill_retail_pipeline.py
[2026-05-04T08:33:10.511+0000] {processor.py:829} INFO - Processing file /opt/airflow/dags/backfill_retail_pipeline.py for tasks to queue
[2026-05-04T08:33:10.512+0000] {logging_mixin.py:151} INFO - [2026-05-04T08:33:10.512+0000] {dagbag.py:539} INFO - Filling up the DagBag from /opt/airflow/dags/backfill_retail_pipeline.py
[2026-05-04T08:33:10.522+0000] {processor.py:839} INFO - DAG(s) dict_keys(['backfill_retail_pipeline']) retrieved from /opt/airflow/dags/backfill_retail_pipeline.py
[2026-05-04T08:33:10.544+0000] {logging_mixin.py:151} INFO - [2026-05-04T08:33:10.544+0000] {dag.py:2915} INFO - Sync 1 DAGs
[2026-05-04T08:33:10.550+0000] {logging_mixin.py:151} INFO - [2026-05-04T08:33:10.550+0000] {dag.py:3696} INFO - Setting next_dagrun for backfill_retail_pipeline to None, run_after=None
[2026-05-04T08:33:10.556+0000] {processor.py:179} INFO - Processing /opt/airflow/dags/backfill_retail_pipeline.py took 0.050 seconds
[2026-05-04T08:33:40.790+0000] {processor.py:157} INFO - Started process (PID=11116) to work on /opt/airflow/dags/backfill_retail_pipeline.py
[2026-05-04T08:33:40.791+0000] {processor.py:829} INFO - Processing file /opt/airflow/dags/backfill_retail_pipeline.py for tasks to queue
[2026-05-04T08:33:40.792+0000] {logging_mixin.py:151} INFO - [2026-05-04T08:33:40.792+0000] {dagbag.py:539} INFO - Filling up the DagBag from /opt/airflow/dags/backfill_retail_pipeline.py
[2026-05-04T08:33:40.808+0000] {processor.py:839} INFO - DAG(s) dict_keys(['backfill_retail_pipeline']) retrieved from /opt/airflow/dags/backfill_retail_pipeline.py
[2026-05-04T08:33:40.833+0000] {logging_mixin.py:151} INFO - [2026-05-04T08:33:40.833+0000] {dag.py:2915} INFO - Sync 1 DAGs
[2026-05-04T08:33:40.840+0000] {logging_mixin.py:151} INFO - [2026-05-04T08:33:40.840+0000] {dag.py:3696} INFO - Setting next_dagrun for backfill_retail_pipeline to None, run_after=None
[2026-05-04T08:33:40.847+0000] {processor.py:179} INFO - Processing /opt/airflow/dags/backfill_retail_pipeline.py took 0.062 seconds
[2026-05-04T08:34:11.270+0000] {processor.py:157} INFO - Started process (PID=11131) to work on /opt/airflow/dags/backfill_retail_pipeline.py
[2026-05-04T08:34:11.273+0000] {processor.py:829} INFO - Processing file /opt/airflow/dags/backfill_retail_pipeline.py for tasks to queue
[2026-05-04T08:34:11.274+0000] {logging_mixin.py:151} INFO - [2026-05-04T08:34:11.273+0000] {dagbag.py:539} INFO - Filling up the DagBag from /opt/airflow/dags/backfill_retail_pipeline.py
[2026-05-04T08:34:11.288+0000] {processor.py:839} INFO - DAG(s) dict_keys(['backfill_retail_pipeline']) retrieved from /opt/airflow/dags/backfill_retail_pipeline.py
[2026-05-04T08:34:11.322+0000] {logging_mixin.py:151} INFO - [2026-05-04T08:34:11.322+0000] {dag.py:2915} INFO - Sync 1 DAGs
[2026-05-04T08:34:11.328+0000] {logging_mixin.py:151} INFO - [2026-05-04T08:34:11.328+0000] {dag.py:3696} INFO - Setting next_dagrun for backfill_retail_pipeline to None, run_after=None
[2026-05-04T08:34:11.335+0000] {processor.py:179} INFO - Processing /opt/airflow/dags/backfill_retail_pipeline.py took 0.071 seconds
[2026-05-04T08:34:41.726+0000] {processor.py:157} INFO - Started process (PID=11146) to work on /opt/airflow/dags/backfill_retail_pipeline.py
[2026-05-04T08:34:41.729+0000] {processor.py:829} INFO - Processing file /opt/airflow/dags/backfill_retail_pipeline.py for tasks to queue
[2026-05-04T08:34:41.730+0000] {logging_mixin.py:151} INFO - [2026-05-04T08:34:41.729+0000] {dagbag.py:539} INFO - Filling up the DagBag from /opt/airflow/dags/backfill_retail_pipeline.py
[2026-05-04T08:34:41.739+0000] {processor.py:839} INFO - DAG(s) dict_keys(['backfill_retail_pipeline']) retrieved from /opt/airflow/dags/backfill_retail_pipeline.py
[2026-05-04T08:34:41.756+0000] {logging_mixin.py:151} INFO - [2026-05-04T08:34:41.756+0000] {dag.py:2915} INFO - Sync 1 DAGs
[2026-05-04T08:34:41.765+0000] {logging_mixin.py:151} INFO - [2026-05-04T08:34:41.765+0000] {dag.py:3696} INFO - Setting next_dagrun for backfill_retail_pipeline to None, run_after=None
[2026-05-04T08:34:41.772+0000] {processor.py:179} INFO - Processing /opt/airflow/dags/backfill_retail_pipeline.py took 0.050 seconds
[2026-05-04T08:35:12.112+0000] {processor.py:157} INFO - Started process (PID=11161) to work on /opt/airflow/dags/backfill_retail_pipeline.py
[2026-05-04T08:35:12.114+0000] {processor.py:829} INFO - Processing file /opt/airflow/dags/backfill_retail_pipeline.py for tasks to queue
[2026-05-04T08:35:12.119+0000] {logging_mixin.py:151} INFO - [2026-05-04T08:35:12.115+0000] {dagbag.py:539} INFO - Filling up the DagBag from /opt/airflow/dags/backfill_retail_pipeline.py
[2026-05-04T08:35:12.143+0000] {processor.py:839} INFO - DAG(s) dict_keys(['backfill_retail_pipeline']) retrieved from /opt/airflow/dags/backfill_retail_pipeline.py
[2026-05-04T08:35:12.189+0000] {logging_mixin.py:151} INFO - [2026-05-04T08:35:12.188+0000] {dag.py:2915} INFO - Sync 1 DAGs
[2026-05-04T08:35:12.197+0000] {logging_mixin.py:151} INFO - [2026-05-04T08:35:12.197+0000] {dag.py:3696} INFO - Setting next_dagrun for backfill_retail_pipeline to None, run_after=None
[2026-05-04T08:35:12.206+0000] {processor.py:179} INFO - Processing /opt/airflow/dags/backfill_retail_pipeline.py took 0.102 seconds
[2026-05-04T08:35:42.477+0000] {processor.py:157} INFO - Started process (PID=11176) to work on /opt/airflow/dags/backfill_retail_pipeline.py
[2026-05-04T08:35:42.482+0000] {processor.py:829} INFO - Processing file /opt/airflow/dags/backfill_retail_pipeline.py for tasks to queue
[2026-05-04T08:35:42.482+0000] {logging_mixin.py:151} INFO - [2026-05-04T08:35:42.482+0000] {dagbag.py:539} INFO - Filling up the DagBag from /opt/airflow/dags/backfill_retail_pipeline.py
[2026-05-04T08:35:42.491+0000] {processor.py:839} INFO - DAG(s) dict_keys(['backfill_retail_pipeline']) retrieved from /opt/airflow/dags/backfill_retail_pipeline.py
[2026-05-04T08:35:42.511+0000] {logging_mixin.py:151} INFO - [2026-05-04T08:35:42.511+0000] {dag.py:2915} INFO - Sync 1 DAGs
[2026-05-04T08:35:42.516+0000] {logging_mixin.py:151} INFO - [2026-05-04T08:35:42.516+0000] {dag.py:3696} INFO - Setting next_dagrun for backfill_retail_pipeline to None, run_after=None
[2026-05-04T08:35:42.522+0000] {processor.py:179} INFO - Processing /opt/airflow/dags/backfill_retail_pipeline.py took 0.048 seconds
[2026-05-04T08:36:12.743+0000] {processor.py:157} INFO - Started process (PID=11191) to work on /opt/airflow/dags/backfill_retail_pipeline.py
[2026-05-04T08:36:12.744+0000] {processor.py:829} INFO - Processing file /opt/airflow/dags/backfill_retail_pipeline.py for tasks to queue
[2026-05-04T08:36:12.744+0000] {logging_mixin.py:151} INFO - [2026-05-04T08:36:12.744+0000] {dagbag.py:539} INFO - Filling up the DagBag from /opt/airflow/dags/backfill_retail_pipeline.py
[2026-05-04T08:36:12.750+0000] {processor.py:839} INFO - DAG(s) dict_keys(['backfill_retail_pipeline']) retrieved from /opt/airflow/dags/backfill_retail_pipeline.py
[2026-05-04T08:36:12.764+0000] {logging_mixin.py:151} INFO - [2026-05-04T08:36:12.764+0000] {dag.py:2915} INFO - Sync 1 DAGs
[2026-05-04T08:36:12.769+0000] {logging_mixin.py:151} INFO - [2026-05-04T08:36:12.769+0000] {dag.py:3696} INFO - Setting next_dagrun for backfill_retail_pipeline to None, run_after=None
[2026-05-04T08:36:12.775+0000] {processor.py:179} INFO - Processing /opt/airflow/dags/backfill_retail_pipeline.py took 0.035 seconds
[2026-05-04T08:36:42.957+0000] {processor.py:157} INFO - Started process (PID=11206) to work on /opt/airflow/dags/backfill_retail_pipeline.py
[2026-05-04T08:36:42.958+0000] {processor.py:829} INFO - Processing file /opt/airflow/dags/backfill_retail_pipeline.py for tasks to queue
[2026-05-04T08:36:42.958+0000] {logging_mixin.py:151} INFO - [2026-05-04T08:36:42.958+0000] {dagbag.py:539} INFO - Filling up the DagBag from /opt/airflow/dags/backfill_retail_pipeline.py
[2026-05-04T08:36:42.969+0000] {processor.py:839} INFO - DAG(s) dict_keys(['backfill_retail_pipeline']) retrieved from /opt/airflow/dags/backfill_retail_pipeline.py
[2026-05-04T08:36:42.986+0000] {logging_mixin.py:151} INFO - [2026-05-04T08:36:42.986+0000] {dag.py:2915} INFO - Sync 1 DAGs
[2026-05-04T08:36:42.992+0000] {logging_mixin.py:151} INFO - [2026-05-04T08:36:42.992+0000] {dag.py:3696} INFO - Setting next_dagrun for backfill_retail_pipeline to None, run_after=None
[2026-05-04T08:36:42.998+0000] {processor.py:179} INFO - Processing /opt/airflow/dags/backfill_retail_pipeline.py took 0.044 seconds
[2026-05-04T08:37:13.336+0000] {processor.py:157} INFO - Started process (PID=11221) to work on /opt/airflow/dags/backfill_retail_pipeline.py
[2026-05-04T08:37:13.337+0000] {processor.py:829} INFO - Processing file /opt/airflow/dags/backfill_retail_pipeline.py for tasks to queue
[2026-05-04T08:37:13.337+0000] {logging_mixin.py:151} INFO - [2026-05-04T08:37:13.337+0000] {dagbag.py:539} INFO - Filling up the DagBag from /opt/airflow/dags/backfill_retail_pipeline.py
[2026-05-04T08:37:13.344+0000] {processor.py:839} INFO - DAG(s) dict_keys(['backfill_retail_pipeline']) retrieved from /opt/airflow/dags/backfill_retail_pipeline.py
[2026-05-04T08:37:13.362+0000] {logging_mixin.py:151} INFO - [2026-05-04T08:37:13.362+0000] {dag.py:2915} INFO - Sync 1 DAGs
[2026-05-04T08:37:13.368+0000] {logging_mixin.py:151} INFO - [2026-05-04T08:37:13.368+0000] {dag.py:3696} INFO - Setting next_dagrun for backfill_retail_pipeline to None, run_after=None
[2026-05-04T08:37:13.375+0000] {processor.py:179} INFO - Processing /opt/airflow/dags/backfill_retail_pipeline.py took 0.041 seconds
[2026-05-04T08:37:43.653+0000] {processor.py:157} INFO - Started process (PID=11236) to work on /opt/airflow/dags/backfill_retail_pipeline.py
[2026-05-04T08:37:43.654+0000] {processor.py:829} INFO - Processing file /opt/airflow/dags/backfill_retail_pipeline.py for tasks to queue
[2026-05-04T08:37:43.655+0000] {logging_mixin.py:151} INFO - [2026-05-04T08:37:43.654+0000] {dagbag.py:539} INFO - Filling up the DagBag from /opt/airflow/dags/backfill_retail_pipeline.py
[2026-05-04T08:37:43.665+0000] {processor.py:839} INFO - DAG(s) dict_keys(['backfill_retail_pipeline']) retrieved from /opt/airflow/dags/backfill_retail_pipeline.py
[2026-05-04T08:37:43.685+0000] {logging_mixin.py:151} INFO - [2026-05-04T08:37:43.685+0000] {dag.py:2915} INFO - Sync 1 DAGs
[2026-05-04T08:37:43.691+0000] {logging_mixin.py:151} INFO - [2026-05-04T08:37:43.691+0000] {dag.py:3696} INFO - Setting next_dagrun for backfill_retail_pipeline to None, run_after=None
[2026-05-04T08:37:43.698+0000] {processor.py:179} INFO - Processing /opt/airflow/dags/backfill_retail_pipeline.py took 0.048 seconds
[2026-05-04T08:38:13.972+0000] {processor.py:157} INFO - Started process (PID=11251) to work on /opt/airflow/dags/backfill_retail_pipeline.py
[2026-05-04T08:38:13.974+0000] {processor.py:829} INFO - Processing file /opt/airflow/dags/backfill_retail_pipeline.py for tasks to queue
[2026-05-04T08:38:13.975+0000] {logging_mixin.py:151} INFO - [2026-05-04T08:38:13.975+0000] {dagbag.py:539} INFO - Filling up the DagBag from /opt/airflow/dags/backfill_retail_pipeline.py
[2026-05-04T08:38:14.010+0000] {processor.py:839} INFO - DAG(s) dict_keys(['backfill_retail_pipeline']) retrieved from /opt/airflow/dags/backfill_retail_pipeline.py
[2026-05-04T08:38:14.065+0000] {logging_mixin.py:151} INFO - [2026-05-04T08:38:14.065+0000] {dag.py:2915} INFO - Sync 1 DAGs
[2026-05-04T08:38:14.075+0000] {logging_mixin.py:151} INFO - [2026-05-04T08:38:14.074+0000] {dag.py:3696} INFO - Setting next_dagrun for backfill_retail_pipeline to None, run_after=None
[2026-05-04T08:38:14.084+0000] {processor.py:179} INFO - Processing /opt/airflow/dags/backfill_retail_pipeline.py took 0.120 seconds
[2026-05-04T08:38:44.462+0000] {processor.py:157} INFO - Started process (PID=11266) to work on /opt/airflow/dags/backfill_retail_pipeline.py
[2026-05-04T08:38:44.463+0000] {processor.py:829} INFO - Processing file /opt/airflow/dags/backfill_retail_pipeline.py for tasks to queue
[2026-05-04T08:38:44.463+0000] {logging_mixin.py:151} INFO - [2026-05-04T08:38:44.463+0000] {dagbag.py:539} INFO - Filling up the DagBag from /opt/airflow/dags/backfill_retail_pipeline.py
[2026-05-04T08:38:44.475+0000] {processor.py:839} INFO - DAG(s) dict_keys(['backfill_retail_pipeline']) retrieved from /opt/airflow/dags/backfill_retail_pipeline.py
[2026-05-04T08:38:44.495+0000] {logging_mixin.py:151} INFO - [2026-05-04T08:38:44.495+0000] {dag.py:2915} INFO - Sync 1 DAGs
[2026-05-04T08:38:44.500+0000] {logging_mixin.py:151} INFO - [2026-05-04T08:38:44.500+0000] {dag.py:3696} INFO - Setting next_dagrun for backfill_retail_pipeline to None, run_after=None
[2026-05-04T08:38:44.508+0000] {processor.py:179} INFO - Processing /opt/airflow/dags/backfill_retail_pipeline.py took 0.048 seconds
[2026-05-04T08:39:15.004+0000] {processor.py:157} INFO - Started process (PID=11281) to work on /opt/airflow/dags/backfill_retail_pipeline.py
[2026-05-04T08:39:15.005+0000] {processor.py:829} INFO - Processing file /opt/airflow/dags/backfill_retail_pipeline.py for tasks to queue
[2026-05-04T08:39:15.007+0000] {logging_mixin.py:151} INFO - [2026-05-04T08:39:15.006+0000] {dagbag.py:539} INFO - Filling up the DagBag from /opt/airflow/dags/backfill_retail_pipeline.py
[2026-05-04T08:39:15.034+0000] {processor.py:839} INFO - DAG(s) dict_keys(['backfill_retail_pipeline']) retrieved from /opt/airflow/dags/backfill_retail_pipeline.py
[2026-05-04T08:39:15.100+0000] {logging_mixin.py:151} INFO - [2026-05-04T08:39:15.100+0000] {dag.py:2915} INFO - Sync 1 DAGs
[2026-05-04T08:39:15.112+0000] {logging_mixin.py:151} INFO - [2026-05-04T08:39:15.112+0000] {dag.py:3696} INFO - Setting next_dagrun for backfill_retail_pipeline to None, run_after=None
[2026-05-04T08:39:15.133+0000] {processor.py:179} INFO - Processing /opt/airflow/dags/backfill_retail_pipeline.py took 0.136 seconds
[2026-05-04T08:39:45.487+0000] {processor.py:157} INFO - Started process (PID=11296) to work on /opt/airflow/dags/backfill_retail_pipeline.py
[2026-05-04T08:39:45.491+0000] {processor.py:829} INFO - Processing file /opt/airflow/dags/backfill_retail_pipeline.py for tasks to queue
[2026-05-04T08:39:45.492+0000] {logging_mixin.py:151} INFO - [2026-05-04T08:39:45.491+0000] {dagbag.py:539} INFO - Filling up the DagBag from /opt/airflow/dags/backfill_retail_pipeline.py
[2026-05-04T08:39:45.510+0000] {processor.py:839} INFO - DAG(s) dict_keys(['backfill_retail_pipeline']) retrieved from /opt/airflow/dags/backfill_retail_pipeline.py
[2026-05-04T08:39:45.552+0000] {logging_mixin.py:151} INFO - [2026-05-04T08:39:45.552+0000] {dag.py:2915} INFO - Sync 1 DAGs
[2026-05-04T08:39:45.560+0000] {logging_mixin.py:151} INFO - [2026-05-04T08:39:45.560+0000] {dag.py:3696} INFO - Setting next_dagrun for backfill_retail_pipeline to None, run_after=None
[2026-05-04T08:39:45.570+0000] {processor.py:179} INFO - Processing /opt/airflow/dags/backfill_retail_pipeline.py took 0.093 seconds
[2026-05-04T08:40:15.957+0000] {processor.py:157} INFO - Started process (PID=11311) to work on /opt/airflow/dags/backfill_retail_pipeline.py
[2026-05-04T08:40:15.962+0000] {processor.py:829} INFO - Processing file /opt/airflow/dags/backfill_retail_pipeline.py for tasks to queue
[2026-05-04T08:40:15.963+0000] {logging_mixin.py:151} INFO - [2026-05-04T08:40:15.962+0000] {dagbag.py:539} INFO - Filling up the DagBag from /opt/airflow/dags/backfill_retail_pipeline.py
[2026-05-04T08:40:15.982+0000] {processor.py:839} INFO - DAG(s) dict_keys(['backfill_retail_pipeline']) retrieved from /opt/airflow/dags/backfill_retail_pipeline.py
[2026-05-04T08:40:16.022+0000] {logging_mixin.py:151} INFO - [2026-05-04T08:40:16.022+0000] {dag.py:2915} INFO - Sync 1 DAGs
[2026-05-04T08:40:16.031+0000] {logging_mixin.py:151} INFO - [2026-05-04T08:40:16.031+0000] {dag.py:3696} INFO - Setting next_dagrun for backfill_retail_pipeline to None, run_after=None
[2026-05-04T08:40:16.041+0000] {processor.py:179} INFO - Processing /opt/airflow/dags/backfill_retail_pipeline.py took 0.088 seconds
[2026-05-04T08:40:46.261+0000] {processor.py:157} INFO - Started process (PID=11326) to work on /opt/airflow/dags/backfill_retail_pipeline.py
[2026-05-04T08:40:46.262+0000] {processor.py:829} INFO - Processing file /opt/airflow/dags/backfill_retail_pipeline.py for tasks to queue
[2026-05-04T08:40:46.262+0000] {logging_mixin.py:151} INFO - [2026-05-04T08:40:46.262+0000] {dagbag.py:539} INFO - Filling up the DagBag from /opt/airflow/dags/backfill_retail_pipeline.py
[2026-05-04T08:40:46.269+0000] {processor.py:839} INFO - DAG(s) dict_keys(['backfill_retail_pipeline']) retrieved from /opt/airflow/dags/backfill_retail_pipeline.py
[2026-05-04T08:40:46.288+0000] {logging_mixin.py:151} INFO - [2026-05-04T08:40:46.288+0000] {dag.py:2915} INFO - Sync 1 DAGs
[2026-05-04T08:40:46.293+0000] {logging_mixin.py:151} INFO - [2026-05-04T08:40:46.293+0000] {dag.py:3696} INFO - Setting next_dagrun for backfill_retail_pipeline to None, run_after=None
[2026-05-04T08:40:46.300+0000] {processor.py:179} INFO - Processing /opt/airflow/dags/backfill_retail_pipeline.py took 0.042 seconds
[2026-05-04T08:41:16.636+0000] {processor.py:157} INFO - Started process (PID=11341) to work on /opt/airflow/dags/backfill_retail_pipeline.py
[2026-05-04T08:41:16.639+0000] {processor.py:829} INFO - Processing file /opt/airflow/dags/backfill_retail_pipeline.py for tasks to queue
[2026-05-04T08:41:16.640+0000] {logging_mixin.py:151} INFO - [2026-05-04T08:41:16.640+0000] {dagbag.py:539} INFO - Filling up the DagBag from /opt/airflow/dags/backfill_retail_pipeline.py
[2026-05-04T08:41:16.650+0000] {processor.py:839} INFO - DAG(s) dict_keys(['backfill_retail_pipeline']) retrieved from /opt/airflow/dags/backfill_retail_pipeline.py
[2026-05-04T08:41:16.671+0000] {logging_mixin.py:151} INFO - [2026-05-04T08:41:16.671+0000] {dag.py:2915} INFO - Sync 1 DAGs
[2026-05-04T08:41:16.677+0000] {logging_mixin.py:151} INFO - [2026-05-04T08:41:16.677+0000] {dag.py:3696} INFO - Setting next_dagrun for backfill_retail_pipeline to None, run_after=None
[2026-05-04T08:41:16.684+0000] {processor.py:179} INFO - Processing /opt/airflow/dags/backfill_retail_pipeline.py took 0.051 seconds
[2026-05-04T08:41:46.923+0000] {processor.py:157} INFO - Started process (PID=11356) to work on /opt/airflow/dags/backfill_retail_pipeline.py
[2026-05-04T08:41:46.927+0000] {processor.py:829} INFO - Processing file /opt/airflow/dags/backfill_retail_pipeline.py for tasks to queue
[2026-05-04T08:41:46.928+0000] {logging_mixin.py:151} INFO - [2026-05-04T08:41:46.927+0000] {dagbag.py:539} INFO - Filling up the DagBag from /opt/airflow/dags/backfill_retail_pipeline.py
[2026-05-04T08:41:46.938+0000] {processor.py:839} INFO - DAG(s) dict_keys(['backfill_retail_pipeline']) retrieved from /opt/airflow/dags/backfill_retail_pipeline.py
[2026-05-04T08:41:46.959+0000] {logging_mixin.py:151} INFO - [2026-05-04T08:41:46.959+0000] {dag.py:2915} INFO - Sync 1 DAGs
[2026-05-04T08:41:46.965+0000] {logging_mixin.py:151} INFO - [2026-05-04T08:41:46.965+0000] {dag.py:3696} INFO - Setting next_dagrun for backfill_retail_pipeline to None, run_after=None
[2026-05-04T08:41:46.972+0000] {processor.py:179} INFO - Processing /opt/airflow/dags/backfill_retail_pipeline.py took 0.052 seconds
[2026-05-04T08:42:17.178+0000] {processor.py:157} INFO - Started process (PID=11371) to work on /opt/airflow/dags/backfill_retail_pipeline.py
[2026-05-04T08:42:17.180+0000] {processor.py:829} INFO - Processing file /opt/airflow/dags/backfill_retail_pipeline.py for tasks to queue
[2026-05-04T08:42:17.181+0000] {logging_mixin.py:151} INFO - [2026-05-04T08:42:17.181+0000] {dagbag.py:539} INFO - Filling up the DagBag from /opt/airflow/dags/backfill_retail_pipeline.py
[2026-05-04T08:42:17.193+0000] {processor.py:839} INFO - DAG(s) dict_keys(['backfill_retail_pipeline']) retrieved from /opt/airflow/dags/backfill_retail_pipeline.py
[2026-05-04T08:42:17.212+0000] {logging_mixin.py:151} INFO - [2026-05-04T08:42:17.211+0000] {dag.py:2915} INFO - Sync 1 DAGs
[2026-05-04T08:42:17.217+0000] {logging_mixin.py:151} INFO - [2026-05-04T08:42:17.217+0000] {dag.py:3696} INFO - Setting next_dagrun for backfill_retail_pipeline to None, run_after=None
[2026-05-04T08:42:17.224+0000] {processor.py:179} INFO - Processing /opt/airflow/dags/backfill_retail_pipeline.py took 0.049 seconds
[2026-05-04T08:42:47.557+0000] {processor.py:157} INFO - Started process (PID=11386) to work on /opt/airflow/dags/backfill_retail_pipeline.py
[2026-05-04T08:42:47.561+0000] {processor.py:829} INFO - Processing file /opt/airflow/dags/backfill_retail_pipeline.py for tasks to queue
[2026-05-04T08:42:47.562+0000] {logging_mixin.py:151} INFO - [2026-05-04T08:42:47.562+0000] {dagbag.py:539} INFO - Filling up the DagBag from /opt/airflow/dags/backfill_retail_pipeline.py
[2026-05-04T08:42:47.569+0000] {processor.py:839} INFO - DAG(s) dict_keys(['backfill_retail_pipeline']) retrieved from /opt/airflow/dags/backfill_retail_pipeline.py
[2026-05-04T08:42:47.581+0000] {logging_mixin.py:151} INFO - [2026-05-04T08:42:47.581+0000] {dag.py:2915} INFO - Sync 1 DAGs
[2026-05-04T08:42:47.586+0000] {logging_mixin.py:151} INFO - [2026-05-04T08:42:47.586+0000] {dag.py:3696} INFO - Setting next_dagrun for backfill_retail_pipeline to None, run_after=None
[2026-05-04T08:42:47.594+0000] {processor.py:179} INFO - Processing /opt/airflow/dags/backfill_retail_pipeline.py took 0.039 seconds
[2026-05-04T08:43:17.822+0000] {processor.py:157} INFO - Started process (PID=11401) to work on /opt/airflow/dags/backfill_retail_pipeline.py
[2026-05-04T08:43:17.826+0000] {processor.py:829} INFO - Processing file /opt/airflow/dags/backfill_retail_pipeline.py for tasks to queue
[2026-05-04T08:43:17.827+0000] {logging_mixin.py:151} INFO - [2026-05-04T08:43:17.827+0000] {dagbag.py:539} INFO - Filling up the DagBag from /opt/airflow/dags/backfill_retail_pipeline.py
[2026-05-04T08:43:17.841+0000] {processor.py:839} INFO - DAG(s) dict_keys(['backfill_retail_pipeline']) retrieved from /opt/airflow/dags/backfill_retail_pipeline.py
[2026-05-04T08:43:17.861+0000] {logging_mixin.py:151} INFO - [2026-05-04T08:43:17.861+0000] {dag.py:2915} INFO - Sync 1 DAGs
[2026-05-04T08:43:17.866+0000] {logging_mixin.py:151} INFO - [2026-05-04T08:43:17.866+0000] {dag.py:3696} INFO - Setting next_dagrun for backfill_retail_pipeline to None, run_after=None
[2026-05-04T08:43:17.872+0000] {processor.py:179} INFO - Processing /opt/airflow/dags/backfill_retail_pipeline.py took 0.053 seconds
[2026-05-04T08:43:48.204+0000] {processor.py:157} INFO - Started process (PID=11416) to work on /opt/airflow/dags/backfill_retail_pipeline.py
[2026-05-04T08:43:48.207+0000] {processor.py:829} INFO - Processing file /opt/airflow/dags/backfill_retail_pipeline.py for tasks to queue
[2026-05-04T08:43:48.208+0000] {logging_mixin.py:151} INFO - [2026-05-04T08:43:48.208+0000] {dagbag.py:539} INFO - Filling up the DagBag from /opt/airflow/dags/backfill_retail_pipeline.py
[2026-05-04T08:43:48.217+0000] {processor.py:839} INFO - DAG(s) dict_keys(['backfill_retail_pipeline']) retrieved from /opt/airflow/dags/backfill_retail_pipeline.py
[2026-05-04T08:43:48.247+0000] {logging_mixin.py:151} INFO - [2026-05-04T08:43:48.247+0000] {dag.py:2915} INFO - Sync 1 DAGs
[2026-05-04T08:43:48.253+0000] {logging_mixin.py:151} INFO - [2026-05-04T08:43:48.253+0000] {dag.py:3696} INFO - Setting next_dagrun for backfill_retail_pipeline to None, run_after=None
[2026-05-04T08:43:48.259+0000] {processor.py:179} INFO - Processing /opt/airflow/dags/backfill_retail_pipeline.py took 0.060 seconds
[2026-05-04T08:44:18.460+0000] {processor.py:157} INFO - Started process (PID=11431) to work on /opt/airflow/dags/backfill_retail_pipeline.py
[2026-05-04T08:44:18.461+0000] {processor.py:829} INFO - Processing file /opt/airflow/dags/backfill_retail_pipeline.py for tasks to queue
[2026-05-04T08:44:18.462+0000] {logging_mixin.py:151} INFO - [2026-05-04T08:44:18.461+0000] {dagbag.py:539} INFO - Filling up the DagBag from /opt/airflow/dags/backfill_retail_pipeline.py
[2026-05-04T08:44:18.470+0000] {processor.py:839} INFO - DAG(s) dict_keys(['backfill_retail_pipeline']) retrieved from /opt/airflow/dags/backfill_retail_pipeline.py
[2026-05-04T08:44:18.491+0000] {logging_mixin.py:151} INFO - [2026-05-04T08:44:18.491+0000] {dag.py:2915} INFO - Sync 1 DAGs
[2026-05-04T08:44:18.496+0000] {logging_mixin.py:151} INFO - [2026-05-04T08:44:18.496+0000] {dag.py:3696} INFO - Setting next_dagrun for backfill_retail_pipeline to None, run_after=None
[2026-05-04T08:44:18.503+0000] {processor.py:179} INFO - Processing /opt/airflow/dags/backfill_retail_pipeline.py took 0.047 seconds
[2026-05-04T08:44:48.749+0000] {processor.py:157} INFO - Started process (PID=11446) to work on /opt/airflow/dags/backfill_retail_pipeline.py
[2026-05-04T08:44:48.754+0000] {processor.py:829} INFO - Processing file /opt/airflow/dags/backfill_retail_pipeline.py for tasks to queue
[2026-05-04T08:44:48.755+0000] {logging_mixin.py:151} INFO - [2026-05-04T08:44:48.754+0000] {dagbag.py:539} INFO - Filling up the DagBag from /opt/airflow/dags/backfill_retail_pipeline.py
[2026-05-04T08:44:48.764+0000] {processor.py:839} INFO - DAG(s) dict_keys(['backfill_retail_pipeline']) retrieved from /opt/airflow/dags/backfill_retail_pipeline.py
[2026-05-04T08:44:48.787+0000] {logging_mixin.py:151} INFO - [2026-05-04T08:44:48.787+0000] {dag.py:2915} INFO - Sync 1 DAGs
[2026-05-04T08:44:48.792+0000] {logging_mixin.py:151} INFO - [2026-05-04T08:44:48.792+0000] {dag.py:3696} INFO - Setting next_dagrun for backfill_retail_pipeline to None, run_after=None
[2026-05-04T08:44:48.799+0000] {processor.py:179} INFO - Processing /opt/airflow/dags/backfill_retail_pipeline.py took 0.054 seconds
[2026-05-04T08:45:19.227+0000] {processor.py:157} INFO - Started process (PID=11461) to work on /opt/airflow/dags/backfill_retail_pipeline.py
[2026-05-04T08:45:19.228+0000] {processor.py:829} INFO - Processing file /opt/airflow/dags/backfill_retail_pipeline.py for tasks to queue
[2026-05-04T08:45:19.229+0000] {logging_mixin.py:151} INFO - [2026-05-04T08:45:19.229+0000] {dagbag.py:539} INFO - Filling up the DagBag from /opt/airflow/dags/backfill_retail_pipeline.py
[2026-05-04T08:45:19.242+0000] {processor.py:839} INFO - DAG(s) dict_keys(['backfill_retail_pipeline']) retrieved from /opt/airflow/dags/backfill_retail_pipeline.py
[2026-05-04T08:45:19.269+0000] {logging_mixin.py:151} INFO - [2026-05-04T08:45:19.269+0000] {dag.py:2915} INFO - Sync 1 DAGs
[2026-05-04T08:45:19.277+0000] {logging_mixin.py:151} INFO - [2026-05-04T08:45:19.277+0000] {dag.py:3696} INFO - Setting next_dagrun for backfill_retail_pipeline to None, run_after=None
[2026-05-04T08:45:19.285+0000] {processor.py:179} INFO - Processing /opt/airflow/dags/backfill_retail_pipeline.py took 0.062 seconds
[2026-05-04T08:45:49.712+0000] {processor.py:157} INFO - Started process (PID=11476) to work on /opt/airflow/dags/backfill_retail_pipeline.py
[2026-05-04T08:45:49.714+0000] {processor.py:829} INFO - Processing file /opt/airflow/dags/backfill_retail_pipeline.py for tasks to queue
[2026-05-04T08:45:49.715+0000] {logging_mixin.py:151} INFO - [2026-05-04T08:45:49.715+0000] {dagbag.py:539} INFO - Filling up the DagBag from /opt/airflow/dags/backfill_retail_pipeline.py
[2026-05-04T08:45:49.730+0000] {processor.py:839} INFO - DAG(s) dict_keys(['backfill_retail_pipeline']) retrieved from /opt/airflow/dags/backfill_retail_pipeline.py
[2026-05-04T08:45:49.761+0000] {logging_mixin.py:151} INFO - [2026-05-04T08:45:49.761+0000] {dag.py:2915} INFO - Sync 1 DAGs
[2026-05-04T08:45:49.770+0000] {logging_mixin.py:151} INFO - [2026-05-04T08:45:49.770+0000] {dag.py:3696} INFO - Setting next_dagrun for backfill_retail_pipeline to None, run_after=None
[2026-05-04T08:45:49.778+0000] {processor.py:179} INFO - Processing /opt/airflow/dags/backfill_retail_pipeline.py took 0.071 seconds
[2026-05-04T08:46:20.062+0000] {processor.py:157} INFO - Started process (PID=11491) to work on /opt/airflow/dags/backfill_retail_pipeline.py
[2026-05-04T08:46:20.065+0000] {processor.py:829} INFO - Processing file /opt/airflow/dags/backfill_retail_pipeline.py for tasks to queue
[2026-05-04T08:46:20.066+0000] {logging_mixin.py:151} INFO - [2026-05-04T08:46:20.065+0000] {dagbag.py:539} INFO - Filling up the DagBag from /opt/airflow/dags/backfill_retail_pipeline.py
[2026-05-04T08:46:20.076+0000] {processor.py:839} INFO - DAG(s) dict_keys(['backfill_retail_pipeline']) retrieved from /opt/airflow/dags/backfill_retail_pipeline.py
[2026-05-04T08:46:20.099+0000] {logging_mixin.py:151} INFO - [2026-05-04T08:46:20.099+0000] {dag.py:2915} INFO - Sync 1 DAGs
[2026-05-04T08:46:20.105+0000] {logging_mixin.py:151} INFO - [2026-05-04T08:46:20.105+0000] {dag.py:3696} INFO - Setting next_dagrun for backfill_retail_pipeline to None, run_after=None
[2026-05-04T08:46:20.111+0000] {processor.py:179} INFO - Processing /opt/airflow/dags/backfill_retail_pipeline.py took 0.052 seconds
[2026-05-04T08:46:50.477+0000] {processor.py:157} INFO - Started process (PID=11506) to work on /opt/airflow/dags/backfill_retail_pipeline.py
[2026-05-04T08:46:50.479+0000] {processor.py:829} INFO - Processing file /opt/airflow/dags/backfill_retail_pipeline.py for tasks to queue
[2026-05-04T08:46:50.480+0000] {logging_mixin.py:151} INFO - [2026-05-04T08:46:50.479+0000] {dagbag.py:539} INFO - Filling up the DagBag from /opt/airflow/dags/backfill_retail_pipeline.py
[2026-05-04T08:46:50.497+0000] {processor.py:839} INFO - DAG(s) dict_keys(['backfill_retail_pipeline']) retrieved from /opt/airflow/dags/backfill_retail_pipeline.py
[2026-05-04T08:46:50.527+0000] {logging_mixin.py:151} INFO - [2026-05-04T08:46:50.527+0000] {dag.py:2915} INFO - Sync 1 DAGs
[2026-05-04T08:46:50.539+0000] {logging_mixin.py:151} INFO - [2026-05-04T08:46:50.539+0000] {dag.py:3696} INFO - Setting next_dagrun for backfill_retail_pipeline to None, run_after=None
[2026-05-04T08:46:50.548+0000] {processor.py:179} INFO - Processing /opt/airflow/dags/backfill_retail_pipeline.py took 0.077 seconds
[2026-05-04T08:47:20.816+0000] {processor.py:157} INFO - Started process (PID=11521) to work on /opt/airflow/dags/backfill_retail_pipeline.py
[2026-05-04T08:47:20.817+0000] {processor.py:829} INFO - Processing file /opt/airflow/dags/backfill_retail_pipeline.py for tasks to queue
[2026-05-04T08:47:20.818+0000] {logging_mixin.py:151} INFO - [2026-05-04T08:47:20.818+0000] {dagbag.py:539} INFO - Filling up the DagBag from /opt/airflow/dags/backfill_retail_pipeline.py
[2026-05-04T08:47:20.828+0000] {processor.py:839} INFO - DAG(s) dict_keys(['backfill_retail_pipeline']) retrieved from /opt/airflow/dags/backfill_retail_pipeline.py
[2026-05-04T08:47:20.852+0000] {logging_mixin.py:151} INFO - [2026-05-04T08:47:20.852+0000] {dag.py:2915} INFO - Sync 1 DAGs
[2026-05-04T08:47:20.859+0000] {logging_mixin.py:151} INFO - [2026-05-04T08:47:20.859+0000] {dag.py:3696} INFO - Setting next_dagrun for backfill_retail_pipeline to None, run_after=None
[2026-05-04T08:47:20.866+0000] {processor.py:179} INFO - Processing /opt/airflow/dags/backfill_retail_pipeline.py took 0.053 seconds
[2026-05-04T08:47:51.147+0000] {processor.py:157} INFO - Started process (PID=11536) to work on /opt/airflow/dags/backfill_retail_pipeline.py
[2026-05-04T08:47:51.148+0000] {processor.py:829} INFO - Processing file /opt/airflow/dags/backfill_retail_pipeline.py for tasks to queue
[2026-05-04T08:47:51.148+0000] {logging_mixin.py:151} INFO - [2026-05-04T08:47:51.148+0000] {dagbag.py:539} INFO - Filling up the DagBag from /opt/airflow/dags/backfill_retail_pipeline.py
[2026-05-04T08:47:51.158+0000] {processor.py:839} INFO - DAG(s) dict_keys(['backfill_retail_pipeline']) retrieved from /opt/airflow/dags/backfill_retail_pipeline.py
[2026-05-04T08:47:51.178+0000] {logging_mixin.py:151} INFO - [2026-05-04T08:47:51.178+0000] {dag.py:2915} INFO - Sync 1 DAGs
[2026-05-04T08:47:51.184+0000] {logging_mixin.py:151} INFO - [2026-05-04T08:47:51.184+0000] {dag.py:3696} INFO - Setting next_dagrun for backfill_retail_pipeline to None, run_after=None
[2026-05-04T08:47:51.190+0000] {processor.py:179} INFO - Processing /opt/airflow/dags/backfill_retail_pipeline.py took 0.046 seconds
[2026-05-04T08:48:21.563+0000] {processor.py:157} INFO - Started process (PID=11551) to work on /opt/airflow/dags/backfill_retail_pipeline.py
[2026-05-04T08:48:21.566+0000] {processor.py:829} INFO - Processing file /opt/airflow/dags/backfill_retail_pipeline.py for tasks to queue
[2026-05-04T08:48:21.567+0000] {logging_mixin.py:151} INFO - [2026-05-04T08:48:21.567+0000] {dagbag.py:539} INFO - Filling up the DagBag from /opt/airflow/dags/backfill_retail_pipeline.py
[2026-05-04T08:48:21.577+0000] {processor.py:839} INFO - DAG(s) dict_keys(['backfill_retail_pipeline']) retrieved from /opt/airflow/dags/backfill_retail_pipeline.py
[2026-05-04T08:48:21.596+0000] {logging_mixin.py:151} INFO - [2026-05-04T08:48:21.596+0000] {dag.py:2915} INFO - Sync 1 DAGs
[2026-05-04T08:48:21.602+0000] {logging_mixin.py:151} INFO - [2026-05-04T08:48:21.602+0000] {dag.py:3696} INFO - Setting next_dagrun for backfill_retail_pipeline to None, run_after=None
[2026-05-04T08:48:21.608+0000] {processor.py:179} INFO - Processing /opt/airflow/dags/backfill_retail_pipeline.py took 0.048 seconds
[2026-05-04T08:48:51.901+0000] {processor.py:157} INFO - Started process (PID=11566) to work on /opt/airflow/dags/backfill_retail_pipeline.py
[2026-05-04T08:48:51.904+0000] {processor.py:829} INFO - Processing file /opt/airflow/dags/backfill_retail_pipeline.py for tasks to queue
[2026-05-04T08:48:51.905+0000] {logging_mixin.py:151} INFO - [2026-05-04T08:48:51.905+0000] {dagbag.py:539} INFO - Filling up the DagBag from /opt/airflow/dags/backfill_retail_pipeline.py
[2026-05-04T08:48:51.915+0000] {processor.py:839} INFO - DAG(s) dict_keys(['backfill_retail_pipeline']) retrieved from /opt/airflow/dags/backfill_retail_pipeline.py
[2026-05-04T08:48:51.934+0000] {logging_mixin.py:151} INFO - [2026-05-04T08:48:51.934+0000] {dag.py:2915} INFO - Sync 1 DAGs
[2026-05-04T08:48:51.940+0000] {logging_mixin.py:151} INFO - [2026-05-04T08:48:51.940+0000] {dag.py:3696} INFO - Setting next_dagrun for backfill_retail_pipeline to None, run_after=None
[2026-05-04T08:48:51.947+0000] {processor.py:179} INFO - Processing /opt/airflow/dags/backfill_retail_pipeline.py took 0.049 seconds
[2026-05-04T08:49:22.196+0000] {processor.py:157} INFO - Started process (PID=11581) to work on /opt/airflow/dags/backfill_retail_pipeline.py
[2026-05-04T08:49:22.202+0000] {processor.py:829} INFO - Processing file /opt/airflow/dags/backfill_retail_pipeline.py for tasks to queue
[2026-05-04T08:49:22.210+0000] {logging_mixin.py:151} INFO - [2026-05-04T08:49:22.206+0000] {dagbag.py:539} INFO - Filling up the DagBag from /opt/airflow/dags/backfill_retail_pipeline.py
[2026-05-04T08:49:22.239+0000] {processor.py:839} INFO - DAG(s) dict_keys(['backfill_retail_pipeline']) retrieved from /opt/airflow/dags/backfill_retail_pipeline.py
[2026-05-04T08:49:22.260+0000] {logging_mixin.py:151} INFO - [2026-05-04T08:49:22.260+0000] {dag.py:2915} INFO - Sync 1 DAGs
[2026-05-04T08:49:22.265+0000] {logging_mixin.py:151} INFO - [2026-05-04T08:49:22.265+0000] {dag.py:3696} INFO - Setting next_dagrun for backfill_retail_pipeline to None, run_after=None
[2026-05-04T08:49:22.271+0000] {processor.py:179} INFO - Processing /opt/airflow/dags/backfill_retail_pipeline.py took 0.083 seconds
[2026-05-04T08:49:52.519+0000] {processor.py:157} INFO - Started process (PID=11596) to work on /opt/airflow/dags/backfill_retail_pipeline.py
[2026-05-04T08:49:52.523+0000] {processor.py:829} INFO - Processing file /opt/airflow/dags/backfill_retail_pipeline.py for tasks to queue
[2026-05-04T08:49:52.525+0000] {logging_mixin.py:151} INFO - [2026-05-04T08:49:52.524+0000] {dagbag.py:539} INFO - Filling up the DagBag from /opt/airflow/dags/backfill_retail_pipeline.py
[2026-05-04T08:49:52.540+0000] {processor.py:839} INFO - DAG(s) dict_keys(['backfill_retail_pipeline']) retrieved from /opt/airflow/dags/backfill_retail_pipeline.py
[2026-05-04T08:49:52.572+0000] {logging_mixin.py:151} INFO - [2026-05-04T08:49:52.572+0000] {dag.py:2915} INFO - Sync 1 DAGs
[2026-05-04T08:49:52.581+0000] {logging_mixin.py:151} INFO - [2026-05-04T08:49:52.581+0000] {dag.py:3696} INFO - Setting next_dagrun for backfill_retail_pipeline to None, run_after=None
[2026-05-04T08:49:52.589+0000] {processor.py:179} INFO - Processing /opt/airflow/dags/backfill_retail_pipeline.py took 0.077 seconds
[2026-05-04T08:50:22.936+0000] {processor.py:157} INFO - Started process (PID=11611) to work on /opt/airflow/dags/backfill_retail_pipeline.py
[2026-05-04T08:50:22.940+0000] {processor.py:829} INFO - Processing file /opt/airflow/dags/backfill_retail_pipeline.py for tasks to queue
[2026-05-04T08:50:22.941+0000] {logging_mixin.py:151} INFO - [2026-05-04T08:50:22.941+0000] {dagbag.py:539} INFO - Filling up the DagBag from /opt/airflow/dags/backfill_retail_pipeline.py
[2026-05-04T08:50:22.950+0000] {processor.py:839} INFO - DAG(s) dict_keys(['backfill_retail_pipeline']) retrieved from /opt/airflow/dags/backfill_retail_pipeline.py
[2026-05-04T08:50:22.973+0000] {logging_mixin.py:151} INFO - [2026-05-04T08:50:22.973+0000] {dag.py:2915} INFO - Sync 1 DAGs
[2026-05-04T08:50:22.985+0000] {logging_mixin.py:151} INFO - [2026-05-04T08:50:22.985+0000] {dag.py:3696} INFO - Setting next_dagrun for backfill_retail_pipeline to None, run_after=None
[2026-05-04T08:50:23.007+0000] {processor.py:179} INFO - Processing /opt/airflow/dags/backfill_retail_pipeline.py took 0.077 seconds
[2026-05-04T08:50:53.301+0000] {processor.py:157} INFO - Started process (PID=11626) to work on /opt/airflow/dags/backfill_retail_pipeline.py
[2026-05-04T08:50:53.304+0000] {processor.py:829} INFO - Processing file /opt/airflow/dags/backfill_retail_pipeline.py for tasks to queue
[2026-05-04T08:50:53.305+0000] {logging_mixin.py:151} INFO - [2026-05-04T08:50:53.304+0000] {dagbag.py:539} INFO - Filling up the DagBag from /opt/airflow/dags/backfill_retail_pipeline.py
[2026-05-04T08:50:53.312+0000] {processor.py:839} INFO - DAG(s) dict_keys(['backfill_retail_pipeline']) retrieved from /opt/airflow/dags/backfill_retail_pipeline.py
[2026-05-04T08:50:53.330+0000] {logging_mixin.py:151} INFO - [2026-05-04T08:50:53.329+0000] {dag.py:2915} INFO - Sync 1 DAGs
[2026-05-04T08:50:53.335+0000] {logging_mixin.py:151} INFO - [2026-05-04T08:50:53.335+0000] {dag.py:3696} INFO - Setting next_dagrun for backfill_retail_pipeline to None, run_after=None
[2026-05-04T08:50:53.342+0000] {processor.py:179} INFO - Processing /opt/airflow/dags/backfill_retail_pipeline.py took 0.048 seconds
[2026-05-04T08:51:23.734+0000] {processor.py:157} INFO - Started process (PID=11641) to work on /opt/airflow/dags/backfill_retail_pipeline.py
[2026-05-04T08:51:23.738+0000] {processor.py:829} INFO - Processing file /opt/airflow/dags/backfill_retail_pipeline.py for tasks to queue
[2026-05-04T08:51:23.739+0000] {logging_mixin.py:151} INFO - [2026-05-04T08:51:23.738+0000] {dagbag.py:539} INFO - Filling up the DagBag from /opt/airflow/dags/backfill_retail_pipeline.py
[2026-05-04T08:51:23.757+0000] {processor.py:839} INFO - DAG(s) dict_keys(['backfill_retail_pipeline']) retrieved from /opt/airflow/dags/backfill_retail_pipeline.py
[2026-05-04T08:51:23.799+0000] {logging_mixin.py:151} INFO - [2026-05-04T08:51:23.799+0000] {dag.py:2915} INFO - Sync 1 DAGs
[2026-05-04T08:51:23.810+0000] {logging_mixin.py:151} INFO - [2026-05-04T08:51:23.810+0000] {dag.py:3696} INFO - Setting next_dagrun for backfill_retail_pipeline to None, run_after=None
[2026-05-04T08:51:23.819+0000] {processor.py:179} INFO - Processing /opt/airflow/dags/backfill_retail_pipeline.py took 0.089 seconds
[2026-05-04T08:51:54.050+0000] {processor.py:157} INFO - Started process (PID=11656) to work on /opt/airflow/dags/backfill_retail_pipeline.py
[2026-05-04T08:51:54.051+0000] {processor.py:829} INFO - Processing file /opt/airflow/dags/backfill_retail_pipeline.py for tasks to queue
[2026-05-04T08:51:54.053+0000] {logging_mixin.py:151} INFO - [2026-05-04T08:51:54.052+0000] {dagbag.py:539} INFO - Filling up the DagBag from /opt/airflow/dags/backfill_retail_pipeline.py
[2026-05-04T08:51:54.066+0000] {processor.py:839} INFO - DAG(s) dict_keys(['backfill_retail_pipeline']) retrieved from /opt/airflow/dags/backfill_retail_pipeline.py
[2026-05-04T08:51:54.098+0000] {logging_mixin.py:151} INFO - [2026-05-04T08:51:54.098+0000] {dag.py:2915} INFO - Sync 1 DAGs
[2026-05-04T08:51:54.108+0000] {logging_mixin.py:151} INFO - [2026-05-04T08:51:54.108+0000] {dag.py:3696} INFO - Setting next_dagrun for backfill_retail_pipeline to None, run_after=None
[2026-05-04T08:51:54.122+0000] {processor.py:179} INFO - Processing /opt/airflow/dags/backfill_retail_pipeline.py took 0.077 seconds
[2026-05-04T08:52:24.460+0000] {processor.py:157} INFO - Started process (PID=11671) to work on /opt/airflow/dags/backfill_retail_pipeline.py
[2026-05-04T08:52:24.463+0000] {processor.py:829} INFO - Processing file /opt/airflow/dags/backfill_retail_pipeline.py for tasks to queue
[2026-05-04T08:52:24.464+0000] {logging_mixin.py:151} INFO - [2026-05-04T08:52:24.463+0000] {dagbag.py:539} INFO - Filling up the DagBag from /opt/airflow/dags/backfill_retail_pipeline.py
[2026-05-04T08:52:24.473+0000] {processor.py:839} INFO - DAG(s) dict_keys(['backfill_retail_pipeline']) retrieved from /opt/airflow/dags/backfill_retail_pipeline.py
[2026-05-04T08:52:24.495+0000] {logging_mixin.py:151} INFO - [2026-05-04T08:52:24.495+0000] {dag.py:2915} INFO - Sync 1 DAGs
[2026-05-04T08:52:24.500+0000] {logging_mixin.py:151} INFO - [2026-05-04T08:52:24.500+0000] {dag.py:3696} INFO - Setting next_dagrun for backfill_retail_pipeline to None, run_after=None
[2026-05-04T08:52:24.507+0000] {processor.py:179} INFO - Processing /opt/airflow/dags/backfill_retail_pipeline.py took 0.050 seconds
[2026-05-04T08:52:54.898+0000] {processor.py:157} INFO - Started process (PID=11686) to work on /opt/airflow/dags/backfill_retail_pipeline.py
[2026-05-04T08:52:54.900+0000] {processor.py:829} INFO - Processing file /opt/airflow/dags/backfill_retail_pipeline.py for tasks to queue
[2026-05-04T08:52:54.900+0000] {logging_mixin.py:151} INFO - [2026-05-04T08:52:54.900+0000] {dagbag.py:539} INFO - Filling up the DagBag from /opt/airflow/dags/backfill_retail_pipeline.py
[2026-05-04T08:52:54.907+0000] {processor.py:839} INFO - DAG(s) dict_keys(['backfill_retail_pipeline']) retrieved from /opt/airflow/dags/backfill_retail_pipeline.py
[2026-05-04T08:52:54.927+0000] {logging_mixin.py:151} INFO - [2026-05-04T08:52:54.927+0000] {dag.py:2915} INFO - Sync 1 DAGs
[2026-05-04T08:52:54.933+0000] {logging_mixin.py:151} INFO - [2026-05-04T08:52:54.933+0000] {dag.py:3696} INFO - Setting next_dagrun for backfill_retail_pipeline to None, run_after=None
[2026-05-04T08:52:54.939+0000] {processor.py:179} INFO - Processing /opt/airflow/dags/backfill_retail_pipeline.py took 0.046 seconds
[2026-05-04T08:53:25.285+0000] {processor.py:157} INFO - Started process (PID=11701) to work on /opt/airflow/dags/backfill_retail_pipeline.py
[2026-05-04T08:53:25.288+0000] {processor.py:829} INFO - Processing file /opt/airflow/dags/backfill_retail_pipeline.py for tasks to queue
[2026-05-04T08:53:25.289+0000] {logging_mixin.py:151} INFO - [2026-05-04T08:53:25.288+0000] {dagbag.py:539} INFO - Filling up the DagBag from /opt/airflow/dags/backfill_retail_pipeline.py
[2026-05-04T08:53:25.298+0000] {processor.py:839} INFO - DAG(s) dict_keys(['backfill_retail_pipeline']) retrieved from /opt/airflow/dags/backfill_retail_pipeline.py
[2026-05-04T08:53:25.318+0000] {logging_mixin.py:151} INFO - [2026-05-04T08:53:25.318+0000] {dag.py:2915} INFO - Sync 1 DAGs
[2026-05-04T08:53:25.323+0000] {logging_mixin.py:151} INFO - [2026-05-04T08:53:25.323+0000] {dag.py:3696} INFO - Setting next_dagrun for backfill_retail_pipeline to None, run_after=None
[2026-05-04T08:53:25.331+0000] {processor.py:179} INFO - Processing /opt/airflow/dags/backfill_retail_pipeline.py took 0.049 seconds
[2026-05-04T08:53:55.622+0000] {processor.py:157} INFO - Started process (PID=11716) to work on /opt/airflow/dags/backfill_retail_pipeline.py
[2026-05-04T08:53:55.626+0000] {processor.py:829} INFO - Processing file /opt/airflow/dags/backfill_retail_pipeline.py for tasks to queue
[2026-05-04T08:53:55.629+0000] {logging_mixin.py:151} INFO - [2026-05-04T08:53:55.629+0000] {dagbag.py:539} INFO - Filling up the DagBag from /opt/airflow/dags/backfill_retail_pipeline.py
[2026-05-04T08:53:55.655+0000] {processor.py:839} INFO - DAG(s) dict_keys(['backfill_retail_pipeline']) retrieved from /opt/airflow/dags/backfill_retail_pipeline.py
[2026-05-04T08:53:55.699+0000] {logging_mixin.py:151} INFO - [2026-05-04T08:53:55.699+0000] {dag.py:2915} INFO - Sync 1 DAGs
[2026-05-04T08:53:55.709+0000] {logging_mixin.py:151} INFO - [2026-05-04T08:53:55.708+0000] {dag.py:3696} INFO - Setting next_dagrun for backfill_retail_pipeline to None, run_after=None
[2026-05-04T08:53:55.718+0000] {processor.py:179} INFO - Processing /opt/airflow/dags/backfill_retail_pipeline.py took 0.104 seconds
[2026-05-04T08:54:25.972+0000] {processor.py:157} INFO - Started process (PID=11731) to work on /opt/airflow/dags/backfill_retail_pipeline.py
[2026-05-04T08:54:25.975+0000] {processor.py:829} INFO - Processing file /opt/airflow/dags/backfill_retail_pipeline.py for tasks to queue
[2026-05-04T08:54:25.975+0000] {logging_mixin.py:151} INFO - [2026-05-04T08:54:25.975+0000] {dagbag.py:539} INFO - Filling up the DagBag from /opt/airflow/dags/backfill_retail_pipeline.py
[2026-05-04T08:54:25.984+0000] {processor.py:839} INFO - DAG(s) dict_keys(['backfill_retail_pipeline']) retrieved from /opt/airflow/dags/backfill_retail_pipeline.py
[2026-05-04T08:54:26.003+0000] {logging_mixin.py:151} INFO - [2026-05-04T08:54:26.003+0000] {dag.py:2915} INFO - Sync 1 DAGs
[2026-05-04T08:54:26.009+0000] {logging_mixin.py:151} INFO - [2026-05-04T08:54:26.009+0000] {dag.py:3696} INFO - Setting next_dagrun for backfill_retail_pipeline to None, run_after=None
[2026-05-04T08:54:26.017+0000] {processor.py:179} INFO - Processing /opt/airflow/dags/backfill_retail_pipeline.py took 0.048 seconds
[2026-05-04T08:54:56.385+0000] {processor.py:157} INFO - Started process (PID=11746) to work on /opt/airflow/dags/backfill_retail_pipeline.py
[2026-05-04T08:54:56.386+0000] {processor.py:829} INFO - Processing file /opt/airflow/dags/backfill_retail_pipeline.py for tasks to queue
[2026-05-04T08:54:56.386+0000] {logging_mixin.py:151} INFO - [2026-05-04T08:54:56.386+0000] {dagbag.py:539} INFO - Filling up the DagBag from /opt/airflow/dags/backfill_retail_pipeline.py
[2026-05-04T08:54:56.392+0000] {processor.py:839} INFO - DAG(s) dict_keys(['backfill_retail_pipeline']) retrieved from /opt/airflow/dags/backfill_retail_pipeline.py
[2026-05-04T08:54:56.408+0000] {logging_mixin.py:151} INFO - [2026-05-04T08:54:56.407+0000] {dag.py:2915} INFO - Sync 1 DAGs
[2026-05-04T08:54:56.412+0000] {logging_mixin.py:151} INFO - [2026-05-04T08:54:56.412+0000] {dag.py:3696} INFO - Setting next_dagrun for backfill_retail_pipeline to None, run_after=None
[2026-05-04T08:54:56.418+0000] {processor.py:179} INFO - Processing /opt/airflow/dags/backfill_retail_pipeline.py took 0.036 seconds
[2026-05-04T08:55:26.737+0000] {processor.py:157} INFO - Started process (PID=11761) to work on /opt/airflow/dags/backfill_retail_pipeline.py
[2026-05-04T08:55:26.740+0000] {processor.py:829} INFO - Processing file /opt/airflow/dags/backfill_retail_pipeline.py for tasks to queue
[2026-05-04T08:55:26.741+0000] {logging_mixin.py:151} INFO - [2026-05-04T08:55:26.741+0000] {dagbag.py:539} INFO - Filling up the DagBag from /opt/airflow/dags/backfill_retail_pipeline.py
[2026-05-04T08:55:26.750+0000] {processor.py:839} INFO - DAG(s) dict_keys(['backfill_retail_pipeline']) retrieved from /opt/airflow/dags/backfill_retail_pipeline.py
[2026-05-04T08:55:26.771+0000] {logging_mixin.py:151} INFO - [2026-05-04T08:55:26.771+0000] {dag.py:2915} INFO - Sync 1 DAGs
[2026-05-04T08:55:26.777+0000] {logging_mixin.py:151} INFO - [2026-05-04T08:55:26.777+0000] {dag.py:3696} INFO - Setting next_dagrun for backfill_retail_pipeline to None, run_after=None
[2026-05-04T08:55:26.783+0000] {processor.py:179} INFO - Processing /opt/airflow/dags/backfill_retail_pipeline.py took 0.051 seconds
[2026-05-04T08:55:57.061+0000] {processor.py:157} INFO - Started process (PID=11776) to work on /opt/airflow/dags/backfill_retail_pipeline.py
[2026-05-04T08:55:57.062+0000] {processor.py:829} INFO - Processing file /opt/airflow/dags/backfill_retail_pipeline.py for tasks to queue
[2026-05-04T08:55:57.063+0000] {logging_mixin.py:151} INFO - [2026-05-04T08:55:57.062+0000] {dagbag.py:539} INFO - Filling up the DagBag from /opt/airflow/dags/backfill_retail_pipeline.py
[2026-05-04T08:55:57.070+0000] {processor.py:839} INFO - DAG(s) dict_keys(['backfill_retail_pipeline']) retrieved from /opt/airflow/dags/backfill_retail_pipeline.py
[2026-05-04T08:55:57.092+0000] {logging_mixin.py:151} INFO - [2026-05-04T08:55:57.092+0000] {dag.py:2915} INFO - Sync 1 DAGs
[2026-05-04T08:55:57.097+0000] {logging_mixin.py:151} INFO - [2026-05-04T08:55:57.097+0000] {dag.py:3696} INFO - Setting next_dagrun for backfill_retail_pipeline to None, run_after=None
[2026-05-04T08:55:57.103+0000] {processor.py:179} INFO - Processing /opt/airflow/dags/backfill_retail_pipeline.py took 0.049 seconds
[2026-05-04T08:56:27.454+0000] {processor.py:157} INFO - Started process (PID=11791) to work on /opt/airflow/dags/backfill_retail_pipeline.py
[2026-05-04T08:56:27.455+0000] {processor.py:829} INFO - Processing file /opt/airflow/dags/backfill_retail_pipeline.py for tasks to queue
[2026-05-04T08:56:27.456+0000] {logging_mixin.py:151} INFO - [2026-05-04T08:56:27.456+0000] {dagbag.py:539} INFO - Filling up the DagBag from /opt/airflow/dags/backfill_retail_pipeline.py
[2026-05-04T08:56:27.466+0000] {processor.py:839} INFO - DAG(s) dict_keys(['backfill_retail_pipeline']) retrieved from /opt/airflow/dags/backfill_retail_pipeline.py
[2026-05-04T08:56:27.501+0000] {logging_mixin.py:151} INFO - [2026-05-04T08:56:27.501+0000] {dag.py:2915} INFO - Sync 1 DAGs
[2026-05-04T08:56:27.520+0000] {logging_mixin.py:151} INFO - [2026-05-04T08:56:27.520+0000] {dag.py:3696} INFO - Setting next_dagrun for backfill_retail_pipeline to None, run_after=None
[2026-05-04T08:56:27.531+0000] {processor.py:179} INFO - Processing /opt/airflow/dags/backfill_retail_pipeline.py took 0.080 seconds
[2026-05-04T08:56:57.978+0000] {processor.py:157} INFO - Started process (PID=11806) to work on /opt/airflow/dags/backfill_retail_pipeline.py
[2026-05-04T08:56:57.982+0000] {processor.py:829} INFO - Processing file /opt/airflow/dags/backfill_retail_pipeline.py for tasks to queue
[2026-05-04T08:56:57.984+0000] {logging_mixin.py:151} INFO - [2026-05-04T08:56:57.983+0000] {dagbag.py:539} INFO - Filling up the DagBag from /opt/airflow/dags/backfill_retail_pipeline.py
[2026-05-04T08:56:58.001+0000] {processor.py:839} INFO - DAG(s) dict_keys(['backfill_retail_pipeline']) retrieved from /opt/airflow/dags/backfill_retail_pipeline.py
[2026-05-04T08:56:58.055+0000] {logging_mixin.py:151} INFO - [2026-05-04T08:56:58.055+0000] {dag.py:2915} INFO - Sync 1 DAGs
[2026-05-04T08:56:58.064+0000] {logging_mixin.py:151} INFO - [2026-05-04T08:56:58.063+0000] {dag.py:3696} INFO - Setting next_dagrun for backfill_retail_pipeline to None, run_after=None
[2026-05-04T08:56:58.071+0000] {processor.py:179} INFO - Processing /opt/airflow/dags/backfill_retail_pipeline.py took 0.098 seconds
[2026-05-04T08:57:28.431+0000] {processor.py:157} INFO - Started process (PID=11821) to work on /opt/airflow/dags/backfill_retail_pipeline.py
[2026-05-04T08:57:28.432+0000] {processor.py:829} INFO - Processing file /opt/airflow/dags/backfill_retail_pipeline.py for tasks to queue
[2026-05-04T08:57:28.433+0000] {logging_mixin.py:151} INFO - [2026-05-04T08:57:28.432+0000] {dagbag.py:539} INFO - Filling up the DagBag from /opt/airflow/dags/backfill_retail_pipeline.py
[2026-05-04T08:57:28.444+0000] {processor.py:839} INFO - DAG(s) dict_keys(['backfill_retail_pipeline']) retrieved from /opt/airflow/dags/backfill_retail_pipeline.py
[2026-05-04T08:57:28.472+0000] {logging_mixin.py:151} INFO - [2026-05-04T08:57:28.472+0000] {dag.py:2915} INFO - Sync 1 DAGs
[2026-05-04T08:57:28.479+0000] {logging_mixin.py:151} INFO - [2026-05-04T08:57:28.479+0000] {dag.py:3696} INFO - Setting next_dagrun for backfill_retail_pipeline to None, run_after=None
[2026-05-04T08:57:28.487+0000] {processor.py:179} INFO - Processing /opt/airflow/dags/backfill_retail_pipeline.py took 0.060 seconds
[2026-05-04T08:57:58.910+0000] {processor.py:157} INFO - Started process (PID=11836) to work on /opt/airflow/dags/backfill_retail_pipeline.py
[2026-05-04T08:57:58.913+0000] {processor.py:829} INFO - Processing file /opt/airflow/dags/backfill_retail_pipeline.py for tasks to queue
[2026-05-04T08:57:58.914+0000] {logging_mixin.py:151} INFO - [2026-05-04T08:57:58.914+0000] {dagbag.py:539} INFO - Filling up the DagBag from /opt/airflow/dags/backfill_retail_pipeline.py
[2026-05-04T08:57:58.923+0000] {processor.py:839} INFO - DAG(s) dict_keys(['backfill_retail_pipeline']) retrieved from /opt/airflow/dags/backfill_retail_pipeline.py
[2026-05-04T08:57:58.943+0000] {logging_mixin.py:151} INFO - [2026-05-04T08:57:58.943+0000] {dag.py:2915} INFO - Sync 1 DAGs
[2026-05-04T08:57:58.949+0000] {logging_mixin.py:151} INFO - [2026-05-04T08:57:58.949+0000] {dag.py:3696} INFO - Setting next_dagrun for backfill_retail_pipeline to None, run_after=None
[2026-05-04T08:57:58.955+0000] {processor.py:179} INFO - Processing /opt/airflow/dags/backfill_retail_pipeline.py took 0.048 seconds
[2026-05-04T08:58:29.196+0000] {processor.py:157} INFO - Started process (PID=11851) to work on /opt/airflow/dags/backfill_retail_pipeline.py
[2026-05-04T08:58:29.199+0000] {processor.py:829} INFO - Processing file /opt/airflow/dags/backfill_retail_pipeline.py for tasks to queue
[2026-05-04T08:58:29.200+0000] {logging_mixin.py:151} INFO - [2026-05-04T08:58:29.200+0000] {dagbag.py:539} INFO - Filling up the DagBag from /opt/airflow/dags/backfill_retail_pipeline.py
[2026-05-04T08:58:29.209+0000] {processor.py:839} INFO - DAG(s) dict_keys(['backfill_retail_pipeline']) retrieved from /opt/airflow/dags/backfill_retail_pipeline.py
[2026-05-04T08:58:29.232+0000] {logging_mixin.py:151} INFO - [2026-05-04T08:58:29.232+0000] {dag.py:2915} INFO - Sync 1 DAGs
[2026-05-04T08:58:29.237+0000] {logging_mixin.py:151} INFO - [2026-05-04T08:58:29.237+0000] {dag.py:3696} INFO - Setting next_dagrun for backfill_retail_pipeline to None, run_after=None
[2026-05-04T08:58:29.245+0000] {processor.py:179} INFO - Processing /opt/airflow/dags/backfill_retail_pipeline.py took 0.053 seconds
[2026-05-04T08:58:59.588+0000] {processor.py:157} INFO - Started process (PID=11866) to work on /opt/airflow/dags/backfill_retail_pipeline.py
[2026-05-04T08:58:59.591+0000] {processor.py:829} INFO - Processing file /opt/airflow/dags/backfill_retail_pipeline.py for tasks to queue
[2026-05-04T08:58:59.592+0000] {logging_mixin.py:151} INFO - [2026-05-04T08:58:59.592+0000] {dagbag.py:539} INFO - Filling up the DagBag from /opt/airflow/dags/backfill_retail_pipeline.py
[2026-05-04T08:58:59.601+0000] {processor.py:839} INFO - DAG(s) dict_keys(['backfill_retail_pipeline']) retrieved from /opt/airflow/dags/backfill_retail_pipeline.py
[2026-05-04T08:58:59.620+0000] {logging_mixin.py:151} INFO - [2026-05-04T08:58:59.620+0000] {dag.py:2915} INFO - Sync 1 DAGs
[2026-05-04T08:58:59.626+0000] {logging_mixin.py:151} INFO - [2026-05-04T08:58:59.626+0000] {dag.py:3696} INFO - Setting next_dagrun for backfill_retail_pipeline to None, run_after=None
[2026-05-04T08:58:59.633+0000] {processor.py:179} INFO - Processing /opt/airflow/dags/backfill_retail_pipeline.py took 0.048 seconds
[2026-05-04T08:59:29.988+0000] {processor.py:157} INFO - Started process (PID=11881) to work on /opt/airflow/dags/backfill_retail_pipeline.py
[2026-05-04T08:59:29.989+0000] {processor.py:829} INFO - Processing file /opt/airflow/dags/backfill_retail_pipeline.py for tasks to queue
[2026-05-04T08:59:29.990+0000] {logging_mixin.py:151} INFO - [2026-05-04T08:59:29.989+0000] {dagbag.py:539} INFO - Filling up the DagBag from /opt/airflow/dags/backfill_retail_pipeline.py
[2026-05-04T08:59:29.998+0000] {processor.py:839} INFO - DAG(s) dict_keys(['backfill_retail_pipeline']) retrieved from /opt/airflow/dags/backfill_retail_pipeline.py
[2026-05-04T08:59:30.017+0000] {logging_mixin.py:151} INFO - [2026-05-04T08:59:30.017+0000] {dag.py:2915} INFO - Sync 1 DAGs
[2026-05-04T08:59:30.023+0000] {logging_mixin.py:151} INFO - [2026-05-04T08:59:30.023+0000] {dag.py:3696} INFO - Setting next_dagrun for backfill_retail_pipeline to None, run_after=None
[2026-05-04T08:59:30.029+0000] {processor.py:179} INFO - Processing /opt/airflow/dags/backfill_retail_pipeline.py took 0.044 seconds
[2026-05-04T09:00:00.603+0000] {processor.py:157} INFO - Started process (PID=11896) to work on /opt/airflow/dags/backfill_retail_pipeline.py
[2026-05-04T09:00:00.605+0000] {processor.py:829} INFO - Processing file /opt/airflow/dags/backfill_retail_pipeline.py for tasks to queue
[2026-05-04T09:00:00.605+0000] {logging_mixin.py:151} INFO - [2026-05-04T09:00:00.605+0000] {dagbag.py:539} INFO - Filling up the DagBag from /opt/airflow/dags/backfill_retail_pipeline.py
[2026-05-04T09:00:00.618+0000] {processor.py:839} INFO - DAG(s) dict_keys(['backfill_retail_pipeline']) retrieved from /opt/airflow/dags/backfill_retail_pipeline.py
[2026-05-04T09:00:00.659+0000] {logging_mixin.py:151} INFO - [2026-05-04T09:00:00.659+0000] {dag.py:2915} INFO - Sync 1 DAGs
[2026-05-04T09:00:00.670+0000] {logging_mixin.py:151} INFO - [2026-05-04T09:00:00.670+0000] {dag.py:3696} INFO - Setting next_dagrun for backfill_retail_pipeline to None, run_after=None
[2026-05-04T09:00:00.683+0000] {processor.py:179} INFO - Processing /opt/airflow/dags/backfill_retail_pipeline.py took 0.084 seconds
[2026-05-04T09:00:30.857+0000] {processor.py:157} INFO - Started process (PID=11994) to work on /opt/airflow/dags/backfill_retail_pipeline.py
[2026-05-04T09:00:30.859+0000] {processor.py:829} INFO - Processing file /opt/airflow/dags/backfill_retail_pipeline.py for tasks to queue
[2026-05-04T09:00:30.860+0000] {logging_mixin.py:151} INFO - [2026-05-04T09:00:30.860+0000] {dagbag.py:539} INFO - Filling up the DagBag from /opt/airflow/dags/backfill_retail_pipeline.py
[2026-05-04T09:00:30.877+0000] {processor.py:839} INFO - DAG(s) dict_keys(['backfill_retail_pipeline']) retrieved from /opt/airflow/dags/backfill_retail_pipeline.py
[2026-05-04T09:00:30.909+0000] {logging_mixin.py:151} INFO - [2026-05-04T09:00:30.909+0000] {dag.py:2915} INFO - Sync 1 DAGs
[2026-05-04T09:00:30.916+0000] {logging_mixin.py:151} INFO - [2026-05-04T09:00:30.916+0000] {dag.py:3696} INFO - Setting next_dagrun for backfill_retail_pipeline to None, run_after=None
[2026-05-04T09:00:30.925+0000] {processor.py:179} INFO - Processing /opt/airflow/dags/backfill_retail_pipeline.py took 0.073 seconds
[2026-05-04T09:01:01.216+0000] {processor.py:157} INFO - Started process (PID=12009) to work on /opt/airflow/dags/backfill_retail_pipeline.py
[2026-05-04T09:01:01.220+0000] {processor.py:829} INFO - Processing file /opt/airflow/dags/backfill_retail_pipeline.py for tasks to queue
[2026-05-04T09:01:01.221+0000] {logging_mixin.py:151} INFO - [2026-05-04T09:01:01.220+0000] {dagbag.py:539} INFO - Filling up the DagBag from /opt/airflow/dags/backfill_retail_pipeline.py
[2026-05-04T09:01:01.249+0000] {processor.py:839} INFO - DAG(s) dict_keys(['backfill_retail_pipeline']) retrieved from /opt/airflow/dags/backfill_retail_pipeline.py
[2026-05-04T09:01:01.307+0000] {logging_mixin.py:151} INFO - [2026-05-04T09:01:01.307+0000] {dag.py:2915} INFO - Sync 1 DAGs
[2026-05-04T09:01:01.318+0000] {logging_mixin.py:151} INFO - [2026-05-04T09:01:01.317+0000] {dag.py:3696} INFO - Setting next_dagrun for backfill_retail_pipeline to None, run_after=None
[2026-05-04T09:01:01.326+0000] {processor.py:179} INFO - Processing /opt/airflow/dags/backfill_retail_pipeline.py took 0.120 seconds
[2026-05-04T09:01:32.009+0000] {processor.py:157} INFO - Started process (PID=12024) to work on /opt/airflow/dags/backfill_retail_pipeline.py
[2026-05-04T09:01:32.014+0000] {processor.py:829} INFO - Processing file /opt/airflow/dags/backfill_retail_pipeline.py for tasks to queue
[2026-05-04T09:01:32.014+0000] {logging_mixin.py:151} INFO - [2026-05-04T09:01:32.014+0000] {dagbag.py:539} INFO - Filling up the DagBag from /opt/airflow/dags/backfill_retail_pipeline.py
[2026-05-04T09:01:32.022+0000] {processor.py:839} INFO - DAG(s) dict_keys(['backfill_retail_pipeline']) retrieved from /opt/airflow/dags/backfill_retail_pipeline.py
[2026-05-04T09:01:32.042+0000] {logging_mixin.py:151} INFO - [2026-05-04T09:01:32.041+0000] {dag.py:2915} INFO - Sync 1 DAGs
[2026-05-04T09:01:32.051+0000] {logging_mixin.py:151} INFO - [2026-05-04T09:01:32.051+0000] {dag.py:3696} INFO - Setting next_dagrun for backfill_retail_pipeline to None, run_after=None
[2026-05-04T09:01:32.057+0000] {processor.py:179} INFO - Processing /opt/airflow/dags/backfill_retail_pipeline.py took 0.055 seconds
[2026-05-04T09:02:02.420+0000] {processor.py:157} INFO - Started process (PID=12039) to work on /opt/airflow/dags/backfill_retail_pipeline.py
[2026-05-04T09:02:02.421+0000] {processor.py:829} INFO - Processing file /opt/airflow/dags/backfill_retail_pipeline.py for tasks to queue
[2026-05-04T09:02:02.423+0000] {logging_mixin.py:151} INFO - [2026-05-04T09:02:02.422+0000] {dagbag.py:539} INFO - Filling up the DagBag from /opt/airflow/dags/backfill_retail_pipeline.py
[2026-05-04T09:02:02.433+0000] {processor.py:839} INFO - DAG(s) dict_keys(['backfill_retail_pipeline']) retrieved from /opt/airflow/dags/backfill_retail_pipeline.py
[2026-05-04T09:02:02.457+0000] {logging_mixin.py:151} INFO - [2026-05-04T09:02:02.457+0000] {dag.py:2915} INFO - Sync 1 DAGs
[2026-05-04T09:02:02.467+0000] {logging_mixin.py:151} INFO - [2026-05-04T09:02:02.467+0000] {dag.py:3696} INFO - Setting next_dagrun for backfill_retail_pipeline to None, run_after=None
[2026-05-04T09:02:02.475+0000] {processor.py:179} INFO - Processing /opt/airflow/dags/backfill_retail_pipeline.py took 0.059 seconds
[2026-05-04T09:02:32.839+0000] {processor.py:157} INFO - Started process (PID=12054) to work on /opt/airflow/dags/backfill_retail_pipeline.py
[2026-05-04T09:02:32.842+0000] {processor.py:829} INFO - Processing file /opt/airflow/dags/backfill_retail_pipeline.py for tasks to queue
[2026-05-04T09:02:32.842+0000] {logging_mixin.py:151} INFO - [2026-05-04T09:02:32.842+0000] {dagbag.py:539} INFO - Filling up the DagBag from /opt/airflow/dags/backfill_retail_pipeline.py
[2026-05-04T09:02:32.850+0000] {processor.py:839} INFO - DAG(s) dict_keys(['backfill_retail_pipeline']) retrieved from /opt/airflow/dags/backfill_retail_pipeline.py
[2026-05-04T09:02:32.870+0000] {logging_mixin.py:151} INFO - [2026-05-04T09:02:32.870+0000] {dag.py:2915} INFO - Sync 1 DAGs
[2026-05-04T09:02:32.875+0000] {logging_mixin.py:151} INFO - [2026-05-04T09:02:32.875+0000] {dag.py:3696} INFO - Setting next_dagrun for backfill_retail_pipeline to None, run_after=None
[2026-05-04T09:02:32.882+0000] {processor.py:179} INFO - Processing /opt/airflow/dags/backfill_retail_pipeline.py took 0.046 seconds
[2026-05-04T09:03:03.332+0000] {processor.py:157} INFO - Started process (PID=12069) to work on /opt/airflow/dags/backfill_retail_pipeline.py
[2026-05-04T09:03:03.333+0000] {processor.py:829} INFO - Processing file /opt/airflow/dags/backfill_retail_pipeline.py for tasks to queue
[2026-05-04T09:03:03.336+0000] {logging_mixin.py:151} INFO - [2026-05-04T09:03:03.334+0000] {dagbag.py:539} INFO - Filling up the DagBag from /opt/airflow/dags/backfill_retail_pipeline.py
[2026-05-04T09:03:03.353+0000] {processor.py:839} INFO - DAG(s) dict_keys(['backfill_retail_pipeline']) retrieved from /opt/airflow/dags/backfill_retail_pipeline.py
[2026-05-04T09:03:03.402+0000] {logging_mixin.py:151} INFO - [2026-05-04T09:03:03.402+0000] {dag.py:2915} INFO - Sync 1 DAGs
[2026-05-04T09:03:03.412+0000] {logging_mixin.py:151} INFO - [2026-05-04T09:03:03.412+0000] {dag.py:3696} INFO - Setting next_dagrun for backfill_retail_pipeline to None, run_after=None
[2026-05-04T09:03:03.422+0000] {processor.py:179} INFO - Processing /opt/airflow/dags/backfill_retail_pipeline.py took 0.101 seconds
[2026-05-04T09:03:33.718+0000] {processor.py:157} INFO - Started process (PID=12084) to work on /opt/airflow/dags/backfill_retail_pipeline.py
[2026-05-04T09:03:33.722+0000] {processor.py:829} INFO - Processing file /opt/airflow/dags/backfill_retail_pipeline.py for tasks to queue
[2026-05-04T09:03:33.723+0000] {logging_mixin.py:151} INFO - [2026-05-04T09:03:33.722+0000] {dagbag.py:539} INFO - Filling up the DagBag from /opt/airflow/dags/backfill_retail_pipeline.py
[2026-05-04T09:03:33.732+0000] {processor.py:839} INFO - DAG(s) dict_keys(['backfill_retail_pipeline']) retrieved from /opt/airflow/dags/backfill_retail_pipeline.py
[2026-05-04T09:03:33.760+0000] {logging_mixin.py:151} INFO - [2026-05-04T09:03:33.760+0000] {dag.py:2915} INFO - Sync 1 DAGs
[2026-05-04T09:03:33.767+0000] {logging_mixin.py:151} INFO - [2026-05-04T09:03:33.767+0000] {dag.py:3696} INFO - Setting next_dagrun for backfill_retail_pipeline to None, run_after=None
[2026-05-04T09:03:33.774+0000] {processor.py:179} INFO - Processing /opt/airflow/dags/backfill_retail_pipeline.py took 0.062 seconds
[2026-05-04T09:04:04.061+0000] {processor.py:157} INFO - Started process (PID=12099) to work on /opt/airflow/dags/backfill_retail_pipeline.py
[2026-05-04T09:04:04.062+0000] {processor.py:829} INFO - Processing file /opt/airflow/dags/backfill_retail_pipeline.py for tasks to queue
[2026-05-04T09:04:04.062+0000] {logging_mixin.py:151} INFO - [2026-05-04T09:04:04.062+0000] {dagbag.py:539} INFO - Filling up the DagBag from /opt/airflow/dags/backfill_retail_pipeline.py
[2026-05-04T09:04:04.068+0000] {processor.py:839} INFO - DAG(s) dict_keys(['backfill_retail_pipeline']) retrieved from /opt/airflow/dags/backfill_retail_pipeline.py
[2026-05-04T09:04:04.088+0000] {logging_mixin.py:151} INFO - [2026-05-04T09:04:04.088+0000] {dag.py:2915} INFO - Sync 1 DAGs
[2026-05-04T09:04:04.095+0000] {logging_mixin.py:151} INFO - [2026-05-04T09:04:04.095+0000] {dag.py:3696} INFO - Setting next_dagrun for backfill_retail_pipeline to None, run_after=None
[2026-05-04T09:04:04.101+0000] {processor.py:179} INFO - Processing /opt/airflow/dags/backfill_retail_pipeline.py took 0.043 seconds
[2026-05-04T09:04:34.342+0000] {processor.py:157} INFO - Started process (PID=12114) to work on /opt/airflow/dags/backfill_retail_pipeline.py
[2026-05-04T09:04:34.343+0000] {processor.py:829} INFO - Processing file /opt/airflow/dags/backfill_retail_pipeline.py for tasks to queue
[2026-05-04T09:04:34.344+0000] {logging_mixin.py:151} INFO - [2026-05-04T09:04:34.344+0000] {dagbag.py:539} INFO - Filling up the DagBag from /opt/airflow/dags/backfill_retail_pipeline.py
[2026-05-04T09:04:34.353+0000] {processor.py:839} INFO - DAG(s) dict_keys(['backfill_retail_pipeline']) retrieved from /opt/airflow/dags/backfill_retail_pipeline.py
[2026-05-04T09:04:34.373+0000] {logging_mixin.py:151} INFO - [2026-05-04T09:04:34.373+0000] {dag.py:2915} INFO - Sync 1 DAGs
[2026-05-04T09:04:34.378+0000] {logging_mixin.py:151} INFO - [2026-05-04T09:04:34.378+0000] {dag.py:3696} INFO - Setting next_dagrun for backfill_retail_pipeline to None, run_after=None
[2026-05-04T09:04:34.385+0000] {processor.py:179} INFO - Processing /opt/airflow/dags/backfill_retail_pipeline.py took 0.046 seconds
[2026-05-04T09:05:04.709+0000] {processor.py:157} INFO - Started process (PID=12129) to work on /opt/airflow/dags/backfill_retail_pipeline.py
[2026-05-04T09:05:04.713+0000] {processor.py:829} INFO - Processing file /opt/airflow/dags/backfill_retail_pipeline.py for tasks to queue
[2026-05-04T09:05:04.713+0000] {logging_mixin.py:151} INFO - [2026-05-04T09:05:04.713+0000] {dagbag.py:539} INFO - Filling up the DagBag from /opt/airflow/dags/backfill_retail_pipeline.py
[2026-05-04T09:05:04.724+0000] {processor.py:839} INFO - DAG(s) dict_keys(['backfill_retail_pipeline']) retrieved from /opt/airflow/dags/backfill_retail_pipeline.py
[2026-05-04T09:05:04.748+0000] {logging_mixin.py:151} INFO - [2026-05-04T09:05:04.748+0000] {dag.py:2915} INFO - Sync 1 DAGs
[2026-05-04T09:05:04.754+0000] {logging_mixin.py:151} INFO - [2026-05-04T09:05:04.754+0000] {dag.py:3696} INFO - Setting next_dagrun for backfill_retail_pipeline to None, run_after=None
[2026-05-04T09:05:04.760+0000] {processor.py:179} INFO - Processing /opt/airflow/dags/backfill_retail_pipeline.py took 0.054 seconds
[2026-05-04T09:05:35.253+0000] {processor.py:157} INFO - Started process (PID=12144) to work on /opt/airflow/dags/backfill_retail_pipeline.py
[2026-05-04T09:05:35.254+0000] {processor.py:829} INFO - Processing file /opt/airflow/dags/backfill_retail_pipeline.py for tasks to queue
[2026-05-04T09:05:35.255+0000] {logging_mixin.py:151} INFO - [2026-05-04T09:05:35.255+0000] {dagbag.py:539} INFO - Filling up the DagBag from /opt/airflow/dags/backfill_retail_pipeline.py
[2026-05-04T09:05:35.263+0000] {processor.py:839} INFO - DAG(s) dict_keys(['backfill_retail_pipeline']) retrieved from /opt/airflow/dags/backfill_retail_pipeline.py
[2026-05-04T09:05:35.283+0000] {logging_mixin.py:151} INFO - [2026-05-04T09:05:35.283+0000] {dag.py:2915} INFO - Sync 1 DAGs
[2026-05-04T09:05:35.289+0000] {logging_mixin.py:151} INFO - [2026-05-04T09:05:35.289+0000] {dag.py:3696} INFO - Setting next_dagrun for backfill_retail_pipeline to None, run_after=None
[2026-05-04T09:05:35.295+0000] {processor.py:179} INFO - Processing /opt/airflow/dags/backfill_retail_pipeline.py took 0.045 seconds
[2026-05-04T09:06:05.510+0000] {processor.py:157} INFO - Started process (PID=12159) to work on /opt/airflow/dags/backfill_retail_pipeline.py
[2026-05-04T09:06:05.511+0000] {processor.py:829} INFO - Processing file /opt/airflow/dags/backfill_retail_pipeline.py for tasks to queue
[2026-05-04T09:06:05.512+0000] {logging_mixin.py:151} INFO - [2026-05-04T09:06:05.512+0000] {dagbag.py:539} INFO - Filling up the DagBag from /opt/airflow/dags/backfill_retail_pipeline.py
[2026-05-04T09:06:05.518+0000] {processor.py:839} INFO - DAG(s) dict_keys(['backfill_retail_pipeline']) retrieved from /opt/airflow/dags/backfill_retail_pipeline.py
[2026-05-04T09:06:05.533+0000] {logging_mixin.py:151} INFO - [2026-05-04T09:06:05.533+0000] {dag.py:2915} INFO - Sync 1 DAGs
[2026-05-04T09:06:05.538+0000] {logging_mixin.py:151} INFO - [2026-05-04T09:06:05.538+0000] {dag.py:3696} INFO - Setting next_dagrun for backfill_retail_pipeline to None, run_after=None
[2026-05-04T09:06:05.544+0000] {processor.py:179} INFO - Processing /opt/airflow/dags/backfill_retail_pipeline.py took 0.036 seconds
[2026-05-04T09:06:35.849+0000] {processor.py:157} INFO - Started process (PID=12174) to work on /opt/airflow/dags/backfill_retail_pipeline.py
[2026-05-04T09:06:35.850+0000] {processor.py:829} INFO - Processing file /opt/airflow/dags/backfill_retail_pipeline.py for tasks to queue
[2026-05-04T09:06:35.851+0000] {logging_mixin.py:151} INFO - [2026-05-04T09:06:35.850+0000] {dagbag.py:539} INFO - Filling up the DagBag from /opt/airflow/dags/backfill_retail_pipeline.py
[2026-05-04T09:06:35.864+0000] {processor.py:839} INFO - DAG(s) dict_keys(['backfill_retail_pipeline']) retrieved from /opt/airflow/dags/backfill_retail_pipeline.py
[2026-05-04T09:06:35.899+0000] {logging_mixin.py:151} INFO - [2026-05-04T09:06:35.899+0000] {dag.py:2915} INFO - Sync 1 DAGs
[2026-05-04T09:06:35.911+0000] {logging_mixin.py:151} INFO - [2026-05-04T09:06:35.911+0000] {dag.py:3696} INFO - Setting next_dagrun for backfill_retail_pipeline to None, run_after=None
[2026-05-04T09:06:35.920+0000] {processor.py:179} INFO - Processing /opt/airflow/dags/backfill_retail_pipeline.py took 0.075 seconds
[2026-05-04T09:07:06.164+0000] {processor.py:157} INFO - Started process (PID=12189) to work on /opt/airflow/dags/backfill_retail_pipeline.py
[2026-05-04T09:07:06.168+0000] {processor.py:829} INFO - Processing file /opt/airflow/dags/backfill_retail_pipeline.py for tasks to queue
[2026-05-04T09:07:06.169+0000] {logging_mixin.py:151} INFO - [2026-05-04T09:07:06.168+0000] {dagbag.py:539} INFO - Filling up the DagBag from /opt/airflow/dags/backfill_retail_pipeline.py
[2026-05-04T09:07:06.189+0000] {processor.py:839} INFO - DAG(s) dict_keys(['backfill_retail_pipeline']) retrieved from /opt/airflow/dags/backfill_retail_pipeline.py
[2026-05-04T09:07:06.212+0000] {logging_mixin.py:151} INFO - [2026-05-04T09:07:06.212+0000] {dag.py:2915} INFO - Sync 1 DAGs
[2026-05-04T09:07:06.218+0000] {logging_mixin.py:151} INFO - [2026-05-04T09:07:06.218+0000] {dag.py:3696} INFO - Setting next_dagrun for backfill_retail_pipeline to None, run_after=None
[2026-05-04T09:07:06.224+0000] {processor.py:179} INFO - Processing /opt/airflow/dags/backfill_retail_pipeline.py took 0.066 seconds
[2026-05-04T09:07:36.433+0000] {processor.py:157} INFO - Started process (PID=12204) to work on /opt/airflow/dags/backfill_retail_pipeline.py
[2026-05-04T09:07:36.435+0000] {processor.py:829} INFO - Processing file /opt/airflow/dags/backfill_retail_pipeline.py for tasks to queue
[2026-05-04T09:07:36.436+0000] {logging_mixin.py:151} INFO - [2026-05-04T09:07:36.435+0000] {dagbag.py:539} INFO - Filling up the DagBag from /opt/airflow/dags/backfill_retail_pipeline.py
[2026-05-04T09:07:36.447+0000] {processor.py:839} INFO - DAG(s) dict_keys(['backfill_retail_pipeline']) retrieved from /opt/airflow/dags/backfill_retail_pipeline.py
[2026-05-04T09:07:36.466+0000] {logging_mixin.py:151} INFO - [2026-05-04T09:07:36.466+0000] {dag.py:2915} INFO - Sync 1 DAGs
[2026-05-04T09:07:36.472+0000] {logging_mixin.py:151} INFO - [2026-05-04T09:07:36.472+0000] {dag.py:3696} INFO - Setting next_dagrun for backfill_retail_pipeline to None, run_after=None
[2026-05-04T09:07:36.479+0000] {processor.py:179} INFO - Processing /opt/airflow/dags/backfill_retail_pipeline.py took 0.049 seconds
[2026-05-04T09:08:06.757+0000] {processor.py:157} INFO - Started process (PID=12219) to work on /opt/airflow/dags/backfill_retail_pipeline.py
[2026-05-04T09:08:06.761+0000] {processor.py:829} INFO - Processing file /opt/airflow/dags/backfill_retail_pipeline.py for tasks to queue
[2026-05-04T09:08:06.762+0000] {logging_mixin.py:151} INFO - [2026-05-04T09:08:06.761+0000] {dagbag.py:539} INFO - Filling up the DagBag from /opt/airflow/dags/backfill_retail_pipeline.py
[2026-05-04T09:08:06.777+0000] {processor.py:839} INFO - DAG(s) dict_keys(['backfill_retail_pipeline']) retrieved from /opt/airflow/dags/backfill_retail_pipeline.py
[2026-05-04T09:08:06.805+0000] {logging_mixin.py:151} INFO - [2026-05-04T09:08:06.805+0000] {dag.py:2915} INFO - Sync 1 DAGs
[2026-05-04T09:08:06.814+0000] {logging_mixin.py:151} INFO - [2026-05-04T09:08:06.814+0000] {dag.py:3696} INFO - Setting next_dagrun for backfill_retail_pipeline to None, run_after=None
[2026-05-04T09:08:06.821+0000] {processor.py:179} INFO - Processing /opt/airflow/dags/backfill_retail_pipeline.py took 0.071 seconds
[2026-05-04T09:08:37.090+0000] {processor.py:157} INFO - Started process (PID=12234) to work on /opt/airflow/dags/backfill_retail_pipeline.py
[2026-05-04T09:08:37.091+0000] {processor.py:829} INFO - Processing file /opt/airflow/dags/backfill_retail_pipeline.py for tasks to queue
[2026-05-04T09:08:37.092+0000] {logging_mixin.py:151} INFO - [2026-05-04T09:08:37.091+0000] {dagbag.py:539} INFO - Filling up the DagBag from /opt/airflow/dags/backfill_retail_pipeline.py
[2026-05-04T09:08:37.101+0000] {processor.py:839} INFO - DAG(s) dict_keys(['backfill_retail_pipeline']) retrieved from /opt/airflow/dags/backfill_retail_pipeline.py
[2026-05-04T09:08:37.121+0000] {logging_mixin.py:151} INFO - [2026-05-04T09:08:37.121+0000] {dag.py:2915} INFO - Sync 1 DAGs
[2026-05-04T09:08:37.126+0000] {logging_mixin.py:151} INFO - [2026-05-04T09:08:37.126+0000] {dag.py:3696} INFO - Setting next_dagrun for backfill_retail_pipeline to None, run_after=None
[2026-05-04T09:08:37.133+0000] {processor.py:179} INFO - Processing /opt/airflow/dags/backfill_retail_pipeline.py took 0.047 seconds
[2026-05-04T09:09:07.594+0000] {processor.py:157} INFO - Started process (PID=12249) to work on /opt/airflow/dags/backfill_retail_pipeline.py
[2026-05-04T09:09:07.595+0000] {processor.py:829} INFO - Processing file /opt/airflow/dags/backfill_retail_pipeline.py for tasks to queue
[2026-05-04T09:09:07.596+0000] {logging_mixin.py:151} INFO - [2026-05-04T09:09:07.596+0000] {dagbag.py:539} INFO - Filling up the DagBag from /opt/airflow/dags/backfill_retail_pipeline.py
[2026-05-04T09:09:07.611+0000] {processor.py:839} INFO - DAG(s) dict_keys(['backfill_retail_pipeline']) retrieved from /opt/airflow/dags/backfill_retail_pipeline.py
[2026-05-04T09:09:07.652+0000] {logging_mixin.py:151} INFO - [2026-05-04T09:09:07.652+0000] {dag.py:2915} INFO - Sync 1 DAGs
[2026-05-04T09:09:07.669+0000] {logging_mixin.py:151} INFO - [2026-05-04T09:09:07.669+0000] {dag.py:3696} INFO - Setting next_dagrun for backfill_retail_pipeline to None, run_after=None
[2026-05-04T09:09:07.683+0000] {processor.py:179} INFO - Processing /opt/airflow/dags/backfill_retail_pipeline.py took 0.095 seconds
[2026-05-04T09:09:37.993+0000] {processor.py:157} INFO - Started process (PID=12264) to work on /opt/airflow/dags/backfill_retail_pipeline.py
[2026-05-04T09:09:37.996+0000] {processor.py:829} INFO - Processing file /opt/airflow/dags/backfill_retail_pipeline.py for tasks to queue
[2026-05-04T09:09:37.997+0000] {logging_mixin.py:151} INFO - [2026-05-04T09:09:37.997+0000] {dagbag.py:539} INFO - Filling up the DagBag from /opt/airflow/dags/backfill_retail_pipeline.py
[2026-05-04T09:09:38.017+0000] {processor.py:839} INFO - DAG(s) dict_keys(['backfill_retail_pipeline']) retrieved from /opt/airflow/dags/backfill_retail_pipeline.py
[2026-05-04T09:09:38.058+0000] {logging_mixin.py:151} INFO - [2026-05-04T09:09:38.058+0000] {dag.py:2915} INFO - Sync 1 DAGs
[2026-05-04T09:09:38.067+0000] {logging_mixin.py:151} INFO - [2026-05-04T09:09:38.066+0000] {dag.py:3696} INFO - Setting next_dagrun for backfill_retail_pipeline to None, run_after=None
[2026-05-04T09:09:38.081+0000] {processor.py:179} INFO - Processing /opt/airflow/dags/backfill_retail_pipeline.py took 0.094 seconds
[2026-05-04T09:10:08.292+0000] {processor.py:157} INFO - Started process (PID=12279) to work on /opt/airflow/dags/backfill_retail_pipeline.py
[2026-05-04T09:10:08.293+0000] {processor.py:829} INFO - Processing file /opt/airflow/dags/backfill_retail_pipeline.py for tasks to queue
[2026-05-04T09:10:08.294+0000] {logging_mixin.py:151} INFO - [2026-05-04T09:10:08.293+0000] {dagbag.py:539} INFO - Filling up the DagBag from /opt/airflow/dags/backfill_retail_pipeline.py
[2026-05-04T09:10:08.298+0000] {processor.py:839} INFO - DAG(s) dict_keys(['backfill_retail_pipeline']) retrieved from /opt/airflow/dags/backfill_retail_pipeline.py
[2026-05-04T09:10:08.317+0000] {logging_mixin.py:151} INFO - [2026-05-04T09:10:08.317+0000] {dag.py:2915} INFO - Sync 1 DAGs
[2026-05-04T09:10:08.323+0000] {logging_mixin.py:151} INFO - [2026-05-04T09:10:08.323+0000] {dag.py:3696} INFO - Setting next_dagrun for backfill_retail_pipeline to None, run_after=None
[2026-05-04T09:10:08.331+0000] {processor.py:179} INFO - Processing /opt/airflow/dags/backfill_retail_pipeline.py took 0.041 seconds
[2026-05-04T09:10:38.734+0000] {processor.py:157} INFO - Started process (PID=12294) to work on /opt/airflow/dags/backfill_retail_pipeline.py
[2026-05-04T09:10:38.737+0000] {processor.py:829} INFO - Processing file /opt/airflow/dags/backfill_retail_pipeline.py for tasks to queue
[2026-05-04T09:10:38.738+0000] {logging_mixin.py:151} INFO - [2026-05-04T09:10:38.738+0000] {dagbag.py:539} INFO - Filling up the DagBag from /opt/airflow/dags/backfill_retail_pipeline.py
[2026-05-04T09:10:38.746+0000] {processor.py:839} INFO - DAG(s) dict_keys(['backfill_retail_pipeline']) retrieved from /opt/airflow/dags/backfill_retail_pipeline.py
[2026-05-04T09:10:38.767+0000] {logging_mixin.py:151} INFO - [2026-05-04T09:10:38.767+0000] {dag.py:2915} INFO - Sync 1 DAGs
[2026-05-04T09:10:38.774+0000] {logging_mixin.py:151} INFO - [2026-05-04T09:10:38.773+0000] {dag.py:3696} INFO - Setting next_dagrun for backfill_retail_pipeline to None, run_after=None
[2026-05-04T09:10:38.781+0000] {processor.py:179} INFO - Processing /opt/airflow/dags/backfill_retail_pipeline.py took 0.051 seconds
[2026-05-04T09:11:09.151+0000] {processor.py:157} INFO - Started process (PID=12309) to work on /opt/airflow/dags/backfill_retail_pipeline.py
[2026-05-04T09:11:09.156+0000] {processor.py:829} INFO - Processing file /opt/airflow/dags/backfill_retail_pipeline.py for tasks to queue
[2026-05-04T09:11:09.157+0000] {logging_mixin.py:151} INFO - [2026-05-04T09:11:09.157+0000] {dagbag.py:539} INFO - Filling up the DagBag from /opt/airflow/dags/backfill_retail_pipeline.py
[2026-05-04T09:11:09.182+0000] {processor.py:839} INFO - DAG(s) dict_keys(['backfill_retail_pipeline']) retrieved from /opt/airflow/dags/backfill_retail_pipeline.py
[2026-05-04T09:11:09.228+0000] {logging_mixin.py:151} INFO - [2026-05-04T09:11:09.227+0000] {dag.py:2915} INFO - Sync 1 DAGs
[2026-05-04T09:11:09.238+0000] {logging_mixin.py:151} INFO - [2026-05-04T09:11:09.238+0000] {dag.py:3696} INFO - Setting next_dagrun for backfill_retail_pipeline to None, run_after=None
[2026-05-04T09:11:09.246+0000] {processor.py:179} INFO - Processing /opt/airflow/dags/backfill_retail_pipeline.py took 0.109 seconds
[2026-05-04T09:11:39.513+0000] {processor.py:157} INFO - Started process (PID=12324) to work on /opt/airflow/dags/backfill_retail_pipeline.py
[2026-05-04T09:11:39.515+0000] {processor.py:829} INFO - Processing file /opt/airflow/dags/backfill_retail_pipeline.py for tasks to queue
[2026-05-04T09:11:39.516+0000] {logging_mixin.py:151} INFO - [2026-05-04T09:11:39.516+0000] {dagbag.py:539} INFO - Filling up the DagBag from /opt/airflow/dags/backfill_retail_pipeline.py
[2026-05-04T09:11:39.531+0000] {processor.py:839} INFO - DAG(s) dict_keys(['backfill_retail_pipeline']) retrieved from /opt/airflow/dags/backfill_retail_pipeline.py
[2026-05-04T09:11:39.551+0000] {logging_mixin.py:151} INFO - [2026-05-04T09:11:39.551+0000] {dag.py:2915} INFO - Sync 1 DAGs
[2026-05-04T09:11:39.556+0000] {logging_mixin.py:151} INFO - [2026-05-04T09:11:39.556+0000] {dag.py:3696} INFO - Setting next_dagrun for backfill_retail_pipeline to None, run_after=None
[2026-05-04T09:11:39.563+0000] {processor.py:179} INFO - Processing /opt/airflow/dags/backfill_retail_pipeline.py took 0.058 seconds
[2026-05-04T09:12:09.892+0000] {processor.py:157} INFO - Started process (PID=12339) to work on /opt/airflow/dags/backfill_retail_pipeline.py
[2026-05-04T09:12:09.894+0000] {processor.py:829} INFO - Processing file /opt/airflow/dags/backfill_retail_pipeline.py for tasks to queue
[2026-05-04T09:12:09.895+0000] {logging_mixin.py:151} INFO - [2026-05-04T09:12:09.895+0000] {dagbag.py:539} INFO - Filling up the DagBag from /opt/airflow/dags/backfill_retail_pipeline.py
[2026-05-04T09:12:09.912+0000] {processor.py:839} INFO - DAG(s) dict_keys(['backfill_retail_pipeline']) retrieved from /opt/airflow/dags/backfill_retail_pipeline.py
[2026-05-04T09:12:09.949+0000] {logging_mixin.py:151} INFO - [2026-05-04T09:12:09.949+0000] {dag.py:2915} INFO - Sync 1 DAGs
[2026-05-04T09:12:09.959+0000] {logging_mixin.py:151} INFO - [2026-05-04T09:12:09.959+0000] {dag.py:3696} INFO - Setting next_dagrun for backfill_retail_pipeline to None, run_after=None
[2026-05-04T09:12:09.967+0000] {processor.py:179} INFO - Processing /opt/airflow/dags/backfill_retail_pipeline.py took 0.086 seconds
[2026-05-04T09:12:40.260+0000] {processor.py:157} INFO - Started process (PID=12354) to work on /opt/airflow/dags/backfill_retail_pipeline.py
[2026-05-04T09:12:40.265+0000] {processor.py:829} INFO - Processing file /opt/airflow/dags/backfill_retail_pipeline.py for tasks to queue
[2026-05-04T09:12:40.266+0000] {logging_mixin.py:151} INFO - [2026-05-04T09:12:40.266+0000] {dagbag.py:539} INFO - Filling up the DagBag from /opt/airflow/dags/backfill_retail_pipeline.py
[2026-05-04T09:12:40.284+0000] {processor.py:839} INFO - DAG(s) dict_keys(['backfill_retail_pipeline']) retrieved from /opt/airflow/dags/backfill_retail_pipeline.py
[2026-05-04T09:12:40.314+0000] {logging_mixin.py:151} INFO - [2026-05-04T09:12:40.314+0000] {dag.py:2915} INFO - Sync 1 DAGs
[2026-05-04T09:12:40.321+0000] {logging_mixin.py:151} INFO - [2026-05-04T09:12:40.321+0000] {dag.py:3696} INFO - Setting next_dagrun for backfill_retail_pipeline to None, run_after=None
[2026-05-04T09:12:40.329+0000] {processor.py:179} INFO - Processing /opt/airflow/dags/backfill_retail_pipeline.py took 0.079 seconds
[2026-05-04T09:13:10.722+0000] {processor.py:157} INFO - Started process (PID=12369) to work on /opt/airflow/dags/backfill_retail_pipeline.py
[2026-05-04T09:13:10.727+0000] {processor.py:829} INFO - Processing file /opt/airflow/dags/backfill_retail_pipeline.py for tasks to queue
[2026-05-04T09:13:10.728+0000] {logging_mixin.py:151} INFO - [2026-05-04T09:13:10.727+0000] {dagbag.py:539} INFO - Filling up the DagBag from /opt/airflow/dags/backfill_retail_pipeline.py
[2026-05-04T09:13:10.737+0000] {processor.py:839} INFO - DAG(s) dict_keys(['backfill_retail_pipeline']) retrieved from /opt/airflow/dags/backfill_retail_pipeline.py
[2026-05-04T09:13:10.758+0000] {logging_mixin.py:151} INFO - [2026-05-04T09:13:10.758+0000] {dag.py:2915} INFO - Sync 1 DAGs
[2026-05-04T09:13:10.764+0000] {logging_mixin.py:151} INFO - [2026-05-04T09:13:10.764+0000] {dag.py:3696} INFO - Setting next_dagrun for backfill_retail_pipeline to None, run_after=None
[2026-05-04T09:13:10.770+0000] {processor.py:179} INFO - Processing /opt/airflow/dags/backfill_retail_pipeline.py took 0.052 seconds
[2026-05-04T09:13:41.140+0000] {processor.py:157} INFO - Started process (PID=12384) to work on /opt/airflow/dags/backfill_retail_pipeline.py
[2026-05-04T09:13:41.143+0000] {processor.py:829} INFO - Processing file /opt/airflow/dags/backfill_retail_pipeline.py for tasks to queue
[2026-05-04T09:13:41.144+0000] {logging_mixin.py:151} INFO - [2026-05-04T09:13:41.144+0000] {dagbag.py:539} INFO - Filling up the DagBag from /opt/airflow/dags/backfill_retail_pipeline.py
[2026-05-04T09:13:41.158+0000] {processor.py:839} INFO - DAG(s) dict_keys(['backfill_retail_pipeline']) retrieved from /opt/airflow/dags/backfill_retail_pipeline.py
[2026-05-04T09:13:41.185+0000] {logging_mixin.py:151} INFO - [2026-05-04T09:13:41.185+0000] {dag.py:2915} INFO - Sync 1 DAGs
[2026-05-04T09:13:41.193+0000] {logging_mixin.py:151} INFO - [2026-05-04T09:13:41.193+0000] {dag.py:3696} INFO - Setting next_dagrun for backfill_retail_pipeline to None, run_after=None
[2026-05-04T09:13:41.201+0000] {processor.py:179} INFO - Processing /opt/airflow/dags/backfill_retail_pipeline.py took 0.066 seconds
[2026-05-04T09:14:11.549+0000] {processor.py:157} INFO - Started process (PID=12399) to work on /opt/airflow/dags/backfill_retail_pipeline.py
[2026-05-04T09:14:11.550+0000] {processor.py:829} INFO - Processing file /opt/airflow/dags/backfill_retail_pipeline.py for tasks to queue
[2026-05-04T09:14:11.550+0000] {logging_mixin.py:151} INFO - [2026-05-04T09:14:11.550+0000] {dagbag.py:539} INFO - Filling up the DagBag from /opt/airflow/dags/backfill_retail_pipeline.py
[2026-05-04T09:14:11.557+0000] {processor.py:839} INFO - DAG(s) dict_keys(['backfill_retail_pipeline']) retrieved from /opt/airflow/dags/backfill_retail_pipeline.py
[2026-05-04T09:14:11.574+0000] {logging_mixin.py:151} INFO - [2026-05-04T09:14:11.574+0000] {dag.py:2915} INFO - Sync 1 DAGs
[2026-05-04T09:14:11.579+0000] {logging_mixin.py:151} INFO - [2026-05-04T09:14:11.579+0000] {dag.py:3696} INFO - Setting next_dagrun for backfill_retail_pipeline to None, run_after=None
[2026-05-04T09:14:11.585+0000] {processor.py:179} INFO - Processing /opt/airflow/dags/backfill_retail_pipeline.py took 0.038 seconds
[2026-05-04T09:14:41.950+0000] {processor.py:157} INFO - Started process (PID=12414) to work on /opt/airflow/dags/backfill_retail_pipeline.py
[2026-05-04T09:14:41.951+0000] {processor.py:829} INFO - Processing file /opt/airflow/dags/backfill_retail_pipeline.py for tasks to queue
[2026-05-04T09:14:41.952+0000] {logging_mixin.py:151} INFO - [2026-05-04T09:14:41.952+0000] {dagbag.py:539} INFO - Filling up the DagBag from /opt/airflow/dags/backfill_retail_pipeline.py
[2026-05-04T09:14:41.961+0000] {processor.py:839} INFO - DAG(s) dict_keys(['backfill_retail_pipeline']) retrieved from /opt/airflow/dags/backfill_retail_pipeline.py
[2026-05-04T09:14:41.980+0000] {logging_mixin.py:151} INFO - [2026-05-04T09:14:41.979+0000] {dag.py:2915} INFO - Sync 1 DAGs
[2026-05-04T09:14:41.985+0000] {logging_mixin.py:151} INFO - [2026-05-04T09:14:41.985+0000] {dag.py:3696} INFO - Setting next_dagrun for backfill_retail_pipeline to None, run_after=None
[2026-05-04T09:14:41.992+0000] {processor.py:179} INFO - Processing /opt/airflow/dags/backfill_retail_pipeline.py took 0.044 seconds
[2026-05-04T09:15:12.259+0000] {processor.py:157} INFO - Started process (PID=12429) to work on /opt/airflow/dags/backfill_retail_pipeline.py
[2026-05-04T09:15:12.260+0000] {processor.py:829} INFO - Processing file /opt/airflow/dags/backfill_retail_pipeline.py for tasks to queue
[2026-05-04T09:15:12.261+0000] {logging_mixin.py:151} INFO - [2026-05-04T09:15:12.260+0000] {dagbag.py:539} INFO - Filling up the DagBag from /opt/airflow/dags/backfill_retail_pipeline.py
[2026-05-04T09:15:12.269+0000] {processor.py:839} INFO - DAG(s) dict_keys(['backfill_retail_pipeline']) retrieved from /opt/airflow/dags/backfill_retail_pipeline.py
[2026-05-04T09:15:12.289+0000] {logging_mixin.py:151} INFO - [2026-05-04T09:15:12.288+0000] {dag.py:2915} INFO - Sync 1 DAGs
[2026-05-04T09:15:12.294+0000] {logging_mixin.py:151} INFO - [2026-05-04T09:15:12.294+0000] {dag.py:3696} INFO - Setting next_dagrun for backfill_retail_pipeline to None, run_after=None
[2026-05-04T09:15:12.300+0000] {processor.py:179} INFO - Processing /opt/airflow/dags/backfill_retail_pipeline.py took 0.044 seconds
[2026-05-04T09:15:42.547+0000] {processor.py:157} INFO - Started process (PID=12444) to work on /opt/airflow/dags/backfill_retail_pipeline.py
[2026-05-04T09:15:42.550+0000] {processor.py:829} INFO - Processing file /opt/airflow/dags/backfill_retail_pipeline.py for tasks to queue
[2026-05-04T09:15:42.551+0000] {logging_mixin.py:151} INFO - [2026-05-04T09:15:42.550+0000] {dagbag.py:539} INFO - Filling up the DagBag from /opt/airflow/dags/backfill_retail_pipeline.py
[2026-05-04T09:15:42.569+0000] {processor.py:839} INFO - DAG(s) dict_keys(['backfill_retail_pipeline']) retrieved from /opt/airflow/dags/backfill_retail_pipeline.py
[2026-05-04T09:15:42.612+0000] {logging_mixin.py:151} INFO - [2026-05-04T09:15:42.612+0000] {dag.py:2915} INFO - Sync 1 DAGs
[2026-05-04T09:15:42.620+0000] {logging_mixin.py:151} INFO - [2026-05-04T09:15:42.620+0000] {dag.py:3696} INFO - Setting next_dagrun for backfill_retail_pipeline to None, run_after=None
[2026-05-04T09:15:42.631+0000] {processor.py:179} INFO - Processing /opt/airflow/dags/backfill_retail_pipeline.py took 0.092 seconds
[2026-05-04T09:16:12.880+0000] {processor.py:157} INFO - Started process (PID=12459) to work on /opt/airflow/dags/backfill_retail_pipeline.py
[2026-05-04T09:16:12.881+0000] {processor.py:829} INFO - Processing file /opt/airflow/dags/backfill_retail_pipeline.py for tasks to queue
[2026-05-04T09:16:12.882+0000] {logging_mixin.py:151} INFO - [2026-05-04T09:16:12.881+0000] {dagbag.py:539} INFO - Filling up the DagBag from /opt/airflow/dags/backfill_retail_pipeline.py
[2026-05-04T09:16:12.893+0000] {processor.py:839} INFO - DAG(s) dict_keys(['backfill_retail_pipeline']) retrieved from /opt/airflow/dags/backfill_retail_pipeline.py
[2026-05-04T09:16:12.909+0000] {logging_mixin.py:151} INFO - [2026-05-04T09:16:12.909+0000] {dag.py:2915} INFO - Sync 1 DAGs
[2026-05-04T09:16:12.914+0000] {logging_mixin.py:151} INFO - [2026-05-04T09:16:12.914+0000] {dag.py:3696} INFO - Setting next_dagrun for backfill_retail_pipeline to None, run_after=None
[2026-05-04T09:16:12.920+0000] {processor.py:179} INFO - Processing /opt/airflow/dags/backfill_retail_pipeline.py took 0.045 seconds
[2026-05-04T09:16:43.134+0000] {processor.py:157} INFO - Started process (PID=12474) to work on /opt/airflow/dags/backfill_retail_pipeline.py
[2026-05-04T09:16:43.137+0000] {processor.py:829} INFO - Processing file /opt/airflow/dags/backfill_retail_pipeline.py for tasks to queue
[2026-05-04T09:16:43.138+0000] {logging_mixin.py:151} INFO - [2026-05-04T09:16:43.138+0000] {dagbag.py:539} INFO - Filling up the DagBag from /opt/airflow/dags/backfill_retail_pipeline.py
[2026-05-04T09:16:43.146+0000] {processor.py:839} INFO - DAG(s) dict_keys(['backfill_retail_pipeline']) retrieved from /opt/airflow/dags/backfill_retail_pipeline.py
[2026-05-04T09:16:43.165+0000] {logging_mixin.py:151} INFO - [2026-05-04T09:16:43.165+0000] {dag.py:2915} INFO - Sync 1 DAGs
[2026-05-04T09:16:43.171+0000] {logging_mixin.py:151} INFO - [2026-05-04T09:16:43.171+0000] {dag.py:3696} INFO - Setting next_dagrun for backfill_retail_pipeline to None, run_after=None
[2026-05-04T09:16:43.178+0000] {processor.py:179} INFO - Processing /opt/airflow/dags/backfill_retail_pipeline.py took 0.049 seconds
[2026-05-04T09:17:13.519+0000] {processor.py:157} INFO - Started process (PID=12489) to work on /opt/airflow/dags/backfill_retail_pipeline.py
[2026-05-04T09:17:13.521+0000] {processor.py:829} INFO - Processing file /opt/airflow/dags/backfill_retail_pipeline.py for tasks to queue
[2026-05-04T09:17:13.523+0000] {logging_mixin.py:151} INFO - [2026-05-04T09:17:13.523+0000] {dagbag.py:539} INFO - Filling up the DagBag from /opt/airflow/dags/backfill_retail_pipeline.py
[2026-05-04T09:17:13.536+0000] {processor.py:839} INFO - DAG(s) dict_keys(['backfill_retail_pipeline']) retrieved from /opt/airflow/dags/backfill_retail_pipeline.py
[2026-05-04T09:17:13.568+0000] {logging_mixin.py:151} INFO - [2026-05-04T09:17:13.568+0000] {dag.py:2915} INFO - Sync 1 DAGs
[2026-05-04T09:17:13.579+0000] {logging_mixin.py:151} INFO - [2026-05-04T09:17:13.579+0000] {dag.py:3696} INFO - Setting next_dagrun for backfill_retail_pipeline to None, run_after=None
[2026-05-04T09:17:13.588+0000] {processor.py:179} INFO - Processing /opt/airflow/dags/backfill_retail_pipeline.py took 0.078 seconds
[2026-05-04T09:17:43.879+0000] {processor.py:157} INFO - Started process (PID=12504) to work on /opt/airflow/dags/backfill_retail_pipeline.py
[2026-05-04T09:17:43.880+0000] {processor.py:829} INFO - Processing file /opt/airflow/dags/backfill_retail_pipeline.py for tasks to queue
[2026-05-04T09:17:43.881+0000] {logging_mixin.py:151} INFO - [2026-05-04T09:17:43.881+0000] {dagbag.py:539} INFO - Filling up the DagBag from /opt/airflow/dags/backfill_retail_pipeline.py
[2026-05-04T09:17:43.891+0000] {processor.py:839} INFO - DAG(s) dict_keys(['backfill_retail_pipeline']) retrieved from /opt/airflow/dags/backfill_retail_pipeline.py
[2026-05-04T09:17:43.910+0000] {logging_mixin.py:151} INFO - [2026-05-04T09:17:43.910+0000] {dag.py:2915} INFO - Sync 1 DAGs
[2026-05-04T09:17:43.916+0000] {logging_mixin.py:151} INFO - [2026-05-04T09:17:43.916+0000] {dag.py:3696} INFO - Setting next_dagrun for backfill_retail_pipeline to None, run_after=None
[2026-05-04T09:17:43.922+0000] {processor.py:179} INFO - Processing /opt/airflow/dags/backfill_retail_pipeline.py took 0.046 seconds
[2026-05-04T09:18:14.227+0000] {processor.py:157} INFO - Started process (PID=12519) to work on /opt/airflow/dags/backfill_retail_pipeline.py
[2026-05-04T09:18:14.229+0000] {processor.py:829} INFO - Processing file /opt/airflow/dags/backfill_retail_pipeline.py for tasks to queue
[2026-05-04T09:18:14.231+0000] {logging_mixin.py:151} INFO - [2026-05-04T09:18:14.230+0000] {dagbag.py:539} INFO - Filling up the DagBag from /opt/airflow/dags/backfill_retail_pipeline.py
[2026-05-04T09:18:14.251+0000] {processor.py:839} INFO - DAG(s) dict_keys(['backfill_retail_pipeline']) retrieved from /opt/airflow/dags/backfill_retail_pipeline.py
[2026-05-04T09:18:14.294+0000] {logging_mixin.py:151} INFO - [2026-05-04T09:18:14.293+0000] {dag.py:2915} INFO - Sync 1 DAGs
[2026-05-04T09:18:14.303+0000] {logging_mixin.py:151} INFO - [2026-05-04T09:18:14.303+0000] {dag.py:3696} INFO - Setting next_dagrun for backfill_retail_pipeline to None, run_after=None
[2026-05-04T09:18:14.311+0000] {processor.py:179} INFO - Processing /opt/airflow/dags/backfill_retail_pipeline.py took 0.096 seconds
[2026-05-04T09:18:44.510+0000] {processor.py:157} INFO - Started process (PID=12534) to work on /opt/airflow/dags/backfill_retail_pipeline.py
[2026-05-04T09:18:44.512+0000] {processor.py:829} INFO - Processing file /opt/airflow/dags/backfill_retail_pipeline.py for tasks to queue
[2026-05-04T09:18:44.512+0000] {logging_mixin.py:151} INFO - [2026-05-04T09:18:44.512+0000] {dagbag.py:539} INFO - Filling up the DagBag from /opt/airflow/dags/backfill_retail_pipeline.py
[2026-05-04T09:18:44.521+0000] {processor.py:839} INFO - DAG(s) dict_keys(['backfill_retail_pipeline']) retrieved from /opt/airflow/dags/backfill_retail_pipeline.py
[2026-05-04T09:18:44.540+0000] {logging_mixin.py:151} INFO - [2026-05-04T09:18:44.540+0000] {dag.py:2915} INFO - Sync 1 DAGs
[2026-05-04T09:18:44.546+0000] {logging_mixin.py:151} INFO - [2026-05-04T09:18:44.546+0000] {dag.py:3696} INFO - Setting next_dagrun for backfill_retail_pipeline to None, run_after=None
[2026-05-04T09:18:44.552+0000] {processor.py:179} INFO - Processing /opt/airflow/dags/backfill_retail_pipeline.py took 0.045 seconds
[2026-05-04T09:19:14.820+0000] {processor.py:157} INFO - Started process (PID=12549) to work on /opt/airflow/dags/backfill_retail_pipeline.py
[2026-05-04T09:19:14.821+0000] {processor.py:829} INFO - Processing file /opt/airflow/dags/backfill_retail_pipeline.py for tasks to queue
[2026-05-04T09:19:14.822+0000] {logging_mixin.py:151} INFO - [2026-05-04T09:19:14.822+0000] {dagbag.py:539} INFO - Filling up the DagBag from /opt/airflow/dags/backfill_retail_pipeline.py
[2026-05-04T09:19:14.828+0000] {processor.py:839} INFO - DAG(s) dict_keys(['backfill_retail_pipeline']) retrieved from /opt/airflow/dags/backfill_retail_pipeline.py
[2026-05-04T09:19:14.846+0000] {logging_mixin.py:151} INFO - [2026-05-04T09:19:14.846+0000] {dag.py:2915} INFO - Sync 1 DAGs
[2026-05-04T09:19:14.851+0000] {logging_mixin.py:151} INFO - [2026-05-04T09:19:14.851+0000] {dag.py:3696} INFO - Setting next_dagrun for backfill_retail_pipeline to None, run_after=None
[2026-05-04T09:19:14.858+0000] {processor.py:179} INFO - Processing /opt/airflow/dags/backfill_retail_pipeline.py took 0.045 seconds
[2026-05-04T09:19:45.135+0000] {processor.py:157} INFO - Started process (PID=12564) to work on /opt/airflow/dags/backfill_retail_pipeline.py
[2026-05-04T09:19:45.138+0000] {processor.py:829} INFO - Processing file /opt/airflow/dags/backfill_retail_pipeline.py for tasks to queue
[2026-05-04T09:19:45.139+0000] {logging_mixin.py:151} INFO - [2026-05-04T09:19:45.138+0000] {dagbag.py:539} INFO - Filling up the DagBag from /opt/airflow/dags/backfill_retail_pipeline.py
[2026-05-04T09:19:45.147+0000] {processor.py:839} INFO - DAG(s) dict_keys(['backfill_retail_pipeline']) retrieved from /opt/airflow/dags/backfill_retail_pipeline.py
[2026-05-04T09:19:45.167+0000] {logging_mixin.py:151} INFO - [2026-05-04T09:19:45.167+0000] {dag.py:2915} INFO - Sync 1 DAGs
[2026-05-04T09:19:45.174+0000] {logging_mixin.py:151} INFO - [2026-05-04T09:19:45.174+0000] {dag.py:3696} INFO - Setting next_dagrun for backfill_retail_pipeline to None, run_after=None
[2026-05-04T09:19:45.183+0000] {processor.py:179} INFO - Processing /opt/airflow/dags/backfill_retail_pipeline.py took 0.053 seconds
[2026-05-04T09:20:15.657+0000] {processor.py:157} INFO - Started process (PID=12579) to work on /opt/airflow/dags/backfill_retail_pipeline.py
[2026-05-04T09:20:15.658+0000] {processor.py:829} INFO - Processing file /opt/airflow/dags/backfill_retail_pipeline.py for tasks to queue
[2026-05-04T09:20:15.659+0000] {logging_mixin.py:151} INFO - [2026-05-04T09:20:15.659+0000] {dagbag.py:539} INFO - Filling up the DagBag from /opt/airflow/dags/backfill_retail_pipeline.py
[2026-05-04T09:20:15.678+0000] {processor.py:839} INFO - DAG(s) dict_keys(['backfill_retail_pipeline']) retrieved from /opt/airflow/dags/backfill_retail_pipeline.py
[2026-05-04T09:20:15.734+0000] {logging_mixin.py:151} INFO - [2026-05-04T09:20:15.734+0000] {dag.py:2915} INFO - Sync 1 DAGs
[2026-05-04T09:20:15.745+0000] {logging_mixin.py:151} INFO - [2026-05-04T09:20:15.744+0000] {dag.py:3696} INFO - Setting next_dagrun for backfill_retail_pipeline to None, run_after=None
[2026-05-04T09:20:15.753+0000] {processor.py:179} INFO - Processing /opt/airflow/dags/backfill_retail_pipeline.py took 0.102 seconds
[2026-05-04T09:20:46.008+0000] {processor.py:157} INFO - Started process (PID=12594) to work on /opt/airflow/dags/backfill_retail_pipeline.py
[2026-05-04T09:20:46.008+0000] {processor.py:829} INFO - Processing file /opt/airflow/dags/backfill_retail_pipeline.py for tasks to queue
[2026-05-04T09:20:46.009+0000] {logging_mixin.py:151} INFO - [2026-05-04T09:20:46.009+0000] {dagbag.py:539} INFO - Filling up the DagBag from /opt/airflow/dags/backfill_retail_pipeline.py
[2026-05-04T09:20:46.016+0000] {processor.py:839} INFO - DAG(s) dict_keys(['backfill_retail_pipeline']) retrieved from /opt/airflow/dags/backfill_retail_pipeline.py
[2026-05-04T09:20:46.033+0000] {logging_mixin.py:151} INFO - [2026-05-04T09:20:46.033+0000] {dag.py:2915} INFO - Sync 1 DAGs
[2026-05-04T09:20:46.038+0000] {logging_mixin.py:151} INFO - [2026-05-04T09:20:46.038+0000] {dag.py:3696} INFO - Setting next_dagrun for backfill_retail_pipeline to None, run_after=None
[2026-05-04T09:20:46.044+0000] {processor.py:179} INFO - Processing /opt/airflow/dags/backfill_retail_pipeline.py took 0.039 seconds
[2026-05-04T09:21:16.280+0000] {processor.py:157} INFO - Started process (PID=12609) to work on /opt/airflow/dags/backfill_retail_pipeline.py
[2026-05-04T09:21:16.283+0000] {processor.py:829} INFO - Processing file /opt/airflow/dags/backfill_retail_pipeline.py for tasks to queue
[2026-05-04T09:21:16.284+0000] {logging_mixin.py:151} INFO - [2026-05-04T09:21:16.284+0000] {dagbag.py:539} INFO - Filling up the DagBag from /opt/airflow/dags/backfill_retail_pipeline.py
[2026-05-04T09:21:16.293+0000] {processor.py:839} INFO - DAG(s) dict_keys(['backfill_retail_pipeline']) retrieved from /opt/airflow/dags/backfill_retail_pipeline.py
[2026-05-04T09:21:16.315+0000] {logging_mixin.py:151} INFO - [2026-05-04T09:21:16.315+0000] {dag.py:2915} INFO - Sync 1 DAGs
[2026-05-04T09:21:16.322+0000] {logging_mixin.py:151} INFO - [2026-05-04T09:21:16.322+0000] {dag.py:3696} INFO - Setting next_dagrun for backfill_retail_pipeline to None, run_after=None
[2026-05-04T09:21:16.329+0000] {processor.py:179} INFO - Processing /opt/airflow/dags/backfill_retail_pipeline.py took 0.053 seconds
[2026-05-04T09:21:46.614+0000] {processor.py:157} INFO - Started process (PID=12624) to work on /opt/airflow/dags/backfill_retail_pipeline.py
[2026-05-04T09:21:46.618+0000] {processor.py:829} INFO - Processing file /opt/airflow/dags/backfill_retail_pipeline.py for tasks to queue
[2026-05-04T09:21:46.619+0000] {logging_mixin.py:151} INFO - [2026-05-04T09:21:46.619+0000] {dagbag.py:539} INFO - Filling up the DagBag from /opt/airflow/dags/backfill_retail_pipeline.py
[2026-05-04T09:21:46.635+0000] {processor.py:839} INFO - DAG(s) dict_keys(['backfill_retail_pipeline']) retrieved from /opt/airflow/dags/backfill_retail_pipeline.py
[2026-05-04T09:21:46.670+0000] {logging_mixin.py:151} INFO - [2026-05-04T09:21:46.669+0000] {dag.py:2915} INFO - Sync 1 DAGs
[2026-05-04T09:21:46.677+0000] {logging_mixin.py:151} INFO - [2026-05-04T09:21:46.677+0000] {dag.py:3696} INFO - Setting next_dagrun for backfill_retail_pipeline to None, run_after=None
[2026-05-04T09:21:46.685+0000] {processor.py:179} INFO - Processing /opt/airflow/dags/backfill_retail_pipeline.py took 0.077 seconds
[2026-05-04T09:22:17.121+0000] {processor.py:157} INFO - Started process (PID=12639) to work on /opt/airflow/dags/backfill_retail_pipeline.py
[2026-05-04T09:22:17.123+0000] {processor.py:829} INFO - Processing file /opt/airflow/dags/backfill_retail_pipeline.py for tasks to queue
[2026-05-04T09:22:17.127+0000] {logging_mixin.py:151} INFO - [2026-05-04T09:22:17.125+0000] {dagbag.py:539} INFO - Filling up the DagBag from /opt/airflow/dags/backfill_retail_pipeline.py
[2026-05-04T09:22:17.146+0000] {processor.py:839} INFO - DAG(s) dict_keys(['backfill_retail_pipeline']) retrieved from /opt/airflow/dags/backfill_retail_pipeline.py
[2026-05-04T09:22:17.192+0000] {logging_mixin.py:151} INFO - [2026-05-04T09:22:17.192+0000] {dag.py:2915} INFO - Sync 1 DAGs
[2026-05-04T09:22:17.204+0000] {logging_mixin.py:151} INFO - [2026-05-04T09:22:17.204+0000] {dag.py:3696} INFO - Setting next_dagrun for backfill_retail_pipeline to None, run_after=None
[2026-05-04T09:22:17.216+0000] {processor.py:179} INFO - Processing /opt/airflow/dags/backfill_retail_pipeline.py took 0.100 seconds
[2026-05-04T09:22:47.401+0000] {processor.py:157} INFO - Started process (PID=12654) to work on /opt/airflow/dags/backfill_retail_pipeline.py
[2026-05-04T09:22:47.405+0000] {processor.py:829} INFO - Processing file /opt/airflow/dags/backfill_retail_pipeline.py for tasks to queue
[2026-05-04T09:22:47.406+0000] {logging_mixin.py:151} INFO - [2026-05-04T09:22:47.406+0000] {dagbag.py:539} INFO - Filling up the DagBag from /opt/airflow/dags/backfill_retail_pipeline.py
[2026-05-04T09:22:47.413+0000] {processor.py:839} INFO - DAG(s) dict_keys(['backfill_retail_pipeline']) retrieved from /opt/airflow/dags/backfill_retail_pipeline.py
[2026-05-04T09:22:47.428+0000] {logging_mixin.py:151} INFO - [2026-05-04T09:22:47.428+0000] {dag.py:2915} INFO - Sync 1 DAGs
[2026-05-04T09:22:47.433+0000] {logging_mixin.py:151} INFO - [2026-05-04T09:22:47.433+0000] {dag.py:3696} INFO - Setting next_dagrun for backfill_retail_pipeline to None, run_after=None
[2026-05-04T09:22:47.438+0000] {processor.py:179} INFO - Processing /opt/airflow/dags/backfill_retail_pipeline.py took 0.040 seconds
[2026-05-04T09:23:17.785+0000] {processor.py:157} INFO - Started process (PID=12669) to work on /opt/airflow/dags/backfill_retail_pipeline.py
[2026-05-04T09:23:17.786+0000] {processor.py:829} INFO - Processing file /opt/airflow/dags/backfill_retail_pipeline.py for tasks to queue
[2026-05-04T09:23:17.787+0000] {logging_mixin.py:151} INFO - [2026-05-04T09:23:17.787+0000] {dagbag.py:539} INFO - Filling up the DagBag from /opt/airflow/dags/backfill_retail_pipeline.py
[2026-05-04T09:23:17.796+0000] {processor.py:839} INFO - DAG(s) dict_keys(['backfill_retail_pipeline']) retrieved from /opt/airflow/dags/backfill_retail_pipeline.py
[2026-05-04T09:23:17.818+0000] {logging_mixin.py:151} INFO - [2026-05-04T09:23:17.817+0000] {dag.py:2915} INFO - Sync 1 DAGs
[2026-05-04T09:23:17.824+0000] {logging_mixin.py:151} INFO - [2026-05-04T09:23:17.824+0000] {dag.py:3696} INFO - Setting next_dagrun for backfill_retail_pipeline to None, run_after=None
[2026-05-04T09:23:17.830+0000] {processor.py:179} INFO - Processing /opt/airflow/dags/backfill_retail_pipeline.py took 0.049 seconds
[2026-05-04T09:23:48.131+0000] {processor.py:157} INFO - Started process (PID=12684) to work on /opt/airflow/dags/backfill_retail_pipeline.py
[2026-05-04T09:23:48.136+0000] {processor.py:829} INFO - Processing file /opt/airflow/dags/backfill_retail_pipeline.py for tasks to queue
[2026-05-04T09:23:48.137+0000] {logging_mixin.py:151} INFO - [2026-05-04T09:23:48.136+0000] {dagbag.py:539} INFO - Filling up the DagBag from /opt/airflow/dags/backfill_retail_pipeline.py
[2026-05-04T09:23:48.145+0000] {processor.py:839} INFO - DAG(s) dict_keys(['backfill_retail_pipeline']) retrieved from /opt/airflow/dags/backfill_retail_pipeline.py
[2026-05-04T09:23:48.163+0000] {logging_mixin.py:151} INFO - [2026-05-04T09:23:48.163+0000] {dag.py:2915} INFO - Sync 1 DAGs
[2026-05-04T09:23:48.169+0000] {logging_mixin.py:151} INFO - [2026-05-04T09:23:48.169+0000] {dag.py:3696} INFO - Setting next_dagrun for backfill_retail_pipeline to None, run_after=None
[2026-05-04T09:23:48.175+0000] {processor.py:179} INFO - Processing /opt/airflow/dags/backfill_retail_pipeline.py took 0.046 seconds
[2026-05-04T09:24:18.447+0000] {processor.py:157} INFO - Started process (PID=12699) to work on /opt/airflow/dags/backfill_retail_pipeline.py
[2026-05-04T09:24:18.448+0000] {processor.py:829} INFO - Processing file /opt/airflow/dags/backfill_retail_pipeline.py for tasks to queue
[2026-05-04T09:24:18.448+0000] {logging_mixin.py:151} INFO - [2026-05-04T09:24:18.448+0000] {dagbag.py:539} INFO - Filling up the DagBag from /opt/airflow/dags/backfill_retail_pipeline.py
[2026-05-04T09:24:18.457+0000] {processor.py:839} INFO - DAG(s) dict_keys(['backfill_retail_pipeline']) retrieved from /opt/airflow/dags/backfill_retail_pipeline.py
[2026-05-04T09:24:18.481+0000] {logging_mixin.py:151} INFO - [2026-05-04T09:24:18.481+0000] {dag.py:2915} INFO - Sync 1 DAGs
[2026-05-04T09:24:18.488+0000] {logging_mixin.py:151} INFO - [2026-05-04T09:24:18.487+0000] {dag.py:3696} INFO - Setting next_dagrun for backfill_retail_pipeline to None, run_after=None
[2026-05-04T09:24:18.495+0000] {processor.py:179} INFO - Processing /opt/airflow/dags/backfill_retail_pipeline.py took 0.051 seconds
[2026-05-04T09:24:48.821+0000] {processor.py:157} INFO - Started process (PID=12714) to work on /opt/airflow/dags/backfill_retail_pipeline.py
[2026-05-04T09:24:48.823+0000] {processor.py:829} INFO - Processing file /opt/airflow/dags/backfill_retail_pipeline.py for tasks to queue
[2026-05-04T09:24:48.825+0000] {logging_mixin.py:151} INFO - [2026-05-04T09:24:48.824+0000] {dagbag.py:539} INFO - Filling up the DagBag from /opt/airflow/dags/backfill_retail_pipeline.py
[2026-05-04T09:24:48.846+0000] {processor.py:839} INFO - DAG(s) dict_keys(['backfill_retail_pipeline']) retrieved from /opt/airflow/dags/backfill_retail_pipeline.py
[2026-05-04T09:24:48.899+0000] {logging_mixin.py:151} INFO - [2026-05-04T09:24:48.899+0000] {dag.py:2915} INFO - Sync 1 DAGs
[2026-05-04T09:24:48.910+0000] {logging_mixin.py:151} INFO - [2026-05-04T09:24:48.910+0000] {dag.py:3696} INFO - Setting next_dagrun for backfill_retail_pipeline to None, run_after=None
[2026-05-04T09:24:48.924+0000] {processor.py:179} INFO - Processing /opt/airflow/dags/backfill_retail_pipeline.py took 0.112 seconds
[2026-05-04T09:25:19.284+0000] {processor.py:157} INFO - Started process (PID=12729) to work on /opt/airflow/dags/backfill_retail_pipeline.py
[2026-05-04T09:25:19.286+0000] {processor.py:829} INFO - Processing file /opt/airflow/dags/backfill_retail_pipeline.py for tasks to queue
[2026-05-04T09:25:19.287+0000] {logging_mixin.py:151} INFO - [2026-05-04T09:25:19.286+0000] {dagbag.py:539} INFO - Filling up the DagBag from /opt/airflow/dags/backfill_retail_pipeline.py
[2026-05-04T09:25:19.316+0000] {processor.py:839} INFO - DAG(s) dict_keys(['backfill_retail_pipeline']) retrieved from /opt/airflow/dags/backfill_retail_pipeline.py
[2026-05-04T09:25:19.377+0000] {logging_mixin.py:151} INFO - [2026-05-04T09:25:19.377+0000] {dag.py:2915} INFO - Sync 1 DAGs
[2026-05-04T09:25:19.398+0000] {logging_mixin.py:151} INFO - [2026-05-04T09:25:19.398+0000] {dag.py:3696} INFO - Setting next_dagrun for backfill_retail_pipeline to None, run_after=None
[2026-05-04T09:25:19.414+0000] {processor.py:179} INFO - Processing /opt/airflow/dags/backfill_retail_pipeline.py took 0.136 seconds
[2026-05-04T09:25:49.747+0000] {processor.py:157} INFO - Started process (PID=12744) to work on /opt/airflow/dags/backfill_retail_pipeline.py
[2026-05-04T09:25:49.750+0000] {processor.py:829} INFO - Processing file /opt/airflow/dags/backfill_retail_pipeline.py for tasks to queue
[2026-05-04T09:25:49.751+0000] {logging_mixin.py:151} INFO - [2026-05-04T09:25:49.751+0000] {dagbag.py:539} INFO - Filling up the DagBag from /opt/airflow/dags/backfill_retail_pipeline.py
[2026-05-04T09:25:49.762+0000] {processor.py:839} INFO - DAG(s) dict_keys(['backfill_retail_pipeline']) retrieved from /opt/airflow/dags/backfill_retail_pipeline.py
[2026-05-04T09:25:49.782+0000] {logging_mixin.py:151} INFO - [2026-05-04T09:25:49.782+0000] {dag.py:2915} INFO - Sync 1 DAGs
[2026-05-04T09:25:49.788+0000] {logging_mixin.py:151} INFO - [2026-05-04T09:25:49.788+0000] {dag.py:3696} INFO - Setting next_dagrun for backfill_retail_pipeline to None, run_after=None
[2026-05-04T09:25:49.794+0000] {processor.py:179} INFO - Processing /opt/airflow/dags/backfill_retail_pipeline.py took 0.050 seconds
[2026-05-04T09:26:20.163+0000] {processor.py:157} INFO - Started process (PID=12759) to work on /opt/airflow/dags/backfill_retail_pipeline.py
[2026-05-04T09:26:20.167+0000] {processor.py:829} INFO - Processing file /opt/airflow/dags/backfill_retail_pipeline.py for tasks to queue
[2026-05-04T09:26:20.167+0000] {logging_mixin.py:151} INFO - [2026-05-04T09:26:20.167+0000] {dagbag.py:539} INFO - Filling up the DagBag from /opt/airflow/dags/backfill_retail_pipeline.py
[2026-05-04T09:26:20.177+0000] {processor.py:839} INFO - DAG(s) dict_keys(['backfill_retail_pipeline']) retrieved from /opt/airflow/dags/backfill_retail_pipeline.py
[2026-05-04T09:26:20.198+0000] {logging_mixin.py:151} INFO - [2026-05-04T09:26:20.198+0000] {dag.py:2915} INFO - Sync 1 DAGs
[2026-05-04T09:26:20.204+0000] {logging_mixin.py:151} INFO - [2026-05-04T09:26:20.204+0000] {dag.py:3696} INFO - Setting next_dagrun for backfill_retail_pipeline to None, run_after=None
[2026-05-04T09:26:20.211+0000] {processor.py:179} INFO - Processing /opt/airflow/dags/backfill_retail_pipeline.py took 0.051 seconds
[2026-05-04T09:26:50.492+0000] {processor.py:157} INFO - Started process (PID=12774) to work on /opt/airflow/dags/backfill_retail_pipeline.py
[2026-05-04T09:26:50.494+0000] {processor.py:829} INFO - Processing file /opt/airflow/dags/backfill_retail_pipeline.py for tasks to queue
[2026-05-04T09:26:50.494+0000] {logging_mixin.py:151} INFO - [2026-05-04T09:26:50.494+0000] {dagbag.py:539} INFO - Filling up the DagBag from /opt/airflow/dags/backfill_retail_pipeline.py
[2026-05-04T09:26:50.502+0000] {processor.py:839} INFO - DAG(s) dict_keys(['backfill_retail_pipeline']) retrieved from /opt/airflow/dags/backfill_retail_pipeline.py
[2026-05-04T09:26:50.521+0000] {logging_mixin.py:151} INFO - [2026-05-04T09:26:50.521+0000] {dag.py:2915} INFO - Sync 1 DAGs
[2026-05-04T09:26:50.526+0000] {logging_mixin.py:151} INFO - [2026-05-04T09:26:50.526+0000] {dag.py:3696} INFO - Setting next_dagrun for backfill_retail_pipeline to None, run_after=None
[2026-05-04T09:26:50.532+0000] {processor.py:179} INFO - Processing /opt/airflow/dags/backfill_retail_pipeline.py took 0.047 seconds
[2026-05-04T09:27:20.901+0000] {processor.py:157} INFO - Started process (PID=12789) to work on /opt/airflow/dags/backfill_retail_pipeline.py
[2026-05-04T09:27:20.903+0000] {processor.py:829} INFO - Processing file /opt/airflow/dags/backfill_retail_pipeline.py for tasks to queue
[2026-05-04T09:27:20.904+0000] {logging_mixin.py:151} INFO - [2026-05-04T09:27:20.903+0000] {dagbag.py:539} INFO - Filling up the DagBag from /opt/airflow/dags/backfill_retail_pipeline.py
[2026-05-04T09:27:20.912+0000] {processor.py:839} INFO - DAG(s) dict_keys(['backfill_retail_pipeline']) retrieved from /opt/airflow/dags/backfill_retail_pipeline.py
[2026-05-04T09:27:20.932+0000] {logging_mixin.py:151} INFO - [2026-05-04T09:27:20.932+0000] {dag.py:2915} INFO - Sync 1 DAGs
[2026-05-04T09:27:20.939+0000] {logging_mixin.py:151} INFO - [2026-05-04T09:27:20.939+0000] {dag.py:3696} INFO - Setting next_dagrun for backfill_retail_pipeline to None, run_after=None
[2026-05-04T09:27:20.946+0000] {processor.py:179} INFO - Processing /opt/airflow/dags/backfill_retail_pipeline.py took 0.048 seconds
[2026-05-04T09:27:51.179+0000] {processor.py:157} INFO - Started process (PID=12804) to work on /opt/airflow/dags/backfill_retail_pipeline.py
[2026-05-04T09:27:51.182+0000] {processor.py:829} INFO - Processing file /opt/airflow/dags/backfill_retail_pipeline.py for tasks to queue
[2026-05-04T09:27:51.182+0000] {logging_mixin.py:151} INFO - [2026-05-04T09:27:51.182+0000] {dagbag.py:539} INFO - Filling up the DagBag from /opt/airflow/dags/backfill_retail_pipeline.py
[2026-05-04T09:27:51.198+0000] {processor.py:839} INFO - DAG(s) dict_keys(['backfill_retail_pipeline']) retrieved from /opt/airflow/dags/backfill_retail_pipeline.py
[2026-05-04T09:27:51.219+0000] {logging_mixin.py:151} INFO - [2026-05-04T09:27:51.219+0000] {dag.py:2915} INFO - Sync 1 DAGs
[2026-05-04T09:27:51.230+0000] {logging_mixin.py:151} INFO - [2026-05-04T09:27:51.230+0000] {dag.py:3696} INFO - Setting next_dagrun for backfill_retail_pipeline to None, run_after=None
[2026-05-04T09:27:51.238+0000] {processor.py:179} INFO - Processing /opt/airflow/dags/backfill_retail_pipeline.py took 0.062 seconds
[2026-05-04T09:28:21.484+0000] {processor.py:157} INFO - Started process (PID=12819) to work on /opt/airflow/dags/backfill_retail_pipeline.py
[2026-05-04T09:28:21.486+0000] {processor.py:829} INFO - Processing file /opt/airflow/dags/backfill_retail_pipeline.py for tasks to queue
[2026-05-04T09:28:21.486+0000] {logging_mixin.py:151} INFO - [2026-05-04T09:28:21.486+0000] {dagbag.py:539} INFO - Filling up the DagBag from /opt/airflow/dags/backfill_retail_pipeline.py
[2026-05-04T09:28:21.495+0000] {processor.py:839} INFO - DAG(s) dict_keys(['backfill_retail_pipeline']) retrieved from /opt/airflow/dags/backfill_retail_pipeline.py
[2026-05-04T09:28:21.513+0000] {logging_mixin.py:151} INFO - [2026-05-04T09:28:21.513+0000] {dag.py:2915} INFO - Sync 1 DAGs
[2026-05-04T09:28:21.519+0000] {logging_mixin.py:151} INFO - [2026-05-04T09:28:21.519+0000] {dag.py:3696} INFO - Setting next_dagrun for backfill_retail_pipeline to None, run_after=None
[2026-05-04T09:28:21.525+0000] {processor.py:179} INFO - Processing /opt/airflow/dags/backfill_retail_pipeline.py took 0.045 seconds
[2026-05-04T09:28:51.794+0000] {processor.py:157} INFO - Started process (PID=12834) to work on /opt/airflow/dags/backfill_retail_pipeline.py
[2026-05-04T09:28:51.796+0000] {processor.py:829} INFO - Processing file /opt/airflow/dags/backfill_retail_pipeline.py for tasks to queue
[2026-05-04T09:28:51.797+0000] {logging_mixin.py:151} INFO - [2026-05-04T09:28:51.796+0000] {dagbag.py:539} INFO - Filling up the DagBag from /opt/airflow/dags/backfill_retail_pipeline.py
[2026-05-04T09:28:51.805+0000] {processor.py:839} INFO - DAG(s) dict_keys(['backfill_retail_pipeline']) retrieved from /opt/airflow/dags/backfill_retail_pipeline.py
[2026-05-04T09:28:51.825+0000] {logging_mixin.py:151} INFO - [2026-05-04T09:28:51.825+0000] {dag.py:2915} INFO - Sync 1 DAGs
[2026-05-04T09:28:51.830+0000] {logging_mixin.py:151} INFO - [2026-05-04T09:28:51.830+0000] {dag.py:3696} INFO - Setting next_dagrun for backfill_retail_pipeline to None, run_after=None
[2026-05-04T09:28:51.837+0000] {processor.py:179} INFO - Processing /opt/airflow/dags/backfill_retail_pipeline.py took 0.048 seconds
[2026-05-04T09:29:22.043+0000] {processor.py:157} INFO - Started process (PID=12849) to work on /opt/airflow/dags/backfill_retail_pipeline.py
[2026-05-04T09:29:22.044+0000] {processor.py:829} INFO - Processing file /opt/airflow/dags/backfill_retail_pipeline.py for tasks to queue
[2026-05-04T09:29:22.045+0000] {logging_mixin.py:151} INFO - [2026-05-04T09:29:22.045+0000] {dagbag.py:539} INFO - Filling up the DagBag from /opt/airflow/dags/backfill_retail_pipeline.py
[2026-05-04T09:29:22.054+0000] {processor.py:839} INFO - DAG(s) dict_keys(['backfill_retail_pipeline']) retrieved from /opt/airflow/dags/backfill_retail_pipeline.py
[2026-05-04T09:29:22.077+0000] {logging_mixin.py:151} INFO - [2026-05-04T09:29:22.076+0000] {dag.py:2915} INFO - Sync 1 DAGs
[2026-05-04T09:29:22.084+0000] {logging_mixin.py:151} INFO - [2026-05-04T09:29:22.084+0000] {dag.py:3696} INFO - Setting next_dagrun for backfill_retail_pipeline to None, run_after=None
[2026-05-04T09:29:22.092+0000] {processor.py:179} INFO - Processing /opt/airflow/dags/backfill_retail_pipeline.py took 0.056 seconds
[2026-05-04T09:29:52.414+0000] {processor.py:157} INFO - Started process (PID=12864) to work on /opt/airflow/dags/backfill_retail_pipeline.py
[2026-05-04T09:29:52.418+0000] {processor.py:829} INFO - Processing file /opt/airflow/dags/backfill_retail_pipeline.py for tasks to queue
[2026-05-04T09:29:52.418+0000] {logging_mixin.py:151} INFO - [2026-05-04T09:29:52.418+0000] {dagbag.py:539} INFO - Filling up the DagBag from /opt/airflow/dags/backfill_retail_pipeline.py
[2026-05-04T09:29:52.426+0000] {processor.py:839} INFO - DAG(s) dict_keys(['backfill_retail_pipeline']) retrieved from /opt/airflow/dags/backfill_retail_pipeline.py
[2026-05-04T09:29:52.449+0000] {logging_mixin.py:151} INFO - [2026-05-04T09:29:52.449+0000] {dag.py:2915} INFO - Sync 1 DAGs
[2026-05-04T09:29:52.454+0000] {logging_mixin.py:151} INFO - [2026-05-04T09:29:52.454+0000] {dag.py:3696} INFO - Setting next_dagrun for backfill_retail_pipeline to None, run_after=None
[2026-05-04T09:29:52.460+0000] {processor.py:179} INFO - Processing /opt/airflow/dags/backfill_retail_pipeline.py took 0.051 seconds
[2026-05-04T09:30:22.809+0000] {processor.py:157} INFO - Started process (PID=12879) to work on /opt/airflow/dags/backfill_retail_pipeline.py
[2026-05-04T09:30:22.811+0000] {processor.py:829} INFO - Processing file /opt/airflow/dags/backfill_retail_pipeline.py for tasks to queue
[2026-05-04T09:30:22.812+0000] {logging_mixin.py:151} INFO - [2026-05-04T09:30:22.812+0000] {dagbag.py:539} INFO - Filling up the DagBag from /opt/airflow/dags/backfill_retail_pipeline.py
[2026-05-04T09:30:22.827+0000] {processor.py:839} INFO - DAG(s) dict_keys(['backfill_retail_pipeline']) retrieved from /opt/airflow/dags/backfill_retail_pipeline.py
[2026-05-04T09:30:22.855+0000] {logging_mixin.py:151} INFO - [2026-05-04T09:30:22.855+0000] {dag.py:2915} INFO - Sync 1 DAGs
[2026-05-04T09:30:22.862+0000] {logging_mixin.py:151} INFO - [2026-05-04T09:30:22.862+0000] {dag.py:3696} INFO - Setting next_dagrun for backfill_retail_pipeline to None, run_after=None
[2026-05-04T09:30:22.870+0000] {processor.py:179} INFO - Processing /opt/airflow/dags/backfill_retail_pipeline.py took 0.069 seconds
[2026-05-04T09:30:53.166+0000] {processor.py:157} INFO - Started process (PID=12894) to work on /opt/airflow/dags/backfill_retail_pipeline.py
[2026-05-04T09:30:53.167+0000] {processor.py:829} INFO - Processing file /opt/airflow/dags/backfill_retail_pipeline.py for tasks to queue
[2026-05-04T09:30:53.168+0000] {logging_mixin.py:151} INFO - [2026-05-04T09:30:53.168+0000] {dagbag.py:539} INFO - Filling up the DagBag from /opt/airflow/dags/backfill_retail_pipeline.py
[2026-05-04T09:30:53.176+0000] {processor.py:839} INFO - DAG(s) dict_keys(['backfill_retail_pipeline']) retrieved from /opt/airflow/dags/backfill_retail_pipeline.py
[2026-05-04T09:30:53.196+0000] {logging_mixin.py:151} INFO - [2026-05-04T09:30:53.195+0000] {dag.py:2915} INFO - Sync 1 DAGs
[2026-05-04T09:30:53.201+0000] {logging_mixin.py:151} INFO - [2026-05-04T09:30:53.201+0000] {dag.py:3696} INFO - Setting next_dagrun for backfill_retail_pipeline to None, run_after=None
[2026-05-04T09:30:53.207+0000] {processor.py:179} INFO - Processing /opt/airflow/dags/backfill_retail_pipeline.py took 0.044 seconds
[2026-05-04T09:31:23.526+0000] {processor.py:157} INFO - Started process (PID=12909) to work on /opt/airflow/dags/backfill_retail_pipeline.py
[2026-05-04T09:31:23.529+0000] {processor.py:829} INFO - Processing file /opt/airflow/dags/backfill_retail_pipeline.py for tasks to queue
[2026-05-04T09:31:23.530+0000] {logging_mixin.py:151} INFO - [2026-05-04T09:31:23.529+0000] {dagbag.py:539} INFO - Filling up the DagBag from /opt/airflow/dags/backfill_retail_pipeline.py
[2026-05-04T09:31:23.539+0000] {processor.py:839} INFO - DAG(s) dict_keys(['backfill_retail_pipeline']) retrieved from /opt/airflow/dags/backfill_retail_pipeline.py
[2026-05-04T09:31:23.560+0000] {logging_mixin.py:151} INFO - [2026-05-04T09:31:23.560+0000] {dag.py:2915} INFO - Sync 1 DAGs
[2026-05-04T09:31:23.565+0000] {logging_mixin.py:151} INFO - [2026-05-04T09:31:23.565+0000] {dag.py:3696} INFO - Setting next_dagrun for backfill_retail_pipeline to None, run_after=None
[2026-05-04T09:31:23.572+0000] {processor.py:179} INFO - Processing /opt/airflow/dags/backfill_retail_pipeline.py took 0.050 seconds
[2026-05-04T09:31:53.926+0000] {processor.py:157} INFO - Started process (PID=12924) to work on /opt/airflow/dags/backfill_retail_pipeline.py
[2026-05-04T09:31:53.927+0000] {processor.py:829} INFO - Processing file /opt/airflow/dags/backfill_retail_pipeline.py for tasks to queue
[2026-05-04T09:31:53.927+0000] {logging_mixin.py:151} INFO - [2026-05-04T09:31:53.927+0000] {dagbag.py:539} INFO - Filling up the DagBag from /opt/airflow/dags/backfill_retail_pipeline.py
[2026-05-04T09:31:53.935+0000] {processor.py:839} INFO - DAG(s) dict_keys(['backfill_retail_pipeline']) retrieved from /opt/airflow/dags/backfill_retail_pipeline.py
[2026-05-04T09:31:53.951+0000] {logging_mixin.py:151} INFO - [2026-05-04T09:31:53.951+0000] {dag.py:2915} INFO - Sync 1 DAGs
[2026-05-04T09:31:53.957+0000] {logging_mixin.py:151} INFO - [2026-05-04T09:31:53.957+0000] {dag.py:3696} INFO - Setting next_dagrun for backfill_retail_pipeline to None, run_after=None
[2026-05-04T09:31:53.963+0000] {processor.py:179} INFO - Processing /opt/airflow/dags/backfill_retail_pipeline.py took 0.041 seconds
[2026-05-04T09:32:24.283+0000] {processor.py:157} INFO - Started process (PID=12939) to work on /opt/airflow/dags/backfill_retail_pipeline.py
[2026-05-04T09:32:24.287+0000] {processor.py:829} INFO - Processing file /opt/airflow/dags/backfill_retail_pipeline.py for tasks to queue
[2026-05-04T09:32:24.288+0000] {logging_mixin.py:151} INFO - [2026-05-04T09:32:24.288+0000] {dagbag.py:539} INFO - Filling up the DagBag from /opt/airflow/dags/backfill_retail_pipeline.py
[2026-05-04T09:32:24.296+0000] {processor.py:839} INFO - DAG(s) dict_keys(['backfill_retail_pipeline']) retrieved from /opt/airflow/dags/backfill_retail_pipeline.py
[2026-05-04T09:32:24.316+0000] {logging_mixin.py:151} INFO - [2026-05-04T09:32:24.315+0000] {dag.py:2915} INFO - Sync 1 DAGs
[2026-05-04T09:32:24.321+0000] {logging_mixin.py:151} INFO - [2026-05-04T09:32:24.321+0000] {dag.py:3696} INFO - Setting next_dagrun for backfill_retail_pipeline to None, run_after=None
[2026-05-04T09:32:24.327+0000] {processor.py:179} INFO - Processing /opt/airflow/dags/backfill_retail_pipeline.py took 0.048 seconds
[2026-05-04T09:32:54.703+0000] {processor.py:157} INFO - Started process (PID=12954) to work on /opt/airflow/dags/backfill_retail_pipeline.py
[2026-05-04T09:32:54.706+0000] {processor.py:829} INFO - Processing file /opt/airflow/dags/backfill_retail_pipeline.py for tasks to queue
[2026-05-04T09:32:54.707+0000] {logging_mixin.py:151} INFO - [2026-05-04T09:32:54.706+0000] {dagbag.py:539} INFO - Filling up the DagBag from /opt/airflow/dags/backfill_retail_pipeline.py
[2026-05-04T09:32:54.715+0000] {processor.py:839} INFO - DAG(s) dict_keys(['backfill_retail_pipeline']) retrieved from /opt/airflow/dags/backfill_retail_pipeline.py
[2026-05-04T09:32:54.734+0000] {logging_mixin.py:151} INFO - [2026-05-04T09:32:54.734+0000] {dag.py:2915} INFO - Sync 1 DAGs
[2026-05-04T09:32:54.740+0000] {logging_mixin.py:151} INFO - [2026-05-04T09:32:54.740+0000] {dag.py:3696} INFO - Setting next_dagrun for backfill_retail_pipeline to None, run_after=None
[2026-05-04T09:32:54.746+0000] {processor.py:179} INFO - Processing /opt/airflow/dags/backfill_retail_pipeline.py took 0.047 seconds
[2026-05-04T09:33:25.004+0000] {processor.py:157} INFO - Started process (PID=12969) to work on /opt/airflow/dags/backfill_retail_pipeline.py
[2026-05-04T09:33:25.008+0000] {processor.py:829} INFO - Processing file /opt/airflow/dags/backfill_retail_pipeline.py for tasks to queue
[2026-05-04T09:33:25.008+0000] {logging_mixin.py:151} INFO - [2026-05-04T09:33:25.008+0000] {dagbag.py:539} INFO - Filling up the DagBag from /opt/airflow/dags/backfill_retail_pipeline.py
[2026-05-04T09:33:25.017+0000] {processor.py:839} INFO - DAG(s) dict_keys(['backfill_retail_pipeline']) retrieved from /opt/airflow/dags/backfill_retail_pipeline.py
[2026-05-04T09:33:25.035+0000] {logging_mixin.py:151} INFO - [2026-05-04T09:33:25.035+0000] {dag.py:2915} INFO - Sync 1 DAGs
[2026-05-04T09:33:25.040+0000] {logging_mixin.py:151} INFO - [2026-05-04T09:33:25.040+0000] {dag.py:3696} INFO - Setting next_dagrun for backfill_retail_pipeline to None, run_after=None
[2026-05-04T09:33:25.046+0000] {processor.py:179} INFO - Processing /opt/airflow/dags/backfill_retail_pipeline.py took 0.046 seconds
[2026-05-04T09:33:55.280+0000] {processor.py:157} INFO - Started process (PID=12984) to work on /opt/airflow/dags/backfill_retail_pipeline.py
[2026-05-04T09:33:55.283+0000] {processor.py:829} INFO - Processing file /opt/airflow/dags/backfill_retail_pipeline.py for tasks to queue
[2026-05-04T09:33:55.284+0000] {logging_mixin.py:151} INFO - [2026-05-04T09:33:55.284+0000] {dagbag.py:539} INFO - Filling up the DagBag from /opt/airflow/dags/backfill_retail_pipeline.py
[2026-05-04T09:33:55.294+0000] {processor.py:839} INFO - DAG(s) dict_keys(['backfill_retail_pipeline']) retrieved from /opt/airflow/dags/backfill_retail_pipeline.py
[2026-05-04T09:33:55.315+0000] {logging_mixin.py:151} INFO - [2026-05-04T09:33:55.315+0000] {dag.py:2915} INFO - Sync 1 DAGs
[2026-05-04T09:33:55.320+0000] {logging_mixin.py:151} INFO - [2026-05-04T09:33:55.320+0000] {dag.py:3696} INFO - Setting next_dagrun for backfill_retail_pipeline to None, run_after=None
[2026-05-04T09:33:55.326+0000] {processor.py:179} INFO - Processing /opt/airflow/dags/backfill_retail_pipeline.py took 0.049 seconds
[2026-05-04T09:34:25.759+0000] {processor.py:157} INFO - Started process (PID=12999) to work on /opt/airflow/dags/backfill_retail_pipeline.py
[2026-05-04T09:34:25.763+0000] {processor.py:829} INFO - Processing file /opt/airflow/dags/backfill_retail_pipeline.py for tasks to queue
[2026-05-04T09:34:25.764+0000] {logging_mixin.py:151} INFO - [2026-05-04T09:34:25.764+0000] {dagbag.py:539} INFO - Filling up the DagBag from /opt/airflow/dags/backfill_retail_pipeline.py
[2026-05-04T09:34:25.778+0000] {processor.py:839} INFO - DAG(s) dict_keys(['backfill_retail_pipeline']) retrieved from /opt/airflow/dags/backfill_retail_pipeline.py
[2026-05-04T09:34:25.805+0000] {logging_mixin.py:151} INFO - [2026-05-04T09:34:25.805+0000] {dag.py:2915} INFO - Sync 1 DAGs
[2026-05-04T09:34:25.812+0000] {logging_mixin.py:151} INFO - [2026-05-04T09:34:25.812+0000] {dag.py:3696} INFO - Setting next_dagrun for backfill_retail_pipeline to None, run_after=None
[2026-05-04T09:34:25.823+0000] {processor.py:179} INFO - Processing /opt/airflow/dags/backfill_retail_pipeline.py took 0.068 seconds
[2026-05-04T09:34:56.081+0000] {processor.py:157} INFO - Started process (PID=13014) to work on /opt/airflow/dags/backfill_retail_pipeline.py
[2026-05-04T09:34:56.083+0000] {processor.py:829} INFO - Processing file /opt/airflow/dags/backfill_retail_pipeline.py for tasks to queue
[2026-05-04T09:34:56.084+0000] {logging_mixin.py:151} INFO - [2026-05-04T09:34:56.084+0000] {dagbag.py:539} INFO - Filling up the DagBag from /opt/airflow/dags/backfill_retail_pipeline.py
[2026-05-04T09:34:56.089+0000] {processor.py:839} INFO - DAG(s) dict_keys(['backfill_retail_pipeline']) retrieved from /opt/airflow/dags/backfill_retail_pipeline.py
[2026-05-04T09:34:56.102+0000] {logging_mixin.py:151} INFO - [2026-05-04T09:34:56.102+0000] {dag.py:2915} INFO - Sync 1 DAGs
[2026-05-04T09:34:56.107+0000] {logging_mixin.py:151} INFO - [2026-05-04T09:34:56.107+0000] {dag.py:3696} INFO - Setting next_dagrun for backfill_retail_pipeline to None, run_after=None
[2026-05-04T09:34:56.112+0000] {processor.py:179} INFO - Processing /opt/airflow/dags/backfill_retail_pipeline.py took 0.033 seconds
[2026-05-04T09:35:26.507+0000] {processor.py:157} INFO - Started process (PID=13029) to work on /opt/airflow/dags/backfill_retail_pipeline.py
[2026-05-04T09:35:26.511+0000] {processor.py:829} INFO - Processing file /opt/airflow/dags/backfill_retail_pipeline.py for tasks to queue
[2026-05-04T09:35:26.512+0000] {logging_mixin.py:151} INFO - [2026-05-04T09:35:26.512+0000] {dagbag.py:539} INFO - Filling up the DagBag from /opt/airflow/dags/backfill_retail_pipeline.py
[2026-05-04T09:35:26.529+0000] {processor.py:839} INFO - DAG(s) dict_keys(['backfill_retail_pipeline']) retrieved from /opt/airflow/dags/backfill_retail_pipeline.py
[2026-05-04T09:35:26.571+0000] {logging_mixin.py:151} INFO - [2026-05-04T09:35:26.571+0000] {dag.py:2915} INFO - Sync 1 DAGs
[2026-05-04T09:35:26.588+0000] {logging_mixin.py:151} INFO - [2026-05-04T09:35:26.588+0000] {dag.py:3696} INFO - Setting next_dagrun for backfill_retail_pipeline to None, run_after=None
[2026-05-04T09:35:26.597+0000] {processor.py:179} INFO - Processing /opt/airflow/dags/backfill_retail_pipeline.py took 0.101 seconds
[2026-05-04T09:35:57.065+0000] {processor.py:157} INFO - Started process (PID=13044) to work on /opt/airflow/dags/backfill_retail_pipeline.py
[2026-05-04T09:35:57.070+0000] {processor.py:829} INFO - Processing file /opt/airflow/dags/backfill_retail_pipeline.py for tasks to queue
[2026-05-04T09:35:57.071+0000] {logging_mixin.py:151} INFO - [2026-05-04T09:35:57.070+0000] {dagbag.py:539} INFO - Filling up the DagBag from /opt/airflow/dags/backfill_retail_pipeline.py
[2026-05-04T09:35:57.089+0000] {processor.py:839} INFO - DAG(s) dict_keys(['backfill_retail_pipeline']) retrieved from /opt/airflow/dags/backfill_retail_pipeline.py
[2026-05-04T09:35:57.114+0000] {logging_mixin.py:151} INFO - [2026-05-04T09:35:57.114+0000] {dag.py:2915} INFO - Sync 1 DAGs
[2026-05-04T09:35:57.121+0000] {logging_mixin.py:151} INFO - [2026-05-04T09:35:57.120+0000] {dag.py:3696} INFO - Setting next_dagrun for backfill_retail_pipeline to None, run_after=None
[2026-05-04T09:35:57.128+0000] {processor.py:179} INFO - Processing /opt/airflow/dags/backfill_retail_pipeline.py took 0.068 seconds
[2026-05-04T09:36:27.674+0000] {processor.py:157} INFO - Started process (PID=13059) to work on /opt/airflow/dags/backfill_retail_pipeline.py
[2026-05-04T09:36:27.676+0000] {processor.py:829} INFO - Processing file /opt/airflow/dags/backfill_retail_pipeline.py for tasks to queue
[2026-05-04T09:36:27.676+0000] {logging_mixin.py:151} INFO - [2026-05-04T09:36:27.676+0000] {dagbag.py:539} INFO - Filling up the DagBag from /opt/airflow/dags/backfill_retail_pipeline.py
[2026-05-04T09:36:27.700+0000] {processor.py:839} INFO - DAG(s) dict_keys(['backfill_retail_pipeline']) retrieved from /opt/airflow/dags/backfill_retail_pipeline.py
[2026-05-04T09:36:27.737+0000] {logging_mixin.py:151} INFO - [2026-05-04T09:36:27.737+0000] {dag.py:2915} INFO - Sync 1 DAGs
[2026-05-04T09:36:27.747+0000] {logging_mixin.py:151} INFO - [2026-05-04T09:36:27.747+0000] {dag.py:3696} INFO - Setting next_dagrun for backfill_retail_pipeline to None, run_after=None
[2026-05-04T09:36:27.756+0000] {processor.py:179} INFO - Processing /opt/airflow/dags/backfill_retail_pipeline.py took 0.096 seconds
[2026-05-04T09:36:58.108+0000] {processor.py:157} INFO - Started process (PID=13074) to work on /opt/airflow/dags/backfill_retail_pipeline.py
[2026-05-04T09:36:58.111+0000] {processor.py:829} INFO - Processing file /opt/airflow/dags/backfill_retail_pipeline.py for tasks to queue
[2026-05-04T09:36:58.112+0000] {logging_mixin.py:151} INFO - [2026-05-04T09:36:58.112+0000] {dagbag.py:539} INFO - Filling up the DagBag from /opt/airflow/dags/backfill_retail_pipeline.py
[2026-05-04T09:36:58.122+0000] {processor.py:839} INFO - DAG(s) dict_keys(['backfill_retail_pipeline']) retrieved from /opt/airflow/dags/backfill_retail_pipeline.py
[2026-05-04T09:36:58.141+0000] {logging_mixin.py:151} INFO - [2026-05-04T09:36:58.140+0000] {dag.py:2915} INFO - Sync 1 DAGs
[2026-05-04T09:36:58.146+0000] {logging_mixin.py:151} INFO - [2026-05-04T09:36:58.146+0000] {dag.py:3696} INFO - Setting next_dagrun for backfill_retail_pipeline to None, run_after=None
[2026-05-04T09:36:58.153+0000] {processor.py:179} INFO - Processing /opt/airflow/dags/backfill_retail_pipeline.py took 0.047 seconds
[2026-05-04T09:37:28.525+0000] {processor.py:157} INFO - Started process (PID=13089) to work on /opt/airflow/dags/backfill_retail_pipeline.py
[2026-05-04T09:37:28.525+0000] {processor.py:829} INFO - Processing file /opt/airflow/dags/backfill_retail_pipeline.py for tasks to queue
[2026-05-04T09:37:28.526+0000] {logging_mixin.py:151} INFO - [2026-05-04T09:37:28.526+0000] {dagbag.py:539} INFO - Filling up the DagBag from /opt/airflow/dags/backfill_retail_pipeline.py
[2026-05-04T09:37:28.535+0000] {processor.py:839} INFO - DAG(s) dict_keys(['backfill_retail_pipeline']) retrieved from /opt/airflow/dags/backfill_retail_pipeline.py
[2026-05-04T09:37:28.555+0000] {logging_mixin.py:151} INFO - [2026-05-04T09:37:28.555+0000] {dag.py:2915} INFO - Sync 1 DAGs
[2026-05-04T09:37:28.561+0000] {logging_mixin.py:151} INFO - [2026-05-04T09:37:28.561+0000] {dag.py:3696} INFO - Setting next_dagrun for backfill_retail_pipeline to None, run_after=None
[2026-05-04T09:37:28.567+0000] {processor.py:179} INFO - Processing /opt/airflow/dags/backfill_retail_pipeline.py took 0.045 seconds
[2026-05-04T09:37:58.873+0000] {processor.py:157} INFO - Started process (PID=13104) to work on /opt/airflow/dags/backfill_retail_pipeline.py
[2026-05-04T09:37:58.874+0000] {processor.py:829} INFO - Processing file /opt/airflow/dags/backfill_retail_pipeline.py for tasks to queue
[2026-05-04T09:37:58.874+0000] {logging_mixin.py:151} INFO - [2026-05-04T09:37:58.874+0000] {dagbag.py:539} INFO - Filling up the DagBag from /opt/airflow/dags/backfill_retail_pipeline.py
[2026-05-04T09:37:58.883+0000] {processor.py:839} INFO - DAG(s) dict_keys(['backfill_retail_pipeline']) retrieved from /opt/airflow/dags/backfill_retail_pipeline.py
[2026-05-04T09:37:58.906+0000] {logging_mixin.py:151} INFO - [2026-05-04T09:37:58.906+0000] {dag.py:2915} INFO - Sync 1 DAGs
[2026-05-04T09:37:58.911+0000] {logging_mixin.py:151} INFO - [2026-05-04T09:37:58.911+0000] {dag.py:3696} INFO - Setting next_dagrun for backfill_retail_pipeline to None, run_after=None
[2026-05-04T09:37:58.918+0000] {processor.py:179} INFO - Processing /opt/airflow/dags/backfill_retail_pipeline.py took 0.048 seconds
[2026-05-04T09:38:29.255+0000] {processor.py:157} INFO - Started process (PID=13119) to work on /opt/airflow/dags/backfill_retail_pipeline.py
[2026-05-04T09:38:29.256+0000] {processor.py:829} INFO - Processing file /opt/airflow/dags/backfill_retail_pipeline.py for tasks to queue
[2026-05-04T09:38:29.257+0000] {logging_mixin.py:151} INFO - [2026-05-04T09:38:29.256+0000] {dagbag.py:539} INFO - Filling up the DagBag from /opt/airflow/dags/backfill_retail_pipeline.py
[2026-05-04T09:38:29.265+0000] {processor.py:839} INFO - DAG(s) dict_keys(['backfill_retail_pipeline']) retrieved from /opt/airflow/dags/backfill_retail_pipeline.py
[2026-05-04T09:38:29.284+0000] {logging_mixin.py:151} INFO - [2026-05-04T09:38:29.283+0000] {dag.py:2915} INFO - Sync 1 DAGs
[2026-05-04T09:38:29.289+0000] {logging_mixin.py:151} INFO - [2026-05-04T09:38:29.289+0000] {dag.py:3696} INFO - Setting next_dagrun for backfill_retail_pipeline to None, run_after=None
[2026-05-04T09:38:29.295+0000] {processor.py:179} INFO - Processing /opt/airflow/dags/backfill_retail_pipeline.py took 0.043 seconds
[2026-05-04T09:38:59.528+0000] {processor.py:157} INFO - Started process (PID=13134) to work on /opt/airflow/dags/backfill_retail_pipeline.py
[2026-05-04T09:38:59.529+0000] {processor.py:829} INFO - Processing file /opt/airflow/dags/backfill_retail_pipeline.py for tasks to queue
[2026-05-04T09:38:59.530+0000] {logging_mixin.py:151} INFO - [2026-05-04T09:38:59.529+0000] {dagbag.py:539} INFO - Filling up the DagBag from /opt/airflow/dags/backfill_retail_pipeline.py
[2026-05-04T09:38:59.538+0000] {processor.py:839} INFO - DAG(s) dict_keys(['backfill_retail_pipeline']) retrieved from /opt/airflow/dags/backfill_retail_pipeline.py
[2026-05-04T09:38:59.559+0000] {logging_mixin.py:151} INFO - [2026-05-04T09:38:59.558+0000] {dag.py:2915} INFO - Sync 1 DAGs
[2026-05-04T09:38:59.564+0000] {logging_mixin.py:151} INFO - [2026-05-04T09:38:59.564+0000] {dag.py:3696} INFO - Setting next_dagrun for backfill_retail_pipeline to None, run_after=None
[2026-05-04T09:38:59.572+0000] {processor.py:179} INFO - Processing /opt/airflow/dags/backfill_retail_pipeline.py took 0.048 seconds
[2026-05-04T09:39:29.921+0000] {processor.py:157} INFO - Started process (PID=13149) to work on /opt/airflow/dags/backfill_retail_pipeline.py
[2026-05-04T09:39:29.922+0000] {processor.py:829} INFO - Processing file /opt/airflow/dags/backfill_retail_pipeline.py for tasks to queue
[2026-05-04T09:39:29.923+0000] {logging_mixin.py:151} INFO - [2026-05-04T09:39:29.923+0000] {dagbag.py:539} INFO - Filling up the DagBag from /opt/airflow/dags/backfill_retail_pipeline.py
[2026-05-04T09:39:29.932+0000] {processor.py:839} INFO - DAG(s) dict_keys(['backfill_retail_pipeline']) retrieved from /opt/airflow/dags/backfill_retail_pipeline.py
[2026-05-04T09:39:29.954+0000] {logging_mixin.py:151} INFO - [2026-05-04T09:39:29.954+0000] {dag.py:2915} INFO - Sync 1 DAGs
[2026-05-04T09:39:29.960+0000] {logging_mixin.py:151} INFO - [2026-05-04T09:39:29.960+0000] {dag.py:3696} INFO - Setting next_dagrun for backfill_retail_pipeline to None, run_after=None
[2026-05-04T09:39:29.968+0000] {processor.py:179} INFO - Processing /opt/airflow/dags/backfill_retail_pipeline.py took 0.053 seconds
[2026-05-04T09:40:00.272+0000] {processor.py:157} INFO - Started process (PID=13164) to work on /opt/airflow/dags/backfill_retail_pipeline.py
[2026-05-04T09:40:00.273+0000] {processor.py:829} INFO - Processing file /opt/airflow/dags/backfill_retail_pipeline.py for tasks to queue
[2026-05-04T09:40:00.274+0000] {logging_mixin.py:151} INFO - [2026-05-04T09:40:00.274+0000] {dagbag.py:539} INFO - Filling up the DagBag from /opt/airflow/dags/backfill_retail_pipeline.py
[2026-05-04T09:40:00.283+0000] {processor.py:839} INFO - DAG(s) dict_keys(['backfill_retail_pipeline']) retrieved from /opt/airflow/dags/backfill_retail_pipeline.py
[2026-05-04T09:40:00.303+0000] {logging_mixin.py:151} INFO - [2026-05-04T09:40:00.303+0000] {dag.py:2915} INFO - Sync 1 DAGs
[2026-05-04T09:40:00.309+0000] {logging_mixin.py:151} INFO - [2026-05-04T09:40:00.308+0000] {dag.py:3696} INFO - Setting next_dagrun for backfill_retail_pipeline to None, run_after=None
[2026-05-04T09:40:00.315+0000] {processor.py:179} INFO - Processing /opt/airflow/dags/backfill_retail_pipeline.py took 0.046 seconds
[2026-05-04T09:40:30.538+0000] {processor.py:157} INFO - Started process (PID=13179) to work on /opt/airflow/dags/backfill_retail_pipeline.py
[2026-05-04T09:40:30.539+0000] {processor.py:829} INFO - Processing file /opt/airflow/dags/backfill_retail_pipeline.py for tasks to queue
[2026-05-04T09:40:30.539+0000] {logging_mixin.py:151} INFO - [2026-05-04T09:40:30.539+0000] {dagbag.py:539} INFO - Filling up the DagBag from /opt/airflow/dags/backfill_retail_pipeline.py
[2026-05-04T09:40:30.548+0000] {processor.py:839} INFO - DAG(s) dict_keys(['backfill_retail_pipeline']) retrieved from /opt/airflow/dags/backfill_retail_pipeline.py
[2026-05-04T09:40:30.567+0000] {logging_mixin.py:151} INFO - [2026-05-04T09:40:30.567+0000] {dag.py:2915} INFO - Sync 1 DAGs
[2026-05-04T09:40:30.573+0000] {logging_mixin.py:151} INFO - [2026-05-04T09:40:30.573+0000] {dag.py:3696} INFO - Setting next_dagrun for backfill_retail_pipeline to None, run_after=None
[2026-05-04T09:40:30.579+0000] {processor.py:179} INFO - Processing /opt/airflow/dags/backfill_retail_pipeline.py took 0.045 seconds
[2026-05-04T09:41:00.840+0000] {processor.py:157} INFO - Started process (PID=13194) to work on /opt/airflow/dags/backfill_retail_pipeline.py
[2026-05-04T09:41:00.841+0000] {processor.py:829} INFO - Processing file /opt/airflow/dags/backfill_retail_pipeline.py for tasks to queue
[2026-05-04T09:41:00.842+0000] {logging_mixin.py:151} INFO - [2026-05-04T09:41:00.841+0000] {dagbag.py:539} INFO - Filling up the DagBag from /opt/airflow/dags/backfill_retail_pipeline.py
[2026-05-04T09:41:00.854+0000] {processor.py:839} INFO - DAG(s) dict_keys(['backfill_retail_pipeline']) retrieved from /opt/airflow/dags/backfill_retail_pipeline.py
[2026-05-04T09:41:00.881+0000] {logging_mixin.py:151} INFO - [2026-05-04T09:41:00.880+0000] {dag.py:2915} INFO - Sync 1 DAGs
[2026-05-04T09:41:00.888+0000] {logging_mixin.py:151} INFO - [2026-05-04T09:41:00.888+0000] {dag.py:3696} INFO - Setting next_dagrun for backfill_retail_pipeline to None, run_after=None
[2026-05-04T09:41:00.895+0000] {processor.py:179} INFO - Processing /opt/airflow/dags/backfill_retail_pipeline.py took 0.058 seconds
[2026-05-04T09:41:31.168+0000] {processor.py:157} INFO - Started process (PID=13209) to work on /opt/airflow/dags/backfill_retail_pipeline.py
[2026-05-04T09:41:31.169+0000] {processor.py:829} INFO - Processing file /opt/airflow/dags/backfill_retail_pipeline.py for tasks to queue
[2026-05-04T09:41:31.170+0000] {logging_mixin.py:151} INFO - [2026-05-04T09:41:31.170+0000] {dagbag.py:539} INFO - Filling up the DagBag from /opt/airflow/dags/backfill_retail_pipeline.py
[2026-05-04T09:41:31.180+0000] {processor.py:839} INFO - DAG(s) dict_keys(['backfill_retail_pipeline']) retrieved from /opt/airflow/dags/backfill_retail_pipeline.py
[2026-05-04T09:41:31.201+0000] {logging_mixin.py:151} INFO - [2026-05-04T09:41:31.201+0000] {dag.py:2915} INFO - Sync 1 DAGs
[2026-05-04T09:41:31.207+0000] {logging_mixin.py:151} INFO - [2026-05-04T09:41:31.207+0000] {dag.py:3696} INFO - Setting next_dagrun for backfill_retail_pipeline to None, run_after=None
[2026-05-04T09:41:31.213+0000] {processor.py:179} INFO - Processing /opt/airflow/dags/backfill_retail_pipeline.py took 0.049 seconds
[2026-05-04T09:42:01.600+0000] {processor.py:157} INFO - Started process (PID=13224) to work on /opt/airflow/dags/backfill_retail_pipeline.py
[2026-05-04T09:42:01.604+0000] {processor.py:829} INFO - Processing file /opt/airflow/dags/backfill_retail_pipeline.py for tasks to queue
[2026-05-04T09:42:01.605+0000] {logging_mixin.py:151} INFO - [2026-05-04T09:42:01.604+0000] {dagbag.py:539} INFO - Filling up the DagBag from /opt/airflow/dags/backfill_retail_pipeline.py
[2026-05-04T09:42:01.613+0000] {processor.py:839} INFO - DAG(s) dict_keys(['backfill_retail_pipeline']) retrieved from /opt/airflow/dags/backfill_retail_pipeline.py
[2026-05-04T09:42:01.632+0000] {logging_mixin.py:151} INFO - [2026-05-04T09:42:01.632+0000] {dag.py:2915} INFO - Sync 1 DAGs
[2026-05-04T09:42:01.639+0000] {logging_mixin.py:151} INFO - [2026-05-04T09:42:01.639+0000] {dag.py:3696} INFO - Setting next_dagrun for backfill_retail_pipeline to None, run_after=None
[2026-05-04T09:42:01.646+0000] {processor.py:179} INFO - Processing /opt/airflow/dags/backfill_retail_pipeline.py took 0.050 seconds
[2026-05-04T09:42:31.989+0000] {processor.py:157} INFO - Started process (PID=13239) to work on /opt/airflow/dags/backfill_retail_pipeline.py
[2026-05-04T09:42:31.992+0000] {processor.py:829} INFO - Processing file /opt/airflow/dags/backfill_retail_pipeline.py for tasks to queue
[2026-05-04T09:42:31.993+0000] {logging_mixin.py:151} INFO - [2026-05-04T09:42:31.993+0000] {dagbag.py:539} INFO - Filling up the DagBag from /opt/airflow/dags/backfill_retail_pipeline.py
[2026-05-04T09:42:32.002+0000] {processor.py:839} INFO - DAG(s) dict_keys(['backfill_retail_pipeline']) retrieved from /opt/airflow/dags/backfill_retail_pipeline.py
[2026-05-04T09:42:32.023+0000] {logging_mixin.py:151} INFO - [2026-05-04T09:42:32.023+0000] {dag.py:2915} INFO - Sync 1 DAGs
[2026-05-04T09:42:32.029+0000] {logging_mixin.py:151} INFO - [2026-05-04T09:42:32.028+0000] {dag.py:3696} INFO - Setting next_dagrun for backfill_retail_pipeline to None, run_after=None
[2026-05-04T09:42:32.035+0000] {processor.py:179} INFO - Processing /opt/airflow/dags/backfill_retail_pipeline.py took 0.051 seconds
[2026-05-04T09:43:02.370+0000] {processor.py:157} INFO - Started process (PID=13254) to work on /opt/airflow/dags/backfill_retail_pipeline.py
[2026-05-04T09:43:02.373+0000] {processor.py:829} INFO - Processing file /opt/airflow/dags/backfill_retail_pipeline.py for tasks to queue
[2026-05-04T09:43:02.374+0000] {logging_mixin.py:151} INFO - [2026-05-04T09:43:02.373+0000] {dagbag.py:539} INFO - Filling up the DagBag from /opt/airflow/dags/backfill_retail_pipeline.py
[2026-05-04T09:43:02.382+0000] {processor.py:839} INFO - DAG(s) dict_keys(['backfill_retail_pipeline']) retrieved from /opt/airflow/dags/backfill_retail_pipeline.py
[2026-05-04T09:43:02.401+0000] {logging_mixin.py:151} INFO - [2026-05-04T09:43:02.401+0000] {dag.py:2915} INFO - Sync 1 DAGs
[2026-05-04T09:43:02.406+0000] {logging_mixin.py:151} INFO - [2026-05-04T09:43:02.406+0000] {dag.py:3696} INFO - Setting next_dagrun for backfill_retail_pipeline to None, run_after=None
[2026-05-04T09:43:02.412+0000] {processor.py:179} INFO - Processing /opt/airflow/dags/backfill_retail_pipeline.py took 0.047 seconds
[2026-05-04T09:43:32.696+0000] {processor.py:157} INFO - Started process (PID=13269) to work on /opt/airflow/dags/backfill_retail_pipeline.py
[2026-05-04T09:43:32.701+0000] {processor.py:829} INFO - Processing file /opt/airflow/dags/backfill_retail_pipeline.py for tasks to queue
[2026-05-04T09:43:32.703+0000] {logging_mixin.py:151} INFO - [2026-05-04T09:43:32.702+0000] {dagbag.py:539} INFO - Filling up the DagBag from /opt/airflow/dags/backfill_retail_pipeline.py
[2026-05-04T09:43:32.729+0000] {processor.py:839} INFO - DAG(s) dict_keys(['backfill_retail_pipeline']) retrieved from /opt/airflow/dags/backfill_retail_pipeline.py
[2026-05-04T09:43:32.767+0000] {logging_mixin.py:151} INFO - [2026-05-04T09:43:32.767+0000] {dag.py:2915} INFO - Sync 1 DAGs
[2026-05-04T09:43:32.775+0000] {logging_mixin.py:151} INFO - [2026-05-04T09:43:32.775+0000] {dag.py:3696} INFO - Setting next_dagrun for backfill_retail_pipeline to None, run_after=None
[2026-05-04T09:43:32.785+0000] {processor.py:179} INFO - Processing /opt/airflow/dags/backfill_retail_pipeline.py took 0.101 seconds
[2026-05-04T09:44:03.122+0000] {processor.py:157} INFO - Started process (PID=13284) to work on /opt/airflow/dags/backfill_retail_pipeline.py
[2026-05-04T09:44:03.126+0000] {processor.py:829} INFO - Processing file /opt/airflow/dags/backfill_retail_pipeline.py for tasks to queue
[2026-05-04T09:44:03.127+0000] {logging_mixin.py:151} INFO - [2026-05-04T09:44:03.126+0000] {dagbag.py:539} INFO - Filling up the DagBag from /opt/airflow/dags/backfill_retail_pipeline.py
[2026-05-04T09:44:03.150+0000] {processor.py:839} INFO - DAG(s) dict_keys(['backfill_retail_pipeline']) retrieved from /opt/airflow/dags/backfill_retail_pipeline.py
[2026-05-04T09:44:03.186+0000] {logging_mixin.py:151} INFO - [2026-05-04T09:44:03.185+0000] {dag.py:2915} INFO - Sync 1 DAGs
[2026-05-04T09:44:03.194+0000] {logging_mixin.py:151} INFO - [2026-05-04T09:44:03.194+0000] {dag.py:3696} INFO - Setting next_dagrun for backfill_retail_pipeline to None, run_after=None
[2026-05-04T09:44:03.203+0000] {processor.py:179} INFO - Processing /opt/airflow/dags/backfill_retail_pipeline.py took 0.091 seconds
[2026-05-04T09:44:33.612+0000] {processor.py:157} INFO - Started process (PID=13299) to work on /opt/airflow/dags/backfill_retail_pipeline.py
[2026-05-04T09:44:33.614+0000] {processor.py:829} INFO - Processing file /opt/airflow/dags/backfill_retail_pipeline.py for tasks to queue
[2026-05-04T09:44:33.615+0000] {logging_mixin.py:151} INFO - [2026-05-04T09:44:33.614+0000] {dagbag.py:539} INFO - Filling up the DagBag from /opt/airflow/dags/backfill_retail_pipeline.py
[2026-05-04T09:44:33.632+0000] {processor.py:839} INFO - DAG(s) dict_keys(['backfill_retail_pipeline']) retrieved from /opt/airflow/dags/backfill_retail_pipeline.py
[2026-05-04T09:44:33.666+0000] {logging_mixin.py:151} INFO - [2026-05-04T09:44:33.666+0000] {dag.py:2915} INFO - Sync 1 DAGs
[2026-05-04T09:44:33.675+0000] {logging_mixin.py:151} INFO - [2026-05-04T09:44:33.675+0000] {dag.py:3696} INFO - Setting next_dagrun for backfill_retail_pipeline to None, run_after=None
[2026-05-04T09:44:33.686+0000] {processor.py:179} INFO - Processing /opt/airflow/dags/backfill_retail_pipeline.py took 0.083 seconds
[2026-05-04T09:45:04.034+0000] {processor.py:157} INFO - Started process (PID=13314) to work on /opt/airflow/dags/backfill_retail_pipeline.py
[2026-05-04T09:45:04.035+0000] {processor.py:829} INFO - Processing file /opt/airflow/dags/backfill_retail_pipeline.py for tasks to queue
[2026-05-04T09:45:04.036+0000] {logging_mixin.py:151} INFO - [2026-05-04T09:45:04.036+0000] {dagbag.py:539} INFO - Filling up the DagBag from /opt/airflow/dags/backfill_retail_pipeline.py
[2026-05-04T09:45:04.041+0000] {processor.py:839} INFO - DAG(s) dict_keys(['backfill_retail_pipeline']) retrieved from /opt/airflow/dags/backfill_retail_pipeline.py
[2026-05-04T09:45:04.057+0000] {logging_mixin.py:151} INFO - [2026-05-04T09:45:04.057+0000] {dag.py:2915} INFO - Sync 1 DAGs
[2026-05-04T09:45:04.062+0000] {logging_mixin.py:151} INFO - [2026-05-04T09:45:04.062+0000] {dag.py:3696} INFO - Setting next_dagrun for backfill_retail_pipeline to None, run_after=None
[2026-05-04T09:45:04.068+0000] {processor.py:179} INFO - Processing /opt/airflow/dags/backfill_retail_pipeline.py took 0.036 seconds
[2026-05-04T09:45:34.265+0000] {processor.py:157} INFO - Started process (PID=13329) to work on /opt/airflow/dags/backfill_retail_pipeline.py
[2026-05-04T09:45:34.266+0000] {processor.py:829} INFO - Processing file /opt/airflow/dags/backfill_retail_pipeline.py for tasks to queue
[2026-05-04T09:45:34.267+0000] {logging_mixin.py:151} INFO - [2026-05-04T09:45:34.267+0000] {dagbag.py:539} INFO - Filling up the DagBag from /opt/airflow/dags/backfill_retail_pipeline.py
[2026-05-04T09:45:34.275+0000] {processor.py:839} INFO - DAG(s) dict_keys(['backfill_retail_pipeline']) retrieved from /opt/airflow/dags/backfill_retail_pipeline.py
[2026-05-04T09:45:34.294+0000] {logging_mixin.py:151} INFO - [2026-05-04T09:45:34.294+0000] {dag.py:2915} INFO - Sync 1 DAGs
[2026-05-04T09:45:34.301+0000] {logging_mixin.py:151} INFO - [2026-05-04T09:45:34.301+0000] {dag.py:3696} INFO - Setting next_dagrun for backfill_retail_pipeline to None, run_after=None
[2026-05-04T09:45:34.308+0000] {processor.py:179} INFO - Processing /opt/airflow/dags/backfill_retail_pipeline.py took 0.046 seconds
[2026-05-04T09:46:04.714+0000] {processor.py:157} INFO - Started process (PID=13344) to work on /opt/airflow/dags/backfill_retail_pipeline.py
[2026-05-04T09:46:04.715+0000] {processor.py:829} INFO - Processing file /opt/airflow/dags/backfill_retail_pipeline.py for tasks to queue
[2026-05-04T09:46:04.716+0000] {logging_mixin.py:151} INFO - [2026-05-04T09:46:04.716+0000] {dagbag.py:539} INFO - Filling up the DagBag from /opt/airflow/dags/backfill_retail_pipeline.py
[2026-05-04T09:46:04.724+0000] {processor.py:839} INFO - DAG(s) dict_keys(['backfill_retail_pipeline']) retrieved from /opt/airflow/dags/backfill_retail_pipeline.py
[2026-05-04T09:46:04.745+0000] {logging_mixin.py:151} INFO - [2026-05-04T09:46:04.745+0000] {dag.py:2915} INFO - Sync 1 DAGs
[2026-05-04T09:46:04.751+0000] {logging_mixin.py:151} INFO - [2026-05-04T09:46:04.751+0000] {dag.py:3696} INFO - Setting next_dagrun for backfill_retail_pipeline to None, run_after=None
[2026-05-04T09:46:04.758+0000] {processor.py:179} INFO - Processing /opt/airflow/dags/backfill_retail_pipeline.py took 0.048 seconds
[2026-05-04T09:46:35.190+0000] {processor.py:157} INFO - Started process (PID=13359) to work on /opt/airflow/dags/backfill_retail_pipeline.py
[2026-05-04T09:46:35.191+0000] {processor.py:829} INFO - Processing file /opt/airflow/dags/backfill_retail_pipeline.py for tasks to queue
[2026-05-04T09:46:35.192+0000] {logging_mixin.py:151} INFO - [2026-05-04T09:46:35.192+0000] {dagbag.py:539} INFO - Filling up the DagBag from /opt/airflow/dags/backfill_retail_pipeline.py
[2026-05-04T09:46:35.211+0000] {processor.py:839} INFO - DAG(s) dict_keys(['backfill_retail_pipeline']) retrieved from /opt/airflow/dags/backfill_retail_pipeline.py
[2026-05-04T09:46:35.243+0000] {logging_mixin.py:151} INFO - [2026-05-04T09:46:35.243+0000] {dag.py:2915} INFO - Sync 1 DAGs
[2026-05-04T09:46:35.252+0000] {logging_mixin.py:151} INFO - [2026-05-04T09:46:35.252+0000] {dag.py:3696} INFO - Setting next_dagrun for backfill_retail_pipeline to None, run_after=None
[2026-05-04T09:46:35.261+0000] {processor.py:179} INFO - Processing /opt/airflow/dags/backfill_retail_pipeline.py took 0.077 seconds
[2026-05-04T09:47:05.519+0000] {processor.py:157} INFO - Started process (PID=13374) to work on /opt/airflow/dags/backfill_retail_pipeline.py
[2026-05-04T09:47:05.522+0000] {processor.py:829} INFO - Processing file /opt/airflow/dags/backfill_retail_pipeline.py for tasks to queue
[2026-05-04T09:47:05.523+0000] {logging_mixin.py:151} INFO - [2026-05-04T09:47:05.523+0000] {dagbag.py:539} INFO - Filling up the DagBag from /opt/airflow/dags/backfill_retail_pipeline.py
[2026-05-04T09:47:05.532+0000] {processor.py:839} INFO - DAG(s) dict_keys(['backfill_retail_pipeline']) retrieved from /opt/airflow/dags/backfill_retail_pipeline.py
[2026-05-04T09:47:05.553+0000] {logging_mixin.py:151} INFO - [2026-05-04T09:47:05.553+0000] {dag.py:2915} INFO - Sync 1 DAGs
[2026-05-04T09:47:05.559+0000] {logging_mixin.py:151} INFO - [2026-05-04T09:47:05.559+0000] {dag.py:3696} INFO - Setting next_dagrun for backfill_retail_pipeline to None, run_after=None
[2026-05-04T09:47:05.565+0000] {processor.py:179} INFO - Processing /opt/airflow/dags/backfill_retail_pipeline.py took 0.049 seconds
[2026-05-04T09:47:35.799+0000] {processor.py:157} INFO - Started process (PID=13389) to work on /opt/airflow/dags/backfill_retail_pipeline.py
[2026-05-04T09:47:35.800+0000] {processor.py:829} INFO - Processing file /opt/airflow/dags/backfill_retail_pipeline.py for tasks to queue
[2026-05-04T09:47:35.801+0000] {logging_mixin.py:151} INFO - [2026-05-04T09:47:35.800+0000] {dagbag.py:539} INFO - Filling up the DagBag from /opt/airflow/dags/backfill_retail_pipeline.py
[2026-05-04T09:47:35.809+0000] {processor.py:839} INFO - DAG(s) dict_keys(['backfill_retail_pipeline']) retrieved from /opt/airflow/dags/backfill_retail_pipeline.py
[2026-05-04T09:47:35.829+0000] {logging_mixin.py:151} INFO - [2026-05-04T09:47:35.828+0000] {dag.py:2915} INFO - Sync 1 DAGs
[2026-05-04T09:47:35.834+0000] {logging_mixin.py:151} INFO - [2026-05-04T09:47:35.834+0000] {dag.py:3696} INFO - Setting next_dagrun for backfill_retail_pipeline to None, run_after=None
[2026-05-04T09:47:35.841+0000] {processor.py:179} INFO - Processing /opt/airflow/dags/backfill_retail_pipeline.py took 0.046 seconds
[2026-05-04T09:48:06.252+0000] {processor.py:157} INFO - Started process (PID=13404) to work on /opt/airflow/dags/backfill_retail_pipeline.py
[2026-05-04T09:48:06.254+0000] {processor.py:829} INFO - Processing file /opt/airflow/dags/backfill_retail_pipeline.py for tasks to queue
[2026-05-04T09:48:06.255+0000] {logging_mixin.py:151} INFO - [2026-05-04T09:48:06.254+0000] {dagbag.py:539} INFO - Filling up the DagBag from /opt/airflow/dags/backfill_retail_pipeline.py
[2026-05-04T09:48:06.281+0000] {processor.py:839} INFO - DAG(s) dict_keys(['backfill_retail_pipeline']) retrieved from /opt/airflow/dags/backfill_retail_pipeline.py
[2026-05-04T09:48:06.315+0000] {logging_mixin.py:151} INFO - [2026-05-04T09:48:06.315+0000] {dag.py:2915} INFO - Sync 1 DAGs
[2026-05-04T09:48:06.335+0000] {logging_mixin.py:151} INFO - [2026-05-04T09:48:06.335+0000] {dag.py:3696} INFO - Setting next_dagrun for backfill_retail_pipeline to None, run_after=None
[2026-05-04T09:48:06.344+0000] {processor.py:179} INFO - Processing /opt/airflow/dags/backfill_retail_pipeline.py took 0.101 seconds
[2026-05-04T09:48:36.629+0000] {processor.py:157} INFO - Started process (PID=13419) to work on /opt/airflow/dags/backfill_retail_pipeline.py
[2026-05-04T09:48:36.633+0000] {processor.py:829} INFO - Processing file /opt/airflow/dags/backfill_retail_pipeline.py for tasks to queue
[2026-05-04T09:48:36.633+0000] {logging_mixin.py:151} INFO - [2026-05-04T09:48:36.633+0000] {dagbag.py:539} INFO - Filling up the DagBag from /opt/airflow/dags/backfill_retail_pipeline.py
[2026-05-04T09:48:36.641+0000] {processor.py:839} INFO - DAG(s) dict_keys(['backfill_retail_pipeline']) retrieved from /opt/airflow/dags/backfill_retail_pipeline.py
[2026-05-04T09:48:36.661+0000] {logging_mixin.py:151} INFO - [2026-05-04T09:48:36.661+0000] {dag.py:2915} INFO - Sync 1 DAGs
[2026-05-04T09:48:36.666+0000] {logging_mixin.py:151} INFO - [2026-05-04T09:48:36.666+0000] {dag.py:3696} INFO - Setting next_dagrun for backfill_retail_pipeline to None, run_after=None
[2026-05-04T09:48:36.674+0000] {processor.py:179} INFO - Processing /opt/airflow/dags/backfill_retail_pipeline.py took 0.047 seconds
[2026-05-04T09:49:07.016+0000] {processor.py:157} INFO - Started process (PID=13434) to work on /opt/airflow/dags/backfill_retail_pipeline.py
[2026-05-04T09:49:07.019+0000] {processor.py:829} INFO - Processing file /opt/airflow/dags/backfill_retail_pipeline.py for tasks to queue
[2026-05-04T09:49:07.019+0000] {logging_mixin.py:151} INFO - [2026-05-04T09:49:07.019+0000] {dagbag.py:539} INFO - Filling up the DagBag from /opt/airflow/dags/backfill_retail_pipeline.py
[2026-05-04T09:49:07.028+0000] {processor.py:839} INFO - DAG(s) dict_keys(['backfill_retail_pipeline']) retrieved from /opt/airflow/dags/backfill_retail_pipeline.py
[2026-05-04T09:49:07.048+0000] {logging_mixin.py:151} INFO - [2026-05-04T09:49:07.048+0000] {dag.py:2915} INFO - Sync 1 DAGs
[2026-05-04T09:49:07.053+0000] {logging_mixin.py:151} INFO - [2026-05-04T09:49:07.053+0000] {dag.py:3696} INFO - Setting next_dagrun for backfill_retail_pipeline to None, run_after=None
[2026-05-04T09:49:07.060+0000] {processor.py:179} INFO - Processing /opt/airflow/dags/backfill_retail_pipeline.py took 0.046 seconds
[2026-05-04T09:49:37.504+0000] {processor.py:157} INFO - Started process (PID=13449) to work on /opt/airflow/dags/backfill_retail_pipeline.py
[2026-05-04T09:49:37.505+0000] {processor.py:829} INFO - Processing file /opt/airflow/dags/backfill_retail_pipeline.py for tasks to queue
[2026-05-04T09:49:37.506+0000] {logging_mixin.py:151} INFO - [2026-05-04T09:49:37.506+0000] {dagbag.py:539} INFO - Filling up the DagBag from /opt/airflow/dags/backfill_retail_pipeline.py
[2026-05-04T09:49:37.532+0000] {processor.py:839} INFO - DAG(s) dict_keys(['backfill_retail_pipeline']) retrieved from /opt/airflow/dags/backfill_retail_pipeline.py
[2026-05-04T09:49:37.580+0000] {logging_mixin.py:151} INFO - [2026-05-04T09:49:37.580+0000] {dag.py:2915} INFO - Sync 1 DAGs
[2026-05-04T09:49:37.594+0000] {logging_mixin.py:151} INFO - [2026-05-04T09:49:37.594+0000] {dag.py:3696} INFO - Setting next_dagrun for backfill_retail_pipeline to None, run_after=None
[2026-05-04T09:49:37.605+0000] {processor.py:179} INFO - Processing /opt/airflow/dags/backfill_retail_pipeline.py took 0.110 seconds
[2026-05-04T09:50:07.862+0000] {processor.py:157} INFO - Started process (PID=13464) to work on /opt/airflow/dags/backfill_retail_pipeline.py
[2026-05-04T09:50:07.866+0000] {processor.py:829} INFO - Processing file /opt/airflow/dags/backfill_retail_pipeline.py for tasks to queue
[2026-05-04T09:50:07.867+0000] {logging_mixin.py:151} INFO - [2026-05-04T09:50:07.866+0000] {dagbag.py:539} INFO - Filling up the DagBag from /opt/airflow/dags/backfill_retail_pipeline.py
[2026-05-04T09:50:07.879+0000] {processor.py:839} INFO - DAG(s) dict_keys(['backfill_retail_pipeline']) retrieved from /opt/airflow/dags/backfill_retail_pipeline.py
[2026-05-04T09:50:07.901+0000] {logging_mixin.py:151} INFO - [2026-05-04T09:50:07.901+0000] {dag.py:2915} INFO - Sync 1 DAGs
[2026-05-04T09:50:07.906+0000] {logging_mixin.py:151} INFO - [2026-05-04T09:50:07.906+0000] {dag.py:3696} INFO - Setting next_dagrun for backfill_retail_pipeline to None, run_after=None
[2026-05-04T09:50:07.912+0000] {processor.py:179} INFO - Processing /opt/airflow/dags/backfill_retail_pipeline.py took 0.056 seconds
[2026-05-04T09:50:38.277+0000] {processor.py:157} INFO - Started process (PID=13479) to work on /opt/airflow/dags/backfill_retail_pipeline.py
[2026-05-04T09:50:38.280+0000] {processor.py:829} INFO - Processing file /opt/airflow/dags/backfill_retail_pipeline.py for tasks to queue
[2026-05-04T09:50:38.281+0000] {logging_mixin.py:151} INFO - [2026-05-04T09:50:38.281+0000] {dagbag.py:539} INFO - Filling up the DagBag from /opt/airflow/dags/backfill_retail_pipeline.py
[2026-05-04T09:50:38.290+0000] {processor.py:839} INFO - DAG(s) dict_keys(['backfill_retail_pipeline']) retrieved from /opt/airflow/dags/backfill_retail_pipeline.py
[2026-05-04T09:50:38.309+0000] {logging_mixin.py:151} INFO - [2026-05-04T09:50:38.309+0000] {dag.py:2915} INFO - Sync 1 DAGs
[2026-05-04T09:50:38.314+0000] {logging_mixin.py:151} INFO - [2026-05-04T09:50:38.314+0000] {dag.py:3696} INFO - Setting next_dagrun for backfill_retail_pipeline to None, run_after=None
[2026-05-04T09:50:38.322+0000] {processor.py:179} INFO - Processing /opt/airflow/dags/backfill_retail_pipeline.py took 0.047 seconds
[2026-05-04T09:51:08.564+0000] {processor.py:157} INFO - Started process (PID=13494) to work on /opt/airflow/dags/backfill_retail_pipeline.py
[2026-05-04T09:51:08.570+0000] {processor.py:829} INFO - Processing file /opt/airflow/dags/backfill_retail_pipeline.py for tasks to queue
[2026-05-04T09:51:08.571+0000] {logging_mixin.py:151} INFO - [2026-05-04T09:51:08.570+0000] {dagbag.py:539} INFO - Filling up the DagBag from /opt/airflow/dags/backfill_retail_pipeline.py
[2026-05-04T09:51:08.580+0000] {processor.py:839} INFO - DAG(s) dict_keys(['backfill_retail_pipeline']) retrieved from /opt/airflow/dags/backfill_retail_pipeline.py
[2026-05-04T09:51:08.600+0000] {logging_mixin.py:151} INFO - [2026-05-04T09:51:08.600+0000] {dag.py:2915} INFO - Sync 1 DAGs
[2026-05-04T09:51:08.605+0000] {logging_mixin.py:151} INFO - [2026-05-04T09:51:08.605+0000] {dag.py:3696} INFO - Setting next_dagrun for backfill_retail_pipeline to None, run_after=None
[2026-05-04T09:51:08.611+0000] {processor.py:179} INFO - Processing /opt/airflow/dags/backfill_retail_pipeline.py took 0.051 seconds
[2026-05-04T09:51:38.875+0000] {processor.py:157} INFO - Started process (PID=13509) to work on /opt/airflow/dags/backfill_retail_pipeline.py
[2026-05-04T09:51:38.876+0000] {processor.py:829} INFO - Processing file /opt/airflow/dags/backfill_retail_pipeline.py for tasks to queue
[2026-05-04T09:51:38.877+0000] {logging_mixin.py:151} INFO - [2026-05-04T09:51:38.877+0000] {dagbag.py:539} INFO - Filling up the DagBag from /opt/airflow/dags/backfill_retail_pipeline.py
[2026-05-04T09:51:38.888+0000] {processor.py:839} INFO - DAG(s) dict_keys(['backfill_retail_pipeline']) retrieved from /opt/airflow/dags/backfill_retail_pipeline.py
[2026-05-04T09:51:38.909+0000] {logging_mixin.py:151} INFO - [2026-05-04T09:51:38.909+0000] {dag.py:2915} INFO - Sync 1 DAGs
[2026-05-04T09:51:38.914+0000] {logging_mixin.py:151} INFO - [2026-05-04T09:51:38.914+0000] {dag.py:3696} INFO - Setting next_dagrun for backfill_retail_pipeline to None, run_after=None
[2026-05-04T09:51:38.921+0000] {processor.py:179} INFO - Processing /opt/airflow/dags/backfill_retail_pipeline.py took 0.049 seconds
[2026-05-04T09:52:09.198+0000] {processor.py:157} INFO - Started process (PID=13524) to work on /opt/airflow/dags/backfill_retail_pipeline.py
[2026-05-04T09:52:09.199+0000] {processor.py:829} INFO - Processing file /opt/airflow/dags/backfill_retail_pipeline.py for tasks to queue
[2026-05-04T09:52:09.200+0000] {logging_mixin.py:151} INFO - [2026-05-04T09:52:09.200+0000] {dagbag.py:539} INFO - Filling up the DagBag from /opt/airflow/dags/backfill_retail_pipeline.py
[2026-05-04T09:52:09.210+0000] {processor.py:839} INFO - DAG(s) dict_keys(['backfill_retail_pipeline']) retrieved from /opt/airflow/dags/backfill_retail_pipeline.py
[2026-05-04T09:52:09.230+0000] {logging_mixin.py:151} INFO - [2026-05-04T09:52:09.230+0000] {dag.py:2915} INFO - Sync 1 DAGs
[2026-05-04T09:52:09.235+0000] {logging_mixin.py:151} INFO - [2026-05-04T09:52:09.235+0000] {dag.py:3696} INFO - Setting next_dagrun for backfill_retail_pipeline to None, run_after=None
[2026-05-04T09:52:09.241+0000] {processor.py:179} INFO - Processing /opt/airflow/dags/backfill_retail_pipeline.py took 0.045 seconds
[2026-05-04T09:52:39.468+0000] {processor.py:157} INFO - Started process (PID=13539) to work on /opt/airflow/dags/backfill_retail_pipeline.py
[2026-05-04T09:52:39.472+0000] {processor.py:829} INFO - Processing file /opt/airflow/dags/backfill_retail_pipeline.py for tasks to queue
[2026-05-04T09:52:39.473+0000] {logging_mixin.py:151} INFO - [2026-05-04T09:52:39.473+0000] {dagbag.py:539} INFO - Filling up the DagBag from /opt/airflow/dags/backfill_retail_pipeline.py
[2026-05-04T09:52:39.482+0000] {processor.py:839} INFO - DAG(s) dict_keys(['backfill_retail_pipeline']) retrieved from /opt/airflow/dags/backfill_retail_pipeline.py
[2026-05-04T09:52:39.502+0000] {logging_mixin.py:151} INFO - [2026-05-04T09:52:39.502+0000] {dag.py:2915} INFO - Sync 1 DAGs
[2026-05-04T09:52:39.507+0000] {logging_mixin.py:151} INFO - [2026-05-04T09:52:39.507+0000] {dag.py:3696} INFO - Setting next_dagrun for backfill_retail_pipeline to None, run_after=None
[2026-05-04T09:52:39.514+0000] {processor.py:179} INFO - Processing /opt/airflow/dags/backfill_retail_pipeline.py took 0.050 seconds
[2026-05-04T09:53:09.864+0000] {processor.py:157} INFO - Started process (PID=13554) to work on /opt/airflow/dags/backfill_retail_pipeline.py
[2026-05-04T09:53:09.867+0000] {processor.py:829} INFO - Processing file /opt/airflow/dags/backfill_retail_pipeline.py for tasks to queue
[2026-05-04T09:53:09.867+0000] {logging_mixin.py:151} INFO - [2026-05-04T09:53:09.867+0000] {dagbag.py:539} INFO - Filling up the DagBag from /opt/airflow/dags/backfill_retail_pipeline.py
[2026-05-04T09:53:09.876+0000] {processor.py:839} INFO - DAG(s) dict_keys(['backfill_retail_pipeline']) retrieved from /opt/airflow/dags/backfill_retail_pipeline.py
[2026-05-04T09:53:09.897+0000] {logging_mixin.py:151} INFO - [2026-05-04T09:53:09.896+0000] {dag.py:2915} INFO - Sync 1 DAGs
[2026-05-04T09:53:09.902+0000] {logging_mixin.py:151} INFO - [2026-05-04T09:53:09.902+0000] {dag.py:3696} INFO - Setting next_dagrun for backfill_retail_pipeline to None, run_after=None
[2026-05-04T09:53:09.909+0000] {processor.py:179} INFO - Processing /opt/airflow/dags/backfill_retail_pipeline.py took 0.048 seconds
[2026-05-04T09:53:40.272+0000] {processor.py:157} INFO - Started process (PID=13569) to work on /opt/airflow/dags/backfill_retail_pipeline.py
[2026-05-04T09:53:40.275+0000] {processor.py:829} INFO - Processing file /opt/airflow/dags/backfill_retail_pipeline.py for tasks to queue
[2026-05-04T09:53:40.275+0000] {logging_mixin.py:151} INFO - [2026-05-04T09:53:40.275+0000] {dagbag.py:539} INFO - Filling up the DagBag from /opt/airflow/dags/backfill_retail_pipeline.py
[2026-05-04T09:53:40.284+0000] {processor.py:839} INFO - DAG(s) dict_keys(['backfill_retail_pipeline']) retrieved from /opt/airflow/dags/backfill_retail_pipeline.py
[2026-05-04T09:53:40.305+0000] {logging_mixin.py:151} INFO - [2026-05-04T09:53:40.305+0000] {dag.py:2915} INFO - Sync 1 DAGs
[2026-05-04T09:53:40.310+0000] {logging_mixin.py:151} INFO - [2026-05-04T09:53:40.310+0000] {dag.py:3696} INFO - Setting next_dagrun for backfill_retail_pipeline to None, run_after=None
[2026-05-04T09:53:40.317+0000] {processor.py:179} INFO - Processing /opt/airflow/dags/backfill_retail_pipeline.py took 0.047 seconds
[2026-05-04T09:54:10.755+0000] {processor.py:157} INFO - Started process (PID=13584) to work on /opt/airflow/dags/backfill_retail_pipeline.py
[2026-05-04T09:54:10.756+0000] {processor.py:829} INFO - Processing file /opt/airflow/dags/backfill_retail_pipeline.py for tasks to queue
[2026-05-04T09:54:10.758+0000] {logging_mixin.py:151} INFO - [2026-05-04T09:54:10.757+0000] {dagbag.py:539} INFO - Filling up the DagBag from /opt/airflow/dags/backfill_retail_pipeline.py
[2026-05-04T09:54:10.787+0000] {processor.py:839} INFO - DAG(s) dict_keys(['backfill_retail_pipeline']) retrieved from /opt/airflow/dags/backfill_retail_pipeline.py
[2026-05-04T09:54:10.831+0000] {logging_mixin.py:151} INFO - [2026-05-04T09:54:10.831+0000] {dag.py:2915} INFO - Sync 1 DAGs
[2026-05-04T09:54:10.840+0000] {logging_mixin.py:151} INFO - [2026-05-04T09:54:10.840+0000] {dag.py:3696} INFO - Setting next_dagrun for backfill_retail_pipeline to None, run_after=None
[2026-05-04T09:54:10.850+0000] {processor.py:179} INFO - Processing /opt/airflow/dags/backfill_retail_pipeline.py took 0.105 seconds
[2026-05-04T09:54:41.146+0000] {processor.py:157} INFO - Started process (PID=13599) to work on /opt/airflow/dags/backfill_retail_pipeline.py
[2026-05-04T09:54:41.147+0000] {processor.py:829} INFO - Processing file /opt/airflow/dags/backfill_retail_pipeline.py for tasks to queue
[2026-05-04T09:54:41.148+0000] {logging_mixin.py:151} INFO - [2026-05-04T09:54:41.147+0000] {dagbag.py:539} INFO - Filling up the DagBag from /opt/airflow/dags/backfill_retail_pipeline.py
[2026-05-04T09:54:41.156+0000] {processor.py:839} INFO - DAG(s) dict_keys(['backfill_retail_pipeline']) retrieved from /opt/airflow/dags/backfill_retail_pipeline.py
[2026-05-04T09:54:41.176+0000] {logging_mixin.py:151} INFO - [2026-05-04T09:54:41.176+0000] {dag.py:2915} INFO - Sync 1 DAGs
[2026-05-04T09:54:41.181+0000] {logging_mixin.py:151} INFO - [2026-05-04T09:54:41.181+0000] {dag.py:3696} INFO - Setting next_dagrun for backfill_retail_pipeline to None, run_after=None
[2026-05-04T09:54:41.187+0000] {processor.py:179} INFO - Processing /opt/airflow/dags/backfill_retail_pipeline.py took 0.046 seconds
[2026-05-04T09:55:11.471+0000] {processor.py:157} INFO - Started process (PID=13614) to work on /opt/airflow/dags/backfill_retail_pipeline.py
[2026-05-04T09:55:11.472+0000] {processor.py:829} INFO - Processing file /opt/airflow/dags/backfill_retail_pipeline.py for tasks to queue
[2026-05-04T09:55:11.473+0000] {logging_mixin.py:151} INFO - [2026-05-04T09:55:11.473+0000] {dagbag.py:539} INFO - Filling up the DagBag from /opt/airflow/dags/backfill_retail_pipeline.py
[2026-05-04T09:55:11.481+0000] {processor.py:839} INFO - DAG(s) dict_keys(['backfill_retail_pipeline']) retrieved from /opt/airflow/dags/backfill_retail_pipeline.py
[2026-05-04T09:55:11.503+0000] {logging_mixin.py:151} INFO - [2026-05-04T09:55:11.503+0000] {dag.py:2915} INFO - Sync 1 DAGs
[2026-05-04T09:55:11.508+0000] {logging_mixin.py:151} INFO - [2026-05-04T09:55:11.508+0000] {dag.py:3696} INFO - Setting next_dagrun for backfill_retail_pipeline to None, run_after=None
[2026-05-04T09:55:11.514+0000] {processor.py:179} INFO - Processing /opt/airflow/dags/backfill_retail_pipeline.py took 0.047 seconds
[2026-05-04T09:55:41.872+0000] {processor.py:157} INFO - Started process (PID=13629) to work on /opt/airflow/dags/backfill_retail_pipeline.py
[2026-05-04T09:55:41.876+0000] {processor.py:829} INFO - Processing file /opt/airflow/dags/backfill_retail_pipeline.py for tasks to queue
[2026-05-04T09:55:41.877+0000] {logging_mixin.py:151} INFO - [2026-05-04T09:55:41.876+0000] {dagbag.py:539} INFO - Filling up the DagBag from /opt/airflow/dags/backfill_retail_pipeline.py
[2026-05-04T09:55:41.886+0000] {processor.py:839} INFO - DAG(s) dict_keys(['backfill_retail_pipeline']) retrieved from /opt/airflow/dags/backfill_retail_pipeline.py
[2026-05-04T09:55:41.907+0000] {logging_mixin.py:151} INFO - [2026-05-04T09:55:41.907+0000] {dag.py:2915} INFO - Sync 1 DAGs
[2026-05-04T09:55:41.913+0000] {logging_mixin.py:151} INFO - [2026-05-04T09:55:41.913+0000] {dag.py:3696} INFO - Setting next_dagrun for backfill_retail_pipeline to None, run_after=None
[2026-05-04T09:55:41.920+0000] {processor.py:179} INFO - Processing /opt/airflow/dags/backfill_retail_pipeline.py took 0.051 seconds
[2026-05-04T09:56:12.199+0000] {processor.py:157} INFO - Started process (PID=13644) to work on /opt/airflow/dags/backfill_retail_pipeline.py
[2026-05-04T09:56:12.201+0000] {processor.py:829} INFO - Processing file /opt/airflow/dags/backfill_retail_pipeline.py for tasks to queue
[2026-05-04T09:56:12.201+0000] {logging_mixin.py:151} INFO - [2026-05-04T09:56:12.201+0000] {dagbag.py:539} INFO - Filling up the DagBag from /opt/airflow/dags/backfill_retail_pipeline.py
[2026-05-04T09:56:12.218+0000] {processor.py:839} INFO - DAG(s) dict_keys(['backfill_retail_pipeline']) retrieved from /opt/airflow/dags/backfill_retail_pipeline.py
[2026-05-04T09:56:12.251+0000] {logging_mixin.py:151} INFO - [2026-05-04T09:56:12.251+0000] {dag.py:2915} INFO - Sync 1 DAGs
[2026-05-04T09:56:12.257+0000] {logging_mixin.py:151} INFO - [2026-05-04T09:56:12.257+0000] {dag.py:3696} INFO - Setting next_dagrun for backfill_retail_pipeline to None, run_after=None
[2026-05-04T09:56:12.264+0000] {processor.py:179} INFO - Processing /opt/airflow/dags/backfill_retail_pipeline.py took 0.068 seconds
[2026-05-04T09:56:42.691+0000] {processor.py:157} INFO - Started process (PID=13659) to work on /opt/airflow/dags/backfill_retail_pipeline.py
[2026-05-04T09:56:42.695+0000] {processor.py:829} INFO - Processing file /opt/airflow/dags/backfill_retail_pipeline.py for tasks to queue
[2026-05-04T09:56:42.697+0000] {logging_mixin.py:151} INFO - [2026-05-04T09:56:42.696+0000] {dagbag.py:539} INFO - Filling up the DagBag from /opt/airflow/dags/backfill_retail_pipeline.py
[2026-05-04T09:56:42.719+0000] {processor.py:839} INFO - DAG(s) dict_keys(['backfill_retail_pipeline']) retrieved from /opt/airflow/dags/backfill_retail_pipeline.py
[2026-05-04T09:56:42.767+0000] {logging_mixin.py:151} INFO - [2026-05-04T09:56:42.767+0000] {dag.py:2915} INFO - Sync 1 DAGs
[2026-05-04T09:56:42.775+0000] {logging_mixin.py:151} INFO - [2026-05-04T09:56:42.774+0000] {dag.py:3696} INFO - Setting next_dagrun for backfill_retail_pipeline to None, run_after=None
[2026-05-04T09:56:42.785+0000] {processor.py:179} INFO - Processing /opt/airflow/dags/backfill_retail_pipeline.py took 0.102 seconds
[2026-05-04T09:57:13.140+0000] {processor.py:157} INFO - Started process (PID=13674) to work on /opt/airflow/dags/backfill_retail_pipeline.py
[2026-05-04T09:57:13.142+0000] {processor.py:829} INFO - Processing file /opt/airflow/dags/backfill_retail_pipeline.py for tasks to queue
[2026-05-04T09:57:13.143+0000] {logging_mixin.py:151} INFO - [2026-05-04T09:57:13.142+0000] {dagbag.py:539} INFO - Filling up the DagBag from /opt/airflow/dags/backfill_retail_pipeline.py
[2026-05-04T09:57:13.152+0000] {processor.py:839} INFO - DAG(s) dict_keys(['backfill_retail_pipeline']) retrieved from /opt/airflow/dags/backfill_retail_pipeline.py
[2026-05-04T09:57:13.171+0000] {logging_mixin.py:151} INFO - [2026-05-04T09:57:13.171+0000] {dag.py:2915} INFO - Sync 1 DAGs
[2026-05-04T09:57:13.177+0000] {logging_mixin.py:151} INFO - [2026-05-04T09:57:13.177+0000] {dag.py:3696} INFO - Setting next_dagrun for backfill_retail_pipeline to None, run_after=None
[2026-05-04T09:57:13.183+0000] {processor.py:179} INFO - Processing /opt/airflow/dags/backfill_retail_pipeline.py took 0.047 seconds
[2026-05-04T09:57:43.559+0000] {processor.py:157} INFO - Started process (PID=13689) to work on /opt/airflow/dags/backfill_retail_pipeline.py
[2026-05-04T09:57:43.560+0000] {processor.py:829} INFO - Processing file /opt/airflow/dags/backfill_retail_pipeline.py for tasks to queue
[2026-05-04T09:57:43.561+0000] {logging_mixin.py:151} INFO - [2026-05-04T09:57:43.561+0000] {dagbag.py:539} INFO - Filling up the DagBag from /opt/airflow/dags/backfill_retail_pipeline.py
[2026-05-04T09:57:43.583+0000] {processor.py:839} INFO - DAG(s) dict_keys(['backfill_retail_pipeline']) retrieved from /opt/airflow/dags/backfill_retail_pipeline.py
[2026-05-04T09:57:43.623+0000] {logging_mixin.py:151} INFO - [2026-05-04T09:57:43.623+0000] {dag.py:2915} INFO - Sync 1 DAGs
[2026-05-04T09:57:43.634+0000] {logging_mixin.py:151} INFO - [2026-05-04T09:57:43.633+0000] {dag.py:3696} INFO - Setting next_dagrun for backfill_retail_pipeline to None, run_after=None
[2026-05-04T09:57:43.642+0000] {processor.py:179} INFO - Processing /opt/airflow/dags/backfill_retail_pipeline.py took 0.091 seconds
[2026-05-04T09:58:13.929+0000] {processor.py:157} INFO - Started process (PID=13704) to work on /opt/airflow/dags/backfill_retail_pipeline.py
[2026-05-04T09:58:13.931+0000] {processor.py:829} INFO - Processing file /opt/airflow/dags/backfill_retail_pipeline.py for tasks to queue
[2026-05-04T09:58:13.932+0000] {logging_mixin.py:151} INFO - [2026-05-04T09:58:13.931+0000] {dagbag.py:539} INFO - Filling up the DagBag from /opt/airflow/dags/backfill_retail_pipeline.py
[2026-05-04T09:58:13.947+0000] {processor.py:839} INFO - DAG(s) dict_keys(['backfill_retail_pipeline']) retrieved from /opt/airflow/dags/backfill_retail_pipeline.py
[2026-05-04T09:58:13.984+0000] {logging_mixin.py:151} INFO - [2026-05-04T09:58:13.984+0000] {dag.py:2915} INFO - Sync 1 DAGs
[2026-05-04T09:58:13.991+0000] {logging_mixin.py:151} INFO - [2026-05-04T09:58:13.991+0000] {dag.py:3696} INFO - Setting next_dagrun for backfill_retail_pipeline to None, run_after=None
[2026-05-04T09:58:13.999+0000] {processor.py:179} INFO - Processing /opt/airflow/dags/backfill_retail_pipeline.py took 0.075 seconds
[2026-05-04T09:58:44.254+0000] {processor.py:157} INFO - Started process (PID=13719) to work on /opt/airflow/dags/backfill_retail_pipeline.py
[2026-05-04T09:58:44.260+0000] {processor.py:829} INFO - Processing file /opt/airflow/dags/backfill_retail_pipeline.py for tasks to queue
[2026-05-04T09:58:44.261+0000] {logging_mixin.py:151} INFO - [2026-05-04T09:58:44.260+0000] {dagbag.py:539} INFO - Filling up the DagBag from /opt/airflow/dags/backfill_retail_pipeline.py
[2026-05-04T09:58:44.269+0000] {processor.py:839} INFO - DAG(s) dict_keys(['backfill_retail_pipeline']) retrieved from /opt/airflow/dags/backfill_retail_pipeline.py
[2026-05-04T09:58:44.288+0000] {logging_mixin.py:151} INFO - [2026-05-04T09:58:44.288+0000] {dag.py:2915} INFO - Sync 1 DAGs
[2026-05-04T09:58:44.294+0000] {logging_mixin.py:151} INFO - [2026-05-04T09:58:44.294+0000] {dag.py:3696} INFO - Setting next_dagrun for backfill_retail_pipeline to None, run_after=None
[2026-05-04T09:58:44.302+0000] {processor.py:179} INFO - Processing /opt/airflow/dags/backfill_retail_pipeline.py took 0.052 seconds
[2026-05-04T09:59:14.774+0000] {processor.py:157} INFO - Started process (PID=13734) to work on /opt/airflow/dags/backfill_retail_pipeline.py
[2026-05-04T09:59:14.775+0000] {processor.py:829} INFO - Processing file /opt/airflow/dags/backfill_retail_pipeline.py for tasks to queue
[2026-05-04T09:59:14.776+0000] {logging_mixin.py:151} INFO - [2026-05-04T09:59:14.776+0000] {dagbag.py:539} INFO - Filling up the DagBag from /opt/airflow/dags/backfill_retail_pipeline.py
[2026-05-04T09:59:14.787+0000] {processor.py:839} INFO - DAG(s) dict_keys(['backfill_retail_pipeline']) retrieved from /opt/airflow/dags/backfill_retail_pipeline.py
[2026-05-04T09:59:14.813+0000] {logging_mixin.py:151} INFO - [2026-05-04T09:59:14.813+0000] {dag.py:2915} INFO - Sync 1 DAGs
[2026-05-04T09:59:14.821+0000] {logging_mixin.py:151} INFO - [2026-05-04T09:59:14.821+0000] {dag.py:3696} INFO - Setting next_dagrun for backfill_retail_pipeline to None, run_after=None
[2026-05-04T09:59:14.829+0000] {processor.py:179} INFO - Processing /opt/airflow/dags/backfill_retail_pipeline.py took 0.059 seconds
[2026-05-04T09:59:45.262+0000] {processor.py:157} INFO - Started process (PID=13749) to work on /opt/airflow/dags/backfill_retail_pipeline.py
[2026-05-04T09:59:45.266+0000] {processor.py:829} INFO - Processing file /opt/airflow/dags/backfill_retail_pipeline.py for tasks to queue
[2026-05-04T09:59:45.267+0000] {logging_mixin.py:151} INFO - [2026-05-04T09:59:45.266+0000] {dagbag.py:539} INFO - Filling up the DagBag from /opt/airflow/dags/backfill_retail_pipeline.py
[2026-05-04T09:59:45.276+0000] {processor.py:839} INFO - DAG(s) dict_keys(['backfill_retail_pipeline']) retrieved from /opt/airflow/dags/backfill_retail_pipeline.py
[2026-05-04T09:59:45.294+0000] {logging_mixin.py:151} INFO - [2026-05-04T09:59:45.294+0000] {dag.py:2915} INFO - Sync 1 DAGs
[2026-05-04T09:59:45.299+0000] {logging_mixin.py:151} INFO - [2026-05-04T09:59:45.299+0000] {dag.py:3696} INFO - Setting next_dagrun for backfill_retail_pipeline to None, run_after=None
[2026-05-04T09:59:45.306+0000] {processor.py:179} INFO - Processing /opt/airflow/dags/backfill_retail_pipeline.py took 0.048 seconds
[2026-05-04T10:00:15.634+0000] {processor.py:157} INFO - Started process (PID=13806) to work on /opt/airflow/dags/backfill_retail_pipeline.py
[2026-05-04T10:00:15.640+0000] {processor.py:829} INFO - Processing file /opt/airflow/dags/backfill_retail_pipeline.py for tasks to queue
[2026-05-04T10:00:15.642+0000] {logging_mixin.py:151} INFO - [2026-05-04T10:00:15.641+0000] {dagbag.py:539} INFO - Filling up the DagBag from /opt/airflow/dags/backfill_retail_pipeline.py
[2026-05-04T10:00:15.678+0000] {processor.py:839} INFO - DAG(s) dict_keys(['backfill_retail_pipeline']) retrieved from /opt/airflow/dags/backfill_retail_pipeline.py
[2026-05-04T10:00:15.742+0000] {logging_mixin.py:151} INFO - [2026-05-04T10:00:15.741+0000] {dag.py:2915} INFO - Sync 1 DAGs
[2026-05-04T10:00:15.760+0000] {logging_mixin.py:151} INFO - [2026-05-04T10:00:15.760+0000] {dag.py:3696} INFO - Setting next_dagrun for backfill_retail_pipeline to None, run_after=None
[2026-05-04T10:00:15.771+0000] {processor.py:179} INFO - Processing /opt/airflow/dags/backfill_retail_pipeline.py took 0.157 seconds
[2026-05-04T10:00:46.007+0000] {processor.py:157} INFO - Started process (PID=13861) to work on /opt/airflow/dags/backfill_retail_pipeline.py
[2026-05-04T10:00:46.009+0000] {processor.py:829} INFO - Processing file /opt/airflow/dags/backfill_retail_pipeline.py for tasks to queue
[2026-05-04T10:00:46.012+0000] {logging_mixin.py:151} INFO - [2026-05-04T10:00:46.011+0000] {dagbag.py:539} INFO - Filling up the DagBag from /opt/airflow/dags/backfill_retail_pipeline.py
[2026-05-04T10:00:46.031+0000] {processor.py:839} INFO - DAG(s) dict_keys(['backfill_retail_pipeline']) retrieved from /opt/airflow/dags/backfill_retail_pipeline.py
[2026-05-04T10:00:46.092+0000] {logging_mixin.py:151} INFO - [2026-05-04T10:00:46.092+0000] {dag.py:2915} INFO - Sync 1 DAGs
[2026-05-04T10:00:46.109+0000] {logging_mixin.py:151} INFO - [2026-05-04T10:00:46.108+0000] {dag.py:3696} INFO - Setting next_dagrun for backfill_retail_pipeline to None, run_after=None
[2026-05-04T10:00:46.118+0000] {processor.py:179} INFO - Processing /opt/airflow/dags/backfill_retail_pipeline.py took 0.117 seconds
[2026-05-04T10:01:16.398+0000] {processor.py:157} INFO - Started process (PID=13876) to work on /opt/airflow/dags/backfill_retail_pipeline.py
[2026-05-04T10:01:16.401+0000] {processor.py:829} INFO - Processing file /opt/airflow/dags/backfill_retail_pipeline.py for tasks to queue
[2026-05-04T10:01:16.402+0000] {logging_mixin.py:151} INFO - [2026-05-04T10:01:16.402+0000] {dagbag.py:539} INFO - Filling up the DagBag from /opt/airflow/dags/backfill_retail_pipeline.py
[2026-05-04T10:01:16.411+0000] {processor.py:839} INFO - DAG(s) dict_keys(['backfill_retail_pipeline']) retrieved from /opt/airflow/dags/backfill_retail_pipeline.py
[2026-05-04T10:01:16.435+0000] {logging_mixin.py:151} INFO - [2026-05-04T10:01:16.435+0000] {dag.py:2915} INFO - Sync 1 DAGs
[2026-05-04T10:01:16.441+0000] {logging_mixin.py:151} INFO - [2026-05-04T10:01:16.441+0000] {dag.py:3696} INFO - Setting next_dagrun for backfill_retail_pipeline to None, run_after=None
[2026-05-04T10:01:16.448+0000] {processor.py:179} INFO - Processing /opt/airflow/dags/backfill_retail_pipeline.py took 0.056 seconds
[2026-05-04T10:01:46.773+0000] {processor.py:157} INFO - Started process (PID=13891) to work on /opt/airflow/dags/backfill_retail_pipeline.py
[2026-05-04T10:01:46.775+0000] {processor.py:829} INFO - Processing file /opt/airflow/dags/backfill_retail_pipeline.py for tasks to queue
[2026-05-04T10:01:46.776+0000] {logging_mixin.py:151} INFO - [2026-05-04T10:01:46.775+0000] {dagbag.py:539} INFO - Filling up the DagBag from /opt/airflow/dags/backfill_retail_pipeline.py
[2026-05-04T10:01:46.784+0000] {processor.py:839} INFO - DAG(s) dict_keys(['backfill_retail_pipeline']) retrieved from /opt/airflow/dags/backfill_retail_pipeline.py
[2026-05-04T10:01:46.808+0000] {logging_mixin.py:151} INFO - [2026-05-04T10:01:46.808+0000] {dag.py:2915} INFO - Sync 1 DAGs
[2026-05-04T10:01:46.814+0000] {logging_mixin.py:151} INFO - [2026-05-04T10:01:46.814+0000] {dag.py:3696} INFO - Setting next_dagrun for backfill_retail_pipeline to None, run_after=None
[2026-05-04T10:01:46.821+0000] {processor.py:179} INFO - Processing /opt/airflow/dags/backfill_retail_pipeline.py took 0.053 seconds
[2026-05-04T10:02:17.231+0000] {processor.py:157} INFO - Started process (PID=13906) to work on /opt/airflow/dags/backfill_retail_pipeline.py
[2026-05-04T10:02:17.233+0000] {processor.py:829} INFO - Processing file /opt/airflow/dags/backfill_retail_pipeline.py for tasks to queue
[2026-05-04T10:02:17.235+0000] {logging_mixin.py:151} INFO - [2026-05-04T10:02:17.234+0000] {dagbag.py:539} INFO - Filling up the DagBag from /opt/airflow/dags/backfill_retail_pipeline.py
[2026-05-04T10:02:17.265+0000] {processor.py:839} INFO - DAG(s) dict_keys(['backfill_retail_pipeline']) retrieved from /opt/airflow/dags/backfill_retail_pipeline.py
[2026-05-04T10:02:17.329+0000] {logging_mixin.py:151} INFO - [2026-05-04T10:02:17.329+0000] {dag.py:2915} INFO - Sync 1 DAGs
[2026-05-04T10:02:17.339+0000] {logging_mixin.py:151} INFO - [2026-05-04T10:02:17.339+0000] {dag.py:3696} INFO - Setting next_dagrun for backfill_retail_pipeline to None, run_after=None
[2026-05-04T10:02:17.351+0000] {processor.py:179} INFO - Processing /opt/airflow/dags/backfill_retail_pipeline.py took 0.127 seconds
[2026-05-04T10:02:47.666+0000] {processor.py:157} INFO - Started process (PID=13921) to work on /opt/airflow/dags/backfill_retail_pipeline.py
[2026-05-04T10:02:47.668+0000] {processor.py:829} INFO - Processing file /opt/airflow/dags/backfill_retail_pipeline.py for tasks to queue
[2026-05-04T10:02:47.669+0000] {logging_mixin.py:151} INFO - [2026-05-04T10:02:47.668+0000] {dagbag.py:539} INFO - Filling up the DagBag from /opt/airflow/dags/backfill_retail_pipeline.py
[2026-05-04T10:02:47.689+0000] {processor.py:839} INFO - DAG(s) dict_keys(['backfill_retail_pipeline']) retrieved from /opt/airflow/dags/backfill_retail_pipeline.py
[2026-05-04T10:02:47.736+0000] {logging_mixin.py:151} INFO - [2026-05-04T10:02:47.736+0000] {dag.py:2915} INFO - Sync 1 DAGs
[2026-05-04T10:02:47.748+0000] {logging_mixin.py:151} INFO - [2026-05-04T10:02:47.747+0000] {dag.py:3696} INFO - Setting next_dagrun for backfill_retail_pipeline to None, run_after=None
[2026-05-04T10:02:47.763+0000] {processor.py:179} INFO - Processing /opt/airflow/dags/backfill_retail_pipeline.py took 0.102 seconds
[2026-05-04T10:03:17.976+0000] {processor.py:157} INFO - Started process (PID=13936) to work on /opt/airflow/dags/backfill_retail_pipeline.py
[2026-05-04T10:03:17.979+0000] {processor.py:829} INFO - Processing file /opt/airflow/dags/backfill_retail_pipeline.py for tasks to queue
[2026-05-04T10:03:17.980+0000] {logging_mixin.py:151} INFO - [2026-05-04T10:03:17.980+0000] {dagbag.py:539} INFO - Filling up the DagBag from /opt/airflow/dags/backfill_retail_pipeline.py
[2026-05-04T10:03:17.986+0000] {processor.py:839} INFO - DAG(s) dict_keys(['backfill_retail_pipeline']) retrieved from /opt/airflow/dags/backfill_retail_pipeline.py
[2026-05-04T10:03:18.002+0000] {logging_mixin.py:151} INFO - [2026-05-04T10:03:18.001+0000] {dag.py:2915} INFO - Sync 1 DAGs
[2026-05-04T10:03:18.006+0000] {logging_mixin.py:151} INFO - [2026-05-04T10:03:18.006+0000] {dag.py:3696} INFO - Setting next_dagrun for backfill_retail_pipeline to None, run_after=None
[2026-05-04T10:03:18.013+0000] {processor.py:179} INFO - Processing /opt/airflow/dags/backfill_retail_pipeline.py took 0.040 seconds
[2026-05-04T10:03:48.372+0000] {processor.py:157} INFO - Started process (PID=13951) to work on /opt/airflow/dags/backfill_retail_pipeline.py
[2026-05-04T10:03:48.376+0000] {processor.py:829} INFO - Processing file /opt/airflow/dags/backfill_retail_pipeline.py for tasks to queue
[2026-05-04T10:03:48.377+0000] {logging_mixin.py:151} INFO - [2026-05-04T10:03:48.377+0000] {dagbag.py:539} INFO - Filling up the DagBag from /opt/airflow/dags/backfill_retail_pipeline.py
[2026-05-04T10:03:48.395+0000] {processor.py:839} INFO - DAG(s) dict_keys(['backfill_retail_pipeline']) retrieved from /opt/airflow/dags/backfill_retail_pipeline.py
[2026-05-04T10:03:48.441+0000] {logging_mixin.py:151} INFO - [2026-05-04T10:03:48.440+0000] {dag.py:2915} INFO - Sync 1 DAGs
[2026-05-04T10:03:48.451+0000] {logging_mixin.py:151} INFO - [2026-05-04T10:03:48.451+0000] {dag.py:3696} INFO - Setting next_dagrun for backfill_retail_pipeline to None, run_after=None
[2026-05-04T10:03:48.463+0000] {processor.py:179} INFO - Processing /opt/airflow/dags/backfill_retail_pipeline.py took 0.096 seconds
[2026-05-04T10:04:18.811+0000] {processor.py:157} INFO - Started process (PID=13966) to work on /opt/airflow/dags/backfill_retail_pipeline.py
[2026-05-04T10:04:18.815+0000] {processor.py:829} INFO - Processing file /opt/airflow/dags/backfill_retail_pipeline.py for tasks to queue
[2026-05-04T10:04:18.816+0000] {logging_mixin.py:151} INFO - [2026-05-04T10:04:18.815+0000] {dagbag.py:539} INFO - Filling up the DagBag from /opt/airflow/dags/backfill_retail_pipeline.py
[2026-05-04T10:04:18.825+0000] {processor.py:839} INFO - DAG(s) dict_keys(['backfill_retail_pipeline']) retrieved from /opt/airflow/dags/backfill_retail_pipeline.py
[2026-05-04T10:04:18.848+0000] {logging_mixin.py:151} INFO - [2026-05-04T10:04:18.848+0000] {dag.py:2915} INFO - Sync 1 DAGs
[2026-05-04T10:04:18.855+0000] {logging_mixin.py:151} INFO - [2026-05-04T10:04:18.855+0000] {dag.py:3696} INFO - Setting next_dagrun for backfill_retail_pipeline to None, run_after=None
[2026-05-04T10:04:18.863+0000] {processor.py:179} INFO - Processing /opt/airflow/dags/backfill_retail_pipeline.py took 0.055 seconds
[2026-05-04T10:04:49.242+0000] {processor.py:157} INFO - Started process (PID=13981) to work on /opt/airflow/dags/backfill_retail_pipeline.py
[2026-05-04T10:04:49.251+0000] {processor.py:829} INFO - Processing file /opt/airflow/dags/backfill_retail_pipeline.py for tasks to queue
[2026-05-04T10:04:49.251+0000] {logging_mixin.py:151} INFO - [2026-05-04T10:04:49.251+0000] {dagbag.py:539} INFO - Filling up the DagBag from /opt/airflow/dags/backfill_retail_pipeline.py
[2026-05-04T10:04:49.264+0000] {processor.py:839} INFO - DAG(s) dict_keys(['backfill_retail_pipeline']) retrieved from /opt/airflow/dags/backfill_retail_pipeline.py
[2026-05-04T10:04:49.294+0000] {logging_mixin.py:151} INFO - [2026-05-04T10:04:49.293+0000] {dag.py:2915} INFO - Sync 1 DAGs
[2026-05-04T10:04:49.300+0000] {logging_mixin.py:151} INFO - [2026-05-04T10:04:49.300+0000] {dag.py:3696} INFO - Setting next_dagrun for backfill_retail_pipeline to None, run_after=None
[2026-05-04T10:04:49.306+0000] {processor.py:179} INFO - Processing /opt/airflow/dags/backfill_retail_pipeline.py took 0.071 seconds
[2026-05-04T10:05:19.778+0000] {processor.py:157} INFO - Started process (PID=13996) to work on /opt/airflow/dags/backfill_retail_pipeline.py
[2026-05-04T10:05:19.779+0000] {processor.py:829} INFO - Processing file /opt/airflow/dags/backfill_retail_pipeline.py for tasks to queue
[2026-05-04T10:05:19.781+0000] {logging_mixin.py:151} INFO - [2026-05-04T10:05:19.780+0000] {dagbag.py:539} INFO - Filling up the DagBag from /opt/airflow/dags/backfill_retail_pipeline.py
[2026-05-04T10:05:19.797+0000] {processor.py:839} INFO - DAG(s) dict_keys(['backfill_retail_pipeline']) retrieved from /opt/airflow/dags/backfill_retail_pipeline.py
[2026-05-04T10:05:19.838+0000] {logging_mixin.py:151} INFO - [2026-05-04T10:05:19.837+0000] {dag.py:2915} INFO - Sync 1 DAGs
[2026-05-04T10:05:19.850+0000] {logging_mixin.py:151} INFO - [2026-05-04T10:05:19.850+0000] {dag.py:3696} INFO - Setting next_dagrun for backfill_retail_pipeline to None, run_after=None
[2026-05-04T10:05:19.868+0000] {processor.py:179} INFO - Processing /opt/airflow/dags/backfill_retail_pipeline.py took 0.095 seconds
[2026-05-04T10:05:50.200+0000] {processor.py:157} INFO - Started process (PID=14011) to work on /opt/airflow/dags/backfill_retail_pipeline.py
[2026-05-04T10:05:50.201+0000] {processor.py:829} INFO - Processing file /opt/airflow/dags/backfill_retail_pipeline.py for tasks to queue
[2026-05-04T10:05:50.202+0000] {logging_mixin.py:151} INFO - [2026-05-04T10:05:50.202+0000] {dagbag.py:539} INFO - Filling up the DagBag from /opt/airflow/dags/backfill_retail_pipeline.py
[2026-05-04T10:05:50.214+0000] {processor.py:839} INFO - DAG(s) dict_keys(['backfill_retail_pipeline']) retrieved from /opt/airflow/dags/backfill_retail_pipeline.py
[2026-05-04T10:05:50.241+0000] {logging_mixin.py:151} INFO - [2026-05-04T10:05:50.241+0000] {dag.py:2915} INFO - Sync 1 DAGs
[2026-05-04T10:05:50.249+0000] {logging_mixin.py:151} INFO - [2026-05-04T10:05:50.249+0000] {dag.py:3696} INFO - Setting next_dagrun for backfill_retail_pipeline to None, run_after=None
[2026-05-04T10:05:50.258+0000] {processor.py:179} INFO - Processing /opt/airflow/dags/backfill_retail_pipeline.py took 0.064 seconds
[2026-05-04T10:06:20.631+0000] {processor.py:157} INFO - Started process (PID=14026) to work on /opt/airflow/dags/backfill_retail_pipeline.py
[2026-05-04T10:06:20.635+0000] {processor.py:829} INFO - Processing file /opt/airflow/dags/backfill_retail_pipeline.py for tasks to queue
[2026-05-04T10:06:20.636+0000] {logging_mixin.py:151} INFO - [2026-05-04T10:06:20.635+0000] {dagbag.py:539} INFO - Filling up the DagBag from /opt/airflow/dags/backfill_retail_pipeline.py
[2026-05-04T10:06:20.644+0000] {processor.py:839} INFO - DAG(s) dict_keys(['backfill_retail_pipeline']) retrieved from /opt/airflow/dags/backfill_retail_pipeline.py
[2026-05-04T10:06:20.663+0000] {logging_mixin.py:151} INFO - [2026-05-04T10:06:20.663+0000] {dag.py:2915} INFO - Sync 1 DAGs
[2026-05-04T10:06:20.669+0000] {logging_mixin.py:151} INFO - [2026-05-04T10:06:20.669+0000] {dag.py:3696} INFO - Setting next_dagrun for backfill_retail_pipeline to None, run_after=None
[2026-05-04T10:06:20.675+0000] {processor.py:179} INFO - Processing /opt/airflow/dags/backfill_retail_pipeline.py took 0.047 seconds
[2026-05-04T10:06:51.033+0000] {processor.py:157} INFO - Started process (PID=14041) to work on /opt/airflow/dags/backfill_retail_pipeline.py
[2026-05-04T10:06:51.036+0000] {processor.py:829} INFO - Processing file /opt/airflow/dags/backfill_retail_pipeline.py for tasks to queue
[2026-05-04T10:06:51.037+0000] {logging_mixin.py:151} INFO - [2026-05-04T10:06:51.037+0000] {dagbag.py:539} INFO - Filling up the DagBag from /opt/airflow/dags/backfill_retail_pipeline.py
[2026-05-04T10:06:51.045+0000] {processor.py:839} INFO - DAG(s) dict_keys(['backfill_retail_pipeline']) retrieved from /opt/airflow/dags/backfill_retail_pipeline.py
[2026-05-04T10:06:51.063+0000] {logging_mixin.py:151} INFO - [2026-05-04T10:06:51.063+0000] {dag.py:2915} INFO - Sync 1 DAGs
[2026-05-04T10:06:51.068+0000] {logging_mixin.py:151} INFO - [2026-05-04T10:06:51.068+0000] {dag.py:3696} INFO - Setting next_dagrun for backfill_retail_pipeline to None, run_after=None
[2026-05-04T10:06:51.075+0000] {processor.py:179} INFO - Processing /opt/airflow/dags/backfill_retail_pipeline.py took 0.044 seconds
[2026-05-04T10:07:21.342+0000] {processor.py:157} INFO - Started process (PID=14056) to work on /opt/airflow/dags/backfill_retail_pipeline.py
[2026-05-04T10:07:21.347+0000] {processor.py:829} INFO - Processing file /opt/airflow/dags/backfill_retail_pipeline.py for tasks to queue
[2026-05-04T10:07:21.348+0000] {logging_mixin.py:151} INFO - [2026-05-04T10:07:21.348+0000] {dagbag.py:539} INFO - Filling up the DagBag from /opt/airflow/dags/backfill_retail_pipeline.py
[2026-05-04T10:07:21.373+0000] {processor.py:839} INFO - DAG(s) dict_keys(['backfill_retail_pipeline']) retrieved from /opt/airflow/dags/backfill_retail_pipeline.py
[2026-05-04T10:07:21.417+0000] {logging_mixin.py:151} INFO - [2026-05-04T10:07:21.417+0000] {dag.py:2915} INFO - Sync 1 DAGs
[2026-05-04T10:07:21.429+0000] {logging_mixin.py:151} INFO - [2026-05-04T10:07:21.429+0000] {dag.py:3696} INFO - Setting next_dagrun for backfill_retail_pipeline to None, run_after=None
[2026-05-04T10:07:21.442+0000] {processor.py:179} INFO - Processing /opt/airflow/dags/backfill_retail_pipeline.py took 0.115 seconds
[2026-05-04T10:07:51.815+0000] {processor.py:157} INFO - Started process (PID=14071) to work on /opt/airflow/dags/backfill_retail_pipeline.py
[2026-05-04T10:07:51.819+0000] {processor.py:829} INFO - Processing file /opt/airflow/dags/backfill_retail_pipeline.py for tasks to queue
[2026-05-04T10:07:51.819+0000] {logging_mixin.py:151} INFO - [2026-05-04T10:07:51.819+0000] {dagbag.py:539} INFO - Filling up the DagBag from /opt/airflow/dags/backfill_retail_pipeline.py
[2026-05-04T10:07:51.828+0000] {processor.py:839} INFO - DAG(s) dict_keys(['backfill_retail_pipeline']) retrieved from /opt/airflow/dags/backfill_retail_pipeline.py
[2026-05-04T10:07:51.848+0000] {logging_mixin.py:151} INFO - [2026-05-04T10:07:51.848+0000] {dag.py:2915} INFO - Sync 1 DAGs
[2026-05-04T10:07:51.853+0000] {logging_mixin.py:151} INFO - [2026-05-04T10:07:51.853+0000] {dag.py:3696} INFO - Setting next_dagrun for backfill_retail_pipeline to None, run_after=None
[2026-05-04T10:07:51.860+0000] {processor.py:179} INFO - Processing /opt/airflow/dags/backfill_retail_pipeline.py took 0.047 seconds
[2026-05-04T10:08:22.173+0000] {processor.py:157} INFO - Started process (PID=14086) to work on /opt/airflow/dags/backfill_retail_pipeline.py
[2026-05-04T10:08:22.177+0000] {processor.py:829} INFO - Processing file /opt/airflow/dags/backfill_retail_pipeline.py for tasks to queue
[2026-05-04T10:08:22.178+0000] {logging_mixin.py:151} INFO - [2026-05-04T10:08:22.178+0000] {dagbag.py:539} INFO - Filling up the DagBag from /opt/airflow/dags/backfill_retail_pipeline.py
[2026-05-04T10:08:22.207+0000] {processor.py:839} INFO - DAG(s) dict_keys(['backfill_retail_pipeline']) retrieved from /opt/airflow/dags/backfill_retail_pipeline.py
[2026-05-04T10:08:22.258+0000] {logging_mixin.py:151} INFO - [2026-05-04T10:08:22.258+0000] {dag.py:2915} INFO - Sync 1 DAGs
[2026-05-04T10:08:22.270+0000] {logging_mixin.py:151} INFO - [2026-05-04T10:08:22.270+0000] {dag.py:3696} INFO - Setting next_dagrun for backfill_retail_pipeline to None, run_after=None
[2026-05-04T10:08:22.281+0000] {processor.py:179} INFO - Processing /opt/airflow/dags/backfill_retail_pipeline.py took 0.114 seconds
[2026-05-04T10:08:52.626+0000] {processor.py:157} INFO - Started process (PID=14101) to work on /opt/airflow/dags/backfill_retail_pipeline.py
[2026-05-04T10:08:52.627+0000] {processor.py:829} INFO - Processing file /opt/airflow/dags/backfill_retail_pipeline.py for tasks to queue
[2026-05-04T10:08:52.628+0000] {logging_mixin.py:151} INFO - [2026-05-04T10:08:52.627+0000] {dagbag.py:539} INFO - Filling up the DagBag from /opt/airflow/dags/backfill_retail_pipeline.py
[2026-05-04T10:08:52.634+0000] {processor.py:839} INFO - DAG(s) dict_keys(['backfill_retail_pipeline']) retrieved from /opt/airflow/dags/backfill_retail_pipeline.py
[2026-05-04T10:08:52.654+0000] {logging_mixin.py:151} INFO - [2026-05-04T10:08:52.654+0000] {dag.py:2915} INFO - Sync 1 DAGs
[2026-05-04T10:08:52.659+0000] {logging_mixin.py:151} INFO - [2026-05-04T10:08:52.659+0000] {dag.py:3696} INFO - Setting next_dagrun for backfill_retail_pipeline to None, run_after=None
[2026-05-04T10:08:52.666+0000] {processor.py:179} INFO - Processing /opt/airflow/dags/backfill_retail_pipeline.py took 0.042 seconds
[2026-05-04T10:09:22.930+0000] {processor.py:157} INFO - Started process (PID=14116) to work on /opt/airflow/dags/backfill_retail_pipeline.py
[2026-05-04T10:09:22.934+0000] {processor.py:829} INFO - Processing file /opt/airflow/dags/backfill_retail_pipeline.py for tasks to queue
[2026-05-04T10:09:22.935+0000] {logging_mixin.py:151} INFO - [2026-05-04T10:09:22.935+0000] {dagbag.py:539} INFO - Filling up the DagBag from /opt/airflow/dags/backfill_retail_pipeline.py
[2026-05-04T10:09:22.960+0000] {processor.py:839} INFO - DAG(s) dict_keys(['backfill_retail_pipeline']) retrieved from /opt/airflow/dags/backfill_retail_pipeline.py
[2026-05-04T10:09:22.990+0000] {logging_mixin.py:151} INFO - [2026-05-04T10:09:22.990+0000] {dag.py:2915} INFO - Sync 1 DAGs
[2026-05-04T10:09:22.998+0000] {logging_mixin.py:151} INFO - [2026-05-04T10:09:22.998+0000] {dag.py:3696} INFO - Setting next_dagrun for backfill_retail_pipeline to None, run_after=None
[2026-05-04T10:09:23.012+0000] {processor.py:179} INFO - Processing /opt/airflow/dags/backfill_retail_pipeline.py took 0.091 seconds
[2026-05-04T10:09:53.408+0000] {processor.py:157} INFO - Started process (PID=14131) to work on /opt/airflow/dags/backfill_retail_pipeline.py
[2026-05-04T10:09:53.411+0000] {processor.py:829} INFO - Processing file /opt/airflow/dags/backfill_retail_pipeline.py for tasks to queue
[2026-05-04T10:09:53.412+0000] {logging_mixin.py:151} INFO - [2026-05-04T10:09:53.412+0000] {dagbag.py:539} INFO - Filling up the DagBag from /opt/airflow/dags/backfill_retail_pipeline.py
[2026-05-04T10:09:53.438+0000] {processor.py:839} INFO - DAG(s) dict_keys(['backfill_retail_pipeline']) retrieved from /opt/airflow/dags/backfill_retail_pipeline.py
[2026-05-04T10:09:53.476+0000] {logging_mixin.py:151} INFO - [2026-05-04T10:09:53.476+0000] {dag.py:2915} INFO - Sync 1 DAGs
[2026-05-04T10:09:53.487+0000] {logging_mixin.py:151} INFO - [2026-05-04T10:09:53.487+0000] {dag.py:3696} INFO - Setting next_dagrun for backfill_retail_pipeline to None, run_after=None
[2026-05-04T10:09:53.498+0000] {processor.py:179} INFO - Processing /opt/airflow/dags/backfill_retail_pipeline.py took 0.095 seconds
[2026-05-04T10:10:23.691+0000] {processor.py:157} INFO - Started process (PID=14146) to work on /opt/airflow/dags/backfill_retail_pipeline.py
[2026-05-04T10:10:23.693+0000] {processor.py:829} INFO - Processing file /opt/airflow/dags/backfill_retail_pipeline.py for tasks to queue
[2026-05-04T10:10:23.694+0000] {logging_mixin.py:151} INFO - [2026-05-04T10:10:23.694+0000] {dagbag.py:539} INFO - Filling up the DagBag from /opt/airflow/dags/backfill_retail_pipeline.py
[2026-05-04T10:10:23.708+0000] {processor.py:839} INFO - DAG(s) dict_keys(['backfill_retail_pipeline']) retrieved from /opt/airflow/dags/backfill_retail_pipeline.py
[2026-05-04T10:10:23.738+0000] {logging_mixin.py:151} INFO - [2026-05-04T10:10:23.738+0000] {dag.py:2915} INFO - Sync 1 DAGs
[2026-05-04T10:10:23.747+0000] {logging_mixin.py:151} INFO - [2026-05-04T10:10:23.747+0000] {dag.py:3696} INFO - Setting next_dagrun for backfill_retail_pipeline to None, run_after=None
[2026-05-04T10:10:23.755+0000] {processor.py:179} INFO - Processing /opt/airflow/dags/backfill_retail_pipeline.py took 0.070 seconds
[2026-05-04T10:10:54.121+0000] {processor.py:157} INFO - Started process (PID=14161) to work on /opt/airflow/dags/backfill_retail_pipeline.py
[2026-05-04T10:10:54.125+0000] {processor.py:829} INFO - Processing file /opt/airflow/dags/backfill_retail_pipeline.py for tasks to queue
[2026-05-04T10:10:54.126+0000] {logging_mixin.py:151} INFO - [2026-05-04T10:10:54.126+0000] {dagbag.py:539} INFO - Filling up the DagBag from /opt/airflow/dags/backfill_retail_pipeline.py
[2026-05-04T10:10:54.133+0000] {processor.py:839} INFO - DAG(s) dict_keys(['backfill_retail_pipeline']) retrieved from /opt/airflow/dags/backfill_retail_pipeline.py
[2026-05-04T10:10:54.156+0000] {logging_mixin.py:151} INFO - [2026-05-04T10:10:54.156+0000] {dag.py:2915} INFO - Sync 1 DAGs
[2026-05-04T10:10:54.161+0000] {logging_mixin.py:151} INFO - [2026-05-04T10:10:54.161+0000] {dag.py:3696} INFO - Setting next_dagrun for backfill_retail_pipeline to None, run_after=None
[2026-05-04T10:10:54.167+0000] {processor.py:179} INFO - Processing /opt/airflow/dags/backfill_retail_pipeline.py took 0.050 seconds
[2026-05-04T10:11:24.380+0000] {processor.py:157} INFO - Started process (PID=14176) to work on /opt/airflow/dags/backfill_retail_pipeline.py
[2026-05-04T10:11:24.381+0000] {processor.py:829} INFO - Processing file /opt/airflow/dags/backfill_retail_pipeline.py for tasks to queue
[2026-05-04T10:11:24.382+0000] {logging_mixin.py:151} INFO - [2026-05-04T10:11:24.381+0000] {dagbag.py:539} INFO - Filling up the DagBag from /opt/airflow/dags/backfill_retail_pipeline.py
[2026-05-04T10:11:24.391+0000] {processor.py:839} INFO - DAG(s) dict_keys(['backfill_retail_pipeline']) retrieved from /opt/airflow/dags/backfill_retail_pipeline.py
[2026-05-04T10:11:24.410+0000] {logging_mixin.py:151} INFO - [2026-05-04T10:11:24.410+0000] {dag.py:2915} INFO - Sync 1 DAGs
[2026-05-04T10:11:24.415+0000] {logging_mixin.py:151} INFO - [2026-05-04T10:11:24.415+0000] {dag.py:3696} INFO - Setting next_dagrun for backfill_retail_pipeline to None, run_after=None
[2026-05-04T10:11:24.425+0000] {processor.py:179} INFO - Processing /opt/airflow/dags/backfill_retail_pipeline.py took 0.051 seconds
[2026-05-04T10:11:54.764+0000] {processor.py:157} INFO - Started process (PID=14191) to work on /opt/airflow/dags/backfill_retail_pipeline.py
[2026-05-04T10:11:54.764+0000] {processor.py:829} INFO - Processing file /opt/airflow/dags/backfill_retail_pipeline.py for tasks to queue
[2026-05-04T10:11:54.765+0000] {logging_mixin.py:151} INFO - [2026-05-04T10:11:54.765+0000] {dagbag.py:539} INFO - Filling up the DagBag from /opt/airflow/dags/backfill_retail_pipeline.py
[2026-05-04T10:11:54.770+0000] {processor.py:839} INFO - DAG(s) dict_keys(['backfill_retail_pipeline']) retrieved from /opt/airflow/dags/backfill_retail_pipeline.py
[2026-05-04T10:11:54.782+0000] {logging_mixin.py:151} INFO - [2026-05-04T10:11:54.782+0000] {dag.py:2915} INFO - Sync 1 DAGs
[2026-05-04T10:11:54.787+0000] {logging_mixin.py:151} INFO - [2026-05-04T10:11:54.787+0000] {dag.py:3696} INFO - Setting next_dagrun for backfill_retail_pipeline to None, run_after=None
[2026-05-04T10:11:54.793+0000] {processor.py:179} INFO - Processing /opt/airflow/dags/backfill_retail_pipeline.py took 0.030 seconds
[2026-05-04T10:12:25.055+0000] {processor.py:157} INFO - Started process (PID=14206) to work on /opt/airflow/dags/backfill_retail_pipeline.py
[2026-05-04T10:12:25.058+0000] {processor.py:829} INFO - Processing file /opt/airflow/dags/backfill_retail_pipeline.py for tasks to queue
[2026-05-04T10:12:25.059+0000] {logging_mixin.py:151} INFO - [2026-05-04T10:12:25.059+0000] {dagbag.py:539} INFO - Filling up the DagBag from /opt/airflow/dags/backfill_retail_pipeline.py
[2026-05-04T10:12:25.068+0000] {processor.py:839} INFO - DAG(s) dict_keys(['backfill_retail_pipeline']) retrieved from /opt/airflow/dags/backfill_retail_pipeline.py
[2026-05-04T10:12:25.090+0000] {logging_mixin.py:151} INFO - [2026-05-04T10:12:25.090+0000] {dag.py:2915} INFO - Sync 1 DAGs
[2026-05-04T10:12:25.095+0000] {logging_mixin.py:151} INFO - [2026-05-04T10:12:25.095+0000] {dag.py:3696} INFO - Setting next_dagrun for backfill_retail_pipeline to None, run_after=None
[2026-05-04T10:12:25.102+0000] {processor.py:179} INFO - Processing /opt/airflow/dags/backfill_retail_pipeline.py took 0.054 seconds
[2026-05-04T10:12:55.428+0000] {processor.py:157} INFO - Started process (PID=14221) to work on /opt/airflow/dags/backfill_retail_pipeline.py
[2026-05-04T10:12:55.430+0000] {processor.py:829} INFO - Processing file /opt/airflow/dags/backfill_retail_pipeline.py for tasks to queue
[2026-05-04T10:12:55.431+0000] {logging_mixin.py:151} INFO - [2026-05-04T10:12:55.430+0000] {dagbag.py:539} INFO - Filling up the DagBag from /opt/airflow/dags/backfill_retail_pipeline.py
[2026-05-04T10:12:55.439+0000] {processor.py:839} INFO - DAG(s) dict_keys(['backfill_retail_pipeline']) retrieved from /opt/airflow/dags/backfill_retail_pipeline.py
[2026-05-04T10:12:55.465+0000] {logging_mixin.py:151} INFO - [2026-05-04T10:12:55.465+0000] {dag.py:2915} INFO - Sync 1 DAGs
[2026-05-04T10:12:55.471+0000] {logging_mixin.py:151} INFO - [2026-05-04T10:12:55.471+0000] {dag.py:3696} INFO - Setting next_dagrun for backfill_retail_pipeline to None, run_after=None
[2026-05-04T10:12:55.478+0000] {processor.py:179} INFO - Processing /opt/airflow/dags/backfill_retail_pipeline.py took 0.053 seconds
[2026-05-04T10:13:25.839+0000] {processor.py:157} INFO - Started process (PID=14236) to work on /opt/airflow/dags/backfill_retail_pipeline.py
[2026-05-04T10:13:25.842+0000] {processor.py:829} INFO - Processing file /opt/airflow/dags/backfill_retail_pipeline.py for tasks to queue
[2026-05-04T10:13:25.843+0000] {logging_mixin.py:151} INFO - [2026-05-04T10:13:25.843+0000] {dagbag.py:539} INFO - Filling up the DagBag from /opt/airflow/dags/backfill_retail_pipeline.py
[2026-05-04T10:13:25.853+0000] {processor.py:839} INFO - DAG(s) dict_keys(['backfill_retail_pipeline']) retrieved from /opt/airflow/dags/backfill_retail_pipeline.py
[2026-05-04T10:13:25.873+0000] {logging_mixin.py:151} INFO - [2026-05-04T10:13:25.873+0000] {dag.py:2915} INFO - Sync 1 DAGs
[2026-05-04T10:13:25.879+0000] {logging_mixin.py:151} INFO - [2026-05-04T10:13:25.879+0000] {dag.py:3696} INFO - Setting next_dagrun for backfill_retail_pipeline to None, run_after=None
[2026-05-04T10:13:25.885+0000] {processor.py:179} INFO - Processing /opt/airflow/dags/backfill_retail_pipeline.py took 0.050 seconds
[2026-05-04T10:13:56.243+0000] {processor.py:157} INFO - Started process (PID=14251) to work on /opt/airflow/dags/backfill_retail_pipeline.py
[2026-05-04T10:13:56.247+0000] {processor.py:829} INFO - Processing file /opt/airflow/dags/backfill_retail_pipeline.py for tasks to queue
[2026-05-04T10:13:56.248+0000] {logging_mixin.py:151} INFO - [2026-05-04T10:13:56.248+0000] {dagbag.py:539} INFO - Filling up the DagBag from /opt/airflow/dags/backfill_retail_pipeline.py
[2026-05-04T10:13:56.257+0000] {processor.py:839} INFO - DAG(s) dict_keys(['backfill_retail_pipeline']) retrieved from /opt/airflow/dags/backfill_retail_pipeline.py
[2026-05-04T10:13:56.276+0000] {logging_mixin.py:151} INFO - [2026-05-04T10:13:56.276+0000] {dag.py:2915} INFO - Sync 1 DAGs
[2026-05-04T10:13:56.282+0000] {logging_mixin.py:151} INFO - [2026-05-04T10:13:56.282+0000] {dag.py:3696} INFO - Setting next_dagrun for backfill_retail_pipeline to None, run_after=None
[2026-05-04T10:13:56.288+0000] {processor.py:179} INFO - Processing /opt/airflow/dags/backfill_retail_pipeline.py took 0.048 seconds
[2026-05-04T10:14:26.533+0000] {processor.py:157} INFO - Started process (PID=14266) to work on /opt/airflow/dags/backfill_retail_pipeline.py
[2026-05-04T10:14:26.535+0000] {processor.py:829} INFO - Processing file /opt/airflow/dags/backfill_retail_pipeline.py for tasks to queue
[2026-05-04T10:14:26.536+0000] {logging_mixin.py:151} INFO - [2026-05-04T10:14:26.536+0000] {dagbag.py:539} INFO - Filling up the DagBag from /opt/airflow/dags/backfill_retail_pipeline.py
[2026-05-04T10:14:26.542+0000] {processor.py:839} INFO - DAG(s) dict_keys(['backfill_retail_pipeline']) retrieved from /opt/airflow/dags/backfill_retail_pipeline.py
[2026-05-04T10:14:26.559+0000] {logging_mixin.py:151} INFO - [2026-05-04T10:14:26.559+0000] {dag.py:2915} INFO - Sync 1 DAGs
[2026-05-04T10:14:26.565+0000] {logging_mixin.py:151} INFO - [2026-05-04T10:14:26.565+0000] {dag.py:3696} INFO - Setting next_dagrun for backfill_retail_pipeline to None, run_after=None
[2026-05-04T10:14:26.572+0000] {processor.py:179} INFO - Processing /opt/airflow/dags/backfill_retail_pipeline.py took 0.042 seconds
[2026-05-04T10:14:56.846+0000] {processor.py:157} INFO - Started process (PID=14281) to work on /opt/airflow/dags/backfill_retail_pipeline.py
[2026-05-04T10:14:56.848+0000] {processor.py:829} INFO - Processing file /opt/airflow/dags/backfill_retail_pipeline.py for tasks to queue
[2026-05-04T10:14:56.849+0000] {logging_mixin.py:151} INFO - [2026-05-04T10:14:56.849+0000] {dagbag.py:539} INFO - Filling up the DagBag from /opt/airflow/dags/backfill_retail_pipeline.py
[2026-05-04T10:14:56.867+0000] {processor.py:839} INFO - DAG(s) dict_keys(['backfill_retail_pipeline']) retrieved from /opt/airflow/dags/backfill_retail_pipeline.py
[2026-05-04T10:14:56.904+0000] {logging_mixin.py:151} INFO - [2026-05-04T10:14:56.904+0000] {dag.py:2915} INFO - Sync 1 DAGs
[2026-05-04T10:14:56.913+0000] {logging_mixin.py:151} INFO - [2026-05-04T10:14:56.913+0000] {dag.py:3696} INFO - Setting next_dagrun for backfill_retail_pipeline to None, run_after=None
[2026-05-04T10:14:56.921+0000] {processor.py:179} INFO - Processing /opt/airflow/dags/backfill_retail_pipeline.py took 0.086 seconds
[2026-05-04T10:15:27.321+0000] {processor.py:157} INFO - Started process (PID=14296) to work on /opt/airflow/dags/backfill_retail_pipeline.py
[2026-05-04T10:15:27.325+0000] {processor.py:829} INFO - Processing file /opt/airflow/dags/backfill_retail_pipeline.py for tasks to queue
[2026-05-04T10:15:27.326+0000] {logging_mixin.py:151} INFO - [2026-05-04T10:15:27.325+0000] {dagbag.py:539} INFO - Filling up the DagBag from /opt/airflow/dags/backfill_retail_pipeline.py
[2026-05-04T10:15:27.334+0000] {processor.py:839} INFO - DAG(s) dict_keys(['backfill_retail_pipeline']) retrieved from /opt/airflow/dags/backfill_retail_pipeline.py
[2026-05-04T10:15:27.354+0000] {logging_mixin.py:151} INFO - [2026-05-04T10:15:27.354+0000] {dag.py:2915} INFO - Sync 1 DAGs
[2026-05-04T10:15:27.360+0000] {logging_mixin.py:151} INFO - [2026-05-04T10:15:27.360+0000] {dag.py:3696} INFO - Setting next_dagrun for backfill_retail_pipeline to None, run_after=None
[2026-05-04T10:15:27.367+0000] {processor.py:179} INFO - Processing /opt/airflow/dags/backfill_retail_pipeline.py took 0.049 seconds
[2026-05-04T10:15:57.673+0000] {processor.py:157} INFO - Started process (PID=14311) to work on /opt/airflow/dags/backfill_retail_pipeline.py
[2026-05-04T10:15:57.677+0000] {processor.py:829} INFO - Processing file /opt/airflow/dags/backfill_retail_pipeline.py for tasks to queue
[2026-05-04T10:15:57.679+0000] {logging_mixin.py:151} INFO - [2026-05-04T10:15:57.678+0000] {dagbag.py:539} INFO - Filling up the DagBag from /opt/airflow/dags/backfill_retail_pipeline.py
[2026-05-04T10:15:57.706+0000] {processor.py:839} INFO - DAG(s) dict_keys(['backfill_retail_pipeline']) retrieved from /opt/airflow/dags/backfill_retail_pipeline.py
[2026-05-04T10:15:57.757+0000] {logging_mixin.py:151} INFO - [2026-05-04T10:15:57.757+0000] {dag.py:2915} INFO - Sync 1 DAGs
[2026-05-04T10:15:57.766+0000] {logging_mixin.py:151} INFO - [2026-05-04T10:15:57.766+0000] {dag.py:3696} INFO - Setting next_dagrun for backfill_retail_pipeline to None, run_after=None
[2026-05-04T10:15:57.774+0000] {processor.py:179} INFO - Processing /opt/airflow/dags/backfill_retail_pipeline.py took 0.112 seconds
[2026-05-04T10:16:27.973+0000] {processor.py:157} INFO - Started process (PID=14326) to work on /opt/airflow/dags/backfill_retail_pipeline.py
[2026-05-04T10:16:27.977+0000] {processor.py:829} INFO - Processing file /opt/airflow/dags/backfill_retail_pipeline.py for tasks to queue
[2026-05-04T10:16:27.978+0000] {logging_mixin.py:151} INFO - [2026-05-04T10:16:27.977+0000] {dagbag.py:539} INFO - Filling up the DagBag from /opt/airflow/dags/backfill_retail_pipeline.py
[2026-05-04T10:16:27.986+0000] {processor.py:839} INFO - DAG(s) dict_keys(['backfill_retail_pipeline']) retrieved from /opt/airflow/dags/backfill_retail_pipeline.py
[2026-05-04T10:16:28.006+0000] {logging_mixin.py:151} INFO - [2026-05-04T10:16:28.006+0000] {dag.py:2915} INFO - Sync 1 DAGs
[2026-05-04T10:16:28.012+0000] {logging_mixin.py:151} INFO - [2026-05-04T10:16:28.012+0000] {dag.py:3696} INFO - Setting next_dagrun for backfill_retail_pipeline to None, run_after=None
[2026-05-04T10:16:28.018+0000] {processor.py:179} INFO - Processing /opt/airflow/dags/backfill_retail_pipeline.py took 0.049 seconds
[2026-05-04T10:16:58.370+0000] {processor.py:157} INFO - Started process (PID=14341) to work on /opt/airflow/dags/backfill_retail_pipeline.py
[2026-05-04T10:16:58.374+0000] {processor.py:829} INFO - Processing file /opt/airflow/dags/backfill_retail_pipeline.py for tasks to queue
[2026-05-04T10:16:58.374+0000] {logging_mixin.py:151} INFO - [2026-05-04T10:16:58.374+0000] {dagbag.py:539} INFO - Filling up the DagBag from /opt/airflow/dags/backfill_retail_pipeline.py
[2026-05-04T10:16:58.383+0000] {processor.py:839} INFO - DAG(s) dict_keys(['backfill_retail_pipeline']) retrieved from /opt/airflow/dags/backfill_retail_pipeline.py
[2026-05-04T10:16:58.401+0000] {logging_mixin.py:151} INFO - [2026-05-04T10:16:58.401+0000] {dag.py:2915} INFO - Sync 1 DAGs
[2026-05-04T10:16:58.406+0000] {logging_mixin.py:151} INFO - [2026-05-04T10:16:58.406+0000] {dag.py:3696} INFO - Setting next_dagrun for backfill_retail_pipeline to None, run_after=None
[2026-05-04T10:16:58.413+0000] {processor.py:179} INFO - Processing /opt/airflow/dags/backfill_retail_pipeline.py took 0.048 seconds
[2026-05-04T10:17:28.711+0000] {processor.py:157} INFO - Started process (PID=14356) to work on /opt/airflow/dags/backfill_retail_pipeline.py
[2026-05-04T10:17:28.714+0000] {processor.py:829} INFO - Processing file /opt/airflow/dags/backfill_retail_pipeline.py for tasks to queue
[2026-05-04T10:17:28.714+0000] {logging_mixin.py:151} INFO - [2026-05-04T10:17:28.714+0000] {dagbag.py:539} INFO - Filling up the DagBag from /opt/airflow/dags/backfill_retail_pipeline.py
[2026-05-04T10:17:28.724+0000] {processor.py:839} INFO - DAG(s) dict_keys(['backfill_retail_pipeline']) retrieved from /opt/airflow/dags/backfill_retail_pipeline.py
[2026-05-04T10:17:28.747+0000] {logging_mixin.py:151} INFO - [2026-05-04T10:17:28.747+0000] {dag.py:2915} INFO - Sync 1 DAGs
[2026-05-04T10:17:28.753+0000] {logging_mixin.py:151} INFO - [2026-05-04T10:17:28.753+0000] {dag.py:3696} INFO - Setting next_dagrun for backfill_retail_pipeline to None, run_after=None
[2026-05-04T10:17:28.760+0000] {processor.py:179} INFO - Processing /opt/airflow/dags/backfill_retail_pipeline.py took 0.053 seconds
[2026-05-04T10:17:58.972+0000] {processor.py:157} INFO - Started process (PID=14371) to work on /opt/airflow/dags/backfill_retail_pipeline.py
[2026-05-04T10:17:58.973+0000] {processor.py:829} INFO - Processing file /opt/airflow/dags/backfill_retail_pipeline.py for tasks to queue
[2026-05-04T10:17:58.974+0000] {logging_mixin.py:151} INFO - [2026-05-04T10:17:58.974+0000] {dagbag.py:539} INFO - Filling up the DagBag from /opt/airflow/dags/backfill_retail_pipeline.py
[2026-05-04T10:17:58.983+0000] {processor.py:839} INFO - DAG(s) dict_keys(['backfill_retail_pipeline']) retrieved from /opt/airflow/dags/backfill_retail_pipeline.py
[2026-05-04T10:17:59.004+0000] {logging_mixin.py:151} INFO - [2026-05-04T10:17:59.004+0000] {dag.py:2915} INFO - Sync 1 DAGs
[2026-05-04T10:17:59.009+0000] {logging_mixin.py:151} INFO - [2026-05-04T10:17:59.009+0000] {dag.py:3696} INFO - Setting next_dagrun for backfill_retail_pipeline to None, run_after=None
[2026-05-04T10:17:59.016+0000] {processor.py:179} INFO - Processing /opt/airflow/dags/backfill_retail_pipeline.py took 0.047 seconds
[2026-05-04T10:18:29.364+0000] {processor.py:157} INFO - Started process (PID=14386) to work on /opt/airflow/dags/backfill_retail_pipeline.py
[2026-05-04T10:18:29.366+0000] {processor.py:829} INFO - Processing file /opt/airflow/dags/backfill_retail_pipeline.py for tasks to queue
[2026-05-04T10:18:29.367+0000] {logging_mixin.py:151} INFO - [2026-05-04T10:18:29.366+0000] {dagbag.py:539} INFO - Filling up the DagBag from /opt/airflow/dags/backfill_retail_pipeline.py
[2026-05-04T10:18:29.380+0000] {processor.py:839} INFO - DAG(s) dict_keys(['backfill_retail_pipeline']) retrieved from /opt/airflow/dags/backfill_retail_pipeline.py
[2026-05-04T10:18:29.411+0000] {logging_mixin.py:151} INFO - [2026-05-04T10:18:29.411+0000] {dag.py:2915} INFO - Sync 1 DAGs
[2026-05-04T10:18:29.419+0000] {logging_mixin.py:151} INFO - [2026-05-04T10:18:29.419+0000] {dag.py:3696} INFO - Setting next_dagrun for backfill_retail_pipeline to None, run_after=None
[2026-05-04T10:18:29.427+0000] {processor.py:179} INFO - Processing /opt/airflow/dags/backfill_retail_pipeline.py took 0.069 seconds
[2026-05-04T10:18:59.716+0000] {processor.py:157} INFO - Started process (PID=14401) to work on /opt/airflow/dags/backfill_retail_pipeline.py
[2026-05-04T10:18:59.719+0000] {processor.py:829} INFO - Processing file /opt/airflow/dags/backfill_retail_pipeline.py for tasks to queue
[2026-05-04T10:18:59.720+0000] {logging_mixin.py:151} INFO - [2026-05-04T10:18:59.720+0000] {dagbag.py:539} INFO - Filling up the DagBag from /opt/airflow/dags/backfill_retail_pipeline.py
[2026-05-04T10:18:59.730+0000] {processor.py:839} INFO - DAG(s) dict_keys(['backfill_retail_pipeline']) retrieved from /opt/airflow/dags/backfill_retail_pipeline.py
[2026-05-04T10:18:59.753+0000] {logging_mixin.py:151} INFO - [2026-05-04T10:18:59.753+0000] {dag.py:2915} INFO - Sync 1 DAGs
[2026-05-04T10:18:59.759+0000] {logging_mixin.py:151} INFO - [2026-05-04T10:18:59.759+0000] {dag.py:3696} INFO - Setting next_dagrun for backfill_retail_pipeline to None, run_after=None
[2026-05-04T10:18:59.765+0000] {processor.py:179} INFO - Processing /opt/airflow/dags/backfill_retail_pipeline.py took 0.053 seconds
[2026-05-04T10:19:30.144+0000] {processor.py:157} INFO - Started process (PID=14416) to work on /opt/airflow/dags/backfill_retail_pipeline.py
[2026-05-04T10:19:30.148+0000] {processor.py:829} INFO - Processing file /opt/airflow/dags/backfill_retail_pipeline.py for tasks to queue
[2026-05-04T10:19:30.150+0000] {logging_mixin.py:151} INFO - [2026-05-04T10:19:30.149+0000] {dagbag.py:539} INFO - Filling up the DagBag from /opt/airflow/dags/backfill_retail_pipeline.py
[2026-05-04T10:19:30.168+0000] {processor.py:839} INFO - DAG(s) dict_keys(['backfill_retail_pipeline']) retrieved from /opt/airflow/dags/backfill_retail_pipeline.py
[2026-05-04T10:19:30.219+0000] {logging_mixin.py:151} INFO - [2026-05-04T10:19:30.219+0000] {dag.py:2915} INFO - Sync 1 DAGs
[2026-05-04T10:19:30.229+0000] {logging_mixin.py:151} INFO - [2026-05-04T10:19:30.229+0000] {dag.py:3696} INFO - Setting next_dagrun for backfill_retail_pipeline to None, run_after=None
[2026-05-04T10:19:30.247+0000] {processor.py:179} INFO - Processing /opt/airflow/dags/backfill_retail_pipeline.py took 0.108 seconds
[2026-05-04T10:20:00.452+0000] {processor.py:157} INFO - Started process (PID=14431) to work on /opt/airflow/dags/backfill_retail_pipeline.py
[2026-05-04T10:20:00.456+0000] {processor.py:829} INFO - Processing file /opt/airflow/dags/backfill_retail_pipeline.py for tasks to queue
[2026-05-04T10:20:00.457+0000] {logging_mixin.py:151} INFO - [2026-05-04T10:20:00.457+0000] {dagbag.py:539} INFO - Filling up the DagBag from /opt/airflow/dags/backfill_retail_pipeline.py
[2026-05-04T10:20:00.466+0000] {processor.py:839} INFO - DAG(s) dict_keys(['backfill_retail_pipeline']) retrieved from /opt/airflow/dags/backfill_retail_pipeline.py
[2026-05-04T10:20:00.488+0000] {logging_mixin.py:151} INFO - [2026-05-04T10:20:00.488+0000] {dag.py:2915} INFO - Sync 1 DAGs
[2026-05-04T10:20:00.493+0000] {logging_mixin.py:151} INFO - [2026-05-04T10:20:00.493+0000] {dag.py:3696} INFO - Setting next_dagrun for backfill_retail_pipeline to None, run_after=None
[2026-05-04T10:20:00.500+0000] {processor.py:179} INFO - Processing /opt/airflow/dags/backfill_retail_pipeline.py took 0.052 seconds
[2026-05-04T10:20:31.056+0000] {processor.py:157} INFO - Started process (PID=14446) to work on /opt/airflow/dags/backfill_retail_pipeline.py
[2026-05-04T10:20:31.057+0000] {processor.py:829} INFO - Processing file /opt/airflow/dags/backfill_retail_pipeline.py for tasks to queue
[2026-05-04T10:20:31.058+0000] {logging_mixin.py:151} INFO - [2026-05-04T10:20:31.057+0000] {dagbag.py:539} INFO - Filling up the DagBag from /opt/airflow/dags/backfill_retail_pipeline.py
[2026-05-04T10:20:31.072+0000] {processor.py:839} INFO - DAG(s) dict_keys(['backfill_retail_pipeline']) retrieved from /opt/airflow/dags/backfill_retail_pipeline.py
[2026-05-04T10:20:31.102+0000] {logging_mixin.py:151} INFO - [2026-05-04T10:20:31.102+0000] {dag.py:2915} INFO - Sync 1 DAGs
[2026-05-04T10:20:31.110+0000] {logging_mixin.py:151} INFO - [2026-05-04T10:20:31.110+0000] {dag.py:3696} INFO - Setting next_dagrun for backfill_retail_pipeline to None, run_after=None
[2026-05-04T10:20:31.118+0000] {processor.py:179} INFO - Processing /opt/airflow/dags/backfill_retail_pipeline.py took 0.068 seconds
[2026-05-04T10:21:01.524+0000] {processor.py:157} INFO - Started process (PID=14461) to work on /opt/airflow/dags/backfill_retail_pipeline.py
[2026-05-04T10:21:01.526+0000] {processor.py:829} INFO - Processing file /opt/airflow/dags/backfill_retail_pipeline.py for tasks to queue
[2026-05-04T10:21:01.529+0000] {logging_mixin.py:151} INFO - [2026-05-04T10:21:01.528+0000] {dagbag.py:539} INFO - Filling up the DagBag from /opt/airflow/dags/backfill_retail_pipeline.py
[2026-05-04T10:21:01.561+0000] {processor.py:839} INFO - DAG(s) dict_keys(['backfill_retail_pipeline']) retrieved from /opt/airflow/dags/backfill_retail_pipeline.py
[2026-05-04T10:21:01.616+0000] {logging_mixin.py:151} INFO - [2026-05-04T10:21:01.616+0000] {dag.py:2915} INFO - Sync 1 DAGs
[2026-05-04T10:21:01.631+0000] {logging_mixin.py:151} INFO - [2026-05-04T10:21:01.631+0000] {dag.py:3696} INFO - Setting next_dagrun for backfill_retail_pipeline to None, run_after=None
[2026-05-04T10:21:01.643+0000] {processor.py:179} INFO - Processing /opt/airflow/dags/backfill_retail_pipeline.py took 0.125 seconds
[2026-05-04T10:21:31.995+0000] {processor.py:157} INFO - Started process (PID=14476) to work on /opt/airflow/dags/backfill_retail_pipeline.py
[2026-05-04T10:21:32.001+0000] {processor.py:829} INFO - Processing file /opt/airflow/dags/backfill_retail_pipeline.py for tasks to queue
[2026-05-04T10:21:32.004+0000] {logging_mixin.py:151} INFO - [2026-05-04T10:21:32.003+0000] {dagbag.py:539} INFO - Filling up the DagBag from /opt/airflow/dags/backfill_retail_pipeline.py
[2026-05-04T10:21:32.025+0000] {processor.py:839} INFO - DAG(s) dict_keys(['backfill_retail_pipeline']) retrieved from /opt/airflow/dags/backfill_retail_pipeline.py
[2026-05-04T10:21:32.072+0000] {logging_mixin.py:151} INFO - [2026-05-04T10:21:32.072+0000] {dag.py:2915} INFO - Sync 1 DAGs
[2026-05-04T10:21:32.085+0000] {logging_mixin.py:151} INFO - [2026-05-04T10:21:32.085+0000] {dag.py:3696} INFO - Setting next_dagrun for backfill_retail_pipeline to None, run_after=None
[2026-05-04T10:21:32.094+0000] {processor.py:179} INFO - Processing /opt/airflow/dags/backfill_retail_pipeline.py took 0.109 seconds
[2026-05-04T10:22:02.289+0000] {processor.py:157} INFO - Started process (PID=14491) to work on /opt/airflow/dags/backfill_retail_pipeline.py
[2026-05-04T10:22:02.293+0000] {processor.py:829} INFO - Processing file /opt/airflow/dags/backfill_retail_pipeline.py for tasks to queue
[2026-05-04T10:22:02.293+0000] {logging_mixin.py:151} INFO - [2026-05-04T10:22:02.293+0000] {dagbag.py:539} INFO - Filling up the DagBag from /opt/airflow/dags/backfill_retail_pipeline.py
[2026-05-04T10:22:02.301+0000] {processor.py:839} INFO - DAG(s) dict_keys(['backfill_retail_pipeline']) retrieved from /opt/airflow/dags/backfill_retail_pipeline.py
[2026-05-04T10:22:02.321+0000] {logging_mixin.py:151} INFO - [2026-05-04T10:22:02.321+0000] {dag.py:2915} INFO - Sync 1 DAGs
[2026-05-04T10:22:02.327+0000] {logging_mixin.py:151} INFO - [2026-05-04T10:22:02.326+0000] {dag.py:3696} INFO - Setting next_dagrun for backfill_retail_pipeline to None, run_after=None
[2026-05-04T10:22:02.335+0000] {processor.py:179} INFO - Processing /opt/airflow/dags/backfill_retail_pipeline.py took 0.050 seconds
[2026-05-04T10:22:32.801+0000] {processor.py:157} INFO - Started process (PID=14506) to work on /opt/airflow/dags/backfill_retail_pipeline.py
[2026-05-04T10:22:32.802+0000] {processor.py:829} INFO - Processing file /opt/airflow/dags/backfill_retail_pipeline.py for tasks to queue
[2026-05-04T10:22:32.803+0000] {logging_mixin.py:151} INFO - [2026-05-04T10:22:32.803+0000] {dagbag.py:539} INFO - Filling up the DagBag from /opt/airflow/dags/backfill_retail_pipeline.py
[2026-05-04T10:22:32.809+0000] {processor.py:839} INFO - DAG(s) dict_keys(['backfill_retail_pipeline']) retrieved from /opt/airflow/dags/backfill_retail_pipeline.py
[2026-05-04T10:22:32.830+0000] {logging_mixin.py:151} INFO - [2026-05-04T10:22:32.830+0000] {dag.py:2915} INFO - Sync 1 DAGs
[2026-05-04T10:22:32.835+0000] {logging_mixin.py:151} INFO - [2026-05-04T10:22:32.835+0000] {dag.py:3696} INFO - Setting next_dagrun for backfill_retail_pipeline to None, run_after=None
[2026-05-04T10:22:32.840+0000] {processor.py:179} INFO - Processing /opt/airflow/dags/backfill_retail_pipeline.py took 0.041 seconds
[2026-05-04T10:23:03.230+0000] {processor.py:157} INFO - Started process (PID=14521) to work on /opt/airflow/dags/backfill_retail_pipeline.py
[2026-05-04T10:23:03.232+0000] {processor.py:829} INFO - Processing file /opt/airflow/dags/backfill_retail_pipeline.py for tasks to queue
[2026-05-04T10:23:03.233+0000] {logging_mixin.py:151} INFO - [2026-05-04T10:23:03.232+0000] {dagbag.py:539} INFO - Filling up the DagBag from /opt/airflow/dags/backfill_retail_pipeline.py
[2026-05-04T10:23:03.238+0000] {processor.py:839} INFO - DAG(s) dict_keys(['backfill_retail_pipeline']) retrieved from /opt/airflow/dags/backfill_retail_pipeline.py
[2026-05-04T10:23:03.251+0000] {logging_mixin.py:151} INFO - [2026-05-04T10:23:03.251+0000] {dag.py:2915} INFO - Sync 1 DAGs
[2026-05-04T10:23:03.255+0000] {logging_mixin.py:151} INFO - [2026-05-04T10:23:03.255+0000] {dag.py:3696} INFO - Setting next_dagrun for backfill_retail_pipeline to None, run_after=None
[2026-05-04T10:23:03.260+0000] {processor.py:179} INFO - Processing /opt/airflow/dags/backfill_retail_pipeline.py took 0.033 seconds
[2026-05-04T10:23:33.631+0000] {processor.py:157} INFO - Started process (PID=14536) to work on /opt/airflow/dags/backfill_retail_pipeline.py
[2026-05-04T10:23:33.632+0000] {processor.py:829} INFO - Processing file /opt/airflow/dags/backfill_retail_pipeline.py for tasks to queue
[2026-05-04T10:23:33.633+0000] {logging_mixin.py:151} INFO - [2026-05-04T10:23:33.633+0000] {dagbag.py:539} INFO - Filling up the DagBag from /opt/airflow/dags/backfill_retail_pipeline.py
[2026-05-04T10:23:33.646+0000] {processor.py:839} INFO - DAG(s) dict_keys(['backfill_retail_pipeline']) retrieved from /opt/airflow/dags/backfill_retail_pipeline.py
[2026-05-04T10:23:33.672+0000] {logging_mixin.py:151} INFO - [2026-05-04T10:23:33.672+0000] {dag.py:2915} INFO - Sync 1 DAGs
[2026-05-04T10:23:33.682+0000] {logging_mixin.py:151} INFO - [2026-05-04T10:23:33.682+0000] {dag.py:3696} INFO - Setting next_dagrun for backfill_retail_pipeline to None, run_after=None
[2026-05-04T10:23:33.691+0000] {processor.py:179} INFO - Processing /opt/airflow/dags/backfill_retail_pipeline.py took 0.063 seconds
[2026-05-04T10:24:04.042+0000] {processor.py:157} INFO - Started process (PID=14551) to work on /opt/airflow/dags/backfill_retail_pipeline.py
[2026-05-04T10:24:04.044+0000] {processor.py:829} INFO - Processing file /opt/airflow/dags/backfill_retail_pipeline.py for tasks to queue
[2026-05-04T10:24:04.045+0000] {logging_mixin.py:151} INFO - [2026-05-04T10:24:04.044+0000] {dagbag.py:539} INFO - Filling up the DagBag from /opt/airflow/dags/backfill_retail_pipeline.py
[2026-05-04T10:24:04.053+0000] {processor.py:839} INFO - DAG(s) dict_keys(['backfill_retail_pipeline']) retrieved from /opt/airflow/dags/backfill_retail_pipeline.py
[2026-05-04T10:24:04.074+0000] {logging_mixin.py:151} INFO - [2026-05-04T10:24:04.074+0000] {dag.py:2915} INFO - Sync 1 DAGs
[2026-05-04T10:24:04.080+0000] {logging_mixin.py:151} INFO - [2026-05-04T10:24:04.080+0000] {dag.py:3696} INFO - Setting next_dagrun for backfill_retail_pipeline to None, run_after=None
[2026-05-04T10:24:04.087+0000] {processor.py:179} INFO - Processing /opt/airflow/dags/backfill_retail_pipeline.py took 0.054 seconds
[2026-05-04T10:24:34.362+0000] {processor.py:157} INFO - Started process (PID=14566) to work on /opt/airflow/dags/backfill_retail_pipeline.py
[2026-05-04T10:24:34.363+0000] {processor.py:829} INFO - Processing file /opt/airflow/dags/backfill_retail_pipeline.py for tasks to queue
[2026-05-04T10:24:34.364+0000] {logging_mixin.py:151} INFO - [2026-05-04T10:24:34.364+0000] {dagbag.py:539} INFO - Filling up the DagBag from /opt/airflow/dags/backfill_retail_pipeline.py
[2026-05-04T10:24:34.374+0000] {processor.py:839} INFO - DAG(s) dict_keys(['backfill_retail_pipeline']) retrieved from /opt/airflow/dags/backfill_retail_pipeline.py
[2026-05-04T10:24:34.393+0000] {logging_mixin.py:151} INFO - [2026-05-04T10:24:34.393+0000] {dag.py:2915} INFO - Sync 1 DAGs
[2026-05-04T10:24:34.399+0000] {logging_mixin.py:151} INFO - [2026-05-04T10:24:34.399+0000] {dag.py:3696} INFO - Setting next_dagrun for backfill_retail_pipeline to None, run_after=None
[2026-05-04T10:24:34.405+0000] {processor.py:179} INFO - Processing /opt/airflow/dags/backfill_retail_pipeline.py took 0.048 seconds
[2026-05-04T10:25:04.738+0000] {processor.py:157} INFO - Started process (PID=14581) to work on /opt/airflow/dags/backfill_retail_pipeline.py
[2026-05-04T10:25:04.741+0000] {processor.py:829} INFO - Processing file /opt/airflow/dags/backfill_retail_pipeline.py for tasks to queue
[2026-05-04T10:25:04.742+0000] {logging_mixin.py:151} INFO - [2026-05-04T10:25:04.741+0000] {dagbag.py:539} INFO - Filling up the DagBag from /opt/airflow/dags/backfill_retail_pipeline.py
[2026-05-04T10:25:04.748+0000] {processor.py:839} INFO - DAG(s) dict_keys(['backfill_retail_pipeline']) retrieved from /opt/airflow/dags/backfill_retail_pipeline.py
[2026-05-04T10:25:04.766+0000] {logging_mixin.py:151} INFO - [2026-05-04T10:25:04.766+0000] {dag.py:2915} INFO - Sync 1 DAGs
[2026-05-04T10:25:04.772+0000] {logging_mixin.py:151} INFO - [2026-05-04T10:25:04.772+0000] {dag.py:3696} INFO - Setting next_dagrun for backfill_retail_pipeline to None, run_after=None
[2026-05-04T10:25:04.778+0000] {processor.py:179} INFO - Processing /opt/airflow/dags/backfill_retail_pipeline.py took 0.043 seconds
[2026-05-04T10:25:35.136+0000] {processor.py:157} INFO - Started process (PID=14596) to work on /opt/airflow/dags/backfill_retail_pipeline.py
[2026-05-04T10:25:35.140+0000] {processor.py:829} INFO - Processing file /opt/airflow/dags/backfill_retail_pipeline.py for tasks to queue
[2026-05-04T10:25:35.141+0000] {logging_mixin.py:151} INFO - [2026-05-04T10:25:35.141+0000] {dagbag.py:539} INFO - Filling up the DagBag from /opt/airflow/dags/backfill_retail_pipeline.py
[2026-05-04T10:25:35.149+0000] {processor.py:839} INFO - DAG(s) dict_keys(['backfill_retail_pipeline']) retrieved from /opt/airflow/dags/backfill_retail_pipeline.py
[2026-05-04T10:25:35.167+0000] {logging_mixin.py:151} INFO - [2026-05-04T10:25:35.166+0000] {dag.py:2915} INFO - Sync 1 DAGs
[2026-05-04T10:25:35.172+0000] {logging_mixin.py:151} INFO - [2026-05-04T10:25:35.172+0000] {dag.py:3696} INFO - Setting next_dagrun for backfill_retail_pipeline to None, run_after=None
[2026-05-04T10:25:35.178+0000] {processor.py:179} INFO - Processing /opt/airflow/dags/backfill_retail_pipeline.py took 0.045 seconds
[2026-05-04T10:26:05.400+0000] {processor.py:157} INFO - Started process (PID=14611) to work on /opt/airflow/dags/backfill_retail_pipeline.py
[2026-05-04T10:26:05.403+0000] {processor.py:829} INFO - Processing file /opt/airflow/dags/backfill_retail_pipeline.py for tasks to queue
[2026-05-04T10:26:05.403+0000] {logging_mixin.py:151} INFO - [2026-05-04T10:26:05.403+0000] {dagbag.py:539} INFO - Filling up the DagBag from /opt/airflow/dags/backfill_retail_pipeline.py
[2026-05-04T10:26:05.410+0000] {processor.py:839} INFO - DAG(s) dict_keys(['backfill_retail_pipeline']) retrieved from /opt/airflow/dags/backfill_retail_pipeline.py
[2026-05-04T10:26:05.430+0000] {logging_mixin.py:151} INFO - [2026-05-04T10:26:05.430+0000] {dag.py:2915} INFO - Sync 1 DAGs
[2026-05-04T10:26:05.435+0000] {logging_mixin.py:151} INFO - [2026-05-04T10:26:05.435+0000] {dag.py:3696} INFO - Setting next_dagrun for backfill_retail_pipeline to None, run_after=None
[2026-05-04T10:26:05.442+0000] {processor.py:179} INFO - Processing /opt/airflow/dags/backfill_retail_pipeline.py took 0.044 seconds
[2026-05-04T10:26:35.727+0000] {processor.py:157} INFO - Started process (PID=14626) to work on /opt/airflow/dags/backfill_retail_pipeline.py
[2026-05-04T10:26:35.732+0000] {processor.py:829} INFO - Processing file /opt/airflow/dags/backfill_retail_pipeline.py for tasks to queue
[2026-05-04T10:26:35.733+0000] {logging_mixin.py:151} INFO - [2026-05-04T10:26:35.733+0000] {dagbag.py:539} INFO - Filling up the DagBag from /opt/airflow/dags/backfill_retail_pipeline.py
[2026-05-04T10:26:35.761+0000] {processor.py:839} INFO - DAG(s) dict_keys(['backfill_retail_pipeline']) retrieved from /opt/airflow/dags/backfill_retail_pipeline.py
[2026-05-04T10:26:35.798+0000] {logging_mixin.py:151} INFO - [2026-05-04T10:26:35.798+0000] {dag.py:2915} INFO - Sync 1 DAGs
[2026-05-04T10:26:35.806+0000] {logging_mixin.py:151} INFO - [2026-05-04T10:26:35.806+0000] {dag.py:3696} INFO - Setting next_dagrun for backfill_retail_pipeline to None, run_after=None
[2026-05-04T10:26:35.815+0000] {processor.py:179} INFO - Processing /opt/airflow/dags/backfill_retail_pipeline.py took 0.098 seconds
[2026-05-04T10:27:06.157+0000] {processor.py:157} INFO - Started process (PID=14641) to work on /opt/airflow/dags/backfill_retail_pipeline.py
[2026-05-04T10:27:06.158+0000] {processor.py:829} INFO - Processing file /opt/airflow/dags/backfill_retail_pipeline.py for tasks to queue
[2026-05-04T10:27:06.159+0000] {logging_mixin.py:151} INFO - [2026-05-04T10:27:06.159+0000] {dagbag.py:539} INFO - Filling up the DagBag from /opt/airflow/dags/backfill_retail_pipeline.py
[2026-05-04T10:27:06.169+0000] {processor.py:839} INFO - DAG(s) dict_keys(['backfill_retail_pipeline']) retrieved from /opt/airflow/dags/backfill_retail_pipeline.py
[2026-05-04T10:27:06.189+0000] {logging_mixin.py:151} INFO - [2026-05-04T10:27:06.189+0000] {dag.py:2915} INFO - Sync 1 DAGs
[2026-05-04T10:27:06.195+0000] {logging_mixin.py:151} INFO - [2026-05-04T10:27:06.195+0000] {dag.py:3696} INFO - Setting next_dagrun for backfill_retail_pipeline to None, run_after=None
[2026-05-04T10:27:06.202+0000] {processor.py:179} INFO - Processing /opt/airflow/dags/backfill_retail_pipeline.py took 0.048 seconds
[2026-05-04T10:27:36.615+0000] {processor.py:157} INFO - Started process (PID=14656) to work on /opt/airflow/dags/backfill_retail_pipeline.py
[2026-05-04T10:27:36.616+0000] {processor.py:829} INFO - Processing file /opt/airflow/dags/backfill_retail_pipeline.py for tasks to queue
[2026-05-04T10:27:36.617+0000] {logging_mixin.py:151} INFO - [2026-05-04T10:27:36.617+0000] {dagbag.py:539} INFO - Filling up the DagBag from /opt/airflow/dags/backfill_retail_pipeline.py
[2026-05-04T10:27:36.626+0000] {processor.py:839} INFO - DAG(s) dict_keys(['backfill_retail_pipeline']) retrieved from /opt/airflow/dags/backfill_retail_pipeline.py
[2026-05-04T10:27:36.648+0000] {logging_mixin.py:151} INFO - [2026-05-04T10:27:36.647+0000] {dag.py:2915} INFO - Sync 1 DAGs
[2026-05-04T10:27:36.653+0000] {logging_mixin.py:151} INFO - [2026-05-04T10:27:36.653+0000] {dag.py:3696} INFO - Setting next_dagrun for backfill_retail_pipeline to None, run_after=None
[2026-05-04T10:27:36.661+0000] {processor.py:179} INFO - Processing /opt/airflow/dags/backfill_retail_pipeline.py took 0.049 seconds
[2026-05-04T10:28:06.862+0000] {processor.py:157} INFO - Started process (PID=14671) to work on /opt/airflow/dags/backfill_retail_pipeline.py
[2026-05-04T10:28:06.865+0000] {processor.py:829} INFO - Processing file /opt/airflow/dags/backfill_retail_pipeline.py for tasks to queue
[2026-05-04T10:28:06.866+0000] {logging_mixin.py:151} INFO - [2026-05-04T10:28:06.866+0000] {dagbag.py:539} INFO - Filling up the DagBag from /opt/airflow/dags/backfill_retail_pipeline.py
[2026-05-04T10:28:06.877+0000] {processor.py:839} INFO - DAG(s) dict_keys(['backfill_retail_pipeline']) retrieved from /opt/airflow/dags/backfill_retail_pipeline.py
[2026-05-04T10:28:06.896+0000] {logging_mixin.py:151} INFO - [2026-05-04T10:28:06.896+0000] {dag.py:2915} INFO - Sync 1 DAGs
[2026-05-04T10:28:06.901+0000] {logging_mixin.py:151} INFO - [2026-05-04T10:28:06.901+0000] {dag.py:3696} INFO - Setting next_dagrun for backfill_retail_pipeline to None, run_after=None
[2026-05-04T10:28:06.908+0000] {processor.py:179} INFO - Processing /opt/airflow/dags/backfill_retail_pipeline.py took 0.048 seconds
[2026-05-04T10:28:37.232+0000] {processor.py:157} INFO - Started process (PID=14686) to work on /opt/airflow/dags/backfill_retail_pipeline.py
[2026-05-04T10:28:37.233+0000] {processor.py:829} INFO - Processing file /opt/airflow/dags/backfill_retail_pipeline.py for tasks to queue
[2026-05-04T10:28:37.233+0000] {logging_mixin.py:151} INFO - [2026-05-04T10:28:37.233+0000] {dagbag.py:539} INFO - Filling up the DagBag from /opt/airflow/dags/backfill_retail_pipeline.py
[2026-05-04T10:28:37.239+0000] {processor.py:839} INFO - DAG(s) dict_keys(['backfill_retail_pipeline']) retrieved from /opt/airflow/dags/backfill_retail_pipeline.py
[2026-05-04T10:28:37.255+0000] {logging_mixin.py:151} INFO - [2026-05-04T10:28:37.255+0000] {dag.py:2915} INFO - Sync 1 DAGs
[2026-05-04T10:28:37.259+0000] {logging_mixin.py:151} INFO - [2026-05-04T10:28:37.259+0000] {dag.py:3696} INFO - Setting next_dagrun for backfill_retail_pipeline to None, run_after=None
[2026-05-04T10:28:37.265+0000] {processor.py:179} INFO - Processing /opt/airflow/dags/backfill_retail_pipeline.py took 0.035 seconds
[2026-05-04T10:29:07.626+0000] {processor.py:157} INFO - Started process (PID=14701) to work on /opt/airflow/dags/backfill_retail_pipeline.py
[2026-05-04T10:29:07.627+0000] {processor.py:829} INFO - Processing file /opt/airflow/dags/backfill_retail_pipeline.py for tasks to queue
[2026-05-04T10:29:07.628+0000] {logging_mixin.py:151} INFO - [2026-05-04T10:29:07.627+0000] {dagbag.py:539} INFO - Filling up the DagBag from /opt/airflow/dags/backfill_retail_pipeline.py
[2026-05-04T10:29:07.637+0000] {processor.py:839} INFO - DAG(s) dict_keys(['backfill_retail_pipeline']) retrieved from /opt/airflow/dags/backfill_retail_pipeline.py
[2026-05-04T10:29:07.657+0000] {logging_mixin.py:151} INFO - [2026-05-04T10:29:07.657+0000] {dag.py:2915} INFO - Sync 1 DAGs
[2026-05-04T10:29:07.663+0000] {logging_mixin.py:151} INFO - [2026-05-04T10:29:07.663+0000] {dag.py:3696} INFO - Setting next_dagrun for backfill_retail_pipeline to None, run_after=None
[2026-05-04T10:29:07.669+0000] {processor.py:179} INFO - Processing /opt/airflow/dags/backfill_retail_pipeline.py took 0.047 seconds
[2026-05-04T10:29:38.063+0000] {processor.py:157} INFO - Started process (PID=14716) to work on /opt/airflow/dags/backfill_retail_pipeline.py
[2026-05-04T10:29:38.065+0000] {processor.py:829} INFO - Processing file /opt/airflow/dags/backfill_retail_pipeline.py for tasks to queue
[2026-05-04T10:29:38.066+0000] {logging_mixin.py:151} INFO - [2026-05-04T10:29:38.066+0000] {dagbag.py:539} INFO - Filling up the DagBag from /opt/airflow/dags/backfill_retail_pipeline.py
[2026-05-04T10:29:38.078+0000] {processor.py:839} INFO - DAG(s) dict_keys(['backfill_retail_pipeline']) retrieved from /opt/airflow/dags/backfill_retail_pipeline.py
[2026-05-04T10:29:38.108+0000] {logging_mixin.py:151} INFO - [2026-05-04T10:29:38.108+0000] {dag.py:2915} INFO - Sync 1 DAGs
[2026-05-04T10:29:38.116+0000] {logging_mixin.py:151} INFO - [2026-05-04T10:29:38.116+0000] {dag.py:3696} INFO - Setting next_dagrun for backfill_retail_pipeline to None, run_after=None
[2026-05-04T10:29:38.127+0000] {processor.py:179} INFO - Processing /opt/airflow/dags/backfill_retail_pipeline.py took 0.071 seconds
[2026-05-04T10:30:08.578+0000] {processor.py:157} INFO - Started process (PID=14731) to work on /opt/airflow/dags/backfill_retail_pipeline.py
[2026-05-04T10:30:08.579+0000] {processor.py:829} INFO - Processing file /opt/airflow/dags/backfill_retail_pipeline.py for tasks to queue
[2026-05-04T10:30:08.580+0000] {logging_mixin.py:151} INFO - [2026-05-04T10:30:08.579+0000] {dagbag.py:539} INFO - Filling up the DagBag from /opt/airflow/dags/backfill_retail_pipeline.py
[2026-05-04T10:30:08.597+0000] {processor.py:839} INFO - DAG(s) dict_keys(['backfill_retail_pipeline']) retrieved from /opt/airflow/dags/backfill_retail_pipeline.py
[2026-05-04T10:30:08.636+0000] {logging_mixin.py:151} INFO - [2026-05-04T10:30:08.636+0000] {dag.py:2915} INFO - Sync 1 DAGs
[2026-05-04T10:30:08.647+0000] {logging_mixin.py:151} INFO - [2026-05-04T10:30:08.647+0000] {dag.py:3696} INFO - Setting next_dagrun for backfill_retail_pipeline to None, run_after=None
[2026-05-04T10:30:08.655+0000] {processor.py:179} INFO - Processing /opt/airflow/dags/backfill_retail_pipeline.py took 0.095 seconds
[2026-05-04T10:30:38.945+0000] {processor.py:157} INFO - Started process (PID=14746) to work on /opt/airflow/dags/backfill_retail_pipeline.py
[2026-05-04T10:30:38.946+0000] {processor.py:829} INFO - Processing file /opt/airflow/dags/backfill_retail_pipeline.py for tasks to queue
[2026-05-04T10:30:38.947+0000] {logging_mixin.py:151} INFO - [2026-05-04T10:30:38.946+0000] {dagbag.py:539} INFO - Filling up the DagBag from /opt/airflow/dags/backfill_retail_pipeline.py
[2026-05-04T10:30:38.957+0000] {processor.py:839} INFO - DAG(s) dict_keys(['backfill_retail_pipeline']) retrieved from /opt/airflow/dags/backfill_retail_pipeline.py
[2026-05-04T10:30:38.980+0000] {logging_mixin.py:151} INFO - [2026-05-04T10:30:38.980+0000] {dag.py:2915} INFO - Sync 1 DAGs
[2026-05-04T10:30:38.986+0000] {logging_mixin.py:151} INFO - [2026-05-04T10:30:38.986+0000] {dag.py:3696} INFO - Setting next_dagrun for backfill_retail_pipeline to None, run_after=None
[2026-05-04T10:30:38.993+0000] {processor.py:179} INFO - Processing /opt/airflow/dags/backfill_retail_pipeline.py took 0.051 seconds
[2026-05-04T10:31:09.258+0000] {processor.py:157} INFO - Started process (PID=14761) to work on /opt/airflow/dags/backfill_retail_pipeline.py
[2026-05-04T10:31:09.262+0000] {processor.py:829} INFO - Processing file /opt/airflow/dags/backfill_retail_pipeline.py for tasks to queue
[2026-05-04T10:31:09.262+0000] {logging_mixin.py:151} INFO - [2026-05-04T10:31:09.262+0000] {dagbag.py:539} INFO - Filling up the DagBag from /opt/airflow/dags/backfill_retail_pipeline.py
[2026-05-04T10:31:09.270+0000] {processor.py:839} INFO - DAG(s) dict_keys(['backfill_retail_pipeline']) retrieved from /opt/airflow/dags/backfill_retail_pipeline.py
[2026-05-04T10:31:09.285+0000] {logging_mixin.py:151} INFO - [2026-05-04T10:31:09.285+0000] {dag.py:2915} INFO - Sync 1 DAGs
[2026-05-04T10:31:09.290+0000] {logging_mixin.py:151} INFO - [2026-05-04T10:31:09.290+0000] {dag.py:3696} INFO - Setting next_dagrun for backfill_retail_pipeline to None, run_after=None
[2026-05-04T10:31:09.297+0000] {processor.py:179} INFO - Processing /opt/airflow/dags/backfill_retail_pipeline.py took 0.042 seconds
[2026-05-04T10:31:39.750+0000] {processor.py:157} INFO - Started process (PID=14776) to work on /opt/airflow/dags/backfill_retail_pipeline.py
[2026-05-04T10:31:39.751+0000] {processor.py:829} INFO - Processing file /opt/airflow/dags/backfill_retail_pipeline.py for tasks to queue
[2026-05-04T10:31:39.752+0000] {logging_mixin.py:151} INFO - [2026-05-04T10:31:39.752+0000] {dagbag.py:539} INFO - Filling up the DagBag from /opt/airflow/dags/backfill_retail_pipeline.py
[2026-05-04T10:31:39.764+0000] {processor.py:839} INFO - DAG(s) dict_keys(['backfill_retail_pipeline']) retrieved from /opt/airflow/dags/backfill_retail_pipeline.py
[2026-05-04T10:31:39.786+0000] {logging_mixin.py:151} INFO - [2026-05-04T10:31:39.786+0000] {dag.py:2915} INFO - Sync 1 DAGs
[2026-05-04T10:31:39.793+0000] {logging_mixin.py:151} INFO - [2026-05-04T10:31:39.793+0000] {dag.py:3696} INFO - Setting next_dagrun for backfill_retail_pipeline to None, run_after=None
[2026-05-04T10:31:39.800+0000] {processor.py:179} INFO - Processing /opt/airflow/dags/backfill_retail_pipeline.py took 0.056 seconds
[2026-05-04T10:32:10.226+0000] {processor.py:157} INFO - Started process (PID=14791) to work on /opt/airflow/dags/backfill_retail_pipeline.py
[2026-05-04T10:32:10.229+0000] {processor.py:829} INFO - Processing file /opt/airflow/dags/backfill_retail_pipeline.py for tasks to queue
[2026-05-04T10:32:10.230+0000] {logging_mixin.py:151} INFO - [2026-05-04T10:32:10.230+0000] {dagbag.py:539} INFO - Filling up the DagBag from /opt/airflow/dags/backfill_retail_pipeline.py
[2026-05-04T10:32:10.253+0000] {processor.py:839} INFO - DAG(s) dict_keys(['backfill_retail_pipeline']) retrieved from /opt/airflow/dags/backfill_retail_pipeline.py
[2026-05-04T10:32:10.295+0000] {logging_mixin.py:151} INFO - [2026-05-04T10:32:10.295+0000] {dag.py:2915} INFO - Sync 1 DAGs
[2026-05-04T10:32:10.303+0000] {logging_mixin.py:151} INFO - [2026-05-04T10:32:10.302+0000] {dag.py:3696} INFO - Setting next_dagrun for backfill_retail_pipeline to None, run_after=None
[2026-05-04T10:32:10.310+0000] {processor.py:179} INFO - Processing /opt/airflow/dags/backfill_retail_pipeline.py took 0.091 seconds
[2026-05-04T10:32:40.662+0000] {processor.py:157} INFO - Started process (PID=14806) to work on /opt/airflow/dags/backfill_retail_pipeline.py
[2026-05-04T10:32:40.666+0000] {processor.py:829} INFO - Processing file /opt/airflow/dags/backfill_retail_pipeline.py for tasks to queue
[2026-05-04T10:32:40.667+0000] {logging_mixin.py:151} INFO - [2026-05-04T10:32:40.666+0000] {dagbag.py:539} INFO - Filling up the DagBag from /opt/airflow/dags/backfill_retail_pipeline.py
[2026-05-04T10:32:40.679+0000] {processor.py:839} INFO - DAG(s) dict_keys(['backfill_retail_pipeline']) retrieved from /opt/airflow/dags/backfill_retail_pipeline.py
[2026-05-04T10:32:40.705+0000] {logging_mixin.py:151} INFO - [2026-05-04T10:32:40.705+0000] {dag.py:2915} INFO - Sync 1 DAGs
[2026-05-04T10:32:40.713+0000] {logging_mixin.py:151} INFO - [2026-05-04T10:32:40.713+0000] {dag.py:3696} INFO - Setting next_dagrun for backfill_retail_pipeline to None, run_after=None
[2026-05-04T10:32:40.722+0000] {processor.py:179} INFO - Processing /opt/airflow/dags/backfill_retail_pipeline.py took 0.065 seconds
[2026-05-04T10:33:11.127+0000] {processor.py:157} INFO - Started process (PID=14821) to work on /opt/airflow/dags/backfill_retail_pipeline.py
[2026-05-04T10:33:11.132+0000] {processor.py:829} INFO - Processing file /opt/airflow/dags/backfill_retail_pipeline.py for tasks to queue
[2026-05-04T10:33:11.133+0000] {logging_mixin.py:151} INFO - [2026-05-04T10:33:11.132+0000] {dagbag.py:539} INFO - Filling up the DagBag from /opt/airflow/dags/backfill_retail_pipeline.py
[2026-05-04T10:33:11.162+0000] {processor.py:839} INFO - DAG(s) dict_keys(['backfill_retail_pipeline']) retrieved from /opt/airflow/dags/backfill_retail_pipeline.py
[2026-05-04T10:33:11.209+0000] {logging_mixin.py:151} INFO - [2026-05-04T10:33:11.208+0000] {dag.py:2915} INFO - Sync 1 DAGs
[2026-05-04T10:33:11.217+0000] {logging_mixin.py:151} INFO - [2026-05-04T10:33:11.216+0000] {dag.py:3696} INFO - Setting next_dagrun for backfill_retail_pipeline to None, run_after=None
[2026-05-04T10:33:11.226+0000] {processor.py:179} INFO - Processing /opt/airflow/dags/backfill_retail_pipeline.py took 0.105 seconds
[2026-05-04T10:33:41.637+0000] {processor.py:157} INFO - Started process (PID=14836) to work on /opt/airflow/dags/backfill_retail_pipeline.py
[2026-05-04T10:33:41.638+0000] {processor.py:829} INFO - Processing file /opt/airflow/dags/backfill_retail_pipeline.py for tasks to queue
[2026-05-04T10:33:41.639+0000] {logging_mixin.py:151} INFO - [2026-05-04T10:33:41.639+0000] {dagbag.py:539} INFO - Filling up the DagBag from /opt/airflow/dags/backfill_retail_pipeline.py
[2026-05-04T10:33:41.659+0000] {processor.py:839} INFO - DAG(s) dict_keys(['backfill_retail_pipeline']) retrieved from /opt/airflow/dags/backfill_retail_pipeline.py
[2026-05-04T10:33:41.703+0000] {logging_mixin.py:151} INFO - [2026-05-04T10:33:41.703+0000] {dag.py:2915} INFO - Sync 1 DAGs
[2026-05-04T10:33:41.716+0000] {logging_mixin.py:151} INFO - [2026-05-04T10:33:41.716+0000] {dag.py:3696} INFO - Setting next_dagrun for backfill_retail_pipeline to None, run_after=None
[2026-05-04T10:33:41.728+0000] {processor.py:179} INFO - Processing /opt/airflow/dags/backfill_retail_pipeline.py took 0.097 seconds
[2026-05-04T10:34:12.047+0000] {processor.py:157} INFO - Started process (PID=14851) to work on /opt/airflow/dags/backfill_retail_pipeline.py
[2026-05-04T10:34:12.050+0000] {processor.py:829} INFO - Processing file /opt/airflow/dags/backfill_retail_pipeline.py for tasks to queue
[2026-05-04T10:34:12.051+0000] {logging_mixin.py:151} INFO - [2026-05-04T10:34:12.051+0000] {dagbag.py:539} INFO - Filling up the DagBag from /opt/airflow/dags/backfill_retail_pipeline.py
[2026-05-04T10:34:12.058+0000] {processor.py:839} INFO - DAG(s) dict_keys(['backfill_retail_pipeline']) retrieved from /opt/airflow/dags/backfill_retail_pipeline.py
[2026-05-04T10:34:12.077+0000] {logging_mixin.py:151} INFO - [2026-05-04T10:34:12.077+0000] {dag.py:2915} INFO - Sync 1 DAGs
[2026-05-04T10:34:12.083+0000] {logging_mixin.py:151} INFO - [2026-05-04T10:34:12.083+0000] {dag.py:3696} INFO - Setting next_dagrun for backfill_retail_pipeline to None, run_after=None
[2026-05-04T10:34:12.089+0000] {processor.py:179} INFO - Processing /opt/airflow/dags/backfill_retail_pipeline.py took 0.046 seconds
[2026-05-04T10:34:42.444+0000] {processor.py:157} INFO - Started process (PID=14866) to work on /opt/airflow/dags/backfill_retail_pipeline.py
[2026-05-04T10:34:42.446+0000] {processor.py:829} INFO - Processing file /opt/airflow/dags/backfill_retail_pipeline.py for tasks to queue
[2026-05-04T10:34:42.446+0000] {logging_mixin.py:151} INFO - [2026-05-04T10:34:42.446+0000] {dagbag.py:539} INFO - Filling up the DagBag from /opt/airflow/dags/backfill_retail_pipeline.py
[2026-05-04T10:34:42.454+0000] {processor.py:839} INFO - DAG(s) dict_keys(['backfill_retail_pipeline']) retrieved from /opt/airflow/dags/backfill_retail_pipeline.py
[2026-05-04T10:34:42.472+0000] {logging_mixin.py:151} INFO - [2026-05-04T10:34:42.472+0000] {dag.py:2915} INFO - Sync 1 DAGs
[2026-05-04T10:34:42.477+0000] {logging_mixin.py:151} INFO - [2026-05-04T10:34:42.477+0000] {dag.py:3696} INFO - Setting next_dagrun for backfill_retail_pipeline to None, run_after=None
[2026-05-04T10:34:42.484+0000] {processor.py:179} INFO - Processing /opt/airflow/dags/backfill_retail_pipeline.py took 0.043 seconds
[2026-05-04T10:35:12.815+0000] {processor.py:157} INFO - Started process (PID=14881) to work on /opt/airflow/dags/backfill_retail_pipeline.py
[2026-05-04T10:35:12.816+0000] {processor.py:829} INFO - Processing file /opt/airflow/dags/backfill_retail_pipeline.py for tasks to queue
[2026-05-04T10:35:12.817+0000] {logging_mixin.py:151} INFO - [2026-05-04T10:35:12.817+0000] {dagbag.py:539} INFO - Filling up the DagBag from /opt/airflow/dags/backfill_retail_pipeline.py
[2026-05-04T10:35:12.825+0000] {processor.py:839} INFO - DAG(s) dict_keys(['backfill_retail_pipeline']) retrieved from /opt/airflow/dags/backfill_retail_pipeline.py
[2026-05-04T10:35:12.846+0000] {logging_mixin.py:151} INFO - [2026-05-04T10:35:12.845+0000] {dag.py:2915} INFO - Sync 1 DAGs
[2026-05-04T10:35:12.851+0000] {logging_mixin.py:151} INFO - [2026-05-04T10:35:12.851+0000] {dag.py:3696} INFO - Setting next_dagrun for backfill_retail_pipeline to None, run_after=None
[2026-05-04T10:35:12.857+0000] {processor.py:179} INFO - Processing /opt/airflow/dags/backfill_retail_pipeline.py took 0.045 seconds
[2026-05-04T10:35:43.123+0000] {processor.py:157} INFO - Started process (PID=14896) to work on /opt/airflow/dags/backfill_retail_pipeline.py
[2026-05-04T10:35:43.126+0000] {processor.py:829} INFO - Processing file /opt/airflow/dags/backfill_retail_pipeline.py for tasks to queue
[2026-05-04T10:35:43.127+0000] {logging_mixin.py:151} INFO - [2026-05-04T10:35:43.126+0000] {dagbag.py:539} INFO - Filling up the DagBag from /opt/airflow/dags/backfill_retail_pipeline.py
[2026-05-04T10:35:43.134+0000] {processor.py:839} INFO - DAG(s) dict_keys(['backfill_retail_pipeline']) retrieved from /opt/airflow/dags/backfill_retail_pipeline.py
[2026-05-04T10:35:43.153+0000] {logging_mixin.py:151} INFO - [2026-05-04T10:35:43.153+0000] {dag.py:2915} INFO - Sync 1 DAGs
[2026-05-04T10:35:43.158+0000] {logging_mixin.py:151} INFO - [2026-05-04T10:35:43.158+0000] {dag.py:3696} INFO - Setting next_dagrun for backfill_retail_pipeline to None, run_after=None
[2026-05-04T10:35:43.165+0000] {processor.py:179} INFO - Processing /opt/airflow/dags/backfill_retail_pipeline.py took 0.045 seconds
[2026-05-04T10:36:13.442+0000] {processor.py:157} INFO - Started process (PID=14911) to work on /opt/airflow/dags/backfill_retail_pipeline.py
[2026-05-04T10:36:13.443+0000] {processor.py:829} INFO - Processing file /opt/airflow/dags/backfill_retail_pipeline.py for tasks to queue
[2026-05-04T10:36:13.444+0000] {logging_mixin.py:151} INFO - [2026-05-04T10:36:13.444+0000] {dagbag.py:539} INFO - Filling up the DagBag from /opt/airflow/dags/backfill_retail_pipeline.py
[2026-05-04T10:36:13.459+0000] {processor.py:839} INFO - DAG(s) dict_keys(['backfill_retail_pipeline']) retrieved from /opt/airflow/dags/backfill_retail_pipeline.py
[2026-05-04T10:36:13.508+0000] {logging_mixin.py:151} INFO - [2026-05-04T10:36:13.508+0000] {dag.py:2915} INFO - Sync 1 DAGs
[2026-05-04T10:36:13.514+0000] {logging_mixin.py:151} INFO - [2026-05-04T10:36:13.514+0000] {dag.py:3696} INFO - Setting next_dagrun for backfill_retail_pipeline to None, run_after=None
[2026-05-04T10:36:13.524+0000] {processor.py:179} INFO - Processing /opt/airflow/dags/backfill_retail_pipeline.py took 0.087 seconds
[2026-05-04T10:36:43.832+0000] {processor.py:157} INFO - Started process (PID=14926) to work on /opt/airflow/dags/backfill_retail_pipeline.py
[2026-05-04T10:36:43.833+0000] {processor.py:829} INFO - Processing file /opt/airflow/dags/backfill_retail_pipeline.py for tasks to queue
[2026-05-04T10:36:43.833+0000] {logging_mixin.py:151} INFO - [2026-05-04T10:36:43.833+0000] {dagbag.py:539} INFO - Filling up the DagBag from /opt/airflow/dags/backfill_retail_pipeline.py
[2026-05-04T10:36:43.841+0000] {processor.py:839} INFO - DAG(s) dict_keys(['backfill_retail_pipeline']) retrieved from /opt/airflow/dags/backfill_retail_pipeline.py
[2026-05-04T10:36:43.879+0000] {logging_mixin.py:151} INFO - [2026-05-04T10:36:43.878+0000] {dag.py:2915} INFO - Sync 1 DAGs
[2026-05-04T10:36:43.891+0000] {logging_mixin.py:151} INFO - [2026-05-04T10:36:43.891+0000] {dag.py:3696} INFO - Setting next_dagrun for backfill_retail_pipeline to None, run_after=None
[2026-05-04T10:36:43.898+0000] {processor.py:179} INFO - Processing /opt/airflow/dags/backfill_retail_pipeline.py took 0.070 seconds
[2026-05-04T10:37:14.158+0000] {processor.py:157} INFO - Started process (PID=14941) to work on /opt/airflow/dags/backfill_retail_pipeline.py
[2026-05-04T10:37:14.159+0000] {processor.py:829} INFO - Processing file /opt/airflow/dags/backfill_retail_pipeline.py for tasks to queue
[2026-05-04T10:37:14.160+0000] {logging_mixin.py:151} INFO - [2026-05-04T10:37:14.160+0000] {dagbag.py:539} INFO - Filling up the DagBag from /opt/airflow/dags/backfill_retail_pipeline.py
[2026-05-04T10:37:14.170+0000] {processor.py:839} INFO - DAG(s) dict_keys(['backfill_retail_pipeline']) retrieved from /opt/airflow/dags/backfill_retail_pipeline.py
[2026-05-04T10:37:14.204+0000] {logging_mixin.py:151} INFO - [2026-05-04T10:37:14.204+0000] {dag.py:2915} INFO - Sync 1 DAGs
[2026-05-04T10:37:14.216+0000] {logging_mixin.py:151} INFO - [2026-05-04T10:37:14.216+0000] {dag.py:3696} INFO - Setting next_dagrun for backfill_retail_pipeline to None, run_after=None
[2026-05-04T10:37:14.223+0000] {processor.py:179} INFO - Processing /opt/airflow/dags/backfill_retail_pipeline.py took 0.070 seconds
[2026-05-04T10:37:44.432+0000] {processor.py:157} INFO - Started process (PID=14956) to work on /opt/airflow/dags/backfill_retail_pipeline.py
[2026-05-04T10:37:44.436+0000] {processor.py:829} INFO - Processing file /opt/airflow/dags/backfill_retail_pipeline.py for tasks to queue
[2026-05-04T10:37:44.437+0000] {logging_mixin.py:151} INFO - [2026-05-04T10:37:44.436+0000] {dagbag.py:539} INFO - Filling up the DagBag from /opt/airflow/dags/backfill_retail_pipeline.py
[2026-05-04T10:37:44.447+0000] {processor.py:839} INFO - DAG(s) dict_keys(['backfill_retail_pipeline']) retrieved from /opt/airflow/dags/backfill_retail_pipeline.py
[2026-05-04T10:37:44.467+0000] {logging_mixin.py:151} INFO - [2026-05-04T10:37:44.467+0000] {dag.py:2915} INFO - Sync 1 DAGs
[2026-05-04T10:37:44.472+0000] {logging_mixin.py:151} INFO - [2026-05-04T10:37:44.472+0000] {dag.py:3696} INFO - Setting next_dagrun for backfill_retail_pipeline to None, run_after=None
[2026-05-04T10:37:44.478+0000] {processor.py:179} INFO - Processing /opt/airflow/dags/backfill_retail_pipeline.py took 0.051 seconds
[2026-05-04T10:38:14.807+0000] {processor.py:157} INFO - Started process (PID=14971) to work on /opt/airflow/dags/backfill_retail_pipeline.py
[2026-05-04T10:38:14.809+0000] {processor.py:829} INFO - Processing file /opt/airflow/dags/backfill_retail_pipeline.py for tasks to queue
[2026-05-04T10:38:14.810+0000] {logging_mixin.py:151} INFO - [2026-05-04T10:38:14.809+0000] {dagbag.py:539} INFO - Filling up the DagBag from /opt/airflow/dags/backfill_retail_pipeline.py
[2026-05-04T10:38:14.820+0000] {processor.py:839} INFO - DAG(s) dict_keys(['backfill_retail_pipeline']) retrieved from /opt/airflow/dags/backfill_retail_pipeline.py
[2026-05-04T10:38:14.838+0000] {logging_mixin.py:151} INFO - [2026-05-04T10:38:14.838+0000] {dag.py:2915} INFO - Sync 1 DAGs
[2026-05-04T10:38:14.843+0000] {logging_mixin.py:151} INFO - [2026-05-04T10:38:14.843+0000] {dag.py:3696} INFO - Setting next_dagrun for backfill_retail_pipeline to None, run_after=None
[2026-05-04T10:38:14.850+0000] {processor.py:179} INFO - Processing /opt/airflow/dags/backfill_retail_pipeline.py took 0.049 seconds
[2026-05-04T10:38:45.222+0000] {processor.py:157} INFO - Started process (PID=14986) to work on /opt/airflow/dags/backfill_retail_pipeline.py
[2026-05-04T10:38:45.223+0000] {processor.py:829} INFO - Processing file /opt/airflow/dags/backfill_retail_pipeline.py for tasks to queue
[2026-05-04T10:38:45.224+0000] {logging_mixin.py:151} INFO - [2026-05-04T10:38:45.224+0000] {dagbag.py:539} INFO - Filling up the DagBag from /opt/airflow/dags/backfill_retail_pipeline.py
[2026-05-04T10:38:45.231+0000] {processor.py:839} INFO - DAG(s) dict_keys(['backfill_retail_pipeline']) retrieved from /opt/airflow/dags/backfill_retail_pipeline.py
[2026-05-04T10:38:45.250+0000] {logging_mixin.py:151} INFO - [2026-05-04T10:38:45.250+0000] {dag.py:2915} INFO - Sync 1 DAGs
[2026-05-04T10:38:45.255+0000] {logging_mixin.py:151} INFO - [2026-05-04T10:38:45.255+0000] {dag.py:3696} INFO - Setting next_dagrun for backfill_retail_pipeline to None, run_after=None
[2026-05-04T10:38:45.261+0000] {processor.py:179} INFO - Processing /opt/airflow/dags/backfill_retail_pipeline.py took 0.044 seconds
[2026-05-04T10:39:15.476+0000] {processor.py:157} INFO - Started process (PID=15001) to work on /opt/airflow/dags/backfill_retail_pipeline.py
[2026-05-04T10:39:15.479+0000] {processor.py:829} INFO - Processing file /opt/airflow/dags/backfill_retail_pipeline.py for tasks to queue
[2026-05-04T10:39:15.480+0000] {logging_mixin.py:151} INFO - [2026-05-04T10:39:15.480+0000] {dagbag.py:539} INFO - Filling up the DagBag from /opt/airflow/dags/backfill_retail_pipeline.py
[2026-05-04T10:39:15.489+0000] {processor.py:839} INFO - DAG(s) dict_keys(['backfill_retail_pipeline']) retrieved from /opt/airflow/dags/backfill_retail_pipeline.py
[2026-05-04T10:39:15.510+0000] {logging_mixin.py:151} INFO - [2026-05-04T10:39:15.510+0000] {dag.py:2915} INFO - Sync 1 DAGs
[2026-05-04T10:39:15.515+0000] {logging_mixin.py:151} INFO - [2026-05-04T10:39:15.515+0000] {dag.py:3696} INFO - Setting next_dagrun for backfill_retail_pipeline to None, run_after=None
[2026-05-04T10:39:15.522+0000] {processor.py:179} INFO - Processing /opt/airflow/dags/backfill_retail_pipeline.py took 0.049 seconds
[2026-05-04T10:39:45.784+0000] {processor.py:157} INFO - Started process (PID=15016) to work on /opt/airflow/dags/backfill_retail_pipeline.py
[2026-05-04T10:39:45.787+0000] {processor.py:829} INFO - Processing file /opt/airflow/dags/backfill_retail_pipeline.py for tasks to queue
[2026-05-04T10:39:45.788+0000] {logging_mixin.py:151} INFO - [2026-05-04T10:39:45.788+0000] {dagbag.py:539} INFO - Filling up the DagBag from /opt/airflow/dags/backfill_retail_pipeline.py
[2026-05-04T10:39:45.798+0000] {processor.py:839} INFO - DAG(s) dict_keys(['backfill_retail_pipeline']) retrieved from /opt/airflow/dags/backfill_retail_pipeline.py
[2026-05-04T10:39:45.819+0000] {logging_mixin.py:151} INFO - [2026-05-04T10:39:45.819+0000] {dag.py:2915} INFO - Sync 1 DAGs
[2026-05-04T10:39:45.824+0000] {logging_mixin.py:151} INFO - [2026-05-04T10:39:45.824+0000] {dag.py:3696} INFO - Setting next_dagrun for backfill_retail_pipeline to None, run_after=None
[2026-05-04T10:39:45.831+0000] {processor.py:179} INFO - Processing /opt/airflow/dags/backfill_retail_pipeline.py took 0.050 seconds
[2026-05-04T10:40:16.246+0000] {processor.py:157} INFO - Started process (PID=15031) to work on /opt/airflow/dags/backfill_retail_pipeline.py
[2026-05-04T10:40:16.248+0000] {processor.py:829} INFO - Processing file /opt/airflow/dags/backfill_retail_pipeline.py for tasks to queue
[2026-05-04T10:40:16.249+0000] {logging_mixin.py:151} INFO - [2026-05-04T10:40:16.248+0000] {dagbag.py:539} INFO - Filling up the DagBag from /opt/airflow/dags/backfill_retail_pipeline.py
[2026-05-04T10:40:16.260+0000] {processor.py:839} INFO - DAG(s) dict_keys(['backfill_retail_pipeline']) retrieved from /opt/airflow/dags/backfill_retail_pipeline.py
[2026-05-04T10:40:16.287+0000] {logging_mixin.py:151} INFO - [2026-05-04T10:40:16.287+0000] {dag.py:2915} INFO - Sync 1 DAGs
[2026-05-04T10:40:16.294+0000] {logging_mixin.py:151} INFO - [2026-05-04T10:40:16.294+0000] {dag.py:3696} INFO - Setting next_dagrun for backfill_retail_pipeline to None, run_after=None
[2026-05-04T10:40:16.301+0000] {processor.py:179} INFO - Processing /opt/airflow/dags/backfill_retail_pipeline.py took 0.058 seconds
[2026-05-04T10:40:46.641+0000] {processor.py:157} INFO - Started process (PID=15046) to work on /opt/airflow/dags/backfill_retail_pipeline.py
[2026-05-04T10:40:46.644+0000] {processor.py:829} INFO - Processing file /opt/airflow/dags/backfill_retail_pipeline.py for tasks to queue
[2026-05-04T10:40:46.644+0000] {logging_mixin.py:151} INFO - [2026-05-04T10:40:46.644+0000] {dagbag.py:539} INFO - Filling up the DagBag from /opt/airflow/dags/backfill_retail_pipeline.py
[2026-05-04T10:40:46.653+0000] {processor.py:839} INFO - DAG(s) dict_keys(['backfill_retail_pipeline']) retrieved from /opt/airflow/dags/backfill_retail_pipeline.py
[2026-05-04T10:40:46.672+0000] {logging_mixin.py:151} INFO - [2026-05-04T10:40:46.672+0000] {dag.py:2915} INFO - Sync 1 DAGs
[2026-05-04T10:40:46.677+0000] {logging_mixin.py:151} INFO - [2026-05-04T10:40:46.677+0000] {dag.py:3696} INFO - Setting next_dagrun for backfill_retail_pipeline to None, run_after=None
[2026-05-04T10:40:46.683+0000] {processor.py:179} INFO - Processing /opt/airflow/dags/backfill_retail_pipeline.py took 0.049 seconds
[2026-05-04T10:41:17.047+0000] {processor.py:157} INFO - Started process (PID=15061) to work on /opt/airflow/dags/backfill_retail_pipeline.py
[2026-05-04T10:41:17.048+0000] {processor.py:829} INFO - Processing file /opt/airflow/dags/backfill_retail_pipeline.py for tasks to queue
[2026-05-04T10:41:17.049+0000] {logging_mixin.py:151} INFO - [2026-05-04T10:41:17.049+0000] {dagbag.py:539} INFO - Filling up the DagBag from /opt/airflow/dags/backfill_retail_pipeline.py
[2026-05-04T10:41:17.058+0000] {processor.py:839} INFO - DAG(s) dict_keys(['backfill_retail_pipeline']) retrieved from /opt/airflow/dags/backfill_retail_pipeline.py
[2026-05-04T10:41:17.078+0000] {logging_mixin.py:151} INFO - [2026-05-04T10:41:17.078+0000] {dag.py:2915} INFO - Sync 1 DAGs
[2026-05-04T10:41:17.083+0000] {logging_mixin.py:151} INFO - [2026-05-04T10:41:17.083+0000] {dag.py:3696} INFO - Setting next_dagrun for backfill_retail_pipeline to None, run_after=None
[2026-05-04T10:41:17.089+0000] {processor.py:179} INFO - Processing /opt/airflow/dags/backfill_retail_pipeline.py took 0.045 seconds
[2026-05-04T10:41:47.350+0000] {processor.py:157} INFO - Started process (PID=15076) to work on /opt/airflow/dags/backfill_retail_pipeline.py
[2026-05-04T10:41:47.351+0000] {processor.py:829} INFO - Processing file /opt/airflow/dags/backfill_retail_pipeline.py for tasks to queue
[2026-05-04T10:41:47.351+0000] {logging_mixin.py:151} INFO - [2026-05-04T10:41:47.351+0000] {dagbag.py:539} INFO - Filling up the DagBag from /opt/airflow/dags/backfill_retail_pipeline.py
[2026-05-04T10:41:47.360+0000] {processor.py:839} INFO - DAG(s) dict_keys(['backfill_retail_pipeline']) retrieved from /opt/airflow/dags/backfill_retail_pipeline.py
[2026-05-04T10:41:47.380+0000] {logging_mixin.py:151} INFO - [2026-05-04T10:41:47.380+0000] {dag.py:2915} INFO - Sync 1 DAGs
[2026-05-04T10:41:47.386+0000] {logging_mixin.py:151} INFO - [2026-05-04T10:41:47.386+0000] {dag.py:3696} INFO - Setting next_dagrun for backfill_retail_pipeline to None, run_after=None
[2026-05-04T10:41:47.393+0000] {processor.py:179} INFO - Processing /opt/airflow/dags/backfill_retail_pipeline.py took 0.046 seconds
[2026-05-04T10:42:17.695+0000] {processor.py:157} INFO - Started process (PID=15091) to work on /opt/airflow/dags/backfill_retail_pipeline.py
[2026-05-04T10:42:17.696+0000] {processor.py:829} INFO - Processing file /opt/airflow/dags/backfill_retail_pipeline.py for tasks to queue
[2026-05-04T10:42:17.697+0000] {logging_mixin.py:151} INFO - [2026-05-04T10:42:17.697+0000] {dagbag.py:539} INFO - Filling up the DagBag from /opt/airflow/dags/backfill_retail_pipeline.py
[2026-05-04T10:42:17.707+0000] {processor.py:839} INFO - DAG(s) dict_keys(['backfill_retail_pipeline']) retrieved from /opt/airflow/dags/backfill_retail_pipeline.py
[2026-05-04T10:42:17.729+0000] {logging_mixin.py:151} INFO - [2026-05-04T10:42:17.729+0000] {dag.py:2915} INFO - Sync 1 DAGs
[2026-05-04T10:42:17.737+0000] {logging_mixin.py:151} INFO - [2026-05-04T10:42:17.736+0000] {dag.py:3696} INFO - Setting next_dagrun for backfill_retail_pipeline to None, run_after=None
[2026-05-04T10:42:17.744+0000] {processor.py:179} INFO - Processing /opt/airflow/dags/backfill_retail_pipeline.py took 0.052 seconds
[2026-05-04T10:42:48.046+0000] {processor.py:157} INFO - Started process (PID=15106) to work on /opt/airflow/dags/backfill_retail_pipeline.py
[2026-05-04T10:42:48.047+0000] {processor.py:829} INFO - Processing file /opt/airflow/dags/backfill_retail_pipeline.py for tasks to queue
[2026-05-04T10:42:48.048+0000] {logging_mixin.py:151} INFO - [2026-05-04T10:42:48.047+0000] {dagbag.py:539} INFO - Filling up the DagBag from /opt/airflow/dags/backfill_retail_pipeline.py
[2026-05-04T10:42:48.056+0000] {processor.py:839} INFO - DAG(s) dict_keys(['backfill_retail_pipeline']) retrieved from /opt/airflow/dags/backfill_retail_pipeline.py
[2026-05-04T10:42:48.077+0000] {logging_mixin.py:151} INFO - [2026-05-04T10:42:48.076+0000] {dag.py:2915} INFO - Sync 1 DAGs
[2026-05-04T10:42:48.082+0000] {logging_mixin.py:151} INFO - [2026-05-04T10:42:48.082+0000] {dag.py:3696} INFO - Setting next_dagrun for backfill_retail_pipeline to None, run_after=None
[2026-05-04T10:42:48.088+0000] {processor.py:179} INFO - Processing /opt/airflow/dags/backfill_retail_pipeline.py took 0.046 seconds
[2026-05-04T10:43:18.339+0000] {processor.py:157} INFO - Started process (PID=15121) to work on /opt/airflow/dags/backfill_retail_pipeline.py
[2026-05-04T10:43:18.341+0000] {processor.py:829} INFO - Processing file /opt/airflow/dags/backfill_retail_pipeline.py for tasks to queue
[2026-05-04T10:43:18.342+0000] {logging_mixin.py:151} INFO - [2026-05-04T10:43:18.341+0000] {dagbag.py:539} INFO - Filling up the DagBag from /opt/airflow/dags/backfill_retail_pipeline.py
[2026-05-04T10:43:18.351+0000] {processor.py:839} INFO - DAG(s) dict_keys(['backfill_retail_pipeline']) retrieved from /opt/airflow/dags/backfill_retail_pipeline.py
[2026-05-04T10:43:18.376+0000] {logging_mixin.py:151} INFO - [2026-05-04T10:43:18.376+0000] {dag.py:2915} INFO - Sync 1 DAGs
[2026-05-04T10:43:18.381+0000] {logging_mixin.py:151} INFO - [2026-05-04T10:43:18.380+0000] {dag.py:3696} INFO - Setting next_dagrun for backfill_retail_pipeline to None, run_after=None
[2026-05-04T10:43:18.386+0000] {processor.py:179} INFO - Processing /opt/airflow/dags/backfill_retail_pipeline.py took 0.052 seconds
[2026-05-04T10:43:48.637+0000] {processor.py:157} INFO - Started process (PID=15136) to work on /opt/airflow/dags/backfill_retail_pipeline.py
[2026-05-04T10:43:48.638+0000] {processor.py:829} INFO - Processing file /opt/airflow/dags/backfill_retail_pipeline.py for tasks to queue
[2026-05-04T10:43:48.639+0000] {logging_mixin.py:151} INFO - [2026-05-04T10:43:48.638+0000] {dagbag.py:539} INFO - Filling up the DagBag from /opt/airflow/dags/backfill_retail_pipeline.py
[2026-05-04T10:43:48.644+0000] {processor.py:839} INFO - DAG(s) dict_keys(['backfill_retail_pipeline']) retrieved from /opt/airflow/dags/backfill_retail_pipeline.py
[2026-05-04T10:43:48.658+0000] {logging_mixin.py:151} INFO - [2026-05-04T10:43:48.657+0000] {dag.py:2915} INFO - Sync 1 DAGs
[2026-05-04T10:43:48.662+0000] {logging_mixin.py:151} INFO - [2026-05-04T10:43:48.662+0000] {dag.py:3696} INFO - Setting next_dagrun for backfill_retail_pipeline to None, run_after=None
[2026-05-04T10:43:48.667+0000] {processor.py:179} INFO - Processing /opt/airflow/dags/backfill_retail_pipeline.py took 0.032 seconds
[2026-05-04T10:44:19.160+0000] {processor.py:157} INFO - Started process (PID=15151) to work on /opt/airflow/dags/backfill_retail_pipeline.py
[2026-05-04T10:44:19.160+0000] {processor.py:829} INFO - Processing file /opt/airflow/dags/backfill_retail_pipeline.py for tasks to queue
[2026-05-04T10:44:19.161+0000] {logging_mixin.py:151} INFO - [2026-05-04T10:44:19.161+0000] {dagbag.py:539} INFO - Filling up the DagBag from /opt/airflow/dags/backfill_retail_pipeline.py
[2026-05-04T10:44:19.168+0000] {processor.py:839} INFO - DAG(s) dict_keys(['backfill_retail_pipeline']) retrieved from /opt/airflow/dags/backfill_retail_pipeline.py
[2026-05-04T10:44:19.183+0000] {logging_mixin.py:151} INFO - [2026-05-04T10:44:19.183+0000] {dag.py:2915} INFO - Sync 1 DAGs
[2026-05-04T10:44:19.188+0000] {logging_mixin.py:151} INFO - [2026-05-04T10:44:19.187+0000] {dag.py:3696} INFO - Setting next_dagrun for backfill_retail_pipeline to None, run_after=None
[2026-05-04T10:44:19.193+0000] {processor.py:179} INFO - Processing /opt/airflow/dags/backfill_retail_pipeline.py took 0.036 seconds
[2026-05-04T10:44:49.600+0000] {processor.py:157} INFO - Started process (PID=15166) to work on /opt/airflow/dags/backfill_retail_pipeline.py
[2026-05-04T10:44:49.601+0000] {processor.py:829} INFO - Processing file /opt/airflow/dags/backfill_retail_pipeline.py for tasks to queue
[2026-05-04T10:44:49.601+0000] {logging_mixin.py:151} INFO - [2026-05-04T10:44:49.601+0000] {dagbag.py:539} INFO - Filling up the DagBag from /opt/airflow/dags/backfill_retail_pipeline.py
[2026-05-04T10:44:49.609+0000] {processor.py:839} INFO - DAG(s) dict_keys(['backfill_retail_pipeline']) retrieved from /opt/airflow/dags/backfill_retail_pipeline.py
[2026-05-04T10:44:49.628+0000] {logging_mixin.py:151} INFO - [2026-05-04T10:44:49.628+0000] {dag.py:2915} INFO - Sync 1 DAGs
[2026-05-04T10:44:49.633+0000] {logging_mixin.py:151} INFO - [2026-05-04T10:44:49.633+0000] {dag.py:3696} INFO - Setting next_dagrun for backfill_retail_pipeline to None, run_after=None
[2026-05-04T10:44:49.640+0000] {processor.py:179} INFO - Processing /opt/airflow/dags/backfill_retail_pipeline.py took 0.043 seconds
[2026-05-04T10:45:19.911+0000] {processor.py:157} INFO - Started process (PID=15181) to work on /opt/airflow/dags/backfill_retail_pipeline.py
[2026-05-04T10:45:19.914+0000] {processor.py:829} INFO - Processing file /opt/airflow/dags/backfill_retail_pipeline.py for tasks to queue
[2026-05-04T10:45:19.915+0000] {logging_mixin.py:151} INFO - [2026-05-04T10:45:19.915+0000] {dagbag.py:539} INFO - Filling up the DagBag from /opt/airflow/dags/backfill_retail_pipeline.py
[2026-05-04T10:45:19.925+0000] {processor.py:839} INFO - DAG(s) dict_keys(['backfill_retail_pipeline']) retrieved from /opt/airflow/dags/backfill_retail_pipeline.py
[2026-05-04T10:45:19.946+0000] {logging_mixin.py:151} INFO - [2026-05-04T10:45:19.946+0000] {dag.py:2915} INFO - Sync 1 DAGs
[2026-05-04T10:45:19.951+0000] {logging_mixin.py:151} INFO - [2026-05-04T10:45:19.951+0000] {dag.py:3696} INFO - Setting next_dagrun for backfill_retail_pipeline to None, run_after=None
[2026-05-04T10:45:19.957+0000] {processor.py:179} INFO - Processing /opt/airflow/dags/backfill_retail_pipeline.py took 0.051 seconds
[2026-05-04T10:45:50.255+0000] {processor.py:157} INFO - Started process (PID=15196) to work on /opt/airflow/dags/backfill_retail_pipeline.py
[2026-05-04T10:45:50.257+0000] {processor.py:829} INFO - Processing file /opt/airflow/dags/backfill_retail_pipeline.py for tasks to queue
[2026-05-04T10:45:50.258+0000] {logging_mixin.py:151} INFO - [2026-05-04T10:45:50.258+0000] {dagbag.py:539} INFO - Filling up the DagBag from /opt/airflow/dags/backfill_retail_pipeline.py
[2026-05-04T10:45:50.269+0000] {processor.py:839} INFO - DAG(s) dict_keys(['backfill_retail_pipeline']) retrieved from /opt/airflow/dags/backfill_retail_pipeline.py
[2026-05-04T10:45:50.296+0000] {logging_mixin.py:151} INFO - [2026-05-04T10:45:50.296+0000] {dag.py:2915} INFO - Sync 1 DAGs
[2026-05-04T10:45:50.305+0000] {logging_mixin.py:151} INFO - [2026-05-04T10:45:50.305+0000] {dag.py:3696} INFO - Setting next_dagrun for backfill_retail_pipeline to None, run_after=None
[2026-05-04T10:45:50.312+0000] {processor.py:179} INFO - Processing /opt/airflow/dags/backfill_retail_pipeline.py took 0.063 seconds
[2026-05-04T10:46:20.584+0000] {processor.py:157} INFO - Started process (PID=15211) to work on /opt/airflow/dags/backfill_retail_pipeline.py
[2026-05-04T10:46:20.588+0000] {processor.py:829} INFO - Processing file /opt/airflow/dags/backfill_retail_pipeline.py for tasks to queue
[2026-05-04T10:46:20.589+0000] {logging_mixin.py:151} INFO - [2026-05-04T10:46:20.588+0000] {dagbag.py:539} INFO - Filling up the DagBag from /opt/airflow/dags/backfill_retail_pipeline.py
[2026-05-04T10:46:20.597+0000] {processor.py:839} INFO - DAG(s) dict_keys(['backfill_retail_pipeline']) retrieved from /opt/airflow/dags/backfill_retail_pipeline.py
[2026-05-04T10:46:20.616+0000] {logging_mixin.py:151} INFO - [2026-05-04T10:46:20.616+0000] {dag.py:2915} INFO - Sync 1 DAGs
[2026-05-04T10:46:20.621+0000] {logging_mixin.py:151} INFO - [2026-05-04T10:46:20.621+0000] {dag.py:3696} INFO - Setting next_dagrun for backfill_retail_pipeline to None, run_after=None
[2026-05-04T10:46:20.627+0000] {processor.py:179} INFO - Processing /opt/airflow/dags/backfill_retail_pipeline.py took 0.046 seconds
[2026-05-04T10:46:51.047+0000] {processor.py:157} INFO - Started process (PID=15226) to work on /opt/airflow/dags/backfill_retail_pipeline.py
[2026-05-04T10:46:51.048+0000] {processor.py:829} INFO - Processing file /opt/airflow/dags/backfill_retail_pipeline.py for tasks to queue
[2026-05-04T10:46:51.048+0000] {logging_mixin.py:151} INFO - [2026-05-04T10:46:51.048+0000] {dagbag.py:539} INFO - Filling up the DagBag from /opt/airflow/dags/backfill_retail_pipeline.py
[2026-05-04T10:46:51.057+0000] {processor.py:839} INFO - DAG(s) dict_keys(['backfill_retail_pipeline']) retrieved from /opt/airflow/dags/backfill_retail_pipeline.py
[2026-05-04T10:46:51.081+0000] {logging_mixin.py:151} INFO - [2026-05-04T10:46:51.081+0000] {dag.py:2915} INFO - Sync 1 DAGs
[2026-05-04T10:46:51.089+0000] {logging_mixin.py:151} INFO - [2026-05-04T10:46:51.089+0000] {dag.py:3696} INFO - Setting next_dagrun for backfill_retail_pipeline to None, run_after=None
[2026-05-04T10:46:51.096+0000] {processor.py:179} INFO - Processing /opt/airflow/dags/backfill_retail_pipeline.py took 0.053 seconds
[2026-05-04T10:47:21.455+0000] {processor.py:157} INFO - Started process (PID=15241) to work on /opt/airflow/dags/backfill_retail_pipeline.py
[2026-05-04T10:47:21.458+0000] {processor.py:829} INFO - Processing file /opt/airflow/dags/backfill_retail_pipeline.py for tasks to queue
[2026-05-04T10:47:21.459+0000] {logging_mixin.py:151} INFO - [2026-05-04T10:47:21.458+0000] {dagbag.py:539} INFO - Filling up the DagBag from /opt/airflow/dags/backfill_retail_pipeline.py
[2026-05-04T10:47:21.468+0000] {processor.py:839} INFO - DAG(s) dict_keys(['backfill_retail_pipeline']) retrieved from /opt/airflow/dags/backfill_retail_pipeline.py
[2026-05-04T10:47:21.491+0000] {logging_mixin.py:151} INFO - [2026-05-04T10:47:21.491+0000] {dag.py:2915} INFO - Sync 1 DAGs
[2026-05-04T10:47:21.500+0000] {logging_mixin.py:151} INFO - [2026-05-04T10:47:21.500+0000] {dag.py:3696} INFO - Setting next_dagrun for backfill_retail_pipeline to None, run_after=None
[2026-05-04T10:47:21.507+0000] {processor.py:179} INFO - Processing /opt/airflow/dags/backfill_retail_pipeline.py took 0.056 seconds
[2026-05-04T10:47:51.819+0000] {processor.py:157} INFO - Started process (PID=15256) to work on /opt/airflow/dags/backfill_retail_pipeline.py
[2026-05-04T10:47:51.822+0000] {processor.py:829} INFO - Processing file /opt/airflow/dags/backfill_retail_pipeline.py for tasks to queue
[2026-05-04T10:47:51.823+0000] {logging_mixin.py:151} INFO - [2026-05-04T10:47:51.823+0000] {dagbag.py:539} INFO - Filling up the DagBag from /opt/airflow/dags/backfill_retail_pipeline.py
[2026-05-04T10:47:51.851+0000] {processor.py:839} INFO - DAG(s) dict_keys(['backfill_retail_pipeline']) retrieved from /opt/airflow/dags/backfill_retail_pipeline.py
[2026-05-04T10:47:51.905+0000] {logging_mixin.py:151} INFO - [2026-05-04T10:47:51.905+0000] {dag.py:2915} INFO - Sync 1 DAGs
[2026-05-04T10:47:51.916+0000] {logging_mixin.py:151} INFO - [2026-05-04T10:47:51.916+0000] {dag.py:3696} INFO - Setting next_dagrun for backfill_retail_pipeline to None, run_after=None
[2026-05-04T10:47:51.927+0000] {processor.py:179} INFO - Processing /opt/airflow/dags/backfill_retail_pipeline.py took 0.116 seconds
[2026-05-04T10:48:22.170+0000] {processor.py:157} INFO - Started process (PID=15271) to work on /opt/airflow/dags/backfill_retail_pipeline.py
[2026-05-04T10:48:22.175+0000] {processor.py:829} INFO - Processing file /opt/airflow/dags/backfill_retail_pipeline.py for tasks to queue
[2026-05-04T10:48:22.175+0000] {logging_mixin.py:151} INFO - [2026-05-04T10:48:22.175+0000] {dagbag.py:539} INFO - Filling up the DagBag from /opt/airflow/dags/backfill_retail_pipeline.py
[2026-05-04T10:48:22.184+0000] {processor.py:839} INFO - DAG(s) dict_keys(['backfill_retail_pipeline']) retrieved from /opt/airflow/dags/backfill_retail_pipeline.py
[2026-05-04T10:48:22.204+0000] {logging_mixin.py:151} INFO - [2026-05-04T10:48:22.204+0000] {dag.py:2915} INFO - Sync 1 DAGs
[2026-05-04T10:48:22.209+0000] {logging_mixin.py:151} INFO - [2026-05-04T10:48:22.209+0000] {dag.py:3696} INFO - Setting next_dagrun for backfill_retail_pipeline to None, run_after=None
[2026-05-04T10:48:22.215+0000] {processor.py:179} INFO - Processing /opt/airflow/dags/backfill_retail_pipeline.py took 0.049 seconds
[2026-05-04T10:48:52.523+0000] {processor.py:157} INFO - Started process (PID=15286) to work on /opt/airflow/dags/backfill_retail_pipeline.py
[2026-05-04T10:48:52.524+0000] {processor.py:829} INFO - Processing file /opt/airflow/dags/backfill_retail_pipeline.py for tasks to queue
[2026-05-04T10:48:52.525+0000] {logging_mixin.py:151} INFO - [2026-05-04T10:48:52.525+0000] {dagbag.py:539} INFO - Filling up the DagBag from /opt/airflow/dags/backfill_retail_pipeline.py
[2026-05-04T10:48:52.535+0000] {processor.py:839} INFO - DAG(s) dict_keys(['backfill_retail_pipeline']) retrieved from /opt/airflow/dags/backfill_retail_pipeline.py
[2026-05-04T10:48:52.559+0000] {logging_mixin.py:151} INFO - [2026-05-04T10:48:52.558+0000] {dag.py:2915} INFO - Sync 1 DAGs
[2026-05-04T10:48:52.564+0000] {logging_mixin.py:151} INFO - [2026-05-04T10:48:52.563+0000] {dag.py:3696} INFO - Setting next_dagrun for backfill_retail_pipeline to None, run_after=None
[2026-05-04T10:48:52.570+0000] {processor.py:179} INFO - Processing /opt/airflow/dags/backfill_retail_pipeline.py took 0.052 seconds
[2026-05-04T10:49:22.853+0000] {processor.py:157} INFO - Started process (PID=15301) to work on /opt/airflow/dags/backfill_retail_pipeline.py
[2026-05-04T10:49:22.856+0000] {processor.py:829} INFO - Processing file /opt/airflow/dags/backfill_retail_pipeline.py for tasks to queue
[2026-05-04T10:49:22.857+0000] {logging_mixin.py:151} INFO - [2026-05-04T10:49:22.857+0000] {dagbag.py:539} INFO - Filling up the DagBag from /opt/airflow/dags/backfill_retail_pipeline.py
[2026-05-04T10:49:22.866+0000] {processor.py:839} INFO - DAG(s) dict_keys(['backfill_retail_pipeline']) retrieved from /opt/airflow/dags/backfill_retail_pipeline.py
[2026-05-04T10:49:22.887+0000] {logging_mixin.py:151} INFO - [2026-05-04T10:49:22.887+0000] {dag.py:2915} INFO - Sync 1 DAGs
[2026-05-04T10:49:22.892+0000] {logging_mixin.py:151} INFO - [2026-05-04T10:49:22.892+0000] {dag.py:3696} INFO - Setting next_dagrun for backfill_retail_pipeline to None, run_after=None
[2026-05-04T10:49:22.899+0000] {processor.py:179} INFO - Processing /opt/airflow/dags/backfill_retail_pipeline.py took 0.050 seconds
[2026-05-04T10:49:53.269+0000] {processor.py:157} INFO - Started process (PID=15316) to work on /opt/airflow/dags/backfill_retail_pipeline.py
[2026-05-04T10:49:53.273+0000] {processor.py:829} INFO - Processing file /opt/airflow/dags/backfill_retail_pipeline.py for tasks to queue
[2026-05-04T10:49:53.274+0000] {logging_mixin.py:151} INFO - [2026-05-04T10:49:53.273+0000] {dagbag.py:539} INFO - Filling up the DagBag from /opt/airflow/dags/backfill_retail_pipeline.py
[2026-05-04T10:49:53.286+0000] {processor.py:839} INFO - DAG(s) dict_keys(['backfill_retail_pipeline']) retrieved from /opt/airflow/dags/backfill_retail_pipeline.py
[2026-05-04T10:49:53.308+0000] {logging_mixin.py:151} INFO - [2026-05-04T10:49:53.308+0000] {dag.py:2915} INFO - Sync 1 DAGs
[2026-05-04T10:49:53.313+0000] {logging_mixin.py:151} INFO - [2026-05-04T10:49:53.313+0000] {dag.py:3696} INFO - Setting next_dagrun for backfill_retail_pipeline to None, run_after=None
[2026-05-04T10:49:53.319+0000] {processor.py:179} INFO - Processing /opt/airflow/dags/backfill_retail_pipeline.py took 0.054 seconds
[2026-05-04T10:50:23.691+0000] {processor.py:157} INFO - Started process (PID=15331) to work on /opt/airflow/dags/backfill_retail_pipeline.py
[2026-05-04T10:50:23.692+0000] {processor.py:829} INFO - Processing file /opt/airflow/dags/backfill_retail_pipeline.py for tasks to queue
[2026-05-04T10:50:23.693+0000] {logging_mixin.py:151} INFO - [2026-05-04T10:50:23.692+0000] {dagbag.py:539} INFO - Filling up the DagBag from /opt/airflow/dags/backfill_retail_pipeline.py
[2026-05-04T10:50:23.702+0000] {processor.py:839} INFO - DAG(s) dict_keys(['backfill_retail_pipeline']) retrieved from /opt/airflow/dags/backfill_retail_pipeline.py
[2026-05-04T10:50:23.722+0000] {logging_mixin.py:151} INFO - [2026-05-04T10:50:23.722+0000] {dag.py:2915} INFO - Sync 1 DAGs
[2026-05-04T10:50:23.728+0000] {logging_mixin.py:151} INFO - [2026-05-04T10:50:23.728+0000] {dag.py:3696} INFO - Setting next_dagrun for backfill_retail_pipeline to None, run_after=None
[2026-05-04T10:50:23.734+0000] {processor.py:179} INFO - Processing /opt/airflow/dags/backfill_retail_pipeline.py took 0.050 seconds
[2026-05-04T10:50:54.024+0000] {processor.py:157} INFO - Started process (PID=15346) to work on /opt/airflow/dags/backfill_retail_pipeline.py
[2026-05-04T10:50:54.027+0000] {processor.py:829} INFO - Processing file /opt/airflow/dags/backfill_retail_pipeline.py for tasks to queue
[2026-05-04T10:50:54.029+0000] {logging_mixin.py:151} INFO - [2026-05-04T10:50:54.028+0000] {dagbag.py:539} INFO - Filling up the DagBag from /opt/airflow/dags/backfill_retail_pipeline.py
[2026-05-04T10:50:54.046+0000] {processor.py:839} INFO - DAG(s) dict_keys(['backfill_retail_pipeline']) retrieved from /opt/airflow/dags/backfill_retail_pipeline.py
[2026-05-04T10:50:54.069+0000] {logging_mixin.py:151} INFO - [2026-05-04T10:50:54.069+0000] {dag.py:2915} INFO - Sync 1 DAGs
[2026-05-04T10:50:54.077+0000] {logging_mixin.py:151} INFO - [2026-05-04T10:50:54.077+0000] {dag.py:3696} INFO - Setting next_dagrun for backfill_retail_pipeline to None, run_after=None
[2026-05-04T10:50:54.083+0000] {processor.py:179} INFO - Processing /opt/airflow/dags/backfill_retail_pipeline.py took 0.067 seconds
[2026-05-04T10:51:24.497+0000] {processor.py:157} INFO - Started process (PID=15361) to work on /opt/airflow/dags/backfill_retail_pipeline.py
[2026-05-04T10:51:24.499+0000] {processor.py:829} INFO - Processing file /opt/airflow/dags/backfill_retail_pipeline.py for tasks to queue
[2026-05-04T10:51:24.502+0000] {logging_mixin.py:151} INFO - [2026-05-04T10:51:24.501+0000] {dagbag.py:539} INFO - Filling up the DagBag from /opt/airflow/dags/backfill_retail_pipeline.py
[2026-05-04T10:51:24.529+0000] {processor.py:839} INFO - DAG(s) dict_keys(['backfill_retail_pipeline']) retrieved from /opt/airflow/dags/backfill_retail_pipeline.py
[2026-05-04T10:51:24.571+0000] {logging_mixin.py:151} INFO - [2026-05-04T10:51:24.571+0000] {dag.py:2915} INFO - Sync 1 DAGs
[2026-05-04T10:51:24.580+0000] {logging_mixin.py:151} INFO - [2026-05-04T10:51:24.579+0000] {dag.py:3696} INFO - Setting next_dagrun for backfill_retail_pipeline to None, run_after=None
[2026-05-04T10:51:24.591+0000] {processor.py:179} INFO - Processing /opt/airflow/dags/backfill_retail_pipeline.py took 0.100 seconds
[2026-05-04T10:51:54.962+0000] {processor.py:157} INFO - Started process (PID=15376) to work on /opt/airflow/dags/backfill_retail_pipeline.py
[2026-05-04T10:51:54.963+0000] {processor.py:829} INFO - Processing file /opt/airflow/dags/backfill_retail_pipeline.py for tasks to queue
[2026-05-04T10:51:54.964+0000] {logging_mixin.py:151} INFO - [2026-05-04T10:51:54.964+0000] {dagbag.py:539} INFO - Filling up the DagBag from /opt/airflow/dags/backfill_retail_pipeline.py
[2026-05-04T10:51:54.974+0000] {processor.py:839} INFO - DAG(s) dict_keys(['backfill_retail_pipeline']) retrieved from /opt/airflow/dags/backfill_retail_pipeline.py
[2026-05-04T10:51:54.997+0000] {logging_mixin.py:151} INFO - [2026-05-04T10:51:54.997+0000] {dag.py:2915} INFO - Sync 1 DAGs
[2026-05-04T10:51:55.002+0000] {logging_mixin.py:151} INFO - [2026-05-04T10:51:55.002+0000] {dag.py:3696} INFO - Setting next_dagrun for backfill_retail_pipeline to None, run_after=None
[2026-05-04T10:51:55.009+0000] {processor.py:179} INFO - Processing /opt/airflow/dags/backfill_retail_pipeline.py took 0.050 seconds
[2026-05-04T10:52:25.234+0000] {processor.py:157} INFO - Started process (PID=15391) to work on /opt/airflow/dags/backfill_retail_pipeline.py
[2026-05-04T10:52:25.235+0000] {processor.py:829} INFO - Processing file /opt/airflow/dags/backfill_retail_pipeline.py for tasks to queue
[2026-05-04T10:52:25.236+0000] {logging_mixin.py:151} INFO - [2026-05-04T10:52:25.236+0000] {dagbag.py:539} INFO - Filling up the DagBag from /opt/airflow/dags/backfill_retail_pipeline.py
[2026-05-04T10:52:25.247+0000] {processor.py:839} INFO - DAG(s) dict_keys(['backfill_retail_pipeline']) retrieved from /opt/airflow/dags/backfill_retail_pipeline.py
[2026-05-04T10:52:25.269+0000] {logging_mixin.py:151} INFO - [2026-05-04T10:52:25.269+0000] {dag.py:2915} INFO - Sync 1 DAGs
[2026-05-04T10:52:25.274+0000] {logging_mixin.py:151} INFO - [2026-05-04T10:52:25.274+0000] {dag.py:3696} INFO - Setting next_dagrun for backfill_retail_pipeline to None, run_after=None
[2026-05-04T10:52:25.281+0000] {processor.py:179} INFO - Processing /opt/airflow/dags/backfill_retail_pipeline.py took 0.051 seconds
[2026-05-04T10:52:55.560+0000] {processor.py:157} INFO - Started process (PID=15406) to work on /opt/airflow/dags/backfill_retail_pipeline.py
[2026-05-04T10:52:55.565+0000] {processor.py:829} INFO - Processing file /opt/airflow/dags/backfill_retail_pipeline.py for tasks to queue
[2026-05-04T10:52:55.566+0000] {logging_mixin.py:151} INFO - [2026-05-04T10:52:55.566+0000] {dagbag.py:539} INFO - Filling up the DagBag from /opt/airflow/dags/backfill_retail_pipeline.py
[2026-05-04T10:52:55.590+0000] {processor.py:839} INFO - DAG(s) dict_keys(['backfill_retail_pipeline']) retrieved from /opt/airflow/dags/backfill_retail_pipeline.py
[2026-05-04T10:52:55.633+0000] {logging_mixin.py:151} INFO - [2026-05-04T10:52:55.633+0000] {dag.py:2915} INFO - Sync 1 DAGs
[2026-05-04T10:52:55.643+0000] {logging_mixin.py:151} INFO - [2026-05-04T10:52:55.643+0000] {dag.py:3696} INFO - Setting next_dagrun for backfill_retail_pipeline to None, run_after=None
[2026-05-04T10:52:55.653+0000] {processor.py:179} INFO - Processing /opt/airflow/dags/backfill_retail_pipeline.py took 0.102 seconds
[2026-05-04T10:53:25.921+0000] {processor.py:157} INFO - Started process (PID=15421) to work on /opt/airflow/dags/backfill_retail_pipeline.py
[2026-05-04T10:53:25.922+0000] {processor.py:829} INFO - Processing file /opt/airflow/dags/backfill_retail_pipeline.py for tasks to queue
[2026-05-04T10:53:25.923+0000] {logging_mixin.py:151} INFO - [2026-05-04T10:53:25.923+0000] {dagbag.py:539} INFO - Filling up the DagBag from /opt/airflow/dags/backfill_retail_pipeline.py
[2026-05-04T10:53:25.931+0000] {processor.py:839} INFO - DAG(s) dict_keys(['backfill_retail_pipeline']) retrieved from /opt/airflow/dags/backfill_retail_pipeline.py
[2026-05-04T10:53:25.949+0000] {logging_mixin.py:151} INFO - [2026-05-04T10:53:25.949+0000] {dag.py:2915} INFO - Sync 1 DAGs
[2026-05-04T10:53:25.954+0000] {logging_mixin.py:151} INFO - [2026-05-04T10:53:25.954+0000] {dag.py:3696} INFO - Setting next_dagrun for backfill_retail_pipeline to None, run_after=None
[2026-05-04T10:53:25.960+0000] {processor.py:179} INFO - Processing /opt/airflow/dags/backfill_retail_pipeline.py took 0.042 seconds
[2026-05-04T10:53:56.337+0000] {processor.py:157} INFO - Started process (PID=15436) to work on /opt/airflow/dags/backfill_retail_pipeline.py
[2026-05-04T10:53:56.340+0000] {processor.py:829} INFO - Processing file /opt/airflow/dags/backfill_retail_pipeline.py for tasks to queue
[2026-05-04T10:53:56.340+0000] {logging_mixin.py:151} INFO - [2026-05-04T10:53:56.340+0000] {dagbag.py:539} INFO - Filling up the DagBag from /opt/airflow/dags/backfill_retail_pipeline.py
[2026-05-04T10:53:56.349+0000] {processor.py:839} INFO - DAG(s) dict_keys(['backfill_retail_pipeline']) retrieved from /opt/airflow/dags/backfill_retail_pipeline.py
[2026-05-04T10:53:56.369+0000] {logging_mixin.py:151} INFO - [2026-05-04T10:53:56.369+0000] {dag.py:2915} INFO - Sync 1 DAGs
[2026-05-04T10:53:56.374+0000] {logging_mixin.py:151} INFO - [2026-05-04T10:53:56.374+0000] {dag.py:3696} INFO - Setting next_dagrun for backfill_retail_pipeline to None, run_after=None
[2026-05-04T10:53:56.381+0000] {processor.py:179} INFO - Processing /opt/airflow/dags/backfill_retail_pipeline.py took 0.047 seconds
[2026-05-04T10:54:26.770+0000] {processor.py:157} INFO - Started process (PID=15451) to work on /opt/airflow/dags/backfill_retail_pipeline.py
[2026-05-04T10:54:26.773+0000] {processor.py:829} INFO - Processing file /opt/airflow/dags/backfill_retail_pipeline.py for tasks to queue
[2026-05-04T10:54:26.774+0000] {logging_mixin.py:151} INFO - [2026-05-04T10:54:26.774+0000] {dagbag.py:539} INFO - Filling up the DagBag from /opt/airflow/dags/backfill_retail_pipeline.py
[2026-05-04T10:54:26.796+0000] {processor.py:839} INFO - DAG(s) dict_keys(['backfill_retail_pipeline']) retrieved from /opt/airflow/dags/backfill_retail_pipeline.py
[2026-05-04T10:54:26.834+0000] {logging_mixin.py:151} INFO - [2026-05-04T10:54:26.834+0000] {dag.py:2915} INFO - Sync 1 DAGs
[2026-05-04T10:54:26.844+0000] {logging_mixin.py:151} INFO - [2026-05-04T10:54:26.843+0000] {dag.py:3696} INFO - Setting next_dagrun for backfill_retail_pipeline to None, run_after=None
[2026-05-04T10:54:26.857+0000] {processor.py:179} INFO - Processing /opt/airflow/dags/backfill_retail_pipeline.py took 0.095 seconds
[2026-05-04T10:54:57.172+0000] {processor.py:157} INFO - Started process (PID=15466) to work on /opt/airflow/dags/backfill_retail_pipeline.py
[2026-05-04T10:54:57.175+0000] {processor.py:829} INFO - Processing file /opt/airflow/dags/backfill_retail_pipeline.py for tasks to queue
[2026-05-04T10:54:57.176+0000] {logging_mixin.py:151} INFO - [2026-05-04T10:54:57.176+0000] {dagbag.py:539} INFO - Filling up the DagBag from /opt/airflow/dags/backfill_retail_pipeline.py
[2026-05-04T10:54:57.186+0000] {processor.py:839} INFO - DAG(s) dict_keys(['backfill_retail_pipeline']) retrieved from /opt/airflow/dags/backfill_retail_pipeline.py
[2026-05-04T10:54:57.207+0000] {logging_mixin.py:151} INFO - [2026-05-04T10:54:57.206+0000] {dag.py:2915} INFO - Sync 1 DAGs
[2026-05-04T10:54:57.211+0000] {logging_mixin.py:151} INFO - [2026-05-04T10:54:57.211+0000] {dag.py:3696} INFO - Setting next_dagrun for backfill_retail_pipeline to None, run_after=None
[2026-05-04T10:54:57.218+0000] {processor.py:179} INFO - Processing /opt/airflow/dags/backfill_retail_pipeline.py took 0.049 seconds
[2026-05-04T10:55:27.690+0000] {processor.py:157} INFO - Started process (PID=15481) to work on /opt/airflow/dags/backfill_retail_pipeline.py
[2026-05-04T10:55:27.691+0000] {processor.py:829} INFO - Processing file /opt/airflow/dags/backfill_retail_pipeline.py for tasks to queue
[2026-05-04T10:55:27.692+0000] {logging_mixin.py:151} INFO - [2026-05-04T10:55:27.691+0000] {dagbag.py:539} INFO - Filling up the DagBag from /opt/airflow/dags/backfill_retail_pipeline.py
[2026-05-04T10:55:27.697+0000] {processor.py:839} INFO - DAG(s) dict_keys(['backfill_retail_pipeline']) retrieved from /opt/airflow/dags/backfill_retail_pipeline.py
[2026-05-04T10:55:27.710+0000] {logging_mixin.py:151} INFO - [2026-05-04T10:55:27.710+0000] {dag.py:2915} INFO - Sync 1 DAGs
[2026-05-04T10:55:27.715+0000] {logging_mixin.py:151} INFO - [2026-05-04T10:55:27.715+0000] {dag.py:3696} INFO - Setting next_dagrun for backfill_retail_pipeline to None, run_after=None
[2026-05-04T10:55:27.720+0000] {processor.py:179} INFO - Processing /opt/airflow/dags/backfill_retail_pipeline.py took 0.031 seconds
[2026-05-04T10:55:58.115+0000] {processor.py:157} INFO - Started process (PID=15496) to work on /opt/airflow/dags/backfill_retail_pipeline.py
[2026-05-04T10:55:58.118+0000] {processor.py:829} INFO - Processing file /opt/airflow/dags/backfill_retail_pipeline.py for tasks to queue
[2026-05-04T10:55:58.118+0000] {logging_mixin.py:151} INFO - [2026-05-04T10:55:58.118+0000] {dagbag.py:539} INFO - Filling up the DagBag from /opt/airflow/dags/backfill_retail_pipeline.py
[2026-05-04T10:55:58.127+0000] {processor.py:839} INFO - DAG(s) dict_keys(['backfill_retail_pipeline']) retrieved from /opt/airflow/dags/backfill_retail_pipeline.py
[2026-05-04T10:55:58.145+0000] {logging_mixin.py:151} INFO - [2026-05-04T10:55:58.145+0000] {dag.py:2915} INFO - Sync 1 DAGs
[2026-05-04T10:55:58.151+0000] {logging_mixin.py:151} INFO - [2026-05-04T10:55:58.151+0000] {dag.py:3696} INFO - Setting next_dagrun for backfill_retail_pipeline to None, run_after=None
[2026-05-04T10:55:58.157+0000] {processor.py:179} INFO - Processing /opt/airflow/dags/backfill_retail_pipeline.py took 0.045 seconds
[2026-05-04T10:56:28.529+0000] {processor.py:157} INFO - Started process (PID=15511) to work on /opt/airflow/dags/backfill_retail_pipeline.py
[2026-05-04T10:56:28.530+0000] {processor.py:829} INFO - Processing file /opt/airflow/dags/backfill_retail_pipeline.py for tasks to queue
[2026-05-04T10:56:28.531+0000] {logging_mixin.py:151} INFO - [2026-05-04T10:56:28.531+0000] {dagbag.py:539} INFO - Filling up the DagBag from /opt/airflow/dags/backfill_retail_pipeline.py
[2026-05-04T10:56:28.541+0000] {processor.py:839} INFO - DAG(s) dict_keys(['backfill_retail_pipeline']) retrieved from /opt/airflow/dags/backfill_retail_pipeline.py
[2026-05-04T10:56:28.561+0000] {logging_mixin.py:151} INFO - [2026-05-04T10:56:28.561+0000] {dag.py:2915} INFO - Sync 1 DAGs
[2026-05-04T10:56:28.566+0000] {logging_mixin.py:151} INFO - [2026-05-04T10:56:28.566+0000] {dag.py:3696} INFO - Setting next_dagrun for backfill_retail_pipeline to None, run_after=None
[2026-05-04T10:56:28.572+0000] {processor.py:179} INFO - Processing /opt/airflow/dags/backfill_retail_pipeline.py took 0.049 seconds
[2026-05-04T10:56:58.932+0000] {processor.py:157} INFO - Started process (PID=15526) to work on /opt/airflow/dags/backfill_retail_pipeline.py
[2026-05-04T10:56:58.936+0000] {processor.py:829} INFO - Processing file /opt/airflow/dags/backfill_retail_pipeline.py for tasks to queue
[2026-05-04T10:56:58.937+0000] {logging_mixin.py:151} INFO - [2026-05-04T10:56:58.937+0000] {dagbag.py:539} INFO - Filling up the DagBag from /opt/airflow/dags/backfill_retail_pipeline.py
[2026-05-04T10:56:58.946+0000] {processor.py:839} INFO - DAG(s) dict_keys(['backfill_retail_pipeline']) retrieved from /opt/airflow/dags/backfill_retail_pipeline.py
[2026-05-04T10:56:58.967+0000] {logging_mixin.py:151} INFO - [2026-05-04T10:56:58.967+0000] {dag.py:2915} INFO - Sync 1 DAGs
[2026-05-04T10:56:58.972+0000] {logging_mixin.py:151} INFO - [2026-05-04T10:56:58.972+0000] {dag.py:3696} INFO - Setting next_dagrun for backfill_retail_pipeline to None, run_after=None
[2026-05-04T10:56:58.978+0000] {processor.py:179} INFO - Processing /opt/airflow/dags/backfill_retail_pipeline.py took 0.050 seconds
[2026-05-04T10:57:29.378+0000] {processor.py:157} INFO - Started process (PID=15541) to work on /opt/airflow/dags/backfill_retail_pipeline.py
[2026-05-04T10:57:29.381+0000] {processor.py:829} INFO - Processing file /opt/airflow/dags/backfill_retail_pipeline.py for tasks to queue
[2026-05-04T10:57:29.383+0000] {logging_mixin.py:151} INFO - [2026-05-04T10:57:29.382+0000] {dagbag.py:539} INFO - Filling up the DagBag from /opt/airflow/dags/backfill_retail_pipeline.py
[2026-05-04T10:57:29.396+0000] {processor.py:839} INFO - DAG(s) dict_keys(['backfill_retail_pipeline']) retrieved from /opt/airflow/dags/backfill_retail_pipeline.py
[2026-05-04T10:57:29.420+0000] {logging_mixin.py:151} INFO - [2026-05-04T10:57:29.420+0000] {dag.py:2915} INFO - Sync 1 DAGs
[2026-05-04T10:57:29.426+0000] {logging_mixin.py:151} INFO - [2026-05-04T10:57:29.426+0000] {dag.py:3696} INFO - Setting next_dagrun for backfill_retail_pipeline to None, run_after=None
[2026-05-04T10:57:29.432+0000] {processor.py:179} INFO - Processing /opt/airflow/dags/backfill_retail_pipeline.py took 0.059 seconds
[2026-05-04T10:57:59.818+0000] {processor.py:157} INFO - Started process (PID=15556) to work on /opt/airflow/dags/backfill_retail_pipeline.py
[2026-05-04T10:57:59.819+0000] {processor.py:829} INFO - Processing file /opt/airflow/dags/backfill_retail_pipeline.py for tasks to queue
[2026-05-04T10:57:59.820+0000] {logging_mixin.py:151} INFO - [2026-05-04T10:57:59.820+0000] {dagbag.py:539} INFO - Filling up the DagBag from /opt/airflow/dags/backfill_retail_pipeline.py
[2026-05-04T10:57:59.830+0000] {processor.py:839} INFO - DAG(s) dict_keys(['backfill_retail_pipeline']) retrieved from /opt/airflow/dags/backfill_retail_pipeline.py
[2026-05-04T10:57:59.848+0000] {logging_mixin.py:151} INFO - [2026-05-04T10:57:59.847+0000] {dag.py:2915} INFO - Sync 1 DAGs
[2026-05-04T10:57:59.853+0000] {logging_mixin.py:151} INFO - [2026-05-04T10:57:59.853+0000] {dag.py:3696} INFO - Setting next_dagrun for backfill_retail_pipeline to None, run_after=None
[2026-05-04T10:57:59.859+0000] {processor.py:179} INFO - Processing /opt/airflow/dags/backfill_retail_pipeline.py took 0.045 seconds
[2026-05-04T10:58:30.282+0000] {processor.py:157} INFO - Started process (PID=15571) to work on /opt/airflow/dags/backfill_retail_pipeline.py
[2026-05-04T10:58:30.286+0000] {processor.py:829} INFO - Processing file /opt/airflow/dags/backfill_retail_pipeline.py for tasks to queue
[2026-05-04T10:58:30.287+0000] {logging_mixin.py:151} INFO - [2026-05-04T10:58:30.286+0000] {dagbag.py:539} INFO - Filling up the DagBag from /opt/airflow/dags/backfill_retail_pipeline.py
[2026-05-04T10:58:30.306+0000] {processor.py:839} INFO - DAG(s) dict_keys(['backfill_retail_pipeline']) retrieved from /opt/airflow/dags/backfill_retail_pipeline.py
[2026-05-04T10:58:30.340+0000] {logging_mixin.py:151} INFO - [2026-05-04T10:58:30.340+0000] {dag.py:2915} INFO - Sync 1 DAGs
[2026-05-04T10:58:30.348+0000] {logging_mixin.py:151} INFO - [2026-05-04T10:58:30.348+0000] {dag.py:3696} INFO - Setting next_dagrun for backfill_retail_pipeline to None, run_after=None
[2026-05-04T10:58:30.356+0000] {processor.py:179} INFO - Processing /opt/airflow/dags/backfill_retail_pipeline.py took 0.082 seconds
