[2026-05-03T08:33:49.787+0000] {processor.py:157} INFO - Started process (PID=171) to work on /opt/airflow/dags/retail_pipeline_dag.py
[2026-05-03T08:33:49.787+0000] {processor.py:829} INFO - Processing file /opt/airflow/dags/retail_pipeline_dag.py for tasks to queue
[2026-05-03T08:33:49.788+0000] {logging_mixin.py:151} INFO - [2026-05-03T08:33:49.788+0000] {dagbag.py:539} INFO - Filling up the DagBag from /opt/airflow/dags/retail_pipeline_dag.py
[2026-05-03T08:33:49.807+0000] {processor.py:839} INFO - DAG(s) dict_keys(['retail_pipeline']) retrieved from /opt/airflow/dags/retail_pipeline_dag.py
[2026-05-03T08:33:49.922+0000] {logging_mixin.py:151} INFO - [2026-05-03T08:33:49.922+0000] {security.py:708} INFO - Not syncing DAG-level permissions for DAG 'DAG:retail_pipeline' as access control is unset.
[2026-05-03T08:33:49.922+0000] {logging_mixin.py:151} INFO - [2026-05-03T08:33:49.922+0000] {dag.py:2915} INFO - Sync 1 DAGs
[2026-05-03T08:33:50.027+0000] {logging_mixin.py:151} INFO - [2026-05-03T08:33:50.027+0000] {dag.py:3696} INFO - Setting next_dagrun for retail_pipeline to 2026-05-03T00:30:00+00:00, run_after=2026-05-04T00:30:00+00:00
[2026-05-03T08:33:50.039+0000] {processor.py:179} INFO - Processing /opt/airflow/dags/retail_pipeline_dag.py took 0.257 seconds
[2026-05-03T08:34:20.313+0000] {processor.py:157} INFO - Started process (PID=187) to work on /opt/airflow/dags/retail_pipeline_dag.py
[2026-05-03T08:34:20.313+0000] {processor.py:829} INFO - Processing file /opt/airflow/dags/retail_pipeline_dag.py for tasks to queue
[2026-05-03T08:34:20.314+0000] {logging_mixin.py:151} INFO - [2026-05-03T08:34:20.314+0000] {dagbag.py:539} INFO - Filling up the DagBag from /opt/airflow/dags/retail_pipeline_dag.py
[2026-05-03T08:34:20.331+0000] {processor.py:839} INFO - DAG(s) dict_keys(['retail_pipeline']) retrieved from /opt/airflow/dags/retail_pipeline_dag.py
[2026-05-03T08:34:20.361+0000] {logging_mixin.py:151} INFO - [2026-05-03T08:34:20.361+0000] {dag.py:2915} INFO - Sync 1 DAGs
[2026-05-03T08:34:20.369+0000] {logging_mixin.py:151} INFO - [2026-05-03T08:34:20.369+0000] {dag.py:3696} INFO - Setting next_dagrun for retail_pipeline to 2026-05-03T00:30:00+00:00, run_after=2026-05-04T00:30:00+00:00
[2026-05-03T08:34:20.382+0000] {processor.py:179} INFO - Processing /opt/airflow/dags/retail_pipeline_dag.py took 0.072 seconds
[2026-05-03T08:34:50.596+0000] {processor.py:157} INFO - Started process (PID=205) to work on /opt/airflow/dags/retail_pipeline_dag.py
[2026-05-03T08:34:50.596+0000] {processor.py:829} INFO - Processing file /opt/airflow/dags/retail_pipeline_dag.py for tasks to queue
[2026-05-03T08:34:50.597+0000] {logging_mixin.py:151} INFO - [2026-05-03T08:34:50.597+0000] {dagbag.py:539} INFO - Filling up the DagBag from /opt/airflow/dags/retail_pipeline_dag.py
[2026-05-03T08:34:50.607+0000] {processor.py:839} INFO - DAG(s) dict_keys(['retail_pipeline']) retrieved from /opt/airflow/dags/retail_pipeline_dag.py
[2026-05-03T08:34:50.629+0000] {logging_mixin.py:151} INFO - [2026-05-03T08:34:50.629+0000] {dag.py:2915} INFO - Sync 1 DAGs
[2026-05-03T08:34:50.640+0000] {logging_mixin.py:151} INFO - [2026-05-03T08:34:50.640+0000] {dag.py:3696} INFO - Setting next_dagrun for retail_pipeline to 2026-05-03T00:30:00+00:00, run_after=2026-05-04T00:30:00+00:00
[2026-05-03T08:34:50.651+0000] {processor.py:179} INFO - Processing /opt/airflow/dags/retail_pipeline_dag.py took 0.068 seconds
[2026-05-03T08:35:20.937+0000] {processor.py:157} INFO - Started process (PID=217) to work on /opt/airflow/dags/retail_pipeline_dag.py
[2026-05-03T08:35:20.937+0000] {processor.py:829} INFO - Processing file /opt/airflow/dags/retail_pipeline_dag.py for tasks to queue
[2026-05-03T08:35:20.938+0000] {logging_mixin.py:151} INFO - [2026-05-03T08:35:20.938+0000] {dagbag.py:539} INFO - Filling up the DagBag from /opt/airflow/dags/retail_pipeline_dag.py
[2026-05-03T08:35:20.951+0000] {processor.py:839} INFO - DAG(s) dict_keys(['retail_pipeline']) retrieved from /opt/airflow/dags/retail_pipeline_dag.py
[2026-05-03T08:35:20.974+0000] {logging_mixin.py:151} INFO - [2026-05-03T08:35:20.974+0000] {dag.py:2915} INFO - Sync 1 DAGs
[2026-05-03T08:35:20.991+0000] {logging_mixin.py:151} INFO - [2026-05-03T08:35:20.990+0000] {dag.py:3696} INFO - Setting next_dagrun for retail_pipeline to 2026-05-03T00:30:00+00:00, run_after=2026-05-04T00:30:00+00:00
[2026-05-03T08:35:21.095+0000] {processor.py:179} INFO - Processing /opt/airflow/dags/retail_pipeline_dag.py took 0.162 seconds
[2026-05-03T08:35:51.372+0000] {processor.py:157} INFO - Started process (PID=237) to work on /opt/airflow/dags/retail_pipeline_dag.py
[2026-05-03T08:35:51.373+0000] {processor.py:829} INFO - Processing file /opt/airflow/dags/retail_pipeline_dag.py for tasks to queue
[2026-05-03T08:35:51.374+0000] {logging_mixin.py:151} INFO - [2026-05-03T08:35:51.374+0000] {dagbag.py:539} INFO - Filling up the DagBag from /opt/airflow/dags/retail_pipeline_dag.py
[2026-05-03T08:35:51.388+0000] {processor.py:839} INFO - DAG(s) dict_keys(['retail_pipeline']) retrieved from /opt/airflow/dags/retail_pipeline_dag.py
[2026-05-03T08:35:51.428+0000] {logging_mixin.py:151} INFO - [2026-05-03T08:35:51.428+0000] {dag.py:2915} INFO - Sync 1 DAGs
[2026-05-03T08:35:51.553+0000] {logging_mixin.py:151} INFO - [2026-05-03T08:35:51.553+0000] {dag.py:3696} INFO - Setting next_dagrun for retail_pipeline to 2026-05-03T00:30:00+00:00, run_after=2026-05-04T00:30:00+00:00
[2026-05-03T08:35:51.562+0000] {processor.py:179} INFO - Processing /opt/airflow/dags/retail_pipeline_dag.py took 0.193 seconds
[2026-05-03T08:36:21.619+0000] {processor.py:157} INFO - Started process (PID=247) to work on /opt/airflow/dags/retail_pipeline_dag.py
[2026-05-03T08:36:21.620+0000] {processor.py:829} INFO - Processing file /opt/airflow/dags/retail_pipeline_dag.py for tasks to queue
[2026-05-03T08:36:21.622+0000] {logging_mixin.py:151} INFO - [2026-05-03T08:36:21.621+0000] {dagbag.py:539} INFO - Filling up the DagBag from /opt/airflow/dags/retail_pipeline_dag.py
[2026-05-03T08:36:21.634+0000] {processor.py:839} INFO - DAG(s) dict_keys(['retail_pipeline']) retrieved from /opt/airflow/dags/retail_pipeline_dag.py
[2026-05-03T08:36:21.658+0000] {logging_mixin.py:151} INFO - [2026-05-03T08:36:21.658+0000] {dag.py:2915} INFO - Sync 1 DAGs
[2026-05-03T08:36:21.769+0000] {logging_mixin.py:151} INFO - [2026-05-03T08:36:21.769+0000] {dag.py:3696} INFO - Setting next_dagrun for retail_pipeline to 2026-05-03T00:30:00+00:00, run_after=2026-05-04T00:30:00+00:00
[2026-05-03T08:36:21.777+0000] {processor.py:179} INFO - Processing /opt/airflow/dags/retail_pipeline_dag.py took 0.161 seconds
[2026-05-03T08:36:52.047+0000] {processor.py:157} INFO - Started process (PID=257) to work on /opt/airflow/dags/retail_pipeline_dag.py
[2026-05-03T08:36:52.049+0000] {processor.py:829} INFO - Processing file /opt/airflow/dags/retail_pipeline_dag.py for tasks to queue
[2026-05-03T08:36:52.051+0000] {logging_mixin.py:151} INFO - [2026-05-03T08:36:52.051+0000] {dagbag.py:539} INFO - Filling up the DagBag from /opt/airflow/dags/retail_pipeline_dag.py
[2026-05-03T08:36:52.075+0000] {processor.py:839} INFO - DAG(s) dict_keys(['retail_pipeline']) retrieved from /opt/airflow/dags/retail_pipeline_dag.py
[2026-05-03T08:36:52.219+0000] {logging_mixin.py:151} INFO - [2026-05-03T08:36:52.219+0000] {dag.py:2915} INFO - Sync 1 DAGs
[2026-05-03T08:36:52.229+0000] {logging_mixin.py:151} INFO - [2026-05-03T08:36:52.229+0000] {dag.py:3696} INFO - Setting next_dagrun for retail_pipeline to 2026-05-03T00:30:00+00:00, run_after=2026-05-04T00:30:00+00:00
[2026-05-03T08:36:52.238+0000] {processor.py:179} INFO - Processing /opt/airflow/dags/retail_pipeline_dag.py took 0.197 seconds
[2026-05-03T09:15:52.630+0000] {processor.py:157} INFO - Started process (PID=171) to work on /opt/airflow/dags/retail_pipeline_dag.py
[2026-05-03T09:15:52.633+0000] {processor.py:829} INFO - Processing file /opt/airflow/dags/retail_pipeline_dag.py for tasks to queue
[2026-05-03T09:15:52.634+0000] {logging_mixin.py:151} INFO - [2026-05-03T09:15:52.634+0000] {dagbag.py:539} INFO - Filling up the DagBag from /opt/airflow/dags/retail_pipeline_dag.py
[2026-05-03T09:15:52.648+0000] {processor.py:839} INFO - DAG(s) dict_keys(['retail_pipeline']) retrieved from /opt/airflow/dags/retail_pipeline_dag.py
[2026-05-03T09:15:52.745+0000] {logging_mixin.py:151} INFO - [2026-05-03T09:15:52.745+0000] {security.py:708} INFO - Not syncing DAG-level permissions for DAG 'DAG:retail_pipeline' as access control is unset.
[2026-05-03T09:15:52.745+0000] {logging_mixin.py:151} INFO - [2026-05-03T09:15:52.745+0000] {dag.py:2915} INFO - Sync 1 DAGs
[2026-05-03T09:15:52.824+0000] {logging_mixin.py:151} INFO - [2026-05-03T09:15:52.824+0000] {dag.py:3696} INFO - Setting next_dagrun for retail_pipeline to 2026-05-03T00:30:00+00:00, run_after=2026-05-04T00:30:00+00:00
[2026-05-03T09:15:52.833+0000] {processor.py:179} INFO - Processing /opt/airflow/dags/retail_pipeline_dag.py took 0.205 seconds
[2026-05-03T09:16:22.955+0000] {processor.py:157} INFO - Started process (PID=256) to work on /opt/airflow/dags/retail_pipeline_dag.py
[2026-05-03T09:16:22.957+0000] {processor.py:829} INFO - Processing file /opt/airflow/dags/retail_pipeline_dag.py for tasks to queue
[2026-05-03T09:16:22.958+0000] {logging_mixin.py:151} INFO - [2026-05-03T09:16:22.957+0000] {dagbag.py:539} INFO - Filling up the DagBag from /opt/airflow/dags/retail_pipeline_dag.py
[2026-05-03T09:16:22.982+0000] {processor.py:839} INFO - DAG(s) dict_keys(['retail_pipeline']) retrieved from /opt/airflow/dags/retail_pipeline_dag.py
[2026-05-03T09:16:23.010+0000] {logging_mixin.py:151} INFO - [2026-05-03T09:16:23.010+0000] {dag.py:2915} INFO - Sync 1 DAGs
[2026-05-03T09:16:23.025+0000] {logging_mixin.py:151} INFO - [2026-05-03T09:16:23.025+0000] {dag.py:3696} INFO - Setting next_dagrun for retail_pipeline to 2026-05-03T00:30:00+00:00, run_after=2026-05-04T00:30:00+00:00
[2026-05-03T09:16:23.035+0000] {processor.py:179} INFO - Processing /opt/airflow/dags/retail_pipeline_dag.py took 0.084 seconds
[2026-05-03T09:16:53.091+0000] {processor.py:157} INFO - Started process (PID=282) to work on /opt/airflow/dags/retail_pipeline_dag.py
[2026-05-03T09:16:53.092+0000] {processor.py:829} INFO - Processing file /opt/airflow/dags/retail_pipeline_dag.py for tasks to queue
[2026-05-03T09:16:53.093+0000] {logging_mixin.py:151} INFO - [2026-05-03T09:16:53.093+0000] {dagbag.py:539} INFO - Filling up the DagBag from /opt/airflow/dags/retail_pipeline_dag.py
[2026-05-03T09:16:53.103+0000] {processor.py:839} INFO - DAG(s) dict_keys(['retail_pipeline']) retrieved from /opt/airflow/dags/retail_pipeline_dag.py
[2026-05-03T09:16:53.124+0000] {logging_mixin.py:151} INFO - [2026-05-03T09:16:53.124+0000] {dag.py:2915} INFO - Sync 1 DAGs
[2026-05-03T09:16:53.136+0000] {logging_mixin.py:151} INFO - [2026-05-03T09:16:53.136+0000] {dag.py:3696} INFO - Setting next_dagrun for retail_pipeline to 2026-05-03T00:30:00+00:00, run_after=2026-05-04T00:30:00+00:00
[2026-05-03T09:16:53.148+0000] {processor.py:179} INFO - Processing /opt/airflow/dags/retail_pipeline_dag.py took 0.059 seconds
[2026-05-03T09:17:23.285+0000] {processor.py:157} INFO - Started process (PID=309) to work on /opt/airflow/dags/retail_pipeline_dag.py
[2026-05-03T09:17:23.288+0000] {processor.py:829} INFO - Processing file /opt/airflow/dags/retail_pipeline_dag.py for tasks to queue
[2026-05-03T09:17:23.289+0000] {logging_mixin.py:151} INFO - [2026-05-03T09:17:23.289+0000] {dagbag.py:539} INFO - Filling up the DagBag from /opt/airflow/dags/retail_pipeline_dag.py
[2026-05-03T09:17:23.299+0000] {processor.py:839} INFO - DAG(s) dict_keys(['retail_pipeline']) retrieved from /opt/airflow/dags/retail_pipeline_dag.py
[2026-05-03T09:17:23.318+0000] {logging_mixin.py:151} INFO - [2026-05-03T09:17:23.318+0000] {dag.py:2915} INFO - Sync 1 DAGs
[2026-05-03T09:17:23.330+0000] {logging_mixin.py:151} INFO - [2026-05-03T09:17:23.330+0000] {dag.py:3696} INFO - Setting next_dagrun for retail_pipeline to 2026-05-03T00:30:00+00:00, run_after=2026-05-04T00:30:00+00:00
[2026-05-03T09:17:23.444+0000] {processor.py:179} INFO - Processing /opt/airflow/dags/retail_pipeline_dag.py took 0.161 seconds
[2026-05-03T09:17:53.587+0000] {processor.py:157} INFO - Started process (PID=337) to work on /opt/airflow/dags/retail_pipeline_dag.py
[2026-05-03T09:17:53.590+0000] {processor.py:829} INFO - Processing file /opt/airflow/dags/retail_pipeline_dag.py for tasks to queue
[2026-05-03T09:17:53.591+0000] {logging_mixin.py:151} INFO - [2026-05-03T09:17:53.590+0000] {dagbag.py:539} INFO - Filling up the DagBag from /opt/airflow/dags/retail_pipeline_dag.py
[2026-05-03T09:17:53.602+0000] {processor.py:839} INFO - DAG(s) dict_keys(['retail_pipeline']) retrieved from /opt/airflow/dags/retail_pipeline_dag.py
[2026-05-03T09:17:53.628+0000] {logging_mixin.py:151} INFO - [2026-05-03T09:17:53.628+0000] {dag.py:2915} INFO - Sync 1 DAGs
[2026-05-03T09:17:53.743+0000] {logging_mixin.py:151} INFO - [2026-05-03T09:17:53.743+0000] {dag.py:3696} INFO - Setting next_dagrun for retail_pipeline to 2026-05-03T00:30:00+00:00, run_after=2026-05-04T00:30:00+00:00
[2026-05-03T09:17:53.753+0000] {processor.py:179} INFO - Processing /opt/airflow/dags/retail_pipeline_dag.py took 0.169 seconds
[2026-05-03T09:18:23.876+0000] {processor.py:157} INFO - Started process (PID=346) to work on /opt/airflow/dags/retail_pipeline_dag.py
[2026-05-03T09:18:23.879+0000] {processor.py:829} INFO - Processing file /opt/airflow/dags/retail_pipeline_dag.py for tasks to queue
[2026-05-03T09:18:23.880+0000] {logging_mixin.py:151} INFO - [2026-05-03T09:18:23.879+0000] {dagbag.py:539} INFO - Filling up the DagBag from /opt/airflow/dags/retail_pipeline_dag.py
[2026-05-03T09:18:23.895+0000] {processor.py:839} INFO - DAG(s) dict_keys(['retail_pipeline']) retrieved from /opt/airflow/dags/retail_pipeline_dag.py
[2026-05-03T09:18:23.922+0000] {logging_mixin.py:151} INFO - [2026-05-03T09:18:23.922+0000] {dag.py:2915} INFO - Sync 1 DAGs
[2026-05-03T09:18:24.069+0000] {logging_mixin.py:151} INFO - [2026-05-03T09:18:24.069+0000] {dag.py:3696} INFO - Setting next_dagrun for retail_pipeline to 2026-05-03T00:30:00+00:00, run_after=2026-05-04T00:30:00+00:00
[2026-05-03T09:18:24.084+0000] {processor.py:179} INFO - Processing /opt/airflow/dags/retail_pipeline_dag.py took 0.211 seconds
[2026-05-03T09:18:54.202+0000] {processor.py:157} INFO - Started process (PID=380) to work on /opt/airflow/dags/retail_pipeline_dag.py
[2026-05-03T09:18:54.203+0000] {processor.py:829} INFO - Processing file /opt/airflow/dags/retail_pipeline_dag.py for tasks to queue
[2026-05-03T09:18:54.204+0000] {logging_mixin.py:151} INFO - [2026-05-03T09:18:54.204+0000] {dagbag.py:539} INFO - Filling up the DagBag from /opt/airflow/dags/retail_pipeline_dag.py
[2026-05-03T09:18:54.217+0000] {processor.py:839} INFO - DAG(s) dict_keys(['retail_pipeline']) retrieved from /opt/airflow/dags/retail_pipeline_dag.py
[2026-05-03T09:18:54.353+0000] {logging_mixin.py:151} INFO - [2026-05-03T09:18:54.353+0000] {dag.py:2915} INFO - Sync 1 DAGs
[2026-05-03T09:18:54.367+0000] {logging_mixin.py:151} INFO - [2026-05-03T09:18:54.367+0000] {dag.py:3696} INFO - Setting next_dagrun for retail_pipeline to 2026-05-03T00:30:00+00:00, run_after=2026-05-04T00:30:00+00:00
[2026-05-03T09:18:54.384+0000] {processor.py:179} INFO - Processing /opt/airflow/dags/retail_pipeline_dag.py took 0.184 seconds
[2026-05-03T09:19:24.553+0000] {processor.py:157} INFO - Started process (PID=429) to work on /opt/airflow/dags/retail_pipeline_dag.py
[2026-05-03T09:19:24.557+0000] {processor.py:829} INFO - Processing file /opt/airflow/dags/retail_pipeline_dag.py for tasks to queue
[2026-05-03T09:19:24.558+0000] {logging_mixin.py:151} INFO - [2026-05-03T09:19:24.557+0000] {dagbag.py:539} INFO - Filling up the DagBag from /opt/airflow/dags/retail_pipeline_dag.py
[2026-05-03T09:19:24.686+0000] {processor.py:839} INFO - DAG(s) dict_keys(['retail_pipeline']) retrieved from /opt/airflow/dags/retail_pipeline_dag.py
[2026-05-03T09:19:24.700+0000] {logging_mixin.py:151} INFO - [2026-05-03T09:19:24.700+0000] {dag.py:2915} INFO - Sync 1 DAGs
[2026-05-03T09:19:24.710+0000] {logging_mixin.py:151} INFO - [2026-05-03T09:19:24.710+0000] {dag.py:3696} INFO - Setting next_dagrun for retail_pipeline to 2026-05-03T00:30:00+00:00, run_after=2026-05-04T00:30:00+00:00
[2026-05-03T09:19:24.718+0000] {processor.py:179} INFO - Processing /opt/airflow/dags/retail_pipeline_dag.py took 0.168 seconds
[2026-05-03T09:19:54.993+0000] {processor.py:157} INFO - Started process (PID=479) to work on /opt/airflow/dags/retail_pipeline_dag.py
[2026-05-03T09:19:54.996+0000] {processor.py:829} INFO - Processing file /opt/airflow/dags/retail_pipeline_dag.py for tasks to queue
[2026-05-03T09:19:54.997+0000] {logging_mixin.py:151} INFO - [2026-05-03T09:19:54.997+0000] {dagbag.py:539} INFO - Filling up the DagBag from /opt/airflow/dags/retail_pipeline_dag.py
[2026-05-03T09:19:55.011+0000] {processor.py:839} INFO - DAG(s) dict_keys(['retail_pipeline']) retrieved from /opt/airflow/dags/retail_pipeline_dag.py
[2026-05-03T09:19:55.040+0000] {logging_mixin.py:151} INFO - [2026-05-03T09:19:55.039+0000] {dag.py:2915} INFO - Sync 1 DAGs
[2026-05-03T09:19:55.056+0000] {logging_mixin.py:151} INFO - [2026-05-03T09:19:55.056+0000] {dag.py:3696} INFO - Setting next_dagrun for retail_pipeline to 2026-05-03T00:30:00+00:00, run_after=2026-05-04T00:30:00+00:00
[2026-05-03T09:19:55.071+0000] {processor.py:179} INFO - Processing /opt/airflow/dags/retail_pipeline_dag.py took 0.082 seconds
[2026-05-03T09:20:25.232+0000] {processor.py:157} INFO - Started process (PID=490) to work on /opt/airflow/dags/retail_pipeline_dag.py
[2026-05-03T09:20:25.236+0000] {processor.py:829} INFO - Processing file /opt/airflow/dags/retail_pipeline_dag.py for tasks to queue
[2026-05-03T09:20:25.236+0000] {logging_mixin.py:151} INFO - [2026-05-03T09:20:25.236+0000] {dagbag.py:539} INFO - Filling up the DagBag from /opt/airflow/dags/retail_pipeline_dag.py
[2026-05-03T09:20:25.248+0000] {processor.py:839} INFO - DAG(s) dict_keys(['retail_pipeline']) retrieved from /opt/airflow/dags/retail_pipeline_dag.py
[2026-05-03T09:20:25.265+0000] {logging_mixin.py:151} INFO - [2026-05-03T09:20:25.265+0000] {dag.py:2915} INFO - Sync 1 DAGs
[2026-05-03T09:20:25.275+0000] {logging_mixin.py:151} INFO - [2026-05-03T09:20:25.275+0000] {dag.py:3696} INFO - Setting next_dagrun for retail_pipeline to 2026-05-03T00:30:00+00:00, run_after=2026-05-04T00:30:00+00:00
[2026-05-03T09:20:25.284+0000] {processor.py:179} INFO - Processing /opt/airflow/dags/retail_pipeline_dag.py took 0.054 seconds
[2026-05-03T09:20:55.497+0000] {processor.py:157} INFO - Started process (PID=499) to work on /opt/airflow/dags/retail_pipeline_dag.py
[2026-05-03T09:20:55.498+0000] {processor.py:829} INFO - Processing file /opt/airflow/dags/retail_pipeline_dag.py for tasks to queue
[2026-05-03T09:20:55.498+0000] {logging_mixin.py:151} INFO - [2026-05-03T09:20:55.498+0000] {dagbag.py:539} INFO - Filling up the DagBag from /opt/airflow/dags/retail_pipeline_dag.py
[2026-05-03T09:20:55.511+0000] {processor.py:839} INFO - DAG(s) dict_keys(['retail_pipeline']) retrieved from /opt/airflow/dags/retail_pipeline_dag.py
[2026-05-03T09:20:55.539+0000] {logging_mixin.py:151} INFO - [2026-05-03T09:20:55.538+0000] {dag.py:2915} INFO - Sync 1 DAGs
[2026-05-03T09:20:55.553+0000] {logging_mixin.py:151} INFO - [2026-05-03T09:20:55.553+0000] {dag.py:3696} INFO - Setting next_dagrun for retail_pipeline to 2026-05-03T00:30:00+00:00, run_after=2026-05-04T00:30:00+00:00
[2026-05-03T09:20:55.564+0000] {processor.py:179} INFO - Processing /opt/airflow/dags/retail_pipeline_dag.py took 0.070 seconds
[2026-05-03T09:33:32.548+0000] {processor.py:157} INFO - Started process (PID=172) to work on /opt/airflow/dags/retail_pipeline_dag.py
[2026-05-03T09:33:32.549+0000] {processor.py:829} INFO - Processing file /opt/airflow/dags/retail_pipeline_dag.py for tasks to queue
[2026-05-03T09:33:32.550+0000] {logging_mixin.py:151} INFO - [2026-05-03T09:33:32.550+0000] {dagbag.py:539} INFO - Filling up the DagBag from /opt/airflow/dags/retail_pipeline_dag.py
[2026-05-03T09:33:32.569+0000] {processor.py:839} INFO - DAG(s) dict_keys(['retail_pipeline']) retrieved from /opt/airflow/dags/retail_pipeline_dag.py
[2026-05-03T09:33:32.684+0000] {logging_mixin.py:151} INFO - [2026-05-03T09:33:32.684+0000] {security.py:708} INFO - Not syncing DAG-level permissions for DAG 'DAG:retail_pipeline' as access control is unset.
[2026-05-03T09:33:32.684+0000] {logging_mixin.py:151} INFO - [2026-05-03T09:33:32.684+0000] {dag.py:2915} INFO - Sync 1 DAGs
[2026-05-03T09:33:32.790+0000] {logging_mixin.py:151} INFO - [2026-05-03T09:33:32.790+0000] {dag.py:3696} INFO - Setting next_dagrun for retail_pipeline to 2026-05-03T00:30:00+00:00, run_after=2026-05-04T00:30:00+00:00
[2026-05-03T09:33:32.799+0000] {processor.py:179} INFO - Processing /opt/airflow/dags/retail_pipeline_dag.py took 0.253 seconds
[2026-05-03T09:34:03.032+0000] {processor.py:157} INFO - Started process (PID=182) to work on /opt/airflow/dags/retail_pipeline_dag.py
[2026-05-03T09:34:03.035+0000] {processor.py:829} INFO - Processing file /opt/airflow/dags/retail_pipeline_dag.py for tasks to queue
[2026-05-03T09:34:03.036+0000] {logging_mixin.py:151} INFO - [2026-05-03T09:34:03.036+0000] {dagbag.py:539} INFO - Filling up the DagBag from /opt/airflow/dags/retail_pipeline_dag.py
[2026-05-03T09:34:03.053+0000] {processor.py:839} INFO - DAG(s) dict_keys(['retail_pipeline']) retrieved from /opt/airflow/dags/retail_pipeline_dag.py
[2026-05-03T09:34:03.080+0000] {logging_mixin.py:151} INFO - [2026-05-03T09:34:03.080+0000] {dag.py:2915} INFO - Sync 1 DAGs
[2026-05-03T09:34:03.092+0000] {logging_mixin.py:151} INFO - [2026-05-03T09:34:03.092+0000] {dag.py:3696} INFO - Setting next_dagrun for retail_pipeline to 2026-05-03T00:30:00+00:00, run_after=2026-05-04T00:30:00+00:00
[2026-05-03T09:34:03.112+0000] {processor.py:179} INFO - Processing /opt/airflow/dags/retail_pipeline_dag.py took 0.083 seconds
[2026-05-03T09:34:33.265+0000] {processor.py:157} INFO - Started process (PID=191) to work on /opt/airflow/dags/retail_pipeline_dag.py
[2026-05-03T09:34:33.266+0000] {processor.py:829} INFO - Processing file /opt/airflow/dags/retail_pipeline_dag.py for tasks to queue
[2026-05-03T09:34:33.267+0000] {logging_mixin.py:151} INFO - [2026-05-03T09:34:33.266+0000] {dagbag.py:539} INFO - Filling up the DagBag from /opt/airflow/dags/retail_pipeline_dag.py
[2026-05-03T09:34:33.278+0000] {processor.py:839} INFO - DAG(s) dict_keys(['retail_pipeline']) retrieved from /opt/airflow/dags/retail_pipeline_dag.py
[2026-05-03T09:34:33.300+0000] {logging_mixin.py:151} INFO - [2026-05-03T09:34:33.300+0000] {dag.py:2915} INFO - Sync 1 DAGs
[2026-05-03T09:34:33.312+0000] {logging_mixin.py:151} INFO - [2026-05-03T09:34:33.312+0000] {dag.py:3696} INFO - Setting next_dagrun for retail_pipeline to 2026-05-03T00:30:00+00:00, run_after=2026-05-04T00:30:00+00:00
[2026-05-03T09:34:33.320+0000] {processor.py:179} INFO - Processing /opt/airflow/dags/retail_pipeline_dag.py took 0.059 seconds
[2026-05-03T09:35:03.627+0000] {processor.py:157} INFO - Started process (PID=217) to work on /opt/airflow/dags/retail_pipeline_dag.py
[2026-05-03T09:35:03.627+0000] {processor.py:829} INFO - Processing file /opt/airflow/dags/retail_pipeline_dag.py for tasks to queue
[2026-05-03T09:35:03.629+0000] {logging_mixin.py:151} INFO - [2026-05-03T09:35:03.628+0000] {dagbag.py:539} INFO - Filling up the DagBag from /opt/airflow/dags/retail_pipeline_dag.py
[2026-05-03T09:35:03.642+0000] {processor.py:839} INFO - DAG(s) dict_keys(['retail_pipeline']) retrieved from /opt/airflow/dags/retail_pipeline_dag.py
[2026-05-03T09:35:03.668+0000] {logging_mixin.py:151} INFO - [2026-05-03T09:35:03.668+0000] {dag.py:2915} INFO - Sync 1 DAGs
[2026-05-03T09:35:03.680+0000] {logging_mixin.py:151} INFO - [2026-05-03T09:35:03.679+0000] {dag.py:3696} INFO - Setting next_dagrun for retail_pipeline to 2026-05-03T00:30:00+00:00, run_after=2026-05-04T00:30:00+00:00
[2026-05-03T09:35:03.765+0000] {processor.py:179} INFO - Processing /opt/airflow/dags/retail_pipeline_dag.py took 0.142 seconds
[2026-05-03T09:35:34.071+0000] {processor.py:157} INFO - Started process (PID=227) to work on /opt/airflow/dags/retail_pipeline_dag.py
[2026-05-03T09:35:34.072+0000] {processor.py:829} INFO - Processing file /opt/airflow/dags/retail_pipeline_dag.py for tasks to queue
[2026-05-03T09:35:34.073+0000] {logging_mixin.py:151} INFO - [2026-05-03T09:35:34.073+0000] {dagbag.py:539} INFO - Filling up the DagBag from /opt/airflow/dags/retail_pipeline_dag.py
[2026-05-03T09:35:34.087+0000] {processor.py:839} INFO - DAG(s) dict_keys(['retail_pipeline']) retrieved from /opt/airflow/dags/retail_pipeline_dag.py
[2026-05-03T09:35:34.107+0000] {logging_mixin.py:151} INFO - [2026-05-03T09:35:34.107+0000] {dag.py:2915} INFO - Sync 1 DAGs
[2026-05-03T09:35:34.237+0000] {logging_mixin.py:151} INFO - [2026-05-03T09:35:34.237+0000] {dag.py:3696} INFO - Setting next_dagrun for retail_pipeline to 2026-05-03T00:30:00+00:00, run_after=2026-05-04T00:30:00+00:00
[2026-05-03T09:35:34.254+0000] {processor.py:179} INFO - Processing /opt/airflow/dags/retail_pipeline_dag.py took 0.186 seconds
[2026-05-03T09:37:49.839+0000] {processor.py:157} INFO - Started process (PID=172) to work on /opt/airflow/dags/retail_pipeline_dag.py
[2026-05-03T09:37:49.840+0000] {processor.py:829} INFO - Processing file /opt/airflow/dags/retail_pipeline_dag.py for tasks to queue
[2026-05-03T09:37:49.840+0000] {logging_mixin.py:151} INFO - [2026-05-03T09:37:49.840+0000] {dagbag.py:539} INFO - Filling up the DagBag from /opt/airflow/dags/retail_pipeline_dag.py
[2026-05-03T09:37:49.857+0000] {processor.py:839} INFO - DAG(s) dict_keys(['retail_pipeline']) retrieved from /opt/airflow/dags/retail_pipeline_dag.py
[2026-05-03T09:37:49.953+0000] {logging_mixin.py:151} INFO - [2026-05-03T09:37:49.952+0000] {security.py:708} INFO - Not syncing DAG-level permissions for DAG 'DAG:retail_pipeline' as access control is unset.
[2026-05-03T09:37:49.953+0000] {logging_mixin.py:151} INFO - [2026-05-03T09:37:49.953+0000] {dag.py:2915} INFO - Sync 1 DAGs
[2026-05-03T09:37:50.042+0000] {logging_mixin.py:151} INFO - [2026-05-03T09:37:50.042+0000] {dag.py:3696} INFO - Setting next_dagrun for retail_pipeline to 2026-05-03T00:30:00+00:00, run_after=2026-05-04T00:30:00+00:00
[2026-05-03T09:37:50.055+0000] {processor.py:179} INFO - Processing /opt/airflow/dags/retail_pipeline_dag.py took 0.217 seconds
[2026-05-03T09:38:20.193+0000] {processor.py:157} INFO - Started process (PID=274) to work on /opt/airflow/dags/retail_pipeline_dag.py
[2026-05-03T09:38:20.193+0000] {processor.py:829} INFO - Processing file /opt/airflow/dags/retail_pipeline_dag.py for tasks to queue
[2026-05-03T09:38:20.194+0000] {logging_mixin.py:151} INFO - [2026-05-03T09:38:20.194+0000] {dagbag.py:539} INFO - Filling up the DagBag from /opt/airflow/dags/retail_pipeline_dag.py
[2026-05-03T09:38:20.204+0000] {processor.py:839} INFO - DAG(s) dict_keys(['retail_pipeline']) retrieved from /opt/airflow/dags/retail_pipeline_dag.py
[2026-05-03T09:38:20.224+0000] {logging_mixin.py:151} INFO - [2026-05-03T09:38:20.224+0000] {dag.py:2915} INFO - Sync 1 DAGs
[2026-05-03T09:38:20.234+0000] {logging_mixin.py:151} INFO - [2026-05-03T09:38:20.234+0000] {dag.py:3696} INFO - Setting next_dagrun for retail_pipeline to 2026-05-03T00:30:00+00:00, run_after=2026-05-04T00:30:00+00:00
[2026-05-03T09:38:20.240+0000] {processor.py:179} INFO - Processing /opt/airflow/dags/retail_pipeline_dag.py took 0.049 seconds
[2026-05-03T09:38:50.361+0000] {processor.py:157} INFO - Started process (PID=296) to work on /opt/airflow/dags/retail_pipeline_dag.py
[2026-05-03T09:38:50.362+0000] {processor.py:829} INFO - Processing file /opt/airflow/dags/retail_pipeline_dag.py for tasks to queue
[2026-05-03T09:38:50.363+0000] {logging_mixin.py:151} INFO - [2026-05-03T09:38:50.362+0000] {dagbag.py:539} INFO - Filling up the DagBag from /opt/airflow/dags/retail_pipeline_dag.py
[2026-05-03T09:38:50.373+0000] {processor.py:839} INFO - DAG(s) dict_keys(['retail_pipeline']) retrieved from /opt/airflow/dags/retail_pipeline_dag.py
[2026-05-03T09:38:50.402+0000] {logging_mixin.py:151} INFO - [2026-05-03T09:38:50.402+0000] {dag.py:2915} INFO - Sync 1 DAGs
[2026-05-03T09:38:50.415+0000] {logging_mixin.py:151} INFO - [2026-05-03T09:38:50.414+0000] {dag.py:3696} INFO - Setting next_dagrun for retail_pipeline to 2026-05-03T00:30:00+00:00, run_after=2026-05-04T00:30:00+00:00
[2026-05-03T09:38:50.426+0000] {processor.py:179} INFO - Processing /opt/airflow/dags/retail_pipeline_dag.py took 0.069 seconds
[2026-05-03T09:39:20.582+0000] {processor.py:157} INFO - Started process (PID=306) to work on /opt/airflow/dags/retail_pipeline_dag.py
[2026-05-03T09:39:20.583+0000] {processor.py:829} INFO - Processing file /opt/airflow/dags/retail_pipeline_dag.py for tasks to queue
[2026-05-03T09:39:20.583+0000] {logging_mixin.py:151} INFO - [2026-05-03T09:39:20.583+0000] {dagbag.py:539} INFO - Filling up the DagBag from /opt/airflow/dags/retail_pipeline_dag.py
[2026-05-03T09:39:20.593+0000] {processor.py:839} INFO - DAG(s) dict_keys(['retail_pipeline']) retrieved from /opt/airflow/dags/retail_pipeline_dag.py
[2026-05-03T09:39:20.616+0000] {logging_mixin.py:151} INFO - [2026-05-03T09:39:20.616+0000] {dag.py:2915} INFO - Sync 1 DAGs
[2026-05-03T09:39:20.629+0000] {logging_mixin.py:151} INFO - [2026-05-03T09:39:20.629+0000] {dag.py:3696} INFO - Setting next_dagrun for retail_pipeline to 2026-05-03T00:30:00+00:00, run_after=2026-05-04T00:30:00+00:00
[2026-05-03T09:39:20.733+0000] {processor.py:179} INFO - Processing /opt/airflow/dags/retail_pipeline_dag.py took 0.155 seconds
[2026-05-03T09:39:50.828+0000] {processor.py:157} INFO - Started process (PID=316) to work on /opt/airflow/dags/retail_pipeline_dag.py
[2026-05-03T09:39:50.829+0000] {processor.py:829} INFO - Processing file /opt/airflow/dags/retail_pipeline_dag.py for tasks to queue
[2026-05-03T09:39:50.830+0000] {logging_mixin.py:151} INFO - [2026-05-03T09:39:50.829+0000] {dagbag.py:539} INFO - Filling up the DagBag from /opt/airflow/dags/retail_pipeline_dag.py
[2026-05-03T09:39:50.844+0000] {processor.py:839} INFO - DAG(s) dict_keys(['retail_pipeline']) retrieved from /opt/airflow/dags/retail_pipeline_dag.py
[2026-05-03T09:39:50.866+0000] {logging_mixin.py:151} INFO - [2026-05-03T09:39:50.866+0000] {dag.py:2915} INFO - Sync 1 DAGs
[2026-05-03T09:39:50.985+0000] {logging_mixin.py:151} INFO - [2026-05-03T09:39:50.985+0000] {dag.py:3696} INFO - Setting next_dagrun for retail_pipeline to 2026-05-03T00:30:00+00:00, run_after=2026-05-04T00:30:00+00:00
[2026-05-03T09:39:50.991+0000] {processor.py:179} INFO - Processing /opt/airflow/dags/retail_pipeline_dag.py took 0.167 seconds
[2026-05-03T09:40:21.129+0000] {processor.py:157} INFO - Started process (PID=326) to work on /opt/airflow/dags/retail_pipeline_dag.py
[2026-05-03T09:40:21.130+0000] {processor.py:829} INFO - Processing file /opt/airflow/dags/retail_pipeline_dag.py for tasks to queue
[2026-05-03T09:40:21.131+0000] {logging_mixin.py:151} INFO - [2026-05-03T09:40:21.131+0000] {dagbag.py:539} INFO - Filling up the DagBag from /opt/airflow/dags/retail_pipeline_dag.py
[2026-05-03T09:40:21.142+0000] {processor.py:839} INFO - DAG(s) dict_keys(['retail_pipeline']) retrieved from /opt/airflow/dags/retail_pipeline_dag.py
[2026-05-03T09:40:21.170+0000] {logging_mixin.py:151} INFO - [2026-05-03T09:40:21.169+0000] {dag.py:2915} INFO - Sync 1 DAGs
[2026-05-03T09:40:21.268+0000] {logging_mixin.py:151} INFO - [2026-05-03T09:40:21.268+0000] {dag.py:3696} INFO - Setting next_dagrun for retail_pipeline to 2026-05-03T00:30:00+00:00, run_after=2026-05-04T00:30:00+00:00
[2026-05-03T09:40:21.274+0000] {processor.py:179} INFO - Processing /opt/airflow/dags/retail_pipeline_dag.py took 0.148 seconds
[2026-05-03T09:40:51.505+0000] {processor.py:157} INFO - Started process (PID=336) to work on /opt/airflow/dags/retail_pipeline_dag.py
[2026-05-03T09:40:51.505+0000] {processor.py:829} INFO - Processing file /opt/airflow/dags/retail_pipeline_dag.py for tasks to queue
[2026-05-03T09:40:51.506+0000] {logging_mixin.py:151} INFO - [2026-05-03T09:40:51.506+0000] {dagbag.py:539} INFO - Filling up the DagBag from /opt/airflow/dags/retail_pipeline_dag.py
[2026-05-03T09:40:51.519+0000] {processor.py:839} INFO - DAG(s) dict_keys(['retail_pipeline']) retrieved from /opt/airflow/dags/retail_pipeline_dag.py
[2026-05-03T09:40:51.663+0000] {logging_mixin.py:151} INFO - [2026-05-03T09:40:51.663+0000] {dag.py:2915} INFO - Sync 1 DAGs
[2026-05-03T09:40:51.671+0000] {logging_mixin.py:151} INFO - [2026-05-03T09:40:51.670+0000] {dag.py:3696} INFO - Setting next_dagrun for retail_pipeline to 2026-05-03T00:30:00+00:00, run_after=2026-05-04T00:30:00+00:00
[2026-05-03T09:40:51.676+0000] {processor.py:179} INFO - Processing /opt/airflow/dags/retail_pipeline_dag.py took 0.174 seconds
[2026-05-03T09:41:21.740+0000] {processor.py:157} INFO - Started process (PID=346) to work on /opt/airflow/dags/retail_pipeline_dag.py
[2026-05-03T09:41:21.740+0000] {processor.py:829} INFO - Processing file /opt/airflow/dags/retail_pipeline_dag.py for tasks to queue
[2026-05-03T09:41:21.741+0000] {logging_mixin.py:151} INFO - [2026-05-03T09:41:21.741+0000] {dagbag.py:539} INFO - Filling up the DagBag from /opt/airflow/dags/retail_pipeline_dag.py
[2026-05-03T09:41:21.868+0000] {processor.py:839} INFO - DAG(s) dict_keys(['retail_pipeline']) retrieved from /opt/airflow/dags/retail_pipeline_dag.py
[2026-05-03T09:41:21.880+0000] {logging_mixin.py:151} INFO - [2026-05-03T09:41:21.880+0000] {dag.py:2915} INFO - Sync 1 DAGs
[2026-05-03T09:41:21.889+0000] {logging_mixin.py:151} INFO - [2026-05-03T09:41:21.889+0000] {dag.py:3696} INFO - Setting next_dagrun for retail_pipeline to 2026-05-03T00:30:00+00:00, run_after=2026-05-04T00:30:00+00:00
[2026-05-03T09:41:21.896+0000] {processor.py:179} INFO - Processing /opt/airflow/dags/retail_pipeline_dag.py took 0.158 seconds
[2026-05-03T09:41:52.193+0000] {processor.py:157} INFO - Started process (PID=356) to work on /opt/airflow/dags/retail_pipeline_dag.py
[2026-05-03T09:41:52.194+0000] {processor.py:829} INFO - Processing file /opt/airflow/dags/retail_pipeline_dag.py for tasks to queue
[2026-05-03T09:41:52.195+0000] {logging_mixin.py:151} INFO - [2026-05-03T09:41:52.194+0000] {dagbag.py:539} INFO - Filling up the DagBag from /opt/airflow/dags/retail_pipeline_dag.py
[2026-05-03T09:41:52.209+0000] {processor.py:839} INFO - DAG(s) dict_keys(['retail_pipeline']) retrieved from /opt/airflow/dags/retail_pipeline_dag.py
[2026-05-03T09:41:52.229+0000] {logging_mixin.py:151} INFO - [2026-05-03T09:41:52.229+0000] {dag.py:2915} INFO - Sync 1 DAGs
[2026-05-03T09:41:52.240+0000] {logging_mixin.py:151} INFO - [2026-05-03T09:41:52.240+0000] {dag.py:3696} INFO - Setting next_dagrun for retail_pipeline to 2026-05-03T00:30:00+00:00, run_after=2026-05-04T00:30:00+00:00
[2026-05-03T09:41:52.247+0000] {processor.py:179} INFO - Processing /opt/airflow/dags/retail_pipeline_dag.py took 0.058 seconds
[2026-05-03T09:42:22.471+0000] {processor.py:157} INFO - Started process (PID=366) to work on /opt/airflow/dags/retail_pipeline_dag.py
[2026-05-03T09:42:22.471+0000] {processor.py:829} INFO - Processing file /opt/airflow/dags/retail_pipeline_dag.py for tasks to queue
[2026-05-03T09:42:22.472+0000] {logging_mixin.py:151} INFO - [2026-05-03T09:42:22.472+0000] {dagbag.py:539} INFO - Filling up the DagBag from /opt/airflow/dags/retail_pipeline_dag.py
[2026-05-03T09:42:22.482+0000] {processor.py:839} INFO - DAG(s) dict_keys(['retail_pipeline']) retrieved from /opt/airflow/dags/retail_pipeline_dag.py
[2026-05-03T09:42:22.503+0000] {logging_mixin.py:151} INFO - [2026-05-03T09:42:22.503+0000] {dag.py:2915} INFO - Sync 1 DAGs
[2026-05-03T09:42:22.512+0000] {logging_mixin.py:151} INFO - [2026-05-03T09:42:22.512+0000] {dag.py:3696} INFO - Setting next_dagrun for retail_pipeline to 2026-05-03T00:30:00+00:00, run_after=2026-05-04T00:30:00+00:00
[2026-05-03T09:42:22.518+0000] {processor.py:179} INFO - Processing /opt/airflow/dags/retail_pipeline_dag.py took 0.051 seconds
[2026-05-03T09:42:52.751+0000] {processor.py:157} INFO - Started process (PID=376) to work on /opt/airflow/dags/retail_pipeline_dag.py
[2026-05-03T09:42:52.752+0000] {processor.py:829} INFO - Processing file /opt/airflow/dags/retail_pipeline_dag.py for tasks to queue
[2026-05-03T09:42:52.752+0000] {logging_mixin.py:151} INFO - [2026-05-03T09:42:52.752+0000] {dagbag.py:539} INFO - Filling up the DagBag from /opt/airflow/dags/retail_pipeline_dag.py
[2026-05-03T09:42:52.772+0000] {processor.py:839} INFO - DAG(s) dict_keys(['retail_pipeline']) retrieved from /opt/airflow/dags/retail_pipeline_dag.py
[2026-05-03T09:42:52.800+0000] {logging_mixin.py:151} INFO - [2026-05-03T09:42:52.800+0000] {dag.py:2915} INFO - Sync 1 DAGs
[2026-05-03T09:42:52.814+0000] {logging_mixin.py:151} INFO - [2026-05-03T09:42:52.814+0000] {dag.py:3696} INFO - Setting next_dagrun for retail_pipeline to 2026-05-03T00:30:00+00:00, run_after=2026-05-04T00:30:00+00:00
[2026-05-03T09:42:52.820+0000] {processor.py:179} INFO - Processing /opt/airflow/dags/retail_pipeline_dag.py took 0.074 seconds
[2026-05-03T09:43:22.995+0000] {processor.py:157} INFO - Started process (PID=397) to work on /opt/airflow/dags/retail_pipeline_dag.py
[2026-05-03T09:43:22.996+0000] {processor.py:829} INFO - Processing file /opt/airflow/dags/retail_pipeline_dag.py for tasks to queue
[2026-05-03T09:43:22.996+0000] {logging_mixin.py:151} INFO - [2026-05-03T09:43:22.996+0000] {dagbag.py:539} INFO - Filling up the DagBag from /opt/airflow/dags/retail_pipeline_dag.py
[2026-05-03T09:43:23.005+0000] {processor.py:839} INFO - DAG(s) dict_keys(['retail_pipeline']) retrieved from /opt/airflow/dags/retail_pipeline_dag.py
[2026-05-03T09:43:23.030+0000] {logging_mixin.py:151} INFO - [2026-05-03T09:43:23.029+0000] {dag.py:2915} INFO - Sync 1 DAGs
[2026-05-03T09:43:23.040+0000] {logging_mixin.py:151} INFO - [2026-05-03T09:43:23.040+0000] {dag.py:3696} INFO - Setting next_dagrun for retail_pipeline to 2026-05-03T00:30:00+00:00, run_after=2026-05-04T00:30:00+00:00
[2026-05-03T09:43:23.047+0000] {processor.py:179} INFO - Processing /opt/airflow/dags/retail_pipeline_dag.py took 0.054 seconds
[2026-05-03T09:43:53.260+0000] {processor.py:157} INFO - Started process (PID=407) to work on /opt/airflow/dags/retail_pipeline_dag.py
[2026-05-03T09:43:53.262+0000] {processor.py:829} INFO - Processing file /opt/airflow/dags/retail_pipeline_dag.py for tasks to queue
[2026-05-03T09:43:53.264+0000] {logging_mixin.py:151} INFO - [2026-05-03T09:43:53.264+0000] {dagbag.py:539} INFO - Filling up the DagBag from /opt/airflow/dags/retail_pipeline_dag.py
[2026-05-03T09:43:53.278+0000] {processor.py:839} INFO - DAG(s) dict_keys(['retail_pipeline']) retrieved from /opt/airflow/dags/retail_pipeline_dag.py
[2026-05-03T09:43:53.294+0000] {logging_mixin.py:151} INFO - [2026-05-03T09:43:53.294+0000] {dag.py:2915} INFO - Sync 1 DAGs
[2026-05-03T09:43:53.304+0000] {logging_mixin.py:151} INFO - [2026-05-03T09:43:53.304+0000] {dag.py:3696} INFO - Setting next_dagrun for retail_pipeline to 2026-05-03T00:30:00+00:00, run_after=2026-05-04T00:30:00+00:00
[2026-05-03T09:43:53.312+0000] {processor.py:179} INFO - Processing /opt/airflow/dags/retail_pipeline_dag.py took 0.056 seconds
[2026-05-03T09:44:23.586+0000] {processor.py:157} INFO - Started process (PID=417) to work on /opt/airflow/dags/retail_pipeline_dag.py
[2026-05-03T09:44:23.587+0000] {processor.py:829} INFO - Processing file /opt/airflow/dags/retail_pipeline_dag.py for tasks to queue
[2026-05-03T09:44:23.588+0000] {logging_mixin.py:151} INFO - [2026-05-03T09:44:23.587+0000] {dagbag.py:539} INFO - Filling up the DagBag from /opt/airflow/dags/retail_pipeline_dag.py
[2026-05-03T09:44:23.598+0000] {processor.py:839} INFO - DAG(s) dict_keys(['retail_pipeline']) retrieved from /opt/airflow/dags/retail_pipeline_dag.py
[2026-05-03T09:44:23.618+0000] {logging_mixin.py:151} INFO - [2026-05-03T09:44:23.618+0000] {dag.py:2915} INFO - Sync 1 DAGs
[2026-05-03T09:44:23.629+0000] {logging_mixin.py:151} INFO - [2026-05-03T09:44:23.629+0000] {dag.py:3696} INFO - Setting next_dagrun for retail_pipeline to 2026-05-03T00:30:00+00:00, run_after=2026-05-04T00:30:00+00:00
[2026-05-03T09:44:23.635+0000] {processor.py:179} INFO - Processing /opt/airflow/dags/retail_pipeline_dag.py took 0.053 seconds
[2026-05-03T09:44:53.874+0000] {processor.py:157} INFO - Started process (PID=427) to work on /opt/airflow/dags/retail_pipeline_dag.py
[2026-05-03T09:44:53.874+0000] {processor.py:829} INFO - Processing file /opt/airflow/dags/retail_pipeline_dag.py for tasks to queue
[2026-05-03T09:44:53.876+0000] {logging_mixin.py:151} INFO - [2026-05-03T09:44:53.875+0000] {dagbag.py:539} INFO - Filling up the DagBag from /opt/airflow/dags/retail_pipeline_dag.py
[2026-05-03T09:44:53.892+0000] {processor.py:839} INFO - DAG(s) dict_keys(['retail_pipeline']) retrieved from /opt/airflow/dags/retail_pipeline_dag.py
[2026-05-03T09:44:53.916+0000] {logging_mixin.py:151} INFO - [2026-05-03T09:44:53.916+0000] {dag.py:2915} INFO - Sync 1 DAGs
[2026-05-03T09:44:53.935+0000] {logging_mixin.py:151} INFO - [2026-05-03T09:44:53.935+0000] {dag.py:3696} INFO - Setting next_dagrun for retail_pipeline to 2026-05-03T00:30:00+00:00, run_after=2026-05-04T00:30:00+00:00
[2026-05-03T09:44:53.942+0000] {processor.py:179} INFO - Processing /opt/airflow/dags/retail_pipeline_dag.py took 0.072 seconds
[2026-05-03T09:45:24.138+0000] {processor.py:157} INFO - Started process (PID=437) to work on /opt/airflow/dags/retail_pipeline_dag.py
[2026-05-03T09:45:24.140+0000] {processor.py:829} INFO - Processing file /opt/airflow/dags/retail_pipeline_dag.py for tasks to queue
[2026-05-03T09:45:24.141+0000] {logging_mixin.py:151} INFO - [2026-05-03T09:45:24.141+0000] {dagbag.py:539} INFO - Filling up the DagBag from /opt/airflow/dags/retail_pipeline_dag.py
[2026-05-03T09:45:24.150+0000] {processor.py:839} INFO - DAG(s) dict_keys(['retail_pipeline']) retrieved from /opt/airflow/dags/retail_pipeline_dag.py
[2026-05-03T09:45:24.170+0000] {logging_mixin.py:151} INFO - [2026-05-03T09:45:24.170+0000] {dag.py:2915} INFO - Sync 1 DAGs
[2026-05-03T09:45:24.181+0000] {logging_mixin.py:151} INFO - [2026-05-03T09:45:24.181+0000] {dag.py:3696} INFO - Setting next_dagrun for retail_pipeline to 2026-05-03T00:30:00+00:00, run_after=2026-05-04T00:30:00+00:00
[2026-05-03T09:45:24.187+0000] {processor.py:179} INFO - Processing /opt/airflow/dags/retail_pipeline_dag.py took 0.052 seconds
[2026-05-03T09:45:54.486+0000] {processor.py:157} INFO - Started process (PID=447) to work on /opt/airflow/dags/retail_pipeline_dag.py
[2026-05-03T09:45:54.487+0000] {processor.py:829} INFO - Processing file /opt/airflow/dags/retail_pipeline_dag.py for tasks to queue
[2026-05-03T09:45:54.487+0000] {logging_mixin.py:151} INFO - [2026-05-03T09:45:54.487+0000] {dagbag.py:539} INFO - Filling up the DagBag from /opt/airflow/dags/retail_pipeline_dag.py
[2026-05-03T09:45:54.507+0000] {processor.py:839} INFO - DAG(s) dict_keys(['retail_pipeline']) retrieved from /opt/airflow/dags/retail_pipeline_dag.py
[2026-05-03T09:45:54.540+0000] {logging_mixin.py:151} INFO - [2026-05-03T09:45:54.540+0000] {dag.py:2915} INFO - Sync 1 DAGs
[2026-05-03T09:45:54.557+0000] {logging_mixin.py:151} INFO - [2026-05-03T09:45:54.556+0000] {dag.py:3696} INFO - Setting next_dagrun for retail_pipeline to 2026-05-03T00:30:00+00:00, run_after=2026-05-04T00:30:00+00:00
[2026-05-03T09:45:54.564+0000] {processor.py:179} INFO - Processing /opt/airflow/dags/retail_pipeline_dag.py took 0.084 seconds
[2026-05-03T09:46:24.769+0000] {processor.py:157} INFO - Started process (PID=457) to work on /opt/airflow/dags/retail_pipeline_dag.py
[2026-05-03T09:46:24.770+0000] {processor.py:829} INFO - Processing file /opt/airflow/dags/retail_pipeline_dag.py for tasks to queue
[2026-05-03T09:46:24.772+0000] {logging_mixin.py:151} INFO - [2026-05-03T09:46:24.772+0000] {dagbag.py:539} INFO - Filling up the DagBag from /opt/airflow/dags/retail_pipeline_dag.py
[2026-05-03T09:46:24.785+0000] {processor.py:839} INFO - DAG(s) dict_keys(['retail_pipeline']) retrieved from /opt/airflow/dags/retail_pipeline_dag.py
[2026-05-03T09:46:24.803+0000] {logging_mixin.py:151} INFO - [2026-05-03T09:46:24.803+0000] {dag.py:2915} INFO - Sync 1 DAGs
[2026-05-03T09:46:24.821+0000] {logging_mixin.py:151} INFO - [2026-05-03T09:46:24.821+0000] {dag.py:3696} INFO - Setting next_dagrun for retail_pipeline to 2026-05-03T00:30:00+00:00, run_after=2026-05-04T00:30:00+00:00
[2026-05-03T09:46:24.827+0000] {processor.py:179} INFO - Processing /opt/airflow/dags/retail_pipeline_dag.py took 0.062 seconds
[2026-05-03T09:46:55.143+0000] {processor.py:157} INFO - Started process (PID=467) to work on /opt/airflow/dags/retail_pipeline_dag.py
[2026-05-03T09:46:55.144+0000] {processor.py:829} INFO - Processing file /opt/airflow/dags/retail_pipeline_dag.py for tasks to queue
[2026-05-03T09:46:55.145+0000] {logging_mixin.py:151} INFO - [2026-05-03T09:46:55.145+0000] {dagbag.py:539} INFO - Filling up the DagBag from /opt/airflow/dags/retail_pipeline_dag.py
[2026-05-03T09:46:55.169+0000] {processor.py:839} INFO - DAG(s) dict_keys(['retail_pipeline']) retrieved from /opt/airflow/dags/retail_pipeline_dag.py
[2026-05-03T09:46:55.199+0000] {logging_mixin.py:151} INFO - [2026-05-03T09:46:55.199+0000] {dag.py:2915} INFO - Sync 1 DAGs
[2026-05-03T09:46:55.214+0000] {logging_mixin.py:151} INFO - [2026-05-03T09:46:55.214+0000] {dag.py:3696} INFO - Setting next_dagrun for retail_pipeline to 2026-05-03T00:30:00+00:00, run_after=2026-05-04T00:30:00+00:00
[2026-05-03T09:46:55.221+0000] {processor.py:179} INFO - Processing /opt/airflow/dags/retail_pipeline_dag.py took 0.081 seconds
[2026-05-03T09:47:25.485+0000] {processor.py:157} INFO - Started process (PID=477) to work on /opt/airflow/dags/retail_pipeline_dag.py
[2026-05-03T09:47:25.487+0000] {processor.py:829} INFO - Processing file /opt/airflow/dags/retail_pipeline_dag.py for tasks to queue
[2026-05-03T09:47:25.487+0000] {logging_mixin.py:151} INFO - [2026-05-03T09:47:25.487+0000] {dagbag.py:539} INFO - Filling up the DagBag from /opt/airflow/dags/retail_pipeline_dag.py
[2026-05-03T09:47:25.496+0000] {processor.py:839} INFO - DAG(s) dict_keys(['retail_pipeline']) retrieved from /opt/airflow/dags/retail_pipeline_dag.py
[2026-05-03T09:47:25.514+0000] {logging_mixin.py:151} INFO - [2026-05-03T09:47:25.514+0000] {dag.py:2915} INFO - Sync 1 DAGs
[2026-05-03T09:47:25.524+0000] {logging_mixin.py:151} INFO - [2026-05-03T09:47:25.524+0000] {dag.py:3696} INFO - Setting next_dagrun for retail_pipeline to 2026-05-03T00:30:00+00:00, run_after=2026-05-04T00:30:00+00:00
[2026-05-03T09:47:25.530+0000] {processor.py:179} INFO - Processing /opt/airflow/dags/retail_pipeline_dag.py took 0.048 seconds
[2026-05-03T09:47:55.846+0000] {processor.py:157} INFO - Started process (PID=487) to work on /opt/airflow/dags/retail_pipeline_dag.py
[2026-05-03T09:47:55.847+0000] {processor.py:829} INFO - Processing file /opt/airflow/dags/retail_pipeline_dag.py for tasks to queue
[2026-05-03T09:47:55.848+0000] {logging_mixin.py:151} INFO - [2026-05-03T09:47:55.848+0000] {dagbag.py:539} INFO - Filling up the DagBag from /opt/airflow/dags/retail_pipeline_dag.py
[2026-05-03T09:47:55.870+0000] {processor.py:839} INFO - DAG(s) dict_keys(['retail_pipeline']) retrieved from /opt/airflow/dags/retail_pipeline_dag.py
[2026-05-03T09:47:55.904+0000] {logging_mixin.py:151} INFO - [2026-05-03T09:47:55.904+0000] {dag.py:2915} INFO - Sync 1 DAGs
[2026-05-03T09:47:55.918+0000] {logging_mixin.py:151} INFO - [2026-05-03T09:47:55.918+0000] {dag.py:3696} INFO - Setting next_dagrun for retail_pipeline to 2026-05-03T00:30:00+00:00, run_after=2026-05-04T00:30:00+00:00
[2026-05-03T09:47:55.929+0000] {processor.py:179} INFO - Processing /opt/airflow/dags/retail_pipeline_dag.py took 0.088 seconds
[2026-05-03T09:48:26.146+0000] {processor.py:157} INFO - Started process (PID=508) to work on /opt/airflow/dags/retail_pipeline_dag.py
[2026-05-03T09:48:26.146+0000] {processor.py:829} INFO - Processing file /opt/airflow/dags/retail_pipeline_dag.py for tasks to queue
[2026-05-03T09:48:26.147+0000] {logging_mixin.py:151} INFO - [2026-05-03T09:48:26.147+0000] {dagbag.py:539} INFO - Filling up the DagBag from /opt/airflow/dags/retail_pipeline_dag.py
[2026-05-03T09:48:26.160+0000] {processor.py:839} INFO - DAG(s) dict_keys(['retail_pipeline']) retrieved from /opt/airflow/dags/retail_pipeline_dag.py
[2026-05-03T09:48:26.184+0000] {logging_mixin.py:151} INFO - [2026-05-03T09:48:26.184+0000] {dag.py:2915} INFO - Sync 1 DAGs
[2026-05-03T09:48:26.197+0000] {logging_mixin.py:151} INFO - [2026-05-03T09:48:26.197+0000] {dag.py:3696} INFO - Setting next_dagrun for retail_pipeline to 2026-05-03T00:30:00+00:00, run_after=2026-05-04T00:30:00+00:00
[2026-05-03T09:48:26.204+0000] {processor.py:179} INFO - Processing /opt/airflow/dags/retail_pipeline_dag.py took 0.063 seconds
[2026-05-03T09:48:56.490+0000] {processor.py:157} INFO - Started process (PID=518) to work on /opt/airflow/dags/retail_pipeline_dag.py
[2026-05-03T09:48:56.493+0000] {processor.py:829} INFO - Processing file /opt/airflow/dags/retail_pipeline_dag.py for tasks to queue
[2026-05-03T09:48:56.494+0000] {logging_mixin.py:151} INFO - [2026-05-03T09:48:56.493+0000] {dagbag.py:539} INFO - Filling up the DagBag from /opt/airflow/dags/retail_pipeline_dag.py
[2026-05-03T09:48:56.504+0000] {processor.py:839} INFO - DAG(s) dict_keys(['retail_pipeline']) retrieved from /opt/airflow/dags/retail_pipeline_dag.py
[2026-05-03T09:48:56.529+0000] {logging_mixin.py:151} INFO - [2026-05-03T09:48:56.529+0000] {dag.py:2915} INFO - Sync 1 DAGs
[2026-05-03T09:48:56.793+0000] {logging_mixin.py:151} INFO - [2026-05-03T09:48:56.792+0000] {dag.py:3696} INFO - Setting next_dagrun for retail_pipeline to 2026-05-03T00:30:00+00:00, run_after=2026-05-04T00:30:00+00:00
[2026-05-03T09:48:56.870+0000] {processor.py:179} INFO - Processing /opt/airflow/dags/retail_pipeline_dag.py took 0.384 seconds
[2026-05-03T09:49:27.193+0000] {processor.py:157} INFO - Started process (PID=528) to work on /opt/airflow/dags/retail_pipeline_dag.py
[2026-05-03T09:49:27.195+0000] {processor.py:829} INFO - Processing file /opt/airflow/dags/retail_pipeline_dag.py for tasks to queue
[2026-05-03T09:49:27.198+0000] {logging_mixin.py:151} INFO - [2026-05-03T09:49:27.197+0000] {dagbag.py:539} INFO - Filling up the DagBag from /opt/airflow/dags/retail_pipeline_dag.py
[2026-05-03T09:49:27.216+0000] {processor.py:839} INFO - DAG(s) dict_keys(['retail_pipeline']) retrieved from /opt/airflow/dags/retail_pipeline_dag.py
[2026-05-03T09:49:27.247+0000] {logging_mixin.py:151} INFO - [2026-05-03T09:49:27.247+0000] {dag.py:2915} INFO - Sync 1 DAGs
[2026-05-03T09:49:27.259+0000] {logging_mixin.py:151} INFO - [2026-05-03T09:49:27.259+0000] {dag.py:3696} INFO - Setting next_dagrun for retail_pipeline to 2026-05-03T00:30:00+00:00, run_after=2026-05-04T00:30:00+00:00
[2026-05-03T09:49:27.269+0000] {processor.py:179} INFO - Processing /opt/airflow/dags/retail_pipeline_dag.py took 0.084 seconds
[2026-05-03T09:49:57.445+0000] {processor.py:157} INFO - Started process (PID=538) to work on /opt/airflow/dags/retail_pipeline_dag.py
[2026-05-03T09:49:57.446+0000] {processor.py:829} INFO - Processing file /opt/airflow/dags/retail_pipeline_dag.py for tasks to queue
[2026-05-03T09:49:57.447+0000] {logging_mixin.py:151} INFO - [2026-05-03T09:49:57.447+0000] {dagbag.py:539} INFO - Filling up the DagBag from /opt/airflow/dags/retail_pipeline_dag.py
[2026-05-03T09:49:57.459+0000] {processor.py:839} INFO - DAG(s) dict_keys(['retail_pipeline']) retrieved from /opt/airflow/dags/retail_pipeline_dag.py
[2026-05-03T09:49:57.484+0000] {logging_mixin.py:151} INFO - [2026-05-03T09:49:57.484+0000] {dag.py:2915} INFO - Sync 1 DAGs
[2026-05-03T09:49:57.502+0000] {logging_mixin.py:151} INFO - [2026-05-03T09:49:57.502+0000] {dag.py:3696} INFO - Setting next_dagrun for retail_pipeline to 2026-05-03T00:30:00+00:00, run_after=2026-05-04T00:30:00+00:00
[2026-05-03T09:49:57.508+0000] {processor.py:179} INFO - Processing /opt/airflow/dags/retail_pipeline_dag.py took 0.066 seconds
[2026-05-03T09:50:27.839+0000] {processor.py:157} INFO - Started process (PID=548) to work on /opt/airflow/dags/retail_pipeline_dag.py
[2026-05-03T09:50:27.840+0000] {processor.py:829} INFO - Processing file /opt/airflow/dags/retail_pipeline_dag.py for tasks to queue
[2026-05-03T09:50:27.840+0000] {logging_mixin.py:151} INFO - [2026-05-03T09:50:27.840+0000] {dagbag.py:539} INFO - Filling up the DagBag from /opt/airflow/dags/retail_pipeline_dag.py
[2026-05-03T09:50:27.858+0000] {processor.py:839} INFO - DAG(s) dict_keys(['retail_pipeline']) retrieved from /opt/airflow/dags/retail_pipeline_dag.py
[2026-05-03T09:50:27.893+0000] {logging_mixin.py:151} INFO - [2026-05-03T09:50:27.893+0000] {dag.py:2915} INFO - Sync 1 DAGs
[2026-05-03T09:50:27.904+0000] {logging_mixin.py:151} INFO - [2026-05-03T09:50:27.904+0000] {dag.py:3696} INFO - Setting next_dagrun for retail_pipeline to 2026-05-03T00:30:00+00:00, run_after=2026-05-04T00:30:00+00:00
[2026-05-03T09:50:27.914+0000] {processor.py:179} INFO - Processing /opt/airflow/dags/retail_pipeline_dag.py took 0.079 seconds
[2026-05-03T09:50:58.196+0000] {processor.py:157} INFO - Started process (PID=558) to work on /opt/airflow/dags/retail_pipeline_dag.py
[2026-05-03T09:50:58.198+0000] {processor.py:829} INFO - Processing file /opt/airflow/dags/retail_pipeline_dag.py for tasks to queue
[2026-05-03T09:50:58.199+0000] {logging_mixin.py:151} INFO - [2026-05-03T09:50:58.198+0000] {dagbag.py:539} INFO - Filling up the DagBag from /opt/airflow/dags/retail_pipeline_dag.py
[2026-05-03T09:50:58.214+0000] {processor.py:839} INFO - DAG(s) dict_keys(['retail_pipeline']) retrieved from /opt/airflow/dags/retail_pipeline_dag.py
[2026-05-03T09:50:58.229+0000] {logging_mixin.py:151} INFO - [2026-05-03T09:50:58.228+0000] {dag.py:2915} INFO - Sync 1 DAGs
[2026-05-03T09:50:58.239+0000] {logging_mixin.py:151} INFO - [2026-05-03T09:50:58.239+0000] {dag.py:3696} INFO - Setting next_dagrun for retail_pipeline to 2026-05-03T00:30:00+00:00, run_after=2026-05-04T00:30:00+00:00
[2026-05-03T09:50:58.245+0000] {processor.py:179} INFO - Processing /opt/airflow/dags/retail_pipeline_dag.py took 0.054 seconds
[2026-05-03T09:51:28.491+0000] {processor.py:157} INFO - Started process (PID=568) to work on /opt/airflow/dags/retail_pipeline_dag.py
[2026-05-03T09:51:28.492+0000] {processor.py:829} INFO - Processing file /opt/airflow/dags/retail_pipeline_dag.py for tasks to queue
[2026-05-03T09:51:28.493+0000] {logging_mixin.py:151} INFO - [2026-05-03T09:51:28.493+0000] {dagbag.py:539} INFO - Filling up the DagBag from /opt/airflow/dags/retail_pipeline_dag.py
[2026-05-03T09:51:28.503+0000] {processor.py:839} INFO - DAG(s) dict_keys(['retail_pipeline']) retrieved from /opt/airflow/dags/retail_pipeline_dag.py
[2026-05-03T09:51:28.524+0000] {logging_mixin.py:151} INFO - [2026-05-03T09:51:28.524+0000] {dag.py:2915} INFO - Sync 1 DAGs
[2026-05-03T09:51:28.535+0000] {logging_mixin.py:151} INFO - [2026-05-03T09:51:28.535+0000] {dag.py:3696} INFO - Setting next_dagrun for retail_pipeline to 2026-05-03T00:30:00+00:00, run_after=2026-05-04T00:30:00+00:00
[2026-05-03T09:51:28.542+0000] {processor.py:179} INFO - Processing /opt/airflow/dags/retail_pipeline_dag.py took 0.055 seconds
[2026-05-03T09:51:58.854+0000] {processor.py:157} INFO - Started process (PID=578) to work on /opt/airflow/dags/retail_pipeline_dag.py
[2026-05-03T09:51:58.855+0000] {processor.py:829} INFO - Processing file /opt/airflow/dags/retail_pipeline_dag.py for tasks to queue
[2026-05-03T09:51:58.857+0000] {logging_mixin.py:151} INFO - [2026-05-03T09:51:58.857+0000] {dagbag.py:539} INFO - Filling up the DagBag from /opt/airflow/dags/retail_pipeline_dag.py
[2026-05-03T09:51:58.870+0000] {processor.py:839} INFO - DAG(s) dict_keys(['retail_pipeline']) retrieved from /opt/airflow/dags/retail_pipeline_dag.py
[2026-05-03T09:51:58.885+0000] {logging_mixin.py:151} INFO - [2026-05-03T09:51:58.885+0000] {dag.py:2915} INFO - Sync 1 DAGs
[2026-05-03T09:51:58.895+0000] {logging_mixin.py:151} INFO - [2026-05-03T09:51:58.895+0000] {dag.py:3696} INFO - Setting next_dagrun for retail_pipeline to 2026-05-03T00:30:00+00:00, run_after=2026-05-04T00:30:00+00:00
[2026-05-03T09:51:58.901+0000] {processor.py:179} INFO - Processing /opt/airflow/dags/retail_pipeline_dag.py took 0.052 seconds
[2026-05-03T09:52:29.199+0000] {processor.py:157} INFO - Started process (PID=588) to work on /opt/airflow/dags/retail_pipeline_dag.py
[2026-05-03T09:52:29.199+0000] {processor.py:829} INFO - Processing file /opt/airflow/dags/retail_pipeline_dag.py for tasks to queue
[2026-05-03T09:52:29.200+0000] {logging_mixin.py:151} INFO - [2026-05-03T09:52:29.200+0000] {dagbag.py:539} INFO - Filling up the DagBag from /opt/airflow/dags/retail_pipeline_dag.py
[2026-05-03T09:52:29.219+0000] {processor.py:839} INFO - DAG(s) dict_keys(['retail_pipeline']) retrieved from /opt/airflow/dags/retail_pipeline_dag.py
[2026-05-03T09:52:29.256+0000] {logging_mixin.py:151} INFO - [2026-05-03T09:52:29.255+0000] {dag.py:2915} INFO - Sync 1 DAGs
[2026-05-03T09:52:29.269+0000] {logging_mixin.py:151} INFO - [2026-05-03T09:52:29.269+0000] {dag.py:3696} INFO - Setting next_dagrun for retail_pipeline to 2026-05-03T00:30:00+00:00, run_after=2026-05-04T00:30:00+00:00
[2026-05-03T09:52:29.277+0000] {processor.py:179} INFO - Processing /opt/airflow/dags/retail_pipeline_dag.py took 0.082 seconds
[2026-05-03T09:52:59.492+0000] {processor.py:157} INFO - Started process (PID=598) to work on /opt/airflow/dags/retail_pipeline_dag.py
[2026-05-03T09:52:59.495+0000] {processor.py:829} INFO - Processing file /opt/airflow/dags/retail_pipeline_dag.py for tasks to queue
[2026-05-03T09:52:59.496+0000] {logging_mixin.py:151} INFO - [2026-05-03T09:52:59.496+0000] {dagbag.py:539} INFO - Filling up the DagBag from /opt/airflow/dags/retail_pipeline_dag.py
[2026-05-03T09:52:59.509+0000] {processor.py:839} INFO - DAG(s) dict_keys(['retail_pipeline']) retrieved from /opt/airflow/dags/retail_pipeline_dag.py
[2026-05-03T09:52:59.523+0000] {logging_mixin.py:151} INFO - [2026-05-03T09:52:59.523+0000] {dag.py:2915} INFO - Sync 1 DAGs
[2026-05-03T09:52:59.533+0000] {logging_mixin.py:151} INFO - [2026-05-03T09:52:59.533+0000] {dag.py:3696} INFO - Setting next_dagrun for retail_pipeline to 2026-05-03T00:30:00+00:00, run_after=2026-05-04T00:30:00+00:00
[2026-05-03T09:52:59.540+0000] {processor.py:179} INFO - Processing /opt/airflow/dags/retail_pipeline_dag.py took 0.050 seconds
[2026-05-03T09:53:29.831+0000] {processor.py:157} INFO - Started process (PID=619) to work on /opt/airflow/dags/retail_pipeline_dag.py
[2026-05-03T09:53:29.832+0000] {processor.py:829} INFO - Processing file /opt/airflow/dags/retail_pipeline_dag.py for tasks to queue
[2026-05-03T09:53:29.833+0000] {logging_mixin.py:151} INFO - [2026-05-03T09:53:29.833+0000] {dagbag.py:539} INFO - Filling up the DagBag from /opt/airflow/dags/retail_pipeline_dag.py
[2026-05-03T09:53:29.857+0000] {processor.py:839} INFO - DAG(s) dict_keys(['retail_pipeline']) retrieved from /opt/airflow/dags/retail_pipeline_dag.py
[2026-05-03T09:53:29.891+0000] {logging_mixin.py:151} INFO - [2026-05-03T09:53:29.891+0000] {dag.py:2915} INFO - Sync 1 DAGs
[2026-05-03T09:53:29.907+0000] {logging_mixin.py:151} INFO - [2026-05-03T09:53:29.907+0000] {dag.py:3696} INFO - Setting next_dagrun for retail_pipeline to 2026-05-03T00:30:00+00:00, run_after=2026-05-04T00:30:00+00:00
[2026-05-03T09:53:29.914+0000] {processor.py:179} INFO - Processing /opt/airflow/dags/retail_pipeline_dag.py took 0.093 seconds
[2026-05-03T09:54:00.110+0000] {processor.py:157} INFO - Started process (PID=629) to work on /opt/airflow/dags/retail_pipeline_dag.py
[2026-05-03T09:54:00.111+0000] {processor.py:829} INFO - Processing file /opt/airflow/dags/retail_pipeline_dag.py for tasks to queue
[2026-05-03T09:54:00.112+0000] {logging_mixin.py:151} INFO - [2026-05-03T09:54:00.112+0000] {dagbag.py:539} INFO - Filling up the DagBag from /opt/airflow/dags/retail_pipeline_dag.py
[2026-05-03T09:54:00.125+0000] {processor.py:839} INFO - DAG(s) dict_keys(['retail_pipeline']) retrieved from /opt/airflow/dags/retail_pipeline_dag.py
[2026-05-03T09:54:00.149+0000] {logging_mixin.py:151} INFO - [2026-05-03T09:54:00.149+0000] {dag.py:2915} INFO - Sync 1 DAGs
[2026-05-03T09:54:00.161+0000] {logging_mixin.py:151} INFO - [2026-05-03T09:54:00.161+0000] {dag.py:3696} INFO - Setting next_dagrun for retail_pipeline to 2026-05-03T00:30:00+00:00, run_after=2026-05-04T00:30:00+00:00
[2026-05-03T09:54:00.168+0000] {processor.py:179} INFO - Processing /opt/airflow/dags/retail_pipeline_dag.py took 0.064 seconds
[2026-05-03T09:54:30.390+0000] {processor.py:157} INFO - Started process (PID=639) to work on /opt/airflow/dags/retail_pipeline_dag.py
[2026-05-03T09:54:30.393+0000] {processor.py:829} INFO - Processing file /opt/airflow/dags/retail_pipeline_dag.py for tasks to queue
[2026-05-03T09:54:30.393+0000] {logging_mixin.py:151} INFO - [2026-05-03T09:54:30.393+0000] {dagbag.py:539} INFO - Filling up the DagBag from /opt/airflow/dags/retail_pipeline_dag.py
[2026-05-03T09:54:30.405+0000] {processor.py:839} INFO - DAG(s) dict_keys(['retail_pipeline']) retrieved from /opt/airflow/dags/retail_pipeline_dag.py
[2026-05-03T09:54:30.422+0000] {logging_mixin.py:151} INFO - [2026-05-03T09:54:30.422+0000] {dag.py:2915} INFO - Sync 1 DAGs
[2026-05-03T09:54:30.433+0000] {logging_mixin.py:151} INFO - [2026-05-03T09:54:30.433+0000] {dag.py:3696} INFO - Setting next_dagrun for retail_pipeline to 2026-05-03T00:30:00+00:00, run_after=2026-05-04T00:30:00+00:00
[2026-05-03T09:54:30.439+0000] {processor.py:179} INFO - Processing /opt/airflow/dags/retail_pipeline_dag.py took 0.052 seconds
[2026-05-03T09:55:00.780+0000] {processor.py:157} INFO - Started process (PID=649) to work on /opt/airflow/dags/retail_pipeline_dag.py
[2026-05-03T09:55:00.780+0000] {processor.py:829} INFO - Processing file /opt/airflow/dags/retail_pipeline_dag.py for tasks to queue
[2026-05-03T09:55:00.781+0000] {logging_mixin.py:151} INFO - [2026-05-03T09:55:00.781+0000] {dagbag.py:539} INFO - Filling up the DagBag from /opt/airflow/dags/retail_pipeline_dag.py
[2026-05-03T09:55:00.805+0000] {processor.py:839} INFO - DAG(s) dict_keys(['retail_pipeline']) retrieved from /opt/airflow/dags/retail_pipeline_dag.py
[2026-05-03T09:55:00.829+0000] {logging_mixin.py:151} INFO - [2026-05-03T09:55:00.829+0000] {dag.py:2915} INFO - Sync 1 DAGs
[2026-05-03T09:55:00.843+0000] {logging_mixin.py:151} INFO - [2026-05-03T09:55:00.843+0000] {dag.py:3696} INFO - Setting next_dagrun for retail_pipeline to 2026-05-03T00:30:00+00:00, run_after=2026-05-04T00:30:00+00:00
[2026-05-03T09:55:00.849+0000] {processor.py:179} INFO - Processing /opt/airflow/dags/retail_pipeline_dag.py took 0.075 seconds
[2026-05-03T09:55:31.079+0000] {processor.py:157} INFO - Started process (PID=659) to work on /opt/airflow/dags/retail_pipeline_dag.py
[2026-05-03T09:55:31.080+0000] {processor.py:829} INFO - Processing file /opt/airflow/dags/retail_pipeline_dag.py for tasks to queue
[2026-05-03T09:55:31.081+0000] {logging_mixin.py:151} INFO - [2026-05-03T09:55:31.080+0000] {dagbag.py:539} INFO - Filling up the DagBag from /opt/airflow/dags/retail_pipeline_dag.py
[2026-05-03T09:55:31.105+0000] {processor.py:839} INFO - DAG(s) dict_keys(['retail_pipeline']) retrieved from /opt/airflow/dags/retail_pipeline_dag.py
[2026-05-03T09:55:31.130+0000] {logging_mixin.py:151} INFO - [2026-05-03T09:55:31.130+0000] {dag.py:2915} INFO - Sync 1 DAGs
[2026-05-03T09:55:31.146+0000] {logging_mixin.py:151} INFO - [2026-05-03T09:55:31.146+0000] {dag.py:3696} INFO - Setting next_dagrun for retail_pipeline to 2026-05-03T00:30:00+00:00, run_after=2026-05-04T00:30:00+00:00
[2026-05-03T09:55:31.154+0000] {processor.py:179} INFO - Processing /opt/airflow/dags/retail_pipeline_dag.py took 0.081 seconds
[2026-05-03T09:56:01.421+0000] {processor.py:157} INFO - Started process (PID=669) to work on /opt/airflow/dags/retail_pipeline_dag.py
[2026-05-03T09:56:01.422+0000] {processor.py:829} INFO - Processing file /opt/airflow/dags/retail_pipeline_dag.py for tasks to queue
[2026-05-03T09:56:01.423+0000] {logging_mixin.py:151} INFO - [2026-05-03T09:56:01.422+0000] {dagbag.py:539} INFO - Filling up the DagBag from /opt/airflow/dags/retail_pipeline_dag.py
[2026-05-03T09:56:01.448+0000] {processor.py:839} INFO - DAG(s) dict_keys(['retail_pipeline']) retrieved from /opt/airflow/dags/retail_pipeline_dag.py
[2026-05-03T09:56:01.480+0000] {logging_mixin.py:151} INFO - [2026-05-03T09:56:01.480+0000] {dag.py:2915} INFO - Sync 1 DAGs
[2026-05-03T09:56:01.496+0000] {logging_mixin.py:151} INFO - [2026-05-03T09:56:01.496+0000] {dag.py:3696} INFO - Setting next_dagrun for retail_pipeline to 2026-05-03T00:30:00+00:00, run_after=2026-05-04T00:30:00+00:00
[2026-05-03T09:56:01.503+0000] {processor.py:179} INFO - Processing /opt/airflow/dags/retail_pipeline_dag.py took 0.090 seconds
[2026-05-03T09:56:31.644+0000] {processor.py:157} INFO - Started process (PID=679) to work on /opt/airflow/dags/retail_pipeline_dag.py
[2026-05-03T09:56:31.646+0000] {processor.py:829} INFO - Processing file /opt/airflow/dags/retail_pipeline_dag.py for tasks to queue
[2026-05-03T09:56:31.648+0000] {logging_mixin.py:151} INFO - [2026-05-03T09:56:31.648+0000] {dagbag.py:539} INFO - Filling up the DagBag from /opt/airflow/dags/retail_pipeline_dag.py
[2026-05-03T09:56:31.658+0000] {processor.py:839} INFO - DAG(s) dict_keys(['retail_pipeline']) retrieved from /opt/airflow/dags/retail_pipeline_dag.py
[2026-05-03T09:56:31.675+0000] {logging_mixin.py:151} INFO - [2026-05-03T09:56:31.675+0000] {dag.py:2915} INFO - Sync 1 DAGs
[2026-05-03T09:56:31.684+0000] {logging_mixin.py:151} INFO - [2026-05-03T09:56:31.684+0000] {dag.py:3696} INFO - Setting next_dagrun for retail_pipeline to 2026-05-03T00:30:00+00:00, run_after=2026-05-04T00:30:00+00:00
[2026-05-03T09:56:31.692+0000] {processor.py:179} INFO - Processing /opt/airflow/dags/retail_pipeline_dag.py took 0.051 seconds
[2026-05-03T09:57:02.007+0000] {processor.py:157} INFO - Started process (PID=689) to work on /opt/airflow/dags/retail_pipeline_dag.py
[2026-05-03T09:57:02.008+0000] {processor.py:829} INFO - Processing file /opt/airflow/dags/retail_pipeline_dag.py for tasks to queue
[2026-05-03T09:57:02.012+0000] {logging_mixin.py:151} INFO - [2026-05-03T09:57:02.011+0000] {dagbag.py:539} INFO - Filling up the DagBag from /opt/airflow/dags/retail_pipeline_dag.py
[2026-05-03T09:57:02.027+0000] {processor.py:839} INFO - DAG(s) dict_keys(['retail_pipeline']) retrieved from /opt/airflow/dags/retail_pipeline_dag.py
[2026-05-03T09:57:02.049+0000] {logging_mixin.py:151} INFO - [2026-05-03T09:57:02.049+0000] {dag.py:2915} INFO - Sync 1 DAGs
[2026-05-03T09:57:02.061+0000] {logging_mixin.py:151} INFO - [2026-05-03T09:57:02.061+0000] {dag.py:3696} INFO - Setting next_dagrun for retail_pipeline to 2026-05-03T00:30:00+00:00, run_after=2026-05-04T00:30:00+00:00
[2026-05-03T09:57:02.067+0000] {processor.py:179} INFO - Processing /opt/airflow/dags/retail_pipeline_dag.py took 0.067 seconds
[2026-05-03T09:57:32.283+0000] {processor.py:157} INFO - Started process (PID=699) to work on /opt/airflow/dags/retail_pipeline_dag.py
[2026-05-03T09:57:32.284+0000] {processor.py:829} INFO - Processing file /opt/airflow/dags/retail_pipeline_dag.py for tasks to queue
[2026-05-03T09:57:32.287+0000] {logging_mixin.py:151} INFO - [2026-05-03T09:57:32.287+0000] {dagbag.py:539} INFO - Filling up the DagBag from /opt/airflow/dags/retail_pipeline_dag.py
[2026-05-03T09:57:32.297+0000] {processor.py:839} INFO - DAG(s) dict_keys(['retail_pipeline']) retrieved from /opt/airflow/dags/retail_pipeline_dag.py
[2026-05-03T09:57:32.314+0000] {logging_mixin.py:151} INFO - [2026-05-03T09:57:32.314+0000] {dag.py:2915} INFO - Sync 1 DAGs
[2026-05-03T09:57:32.324+0000] {logging_mixin.py:151} INFO - [2026-05-03T09:57:32.324+0000] {dag.py:3696} INFO - Setting next_dagrun for retail_pipeline to 2026-05-03T00:30:00+00:00, run_after=2026-05-04T00:30:00+00:00
[2026-05-03T09:57:32.331+0000] {processor.py:179} INFO - Processing /opt/airflow/dags/retail_pipeline_dag.py took 0.052 seconds
[2026-05-03T09:58:02.624+0000] {processor.py:157} INFO - Started process (PID=709) to work on /opt/airflow/dags/retail_pipeline_dag.py
[2026-05-03T09:58:02.625+0000] {processor.py:829} INFO - Processing file /opt/airflow/dags/retail_pipeline_dag.py for tasks to queue
[2026-05-03T09:58:02.626+0000] {logging_mixin.py:151} INFO - [2026-05-03T09:58:02.626+0000] {dagbag.py:539} INFO - Filling up the DagBag from /opt/airflow/dags/retail_pipeline_dag.py
[2026-05-03T09:58:02.653+0000] {processor.py:839} INFO - DAG(s) dict_keys(['retail_pipeline']) retrieved from /opt/airflow/dags/retail_pipeline_dag.py
[2026-05-03T09:58:02.674+0000] {logging_mixin.py:151} INFO - [2026-05-03T09:58:02.674+0000] {dag.py:2915} INFO - Sync 1 DAGs
[2026-05-03T09:58:02.685+0000] {logging_mixin.py:151} INFO - [2026-05-03T09:58:02.685+0000] {dag.py:3696} INFO - Setting next_dagrun for retail_pipeline to 2026-05-03T00:30:00+00:00, run_after=2026-05-04T00:30:00+00:00
[2026-05-03T09:58:02.693+0000] {processor.py:179} INFO - Processing /opt/airflow/dags/retail_pipeline_dag.py took 0.072 seconds
[2026-05-03T09:58:32.901+0000] {processor.py:157} INFO - Started process (PID=719) to work on /opt/airflow/dags/retail_pipeline_dag.py
[2026-05-03T09:58:32.903+0000] {processor.py:829} INFO - Processing file /opt/airflow/dags/retail_pipeline_dag.py for tasks to queue
[2026-05-03T09:58:32.903+0000] {logging_mixin.py:151} INFO - [2026-05-03T09:58:32.903+0000] {dagbag.py:539} INFO - Filling up the DagBag from /opt/airflow/dags/retail_pipeline_dag.py
[2026-05-03T09:58:32.913+0000] {processor.py:839} INFO - DAG(s) dict_keys(['retail_pipeline']) retrieved from /opt/airflow/dags/retail_pipeline_dag.py
[2026-05-03T09:58:32.937+0000] {logging_mixin.py:151} INFO - [2026-05-03T09:58:32.937+0000] {dag.py:2915} INFO - Sync 1 DAGs
[2026-05-03T09:58:32.947+0000] {logging_mixin.py:151} INFO - [2026-05-03T09:58:32.947+0000] {dag.py:3696} INFO - Setting next_dagrun for retail_pipeline to 2026-05-03T00:30:00+00:00, run_after=2026-05-04T00:30:00+00:00
[2026-05-03T09:58:32.955+0000] {processor.py:179} INFO - Processing /opt/airflow/dags/retail_pipeline_dag.py took 0.063 seconds
[2026-05-03T09:59:03.193+0000] {processor.py:157} INFO - Started process (PID=729) to work on /opt/airflow/dags/retail_pipeline_dag.py
[2026-05-03T09:59:03.194+0000] {processor.py:829} INFO - Processing file /opt/airflow/dags/retail_pipeline_dag.py for tasks to queue
[2026-05-03T09:59:03.196+0000] {logging_mixin.py:151} INFO - [2026-05-03T09:59:03.196+0000] {dagbag.py:539} INFO - Filling up the DagBag from /opt/airflow/dags/retail_pipeline_dag.py
[2026-05-03T09:59:03.213+0000] {processor.py:839} INFO - DAG(s) dict_keys(['retail_pipeline']) retrieved from /opt/airflow/dags/retail_pipeline_dag.py
[2026-05-03T09:59:03.241+0000] {logging_mixin.py:151} INFO - [2026-05-03T09:59:03.240+0000] {dag.py:2915} INFO - Sync 1 DAGs
[2026-05-03T09:59:03.253+0000] {logging_mixin.py:151} INFO - [2026-05-03T09:59:03.253+0000] {dag.py:3696} INFO - Setting next_dagrun for retail_pipeline to 2026-05-03T00:30:00+00:00, run_after=2026-05-04T00:30:00+00:00
[2026-05-03T09:59:03.260+0000] {processor.py:179} INFO - Processing /opt/airflow/dags/retail_pipeline_dag.py took 0.070 seconds
[2026-05-03T09:59:33.452+0000] {processor.py:157} INFO - Started process (PID=739) to work on /opt/airflow/dags/retail_pipeline_dag.py
[2026-05-03T09:59:33.453+0000] {processor.py:829} INFO - Processing file /opt/airflow/dags/retail_pipeline_dag.py for tasks to queue
[2026-05-03T09:59:33.453+0000] {logging_mixin.py:151} INFO - [2026-05-03T09:59:33.453+0000] {dagbag.py:539} INFO - Filling up the DagBag from /opt/airflow/dags/retail_pipeline_dag.py
[2026-05-03T09:59:33.464+0000] {processor.py:839} INFO - DAG(s) dict_keys(['retail_pipeline']) retrieved from /opt/airflow/dags/retail_pipeline_dag.py
[2026-05-03T09:59:33.483+0000] {logging_mixin.py:151} INFO - [2026-05-03T09:59:33.483+0000] {dag.py:2915} INFO - Sync 1 DAGs
[2026-05-03T09:59:33.496+0000] {logging_mixin.py:151} INFO - [2026-05-03T09:59:33.495+0000] {dag.py:3696} INFO - Setting next_dagrun for retail_pipeline to 2026-05-03T00:30:00+00:00, run_after=2026-05-04T00:30:00+00:00
[2026-05-03T09:59:33.502+0000] {processor.py:179} INFO - Processing /opt/airflow/dags/retail_pipeline_dag.py took 0.053 seconds
[2026-05-03T10:00:03.695+0000] {processor.py:157} INFO - Started process (PID=790) to work on /opt/airflow/dags/retail_pipeline_dag.py
[2026-05-03T10:00:03.696+0000] {processor.py:829} INFO - Processing file /opt/airflow/dags/retail_pipeline_dag.py for tasks to queue
[2026-05-03T10:00:03.697+0000] {logging_mixin.py:151} INFO - [2026-05-03T10:00:03.696+0000] {dagbag.py:539} INFO - Filling up the DagBag from /opt/airflow/dags/retail_pipeline_dag.py
[2026-05-03T10:00:03.706+0000] {processor.py:839} INFO - DAG(s) dict_keys(['retail_pipeline']) retrieved from /opt/airflow/dags/retail_pipeline_dag.py
[2026-05-03T10:00:03.724+0000] {logging_mixin.py:151} INFO - [2026-05-03T10:00:03.724+0000] {dag.py:2915} INFO - Sync 1 DAGs
[2026-05-03T10:00:03.736+0000] {logging_mixin.py:151} INFO - [2026-05-03T10:00:03.736+0000] {dag.py:3696} INFO - Setting next_dagrun for retail_pipeline to 2026-05-03T00:30:00+00:00, run_after=2026-05-04T00:30:00+00:00
[2026-05-03T10:00:03.746+0000] {processor.py:179} INFO - Processing /opt/airflow/dags/retail_pipeline_dag.py took 0.052 seconds
[2026-05-03T10:00:33.859+0000] {processor.py:157} INFO - Started process (PID=829) to work on /opt/airflow/dags/retail_pipeline_dag.py
[2026-05-03T10:00:33.860+0000] {processor.py:829} INFO - Processing file /opt/airflow/dags/retail_pipeline_dag.py for tasks to queue
[2026-05-03T10:00:33.860+0000] {logging_mixin.py:151} INFO - [2026-05-03T10:00:33.860+0000] {dagbag.py:539} INFO - Filling up the DagBag from /opt/airflow/dags/retail_pipeline_dag.py
[2026-05-03T10:00:33.869+0000] {processor.py:839} INFO - DAG(s) dict_keys(['retail_pipeline']) retrieved from /opt/airflow/dags/retail_pipeline_dag.py
[2026-05-03T10:00:33.884+0000] {logging_mixin.py:151} INFO - [2026-05-03T10:00:33.884+0000] {dag.py:2915} INFO - Sync 1 DAGs
[2026-05-03T10:00:33.893+0000] {logging_mixin.py:151} INFO - [2026-05-03T10:00:33.893+0000] {dag.py:3696} INFO - Setting next_dagrun for retail_pipeline to 2026-05-03T00:30:00+00:00, run_after=2026-05-04T00:30:00+00:00
[2026-05-03T10:00:33.899+0000] {processor.py:179} INFO - Processing /opt/airflow/dags/retail_pipeline_dag.py took 0.041 seconds
[2026-05-03T10:01:04.140+0000] {processor.py:157} INFO - Started process (PID=851) to work on /opt/airflow/dags/retail_pipeline_dag.py
[2026-05-03T10:01:04.143+0000] {processor.py:829} INFO - Processing file /opt/airflow/dags/retail_pipeline_dag.py for tasks to queue
[2026-05-03T10:01:04.145+0000] {logging_mixin.py:151} INFO - [2026-05-03T10:01:04.144+0000] {dagbag.py:539} INFO - Filling up the DagBag from /opt/airflow/dags/retail_pipeline_dag.py
[2026-05-03T10:01:04.167+0000] {processor.py:839} INFO - DAG(s) dict_keys(['retail_pipeline']) retrieved from /opt/airflow/dags/retail_pipeline_dag.py
[2026-05-03T10:01:04.193+0000] {logging_mixin.py:151} INFO - [2026-05-03T10:01:04.193+0000] {dag.py:2915} INFO - Sync 1 DAGs
[2026-05-03T10:01:04.209+0000] {logging_mixin.py:151} INFO - [2026-05-03T10:01:04.209+0000] {dag.py:3696} INFO - Setting next_dagrun for retail_pipeline to 2026-05-03T00:30:00+00:00, run_after=2026-05-04T00:30:00+00:00
[2026-05-03T10:01:04.216+0000] {processor.py:179} INFO - Processing /opt/airflow/dags/retail_pipeline_dag.py took 0.083 seconds
[2026-05-03T10:01:34.394+0000] {processor.py:157} INFO - Started process (PID=861) to work on /opt/airflow/dags/retail_pipeline_dag.py
[2026-05-03T10:01:34.395+0000] {processor.py:829} INFO - Processing file /opt/airflow/dags/retail_pipeline_dag.py for tasks to queue
[2026-05-03T10:01:34.397+0000] {logging_mixin.py:151} INFO - [2026-05-03T10:01:34.396+0000] {dagbag.py:539} INFO - Filling up the DagBag from /opt/airflow/dags/retail_pipeline_dag.py
[2026-05-03T10:01:34.411+0000] {processor.py:839} INFO - DAG(s) dict_keys(['retail_pipeline']) retrieved from /opt/airflow/dags/retail_pipeline_dag.py
[2026-05-03T10:01:34.425+0000] {logging_mixin.py:151} INFO - [2026-05-03T10:01:34.425+0000] {dag.py:2915} INFO - Sync 1 DAGs
[2026-05-03T10:01:34.434+0000] {logging_mixin.py:151} INFO - [2026-05-03T10:01:34.434+0000] {dag.py:3696} INFO - Setting next_dagrun for retail_pipeline to 2026-05-03T00:30:00+00:00, run_after=2026-05-04T00:30:00+00:00
[2026-05-03T10:01:34.440+0000] {processor.py:179} INFO - Processing /opt/airflow/dags/retail_pipeline_dag.py took 0.049 seconds
[2026-05-03T10:02:04.754+0000] {processor.py:157} INFO - Started process (PID=871) to work on /opt/airflow/dags/retail_pipeline_dag.py
[2026-05-03T10:02:04.755+0000] {processor.py:829} INFO - Processing file /opt/airflow/dags/retail_pipeline_dag.py for tasks to queue
[2026-05-03T10:02:04.756+0000] {logging_mixin.py:151} INFO - [2026-05-03T10:02:04.756+0000] {dagbag.py:539} INFO - Filling up the DagBag from /opt/airflow/dags/retail_pipeline_dag.py
[2026-05-03T10:02:04.778+0000] {processor.py:839} INFO - DAG(s) dict_keys(['retail_pipeline']) retrieved from /opt/airflow/dags/retail_pipeline_dag.py
[2026-05-03T10:02:04.822+0000] {logging_mixin.py:151} INFO - [2026-05-03T10:02:04.822+0000] {dag.py:2915} INFO - Sync 1 DAGs
[2026-05-03T10:02:04.840+0000] {logging_mixin.py:151} INFO - [2026-05-03T10:02:04.840+0000] {dag.py:3696} INFO - Setting next_dagrun for retail_pipeline to 2026-05-03T00:30:00+00:00, run_after=2026-05-04T00:30:00+00:00
[2026-05-03T10:02:04.850+0000] {processor.py:179} INFO - Processing /opt/airflow/dags/retail_pipeline_dag.py took 0.102 seconds
[2026-05-03T10:02:35.099+0000] {processor.py:157} INFO - Started process (PID=881) to work on /opt/airflow/dags/retail_pipeline_dag.py
[2026-05-03T10:02:35.104+0000] {processor.py:829} INFO - Processing file /opt/airflow/dags/retail_pipeline_dag.py for tasks to queue
[2026-05-03T10:02:35.104+0000] {logging_mixin.py:151} INFO - [2026-05-03T10:02:35.104+0000] {dagbag.py:539} INFO - Filling up the DagBag from /opt/airflow/dags/retail_pipeline_dag.py
[2026-05-03T10:02:35.123+0000] {processor.py:839} INFO - DAG(s) dict_keys(['retail_pipeline']) retrieved from /opt/airflow/dags/retail_pipeline_dag.py
[2026-05-03T10:02:35.161+0000] {logging_mixin.py:151} INFO - [2026-05-03T10:02:35.161+0000] {dag.py:2915} INFO - Sync 1 DAGs
[2026-05-03T10:02:35.177+0000] {logging_mixin.py:151} INFO - [2026-05-03T10:02:35.177+0000] {dag.py:3696} INFO - Setting next_dagrun for retail_pipeline to 2026-05-03T00:30:00+00:00, run_after=2026-05-04T00:30:00+00:00
[2026-05-03T10:02:35.188+0000] {processor.py:179} INFO - Processing /opt/airflow/dags/retail_pipeline_dag.py took 0.093 seconds
[2026-05-03T10:03:05.388+0000] {processor.py:157} INFO - Started process (PID=891) to work on /opt/airflow/dags/retail_pipeline_dag.py
[2026-05-03T10:03:05.390+0000] {processor.py:829} INFO - Processing file /opt/airflow/dags/retail_pipeline_dag.py for tasks to queue
[2026-05-03T10:03:05.391+0000] {logging_mixin.py:151} INFO - [2026-05-03T10:03:05.391+0000] {dagbag.py:539} INFO - Filling up the DagBag from /opt/airflow/dags/retail_pipeline_dag.py
[2026-05-03T10:03:05.404+0000] {processor.py:839} INFO - DAG(s) dict_keys(['retail_pipeline']) retrieved from /opt/airflow/dags/retail_pipeline_dag.py
[2026-05-03T10:03:05.421+0000] {logging_mixin.py:151} INFO - [2026-05-03T10:03:05.421+0000] {dag.py:2915} INFO - Sync 1 DAGs
[2026-05-03T10:03:05.432+0000] {logging_mixin.py:151} INFO - [2026-05-03T10:03:05.432+0000] {dag.py:3696} INFO - Setting next_dagrun for retail_pipeline to 2026-05-03T00:30:00+00:00, run_after=2026-05-04T00:30:00+00:00
[2026-05-03T10:03:05.440+0000] {processor.py:179} INFO - Processing /opt/airflow/dags/retail_pipeline_dag.py took 0.055 seconds
[2026-05-03T10:03:35.705+0000] {processor.py:157} INFO - Started process (PID=901) to work on /opt/airflow/dags/retail_pipeline_dag.py
[2026-05-03T10:03:35.707+0000] {processor.py:829} INFO - Processing file /opt/airflow/dags/retail_pipeline_dag.py for tasks to queue
[2026-05-03T10:03:35.709+0000] {logging_mixin.py:151} INFO - [2026-05-03T10:03:35.708+0000] {dagbag.py:539} INFO - Filling up the DagBag from /opt/airflow/dags/retail_pipeline_dag.py
[2026-05-03T10:03:35.726+0000] {processor.py:839} INFO - DAG(s) dict_keys(['retail_pipeline']) retrieved from /opt/airflow/dags/retail_pipeline_dag.py
[2026-05-03T10:03:35.748+0000] {logging_mixin.py:151} INFO - [2026-05-03T10:03:35.748+0000] {dag.py:2915} INFO - Sync 1 DAGs
[2026-05-03T10:03:35.760+0000] {logging_mixin.py:151} INFO - [2026-05-03T10:03:35.760+0000] {dag.py:3696} INFO - Setting next_dagrun for retail_pipeline to 2026-05-03T00:30:00+00:00, run_after=2026-05-04T00:30:00+00:00
[2026-05-03T10:03:35.767+0000] {processor.py:179} INFO - Processing /opt/airflow/dags/retail_pipeline_dag.py took 0.066 seconds
[2026-05-03T10:04:06.005+0000] {processor.py:157} INFO - Started process (PID=911) to work on /opt/airflow/dags/retail_pipeline_dag.py
[2026-05-03T10:04:06.006+0000] {processor.py:829} INFO - Processing file /opt/airflow/dags/retail_pipeline_dag.py for tasks to queue
[2026-05-03T10:04:06.007+0000] {logging_mixin.py:151} INFO - [2026-05-03T10:04:06.007+0000] {dagbag.py:539} INFO - Filling up the DagBag from /opt/airflow/dags/retail_pipeline_dag.py
[2026-05-03T10:04:06.018+0000] {processor.py:839} INFO - DAG(s) dict_keys(['retail_pipeline']) retrieved from /opt/airflow/dags/retail_pipeline_dag.py
[2026-05-03T10:04:06.034+0000] {logging_mixin.py:151} INFO - [2026-05-03T10:04:06.034+0000] {dag.py:2915} INFO - Sync 1 DAGs
[2026-05-03T10:04:06.044+0000] {logging_mixin.py:151} INFO - [2026-05-03T10:04:06.044+0000] {dag.py:3696} INFO - Setting next_dagrun for retail_pipeline to 2026-05-03T00:30:00+00:00, run_after=2026-05-04T00:30:00+00:00
[2026-05-03T10:04:06.050+0000] {processor.py:179} INFO - Processing /opt/airflow/dags/retail_pipeline_dag.py took 0.048 seconds
[2026-05-03T10:04:36.339+0000] {processor.py:157} INFO - Started process (PID=921) to work on /opt/airflow/dags/retail_pipeline_dag.py
[2026-05-03T10:04:36.340+0000] {processor.py:829} INFO - Processing file /opt/airflow/dags/retail_pipeline_dag.py for tasks to queue
[2026-05-03T10:04:36.340+0000] {logging_mixin.py:151} INFO - [2026-05-03T10:04:36.340+0000] {dagbag.py:539} INFO - Filling up the DagBag from /opt/airflow/dags/retail_pipeline_dag.py
[2026-05-03T10:04:36.361+0000] {processor.py:839} INFO - DAG(s) dict_keys(['retail_pipeline']) retrieved from /opt/airflow/dags/retail_pipeline_dag.py
[2026-05-03T10:04:36.394+0000] {logging_mixin.py:151} INFO - [2026-05-03T10:04:36.394+0000] {dag.py:2915} INFO - Sync 1 DAGs
[2026-05-03T10:04:36.411+0000] {logging_mixin.py:151} INFO - [2026-05-03T10:04:36.410+0000] {dag.py:3696} INFO - Setting next_dagrun for retail_pipeline to 2026-05-03T00:30:00+00:00, run_after=2026-05-04T00:30:00+00:00
[2026-05-03T10:04:36.418+0000] {processor.py:179} INFO - Processing /opt/airflow/dags/retail_pipeline_dag.py took 0.083 seconds
[2026-05-03T10:05:06.639+0000] {processor.py:157} INFO - Started process (PID=931) to work on /opt/airflow/dags/retail_pipeline_dag.py
[2026-05-03T10:05:06.642+0000] {processor.py:829} INFO - Processing file /opt/airflow/dags/retail_pipeline_dag.py for tasks to queue
[2026-05-03T10:05:06.645+0000] {logging_mixin.py:151} INFO - [2026-05-03T10:05:06.645+0000] {dagbag.py:539} INFO - Filling up the DagBag from /opt/airflow/dags/retail_pipeline_dag.py
[2026-05-03T10:05:06.653+0000] {processor.py:839} INFO - DAG(s) dict_keys(['retail_pipeline']) retrieved from /opt/airflow/dags/retail_pipeline_dag.py
[2026-05-03T10:05:06.675+0000] {logging_mixin.py:151} INFO - [2026-05-03T10:05:06.675+0000] {dag.py:2915} INFO - Sync 1 DAGs
[2026-05-03T10:05:06.684+0000] {logging_mixin.py:151} INFO - [2026-05-03T10:05:06.684+0000] {dag.py:3696} INFO - Setting next_dagrun for retail_pipeline to 2026-05-03T00:30:00+00:00, run_after=2026-05-04T00:30:00+00:00
[2026-05-03T10:05:06.691+0000] {processor.py:179} INFO - Processing /opt/airflow/dags/retail_pipeline_dag.py took 0.055 seconds
[2026-05-03T10:05:36.913+0000] {processor.py:157} INFO - Started process (PID=941) to work on /opt/airflow/dags/retail_pipeline_dag.py
[2026-05-03T10:05:36.914+0000] {processor.py:829} INFO - Processing file /opt/airflow/dags/retail_pipeline_dag.py for tasks to queue
[2026-05-03T10:05:36.914+0000] {logging_mixin.py:151} INFO - [2026-05-03T10:05:36.914+0000] {dagbag.py:539} INFO - Filling up the DagBag from /opt/airflow/dags/retail_pipeline_dag.py
[2026-05-03T10:05:36.930+0000] {processor.py:839} INFO - DAG(s) dict_keys(['retail_pipeline']) retrieved from /opt/airflow/dags/retail_pipeline_dag.py
[2026-05-03T10:05:36.964+0000] {logging_mixin.py:151} INFO - [2026-05-03T10:05:36.963+0000] {dag.py:2915} INFO - Sync 1 DAGs
[2026-05-03T10:05:36.977+0000] {logging_mixin.py:151} INFO - [2026-05-03T10:05:36.977+0000] {dag.py:3696} INFO - Setting next_dagrun for retail_pipeline to 2026-05-03T00:30:00+00:00, run_after=2026-05-04T00:30:00+00:00
[2026-05-03T10:05:36.988+0000] {processor.py:179} INFO - Processing /opt/airflow/dags/retail_pipeline_dag.py took 0.078 seconds
[2026-05-03T10:06:07.242+0000] {processor.py:157} INFO - Started process (PID=951) to work on /opt/airflow/dags/retail_pipeline_dag.py
[2026-05-03T10:06:07.243+0000] {processor.py:829} INFO - Processing file /opt/airflow/dags/retail_pipeline_dag.py for tasks to queue
[2026-05-03T10:06:07.246+0000] {logging_mixin.py:151} INFO - [2026-05-03T10:06:07.246+0000] {dagbag.py:539} INFO - Filling up the DagBag from /opt/airflow/dags/retail_pipeline_dag.py
[2026-05-03T10:06:07.265+0000] {processor.py:839} INFO - DAG(s) dict_keys(['retail_pipeline']) retrieved from /opt/airflow/dags/retail_pipeline_dag.py
[2026-05-03T10:06:07.297+0000] {logging_mixin.py:151} INFO - [2026-05-03T10:06:07.297+0000] {dag.py:2915} INFO - Sync 1 DAGs
[2026-05-03T10:06:07.314+0000] {logging_mixin.py:151} INFO - [2026-05-03T10:06:07.314+0000] {dag.py:3696} INFO - Setting next_dagrun for retail_pipeline to 2026-05-03T00:30:00+00:00, run_after=2026-05-04T00:30:00+00:00
[2026-05-03T10:06:07.321+0000] {processor.py:179} INFO - Processing /opt/airflow/dags/retail_pipeline_dag.py took 0.083 seconds
[2026-05-03T10:06:37.552+0000] {processor.py:157} INFO - Started process (PID=961) to work on /opt/airflow/dags/retail_pipeline_dag.py
[2026-05-03T10:06:37.553+0000] {processor.py:829} INFO - Processing file /opt/airflow/dags/retail_pipeline_dag.py for tasks to queue
[2026-05-03T10:06:37.555+0000] {logging_mixin.py:151} INFO - [2026-05-03T10:06:37.555+0000] {dagbag.py:539} INFO - Filling up the DagBag from /opt/airflow/dags/retail_pipeline_dag.py
[2026-05-03T10:06:37.569+0000] {processor.py:839} INFO - DAG(s) dict_keys(['retail_pipeline']) retrieved from /opt/airflow/dags/retail_pipeline_dag.py
[2026-05-03T10:06:37.592+0000] {logging_mixin.py:151} INFO - [2026-05-03T10:06:37.592+0000] {dag.py:2915} INFO - Sync 1 DAGs
[2026-05-03T10:06:37.603+0000] {logging_mixin.py:151} INFO - [2026-05-03T10:06:37.603+0000] {dag.py:3696} INFO - Setting next_dagrun for retail_pipeline to 2026-05-03T00:30:00+00:00, run_after=2026-05-04T00:30:00+00:00
[2026-05-03T10:06:37.611+0000] {processor.py:179} INFO - Processing /opt/airflow/dags/retail_pipeline_dag.py took 0.064 seconds
[2026-05-03T10:07:07.816+0000] {processor.py:157} INFO - Started process (PID=971) to work on /opt/airflow/dags/retail_pipeline_dag.py
[2026-05-03T10:07:07.818+0000] {processor.py:829} INFO - Processing file /opt/airflow/dags/retail_pipeline_dag.py for tasks to queue
[2026-05-03T10:07:07.819+0000] {logging_mixin.py:151} INFO - [2026-05-03T10:07:07.819+0000] {dagbag.py:539} INFO - Filling up the DagBag from /opt/airflow/dags/retail_pipeline_dag.py
[2026-05-03T10:07:07.833+0000] {processor.py:839} INFO - DAG(s) dict_keys(['retail_pipeline']) retrieved from /opt/airflow/dags/retail_pipeline_dag.py
[2026-05-03T10:07:07.849+0000] {logging_mixin.py:151} INFO - [2026-05-03T10:07:07.848+0000] {dag.py:2915} INFO - Sync 1 DAGs
[2026-05-03T10:07:07.858+0000] {logging_mixin.py:151} INFO - [2026-05-03T10:07:07.858+0000] {dag.py:3696} INFO - Setting next_dagrun for retail_pipeline to 2026-05-03T00:30:00+00:00, run_after=2026-05-04T00:30:00+00:00
[2026-05-03T10:07:07.864+0000] {processor.py:179} INFO - Processing /opt/airflow/dags/retail_pipeline_dag.py took 0.052 seconds
[2026-05-03T10:07:38.100+0000] {processor.py:157} INFO - Started process (PID=981) to work on /opt/airflow/dags/retail_pipeline_dag.py
[2026-05-03T10:07:38.103+0000] {processor.py:829} INFO - Processing file /opt/airflow/dags/retail_pipeline_dag.py for tasks to queue
[2026-05-03T10:07:38.106+0000] {logging_mixin.py:151} INFO - [2026-05-03T10:07:38.105+0000] {dagbag.py:539} INFO - Filling up the DagBag from /opt/airflow/dags/retail_pipeline_dag.py
[2026-05-03T10:07:38.116+0000] {processor.py:839} INFO - DAG(s) dict_keys(['retail_pipeline']) retrieved from /opt/airflow/dags/retail_pipeline_dag.py
[2026-05-03T10:07:38.129+0000] {logging_mixin.py:151} INFO - [2026-05-03T10:07:38.129+0000] {dag.py:2915} INFO - Sync 1 DAGs
[2026-05-03T10:07:38.137+0000] {logging_mixin.py:151} INFO - [2026-05-03T10:07:38.137+0000] {dag.py:3696} INFO - Setting next_dagrun for retail_pipeline to 2026-05-03T00:30:00+00:00, run_after=2026-05-04T00:30:00+00:00
[2026-05-03T10:07:38.143+0000] {processor.py:179} INFO - Processing /opt/airflow/dags/retail_pipeline_dag.py took 0.045 seconds
[2026-05-03T10:08:08.375+0000] {processor.py:157} INFO - Started process (PID=991) to work on /opt/airflow/dags/retail_pipeline_dag.py
[2026-05-03T10:08:08.378+0000] {processor.py:829} INFO - Processing file /opt/airflow/dags/retail_pipeline_dag.py for tasks to queue
[2026-05-03T10:08:08.379+0000] {logging_mixin.py:151} INFO - [2026-05-03T10:08:08.379+0000] {dagbag.py:539} INFO - Filling up the DagBag from /opt/airflow/dags/retail_pipeline_dag.py
[2026-05-03T10:08:08.387+0000] {processor.py:839} INFO - DAG(s) dict_keys(['retail_pipeline']) retrieved from /opt/airflow/dags/retail_pipeline_dag.py
[2026-05-03T10:08:08.404+0000] {logging_mixin.py:151} INFO - [2026-05-03T10:08:08.404+0000] {dag.py:2915} INFO - Sync 1 DAGs
[2026-05-03T10:08:08.415+0000] {logging_mixin.py:151} INFO - [2026-05-03T10:08:08.415+0000] {dag.py:3696} INFO - Setting next_dagrun for retail_pipeline to 2026-05-03T00:30:00+00:00, run_after=2026-05-04T00:30:00+00:00
[2026-05-03T10:08:08.421+0000] {processor.py:179} INFO - Processing /opt/airflow/dags/retail_pipeline_dag.py took 0.049 seconds
[2026-05-03T10:08:38.701+0000] {processor.py:157} INFO - Started process (PID=1001) to work on /opt/airflow/dags/retail_pipeline_dag.py
[2026-05-03T10:08:38.702+0000] {processor.py:829} INFO - Processing file /opt/airflow/dags/retail_pipeline_dag.py for tasks to queue
[2026-05-03T10:08:38.703+0000] {logging_mixin.py:151} INFO - [2026-05-03T10:08:38.703+0000] {dagbag.py:539} INFO - Filling up the DagBag from /opt/airflow/dags/retail_pipeline_dag.py
[2026-05-03T10:08:38.718+0000] {processor.py:839} INFO - DAG(s) dict_keys(['retail_pipeline']) retrieved from /opt/airflow/dags/retail_pipeline_dag.py
[2026-05-03T10:08:38.749+0000] {logging_mixin.py:151} INFO - [2026-05-03T10:08:38.749+0000] {dag.py:2915} INFO - Sync 1 DAGs
[2026-05-03T10:08:38.768+0000] {logging_mixin.py:151} INFO - [2026-05-03T10:08:38.768+0000] {dag.py:3696} INFO - Setting next_dagrun for retail_pipeline to 2026-05-03T00:30:00+00:00, run_after=2026-05-04T00:30:00+00:00
[2026-05-03T10:08:38.774+0000] {processor.py:179} INFO - Processing /opt/airflow/dags/retail_pipeline_dag.py took 0.076 seconds
[2026-05-03T10:09:08.956+0000] {processor.py:157} INFO - Started process (PID=1011) to work on /opt/airflow/dags/retail_pipeline_dag.py
[2026-05-03T10:09:08.958+0000] {processor.py:829} INFO - Processing file /opt/airflow/dags/retail_pipeline_dag.py for tasks to queue
[2026-05-03T10:09:08.959+0000] {logging_mixin.py:151} INFO - [2026-05-03T10:09:08.959+0000] {dagbag.py:539} INFO - Filling up the DagBag from /opt/airflow/dags/retail_pipeline_dag.py
[2026-05-03T10:09:08.973+0000] {processor.py:839} INFO - DAG(s) dict_keys(['retail_pipeline']) retrieved from /opt/airflow/dags/retail_pipeline_dag.py
[2026-05-03T10:09:08.992+0000] {logging_mixin.py:151} INFO - [2026-05-03T10:09:08.991+0000] {dag.py:2915} INFO - Sync 1 DAGs
[2026-05-03T10:09:09.001+0000] {logging_mixin.py:151} INFO - [2026-05-03T10:09:09.001+0000] {dag.py:3696} INFO - Setting next_dagrun for retail_pipeline to 2026-05-03T00:30:00+00:00, run_after=2026-05-04T00:30:00+00:00
[2026-05-03T10:09:09.007+0000] {processor.py:179} INFO - Processing /opt/airflow/dags/retail_pipeline_dag.py took 0.057 seconds
[2026-05-03T10:09:39.311+0000] {processor.py:157} INFO - Started process (PID=1021) to work on /opt/airflow/dags/retail_pipeline_dag.py
[2026-05-03T10:09:39.312+0000] {processor.py:829} INFO - Processing file /opt/airflow/dags/retail_pipeline_dag.py for tasks to queue
[2026-05-03T10:09:39.313+0000] {logging_mixin.py:151} INFO - [2026-05-03T10:09:39.313+0000] {dagbag.py:539} INFO - Filling up the DagBag from /opt/airflow/dags/retail_pipeline_dag.py
[2026-05-03T10:09:39.323+0000] {processor.py:839} INFO - DAG(s) dict_keys(['retail_pipeline']) retrieved from /opt/airflow/dags/retail_pipeline_dag.py
[2026-05-03T10:09:39.340+0000] {logging_mixin.py:151} INFO - [2026-05-03T10:09:39.340+0000] {dag.py:2915} INFO - Sync 1 DAGs
[2026-05-03T10:09:39.350+0000] {logging_mixin.py:151} INFO - [2026-05-03T10:09:39.350+0000] {dag.py:3696} INFO - Setting next_dagrun for retail_pipeline to 2026-05-03T00:30:00+00:00, run_after=2026-05-04T00:30:00+00:00
[2026-05-03T10:09:39.356+0000] {processor.py:179} INFO - Processing /opt/airflow/dags/retail_pipeline_dag.py took 0.048 seconds
[2026-05-03T10:10:09.652+0000] {processor.py:157} INFO - Started process (PID=1031) to work on /opt/airflow/dags/retail_pipeline_dag.py
[2026-05-03T10:10:09.653+0000] {processor.py:829} INFO - Processing file /opt/airflow/dags/retail_pipeline_dag.py for tasks to queue
[2026-05-03T10:10:09.656+0000] {logging_mixin.py:151} INFO - [2026-05-03T10:10:09.655+0000] {dagbag.py:539} INFO - Filling up the DagBag from /opt/airflow/dags/retail_pipeline_dag.py
[2026-05-03T10:10:09.678+0000] {processor.py:839} INFO - DAG(s) dict_keys(['retail_pipeline']) retrieved from /opt/airflow/dags/retail_pipeline_dag.py
[2026-05-03T10:10:09.710+0000] {logging_mixin.py:151} INFO - [2026-05-03T10:10:09.710+0000] {dag.py:2915} INFO - Sync 1 DAGs
[2026-05-03T10:10:09.725+0000] {logging_mixin.py:151} INFO - [2026-05-03T10:10:09.725+0000] {dag.py:3696} INFO - Setting next_dagrun for retail_pipeline to 2026-05-03T00:30:00+00:00, run_after=2026-05-04T00:30:00+00:00
[2026-05-03T10:10:09.732+0000] {processor.py:179} INFO - Processing /opt/airflow/dags/retail_pipeline_dag.py took 0.084 seconds
[2026-05-03T10:10:39.973+0000] {processor.py:157} INFO - Started process (PID=1041) to work on /opt/airflow/dags/retail_pipeline_dag.py
[2026-05-03T10:10:39.975+0000] {processor.py:829} INFO - Processing file /opt/airflow/dags/retail_pipeline_dag.py for tasks to queue
[2026-05-03T10:10:39.976+0000] {logging_mixin.py:151} INFO - [2026-05-03T10:10:39.975+0000] {dagbag.py:539} INFO - Filling up the DagBag from /opt/airflow/dags/retail_pipeline_dag.py
[2026-05-03T10:10:39.993+0000] {processor.py:839} INFO - DAG(s) dict_keys(['retail_pipeline']) retrieved from /opt/airflow/dags/retail_pipeline_dag.py
[2026-05-03T10:10:40.015+0000] {logging_mixin.py:151} INFO - [2026-05-03T10:10:40.015+0000] {dag.py:2915} INFO - Sync 1 DAGs
[2026-05-03T10:10:40.025+0000] {logging_mixin.py:151} INFO - [2026-05-03T10:10:40.025+0000] {dag.py:3696} INFO - Setting next_dagrun for retail_pipeline to 2026-05-03T00:30:00+00:00, run_after=2026-05-04T00:30:00+00:00
[2026-05-03T10:10:40.032+0000] {processor.py:179} INFO - Processing /opt/airflow/dags/retail_pipeline_dag.py took 0.063 seconds
[2026-05-03T10:11:10.270+0000] {processor.py:157} INFO - Started process (PID=1051) to work on /opt/airflow/dags/retail_pipeline_dag.py
[2026-05-03T10:11:10.271+0000] {processor.py:829} INFO - Processing file /opt/airflow/dags/retail_pipeline_dag.py for tasks to queue
[2026-05-03T10:11:10.272+0000] {logging_mixin.py:151} INFO - [2026-05-03T10:11:10.271+0000] {dagbag.py:539} INFO - Filling up the DagBag from /opt/airflow/dags/retail_pipeline_dag.py
[2026-05-03T10:11:10.288+0000] {processor.py:839} INFO - DAG(s) dict_keys(['retail_pipeline']) retrieved from /opt/airflow/dags/retail_pipeline_dag.py
[2026-05-03T10:11:10.309+0000] {logging_mixin.py:151} INFO - [2026-05-03T10:11:10.309+0000] {dag.py:2915} INFO - Sync 1 DAGs
[2026-05-03T10:11:10.321+0000] {logging_mixin.py:151} INFO - [2026-05-03T10:11:10.321+0000] {dag.py:3696} INFO - Setting next_dagrun for retail_pipeline to 2026-05-03T00:30:00+00:00, run_after=2026-05-04T00:30:00+00:00
[2026-05-03T10:11:10.328+0000] {processor.py:179} INFO - Processing /opt/airflow/dags/retail_pipeline_dag.py took 0.061 seconds
[2026-05-03T10:11:40.563+0000] {processor.py:157} INFO - Started process (PID=1061) to work on /opt/airflow/dags/retail_pipeline_dag.py
[2026-05-03T10:11:40.564+0000] {processor.py:829} INFO - Processing file /opt/airflow/dags/retail_pipeline_dag.py for tasks to queue
[2026-05-03T10:11:40.564+0000] {logging_mixin.py:151} INFO - [2026-05-03T10:11:40.564+0000] {dagbag.py:539} INFO - Filling up the DagBag from /opt/airflow/dags/retail_pipeline_dag.py
[2026-05-03T10:11:40.576+0000] {processor.py:839} INFO - DAG(s) dict_keys(['retail_pipeline']) retrieved from /opt/airflow/dags/retail_pipeline_dag.py
[2026-05-03T10:11:40.598+0000] {logging_mixin.py:151} INFO - [2026-05-03T10:11:40.598+0000] {dag.py:2915} INFO - Sync 1 DAGs
[2026-05-03T10:11:40.617+0000] {logging_mixin.py:151} INFO - [2026-05-03T10:11:40.617+0000] {dag.py:3696} INFO - Setting next_dagrun for retail_pipeline to 2026-05-03T00:30:00+00:00, run_after=2026-05-04T00:30:00+00:00
[2026-05-03T10:11:40.627+0000] {processor.py:179} INFO - Processing /opt/airflow/dags/retail_pipeline_dag.py took 0.067 seconds
[2026-05-03T10:12:10.829+0000] {processor.py:157} INFO - Started process (PID=1071) to work on /opt/airflow/dags/retail_pipeline_dag.py
[2026-05-03T10:12:10.830+0000] {processor.py:829} INFO - Processing file /opt/airflow/dags/retail_pipeline_dag.py for tasks to queue
[2026-05-03T10:12:10.831+0000] {logging_mixin.py:151} INFO - [2026-05-03T10:12:10.830+0000] {dagbag.py:539} INFO - Filling up the DagBag from /opt/airflow/dags/retail_pipeline_dag.py
[2026-05-03T10:12:10.849+0000] {processor.py:839} INFO - DAG(s) dict_keys(['retail_pipeline']) retrieved from /opt/airflow/dags/retail_pipeline_dag.py
[2026-05-03T10:12:10.876+0000] {logging_mixin.py:151} INFO - [2026-05-03T10:12:10.876+0000] {dag.py:2915} INFO - Sync 1 DAGs
[2026-05-03T10:12:10.893+0000] {logging_mixin.py:151} INFO - [2026-05-03T10:12:10.893+0000] {dag.py:3696} INFO - Setting next_dagrun for retail_pipeline to 2026-05-03T00:30:00+00:00, run_after=2026-05-04T00:30:00+00:00
[2026-05-03T10:12:10.902+0000] {processor.py:179} INFO - Processing /opt/airflow/dags/retail_pipeline_dag.py took 0.076 seconds
[2026-05-03T10:12:41.067+0000] {processor.py:157} INFO - Started process (PID=1081) to work on /opt/airflow/dags/retail_pipeline_dag.py
[2026-05-03T10:12:41.068+0000] {processor.py:829} INFO - Processing file /opt/airflow/dags/retail_pipeline_dag.py for tasks to queue
[2026-05-03T10:12:41.070+0000] {logging_mixin.py:151} INFO - [2026-05-03T10:12:41.069+0000] {dagbag.py:539} INFO - Filling up the DagBag from /opt/airflow/dags/retail_pipeline_dag.py
[2026-05-03T10:12:41.085+0000] {processor.py:839} INFO - DAG(s) dict_keys(['retail_pipeline']) retrieved from /opt/airflow/dags/retail_pipeline_dag.py
[2026-05-03T10:12:41.100+0000] {logging_mixin.py:151} INFO - [2026-05-03T10:12:41.100+0000] {dag.py:2915} INFO - Sync 1 DAGs
[2026-05-03T10:12:41.109+0000] {logging_mixin.py:151} INFO - [2026-05-03T10:12:41.109+0000] {dag.py:3696} INFO - Setting next_dagrun for retail_pipeline to 2026-05-03T00:30:00+00:00, run_after=2026-05-04T00:30:00+00:00
[2026-05-03T10:12:41.115+0000] {processor.py:179} INFO - Processing /opt/airflow/dags/retail_pipeline_dag.py took 0.054 seconds
[2026-05-03T10:13:11.379+0000] {processor.py:157} INFO - Started process (PID=1091) to work on /opt/airflow/dags/retail_pipeline_dag.py
[2026-05-03T10:13:11.381+0000] {processor.py:829} INFO - Processing file /opt/airflow/dags/retail_pipeline_dag.py for tasks to queue
[2026-05-03T10:13:11.382+0000] {logging_mixin.py:151} INFO - [2026-05-03T10:13:11.382+0000] {dagbag.py:539} INFO - Filling up the DagBag from /opt/airflow/dags/retail_pipeline_dag.py
[2026-05-03T10:13:11.396+0000] {processor.py:839} INFO - DAG(s) dict_keys(['retail_pipeline']) retrieved from /opt/airflow/dags/retail_pipeline_dag.py
[2026-05-03T10:13:11.417+0000] {logging_mixin.py:151} INFO - [2026-05-03T10:13:11.417+0000] {dag.py:2915} INFO - Sync 1 DAGs
[2026-05-03T10:13:11.428+0000] {logging_mixin.py:151} INFO - [2026-05-03T10:13:11.428+0000] {dag.py:3696} INFO - Setting next_dagrun for retail_pipeline to 2026-05-03T00:30:00+00:00, run_after=2026-05-04T00:30:00+00:00
[2026-05-03T10:13:11.434+0000] {processor.py:179} INFO - Processing /opt/airflow/dags/retail_pipeline_dag.py took 0.058 seconds
[2026-05-03T10:13:41.638+0000] {processor.py:157} INFO - Started process (PID=1101) to work on /opt/airflow/dags/retail_pipeline_dag.py
[2026-05-03T10:13:41.639+0000] {processor.py:829} INFO - Processing file /opt/airflow/dags/retail_pipeline_dag.py for tasks to queue
[2026-05-03T10:13:41.640+0000] {logging_mixin.py:151} INFO - [2026-05-03T10:13:41.639+0000] {dagbag.py:539} INFO - Filling up the DagBag from /opt/airflow/dags/retail_pipeline_dag.py
[2026-05-03T10:13:41.657+0000] {processor.py:839} INFO - DAG(s) dict_keys(['retail_pipeline']) retrieved from /opt/airflow/dags/retail_pipeline_dag.py
[2026-05-03T10:13:41.680+0000] {logging_mixin.py:151} INFO - [2026-05-03T10:13:41.680+0000] {dag.py:2915} INFO - Sync 1 DAGs
[2026-05-03T10:13:41.692+0000] {logging_mixin.py:151} INFO - [2026-05-03T10:13:41.692+0000] {dag.py:3696} INFO - Setting next_dagrun for retail_pipeline to 2026-05-03T00:30:00+00:00, run_after=2026-05-04T00:30:00+00:00
[2026-05-03T10:13:41.699+0000] {processor.py:179} INFO - Processing /opt/airflow/dags/retail_pipeline_dag.py took 0.063 seconds
[2026-05-03T10:14:11.916+0000] {processor.py:157} INFO - Started process (PID=1111) to work on /opt/airflow/dags/retail_pipeline_dag.py
[2026-05-03T10:14:11.919+0000] {processor.py:829} INFO - Processing file /opt/airflow/dags/retail_pipeline_dag.py for tasks to queue
[2026-05-03T10:14:11.919+0000] {logging_mixin.py:151} INFO - [2026-05-03T10:14:11.919+0000] {dagbag.py:539} INFO - Filling up the DagBag from /opt/airflow/dags/retail_pipeline_dag.py
[2026-05-03T10:14:11.933+0000] {processor.py:839} INFO - DAG(s) dict_keys(['retail_pipeline']) retrieved from /opt/airflow/dags/retail_pipeline_dag.py
[2026-05-03T10:14:11.950+0000] {logging_mixin.py:151} INFO - [2026-05-03T10:14:11.950+0000] {dag.py:2915} INFO - Sync 1 DAGs
[2026-05-03T10:14:11.962+0000] {logging_mixin.py:151} INFO - [2026-05-03T10:14:11.962+0000] {dag.py:3696} INFO - Setting next_dagrun for retail_pipeline to 2026-05-03T00:30:00+00:00, run_after=2026-05-04T00:30:00+00:00
[2026-05-03T10:14:11.970+0000] {processor.py:179} INFO - Processing /opt/airflow/dags/retail_pipeline_dag.py took 0.058 seconds
[2026-05-03T10:14:42.163+0000] {processor.py:157} INFO - Started process (PID=1121) to work on /opt/airflow/dags/retail_pipeline_dag.py
[2026-05-03T10:14:42.166+0000] {processor.py:829} INFO - Processing file /opt/airflow/dags/retail_pipeline_dag.py for tasks to queue
[2026-05-03T10:14:42.166+0000] {logging_mixin.py:151} INFO - [2026-05-03T10:14:42.166+0000] {dagbag.py:539} INFO - Filling up the DagBag from /opt/airflow/dags/retail_pipeline_dag.py
[2026-05-03T10:14:42.178+0000] {processor.py:839} INFO - DAG(s) dict_keys(['retail_pipeline']) retrieved from /opt/airflow/dags/retail_pipeline_dag.py
[2026-05-03T10:14:42.198+0000] {logging_mixin.py:151} INFO - [2026-05-03T10:14:42.197+0000] {dag.py:2915} INFO - Sync 1 DAGs
[2026-05-03T10:14:42.208+0000] {logging_mixin.py:151} INFO - [2026-05-03T10:14:42.208+0000] {dag.py:3696} INFO - Setting next_dagrun for retail_pipeline to 2026-05-03T00:30:00+00:00, run_after=2026-05-04T00:30:00+00:00
[2026-05-03T10:14:42.216+0000] {processor.py:179} INFO - Processing /opt/airflow/dags/retail_pipeline_dag.py took 0.057 seconds
[2026-05-03T10:15:12.410+0000] {processor.py:157} INFO - Started process (PID=1131) to work on /opt/airflow/dags/retail_pipeline_dag.py
[2026-05-03T10:15:12.412+0000] {processor.py:829} INFO - Processing file /opt/airflow/dags/retail_pipeline_dag.py for tasks to queue
[2026-05-03T10:15:12.413+0000] {logging_mixin.py:151} INFO - [2026-05-03T10:15:12.413+0000] {dagbag.py:539} INFO - Filling up the DagBag from /opt/airflow/dags/retail_pipeline_dag.py
[2026-05-03T10:15:12.426+0000] {processor.py:839} INFO - DAG(s) dict_keys(['retail_pipeline']) retrieved from /opt/airflow/dags/retail_pipeline_dag.py
[2026-05-03T10:15:12.441+0000] {logging_mixin.py:151} INFO - [2026-05-03T10:15:12.441+0000] {dag.py:2915} INFO - Sync 1 DAGs
[2026-05-03T10:15:12.452+0000] {logging_mixin.py:151} INFO - [2026-05-03T10:15:12.451+0000] {dag.py:3696} INFO - Setting next_dagrun for retail_pipeline to 2026-05-03T00:30:00+00:00, run_after=2026-05-04T00:30:00+00:00
[2026-05-03T10:15:12.458+0000] {processor.py:179} INFO - Processing /opt/airflow/dags/retail_pipeline_dag.py took 0.051 seconds
[2026-05-03T10:15:42.703+0000] {processor.py:157} INFO - Started process (PID=1141) to work on /opt/airflow/dags/retail_pipeline_dag.py
[2026-05-03T10:15:42.704+0000] {processor.py:829} INFO - Processing file /opt/airflow/dags/retail_pipeline_dag.py for tasks to queue
[2026-05-03T10:15:42.706+0000] {logging_mixin.py:151} INFO - [2026-05-03T10:15:42.705+0000] {dagbag.py:539} INFO - Filling up the DagBag from /opt/airflow/dags/retail_pipeline_dag.py
[2026-05-03T10:15:42.717+0000] {processor.py:839} INFO - DAG(s) dict_keys(['retail_pipeline']) retrieved from /opt/airflow/dags/retail_pipeline_dag.py
[2026-05-03T10:15:42.746+0000] {logging_mixin.py:151} INFO - [2026-05-03T10:15:42.746+0000] {dag.py:2915} INFO - Sync 1 DAGs
[2026-05-03T10:15:42.762+0000] {logging_mixin.py:151} INFO - [2026-05-03T10:15:42.762+0000] {dag.py:3696} INFO - Setting next_dagrun for retail_pipeline to 2026-05-03T00:30:00+00:00, run_after=2026-05-04T00:30:00+00:00
[2026-05-03T10:15:42.770+0000] {processor.py:179} INFO - Processing /opt/airflow/dags/retail_pipeline_dag.py took 0.073 seconds
[2026-05-03T10:16:12.951+0000] {processor.py:157} INFO - Started process (PID=1151) to work on /opt/airflow/dags/retail_pipeline_dag.py
[2026-05-03T10:16:12.953+0000] {processor.py:829} INFO - Processing file /opt/airflow/dags/retail_pipeline_dag.py for tasks to queue
[2026-05-03T10:16:12.953+0000] {logging_mixin.py:151} INFO - [2026-05-03T10:16:12.953+0000] {dagbag.py:539} INFO - Filling up the DagBag from /opt/airflow/dags/retail_pipeline_dag.py
[2026-05-03T10:16:12.962+0000] {processor.py:839} INFO - DAG(s) dict_keys(['retail_pipeline']) retrieved from /opt/airflow/dags/retail_pipeline_dag.py
[2026-05-03T10:16:12.976+0000] {logging_mixin.py:151} INFO - [2026-05-03T10:16:12.976+0000] {dag.py:2915} INFO - Sync 1 DAGs
[2026-05-03T10:16:12.986+0000] {logging_mixin.py:151} INFO - [2026-05-03T10:16:12.986+0000] {dag.py:3696} INFO - Setting next_dagrun for retail_pipeline to 2026-05-03T00:30:00+00:00, run_after=2026-05-04T00:30:00+00:00
[2026-05-03T10:16:12.993+0000] {processor.py:179} INFO - Processing /opt/airflow/dags/retail_pipeline_dag.py took 0.048 seconds
[2026-05-03T10:16:43.225+0000] {processor.py:157} INFO - Started process (PID=1161) to work on /opt/airflow/dags/retail_pipeline_dag.py
[2026-05-03T10:16:43.226+0000] {processor.py:829} INFO - Processing file /opt/airflow/dags/retail_pipeline_dag.py for tasks to queue
[2026-05-03T10:16:43.227+0000] {logging_mixin.py:151} INFO - [2026-05-03T10:16:43.227+0000] {dagbag.py:539} INFO - Filling up the DagBag from /opt/airflow/dags/retail_pipeline_dag.py
[2026-05-03T10:16:43.241+0000] {processor.py:839} INFO - DAG(s) dict_keys(['retail_pipeline']) retrieved from /opt/airflow/dags/retail_pipeline_dag.py
[2026-05-03T10:16:43.260+0000] {logging_mixin.py:151} INFO - [2026-05-03T10:16:43.260+0000] {dag.py:2915} INFO - Sync 1 DAGs
[2026-05-03T10:16:43.271+0000] {logging_mixin.py:151} INFO - [2026-05-03T10:16:43.271+0000] {dag.py:3696} INFO - Setting next_dagrun for retail_pipeline to 2026-05-03T00:30:00+00:00, run_after=2026-05-04T00:30:00+00:00
[2026-05-03T10:16:43.279+0000] {processor.py:179} INFO - Processing /opt/airflow/dags/retail_pipeline_dag.py took 0.058 seconds
[2026-05-03T10:17:13.525+0000] {processor.py:157} INFO - Started process (PID=1171) to work on /opt/airflow/dags/retail_pipeline_dag.py
[2026-05-03T10:17:13.528+0000] {processor.py:829} INFO - Processing file /opt/airflow/dags/retail_pipeline_dag.py for tasks to queue
[2026-05-03T10:17:13.530+0000] {logging_mixin.py:151} INFO - [2026-05-03T10:17:13.529+0000] {dagbag.py:539} INFO - Filling up the DagBag from /opt/airflow/dags/retail_pipeline_dag.py
[2026-05-03T10:17:13.548+0000] {processor.py:839} INFO - DAG(s) dict_keys(['retail_pipeline']) retrieved from /opt/airflow/dags/retail_pipeline_dag.py
[2026-05-03T10:17:13.571+0000] {logging_mixin.py:151} INFO - [2026-05-03T10:17:13.571+0000] {dag.py:2915} INFO - Sync 1 DAGs
[2026-05-03T10:17:13.585+0000] {logging_mixin.py:151} INFO - [2026-05-03T10:17:13.585+0000] {dag.py:3696} INFO - Setting next_dagrun for retail_pipeline to 2026-05-03T00:30:00+00:00, run_after=2026-05-04T00:30:00+00:00
[2026-05-03T10:17:13.591+0000] {processor.py:179} INFO - Processing /opt/airflow/dags/retail_pipeline_dag.py took 0.071 seconds
[2026-05-03T10:17:43.825+0000] {processor.py:157} INFO - Started process (PID=1181) to work on /opt/airflow/dags/retail_pipeline_dag.py
[2026-05-03T10:17:43.826+0000] {processor.py:829} INFO - Processing file /opt/airflow/dags/retail_pipeline_dag.py for tasks to queue
[2026-05-03T10:17:43.826+0000] {logging_mixin.py:151} INFO - [2026-05-03T10:17:43.826+0000] {dagbag.py:539} INFO - Filling up the DagBag from /opt/airflow/dags/retail_pipeline_dag.py
[2026-05-03T10:17:43.837+0000] {processor.py:839} INFO - DAG(s) dict_keys(['retail_pipeline']) retrieved from /opt/airflow/dags/retail_pipeline_dag.py
[2026-05-03T10:17:43.864+0000] {logging_mixin.py:151} INFO - [2026-05-03T10:17:43.864+0000] {dag.py:2915} INFO - Sync 1 DAGs
[2026-05-03T10:17:43.878+0000] {logging_mixin.py:151} INFO - [2026-05-03T10:17:43.878+0000] {dag.py:3696} INFO - Setting next_dagrun for retail_pipeline to 2026-05-03T00:30:00+00:00, run_after=2026-05-04T00:30:00+00:00
[2026-05-03T10:17:43.887+0000] {processor.py:179} INFO - Processing /opt/airflow/dags/retail_pipeline_dag.py took 0.071 seconds
[2026-05-03T10:18:14.125+0000] {processor.py:157} INFO - Started process (PID=1191) to work on /opt/airflow/dags/retail_pipeline_dag.py
[2026-05-03T10:18:14.127+0000] {processor.py:829} INFO - Processing file /opt/airflow/dags/retail_pipeline_dag.py for tasks to queue
[2026-05-03T10:18:14.128+0000] {logging_mixin.py:151} INFO - [2026-05-03T10:18:14.128+0000] {dagbag.py:539} INFO - Filling up the DagBag from /opt/airflow/dags/retail_pipeline_dag.py
[2026-05-03T10:18:14.141+0000] {processor.py:839} INFO - DAG(s) dict_keys(['retail_pipeline']) retrieved from /opt/airflow/dags/retail_pipeline_dag.py
[2026-05-03T10:18:14.162+0000] {logging_mixin.py:151} INFO - [2026-05-03T10:18:14.162+0000] {dag.py:2915} INFO - Sync 1 DAGs
[2026-05-03T10:18:14.172+0000] {logging_mixin.py:151} INFO - [2026-05-03T10:18:14.172+0000] {dag.py:3696} INFO - Setting next_dagrun for retail_pipeline to 2026-05-03T00:30:00+00:00, run_after=2026-05-04T00:30:00+00:00
[2026-05-03T10:18:14.181+0000] {processor.py:179} INFO - Processing /opt/airflow/dags/retail_pipeline_dag.py took 0.059 seconds
[2026-05-03T10:18:44.404+0000] {processor.py:157} INFO - Started process (PID=1201) to work on /opt/airflow/dags/retail_pipeline_dag.py
[2026-05-03T10:18:44.405+0000] {processor.py:829} INFO - Processing file /opt/airflow/dags/retail_pipeline_dag.py for tasks to queue
[2026-05-03T10:18:44.406+0000] {logging_mixin.py:151} INFO - [2026-05-03T10:18:44.406+0000] {dagbag.py:539} INFO - Filling up the DagBag from /opt/airflow/dags/retail_pipeline_dag.py
[2026-05-03T10:18:44.420+0000] {processor.py:839} INFO - DAG(s) dict_keys(['retail_pipeline']) retrieved from /opt/airflow/dags/retail_pipeline_dag.py
[2026-05-03T10:18:44.436+0000] {logging_mixin.py:151} INFO - [2026-05-03T10:18:44.436+0000] {dag.py:2915} INFO - Sync 1 DAGs
[2026-05-03T10:18:44.446+0000] {logging_mixin.py:151} INFO - [2026-05-03T10:18:44.446+0000] {dag.py:3696} INFO - Setting next_dagrun for retail_pipeline to 2026-05-03T00:30:00+00:00, run_after=2026-05-04T00:30:00+00:00
[2026-05-03T10:18:44.452+0000] {processor.py:179} INFO - Processing /opt/airflow/dags/retail_pipeline_dag.py took 0.052 seconds
[2026-05-03T10:19:14.684+0000] {processor.py:157} INFO - Started process (PID=1211) to work on /opt/airflow/dags/retail_pipeline_dag.py
[2026-05-03T10:19:14.685+0000] {processor.py:829} INFO - Processing file /opt/airflow/dags/retail_pipeline_dag.py for tasks to queue
[2026-05-03T10:19:14.685+0000] {logging_mixin.py:151} INFO - [2026-05-03T10:19:14.685+0000] {dagbag.py:539} INFO - Filling up the DagBag from /opt/airflow/dags/retail_pipeline_dag.py
[2026-05-03T10:19:14.699+0000] {processor.py:839} INFO - DAG(s) dict_keys(['retail_pipeline']) retrieved from /opt/airflow/dags/retail_pipeline_dag.py
[2026-05-03T10:19:14.726+0000] {logging_mixin.py:151} INFO - [2026-05-03T10:19:14.726+0000] {dag.py:2915} INFO - Sync 1 DAGs
[2026-05-03T10:19:14.741+0000] {logging_mixin.py:151} INFO - [2026-05-03T10:19:14.741+0000] {dag.py:3696} INFO - Setting next_dagrun for retail_pipeline to 2026-05-03T00:30:00+00:00, run_after=2026-05-04T00:30:00+00:00
[2026-05-03T10:19:14.749+0000] {processor.py:179} INFO - Processing /opt/airflow/dags/retail_pipeline_dag.py took 0.068 seconds
[2026-05-03T10:19:44.968+0000] {processor.py:157} INFO - Started process (PID=1221) to work on /opt/airflow/dags/retail_pipeline_dag.py
[2026-05-03T10:19:44.969+0000] {processor.py:829} INFO - Processing file /opt/airflow/dags/retail_pipeline_dag.py for tasks to queue
[2026-05-03T10:19:44.970+0000] {logging_mixin.py:151} INFO - [2026-05-03T10:19:44.969+0000] {dagbag.py:539} INFO - Filling up the DagBag from /opt/airflow/dags/retail_pipeline_dag.py
[2026-05-03T10:19:44.986+0000] {processor.py:839} INFO - DAG(s) dict_keys(['retail_pipeline']) retrieved from /opt/airflow/dags/retail_pipeline_dag.py
[2026-05-03T10:19:45.010+0000] {logging_mixin.py:151} INFO - [2026-05-03T10:19:45.009+0000] {dag.py:2915} INFO - Sync 1 DAGs
[2026-05-03T10:19:45.031+0000] {logging_mixin.py:151} INFO - [2026-05-03T10:19:45.031+0000] {dag.py:3696} INFO - Setting next_dagrun for retail_pipeline to 2026-05-03T00:30:00+00:00, run_after=2026-05-04T00:30:00+00:00
[2026-05-03T10:19:45.044+0000] {processor.py:179} INFO - Processing /opt/airflow/dags/retail_pipeline_dag.py took 0.078 seconds
[2026-05-03T10:20:15.272+0000] {processor.py:157} INFO - Started process (PID=1231) to work on /opt/airflow/dags/retail_pipeline_dag.py
[2026-05-03T10:20:15.273+0000] {processor.py:829} INFO - Processing file /opt/airflow/dags/retail_pipeline_dag.py for tasks to queue
[2026-05-03T10:20:15.273+0000] {logging_mixin.py:151} INFO - [2026-05-03T10:20:15.273+0000] {dagbag.py:539} INFO - Filling up the DagBag from /opt/airflow/dags/retail_pipeline_dag.py
[2026-05-03T10:20:15.291+0000] {processor.py:839} INFO - DAG(s) dict_keys(['retail_pipeline']) retrieved from /opt/airflow/dags/retail_pipeline_dag.py
[2026-05-03T10:20:15.309+0000] {logging_mixin.py:151} INFO - [2026-05-03T10:20:15.309+0000] {dag.py:2915} INFO - Sync 1 DAGs
[2026-05-03T10:20:15.325+0000] {logging_mixin.py:151} INFO - [2026-05-03T10:20:15.325+0000] {dag.py:3696} INFO - Setting next_dagrun for retail_pipeline to 2026-05-03T00:30:00+00:00, run_after=2026-05-04T00:30:00+00:00
[2026-05-03T10:20:15.332+0000] {processor.py:179} INFO - Processing /opt/airflow/dags/retail_pipeline_dag.py took 0.064 seconds
[2026-05-03T10:20:45.577+0000] {processor.py:157} INFO - Started process (PID=1241) to work on /opt/airflow/dags/retail_pipeline_dag.py
[2026-05-03T10:20:45.579+0000] {processor.py:829} INFO - Processing file /opt/airflow/dags/retail_pipeline_dag.py for tasks to queue
[2026-05-03T10:20:45.580+0000] {logging_mixin.py:151} INFO - [2026-05-03T10:20:45.580+0000] {dagbag.py:539} INFO - Filling up the DagBag from /opt/airflow/dags/retail_pipeline_dag.py
[2026-05-03T10:20:45.601+0000] {processor.py:839} INFO - DAG(s) dict_keys(['retail_pipeline']) retrieved from /opt/airflow/dags/retail_pipeline_dag.py
[2026-05-03T10:20:45.628+0000] {logging_mixin.py:151} INFO - [2026-05-03T10:20:45.628+0000] {dag.py:2915} INFO - Sync 1 DAGs
[2026-05-03T10:20:45.644+0000] {logging_mixin.py:151} INFO - [2026-05-03T10:20:45.644+0000] {dag.py:3696} INFO - Setting next_dagrun for retail_pipeline to 2026-05-03T00:30:00+00:00, run_after=2026-05-04T00:30:00+00:00
[2026-05-03T10:20:45.651+0000] {processor.py:179} INFO - Processing /opt/airflow/dags/retail_pipeline_dag.py took 0.080 seconds
[2026-05-03T10:21:15.838+0000] {processor.py:157} INFO - Started process (PID=1251) to work on /opt/airflow/dags/retail_pipeline_dag.py
[2026-05-03T10:21:15.840+0000] {processor.py:829} INFO - Processing file /opt/airflow/dags/retail_pipeline_dag.py for tasks to queue
[2026-05-03T10:21:15.841+0000] {logging_mixin.py:151} INFO - [2026-05-03T10:21:15.841+0000] {dagbag.py:539} INFO - Filling up the DagBag from /opt/airflow/dags/retail_pipeline_dag.py
[2026-05-03T10:21:15.852+0000] {processor.py:839} INFO - DAG(s) dict_keys(['retail_pipeline']) retrieved from /opt/airflow/dags/retail_pipeline_dag.py
[2026-05-03T10:21:15.870+0000] {logging_mixin.py:151} INFO - [2026-05-03T10:21:15.870+0000] {dag.py:2915} INFO - Sync 1 DAGs
[2026-05-03T10:21:15.884+0000] {logging_mixin.py:151} INFO - [2026-05-03T10:21:15.884+0000] {dag.py:3696} INFO - Setting next_dagrun for retail_pipeline to 2026-05-03T00:30:00+00:00, run_after=2026-05-04T00:30:00+00:00
[2026-05-03T10:21:15.890+0000] {processor.py:179} INFO - Processing /opt/airflow/dags/retail_pipeline_dag.py took 0.056 seconds
[2026-05-03T10:21:46.098+0000] {processor.py:157} INFO - Started process (PID=1261) to work on /opt/airflow/dags/retail_pipeline_dag.py
[2026-05-03T10:21:46.101+0000] {processor.py:829} INFO - Processing file /opt/airflow/dags/retail_pipeline_dag.py for tasks to queue
[2026-05-03T10:21:46.102+0000] {logging_mixin.py:151} INFO - [2026-05-03T10:21:46.101+0000] {dagbag.py:539} INFO - Filling up the DagBag from /opt/airflow/dags/retail_pipeline_dag.py
[2026-05-03T10:21:46.114+0000] {processor.py:839} INFO - DAG(s) dict_keys(['retail_pipeline']) retrieved from /opt/airflow/dags/retail_pipeline_dag.py
[2026-05-03T10:21:46.129+0000] {logging_mixin.py:151} INFO - [2026-05-03T10:21:46.129+0000] {dag.py:2915} INFO - Sync 1 DAGs
[2026-05-03T10:21:46.139+0000] {logging_mixin.py:151} INFO - [2026-05-03T10:21:46.139+0000] {dag.py:3696} INFO - Setting next_dagrun for retail_pipeline to 2026-05-03T00:30:00+00:00, run_after=2026-05-04T00:30:00+00:00
[2026-05-03T10:21:46.145+0000] {processor.py:179} INFO - Processing /opt/airflow/dags/retail_pipeline_dag.py took 0.050 seconds
[2026-05-03T10:22:16.403+0000] {processor.py:157} INFO - Started process (PID=1271) to work on /opt/airflow/dags/retail_pipeline_dag.py
[2026-05-03T10:22:16.406+0000] {processor.py:829} INFO - Processing file /opt/airflow/dags/retail_pipeline_dag.py for tasks to queue
[2026-05-03T10:22:16.407+0000] {logging_mixin.py:151} INFO - [2026-05-03T10:22:16.407+0000] {dagbag.py:539} INFO - Filling up the DagBag from /opt/airflow/dags/retail_pipeline_dag.py
[2026-05-03T10:22:16.419+0000] {processor.py:839} INFO - DAG(s) dict_keys(['retail_pipeline']) retrieved from /opt/airflow/dags/retail_pipeline_dag.py
[2026-05-03T10:22:16.436+0000] {logging_mixin.py:151} INFO - [2026-05-03T10:22:16.436+0000] {dag.py:2915} INFO - Sync 1 DAGs
[2026-05-03T10:22:16.446+0000] {logging_mixin.py:151} INFO - [2026-05-03T10:22:16.446+0000] {dag.py:3696} INFO - Setting next_dagrun for retail_pipeline to 2026-05-03T00:30:00+00:00, run_after=2026-05-04T00:30:00+00:00
[2026-05-03T10:22:16.454+0000] {processor.py:179} INFO - Processing /opt/airflow/dags/retail_pipeline_dag.py took 0.054 seconds
[2026-05-03T10:22:46.732+0000] {processor.py:157} INFO - Started process (PID=1281) to work on /opt/airflow/dags/retail_pipeline_dag.py
[2026-05-03T10:22:46.733+0000] {processor.py:829} INFO - Processing file /opt/airflow/dags/retail_pipeline_dag.py for tasks to queue
[2026-05-03T10:22:46.733+0000] {logging_mixin.py:151} INFO - [2026-05-03T10:22:46.733+0000] {dagbag.py:539} INFO - Filling up the DagBag from /opt/airflow/dags/retail_pipeline_dag.py
[2026-05-03T10:22:46.753+0000] {processor.py:839} INFO - DAG(s) dict_keys(['retail_pipeline']) retrieved from /opt/airflow/dags/retail_pipeline_dag.py
[2026-05-03T10:22:46.783+0000] {logging_mixin.py:151} INFO - [2026-05-03T10:22:46.783+0000] {dag.py:2915} INFO - Sync 1 DAGs
[2026-05-03T10:22:46.797+0000] {logging_mixin.py:151} INFO - [2026-05-03T10:22:46.797+0000] {dag.py:3696} INFO - Setting next_dagrun for retail_pipeline to 2026-05-03T00:30:00+00:00, run_after=2026-05-04T00:30:00+00:00
[2026-05-03T10:22:46.806+0000] {processor.py:179} INFO - Processing /opt/airflow/dags/retail_pipeline_dag.py took 0.077 seconds
[2026-05-03T10:23:17.010+0000] {processor.py:157} INFO - Started process (PID=1291) to work on /opt/airflow/dags/retail_pipeline_dag.py
[2026-05-03T10:23:17.011+0000] {processor.py:829} INFO - Processing file /opt/airflow/dags/retail_pipeline_dag.py for tasks to queue
[2026-05-03T10:23:17.014+0000] {logging_mixin.py:151} INFO - [2026-05-03T10:23:17.014+0000] {dagbag.py:539} INFO - Filling up the DagBag from /opt/airflow/dags/retail_pipeline_dag.py
[2026-05-03T10:23:17.023+0000] {processor.py:839} INFO - DAG(s) dict_keys(['retail_pipeline']) retrieved from /opt/airflow/dags/retail_pipeline_dag.py
[2026-05-03T10:23:17.042+0000] {logging_mixin.py:151} INFO - [2026-05-03T10:23:17.042+0000] {dag.py:2915} INFO - Sync 1 DAGs
[2026-05-03T10:23:17.055+0000] {logging_mixin.py:151} INFO - [2026-05-03T10:23:17.054+0000] {dag.py:3696} INFO - Setting next_dagrun for retail_pipeline to 2026-05-03T00:30:00+00:00, run_after=2026-05-04T00:30:00+00:00
[2026-05-03T10:23:17.064+0000] {processor.py:179} INFO - Processing /opt/airflow/dags/retail_pipeline_dag.py took 0.058 seconds
[2026-05-03T10:23:47.305+0000] {processor.py:157} INFO - Started process (PID=1301) to work on /opt/airflow/dags/retail_pipeline_dag.py
[2026-05-03T10:23:47.307+0000] {processor.py:829} INFO - Processing file /opt/airflow/dags/retail_pipeline_dag.py for tasks to queue
[2026-05-03T10:23:47.308+0000] {logging_mixin.py:151} INFO - [2026-05-03T10:23:47.307+0000] {dagbag.py:539} INFO - Filling up the DagBag from /opt/airflow/dags/retail_pipeline_dag.py
[2026-05-03T10:23:47.327+0000] {processor.py:839} INFO - DAG(s) dict_keys(['retail_pipeline']) retrieved from /opt/airflow/dags/retail_pipeline_dag.py
[2026-05-03T10:23:47.356+0000] {logging_mixin.py:151} INFO - [2026-05-03T10:23:47.356+0000] {dag.py:2915} INFO - Sync 1 DAGs
[2026-05-03T10:23:47.367+0000] {logging_mixin.py:151} INFO - [2026-05-03T10:23:47.367+0000] {dag.py:3696} INFO - Setting next_dagrun for retail_pipeline to 2026-05-03T00:30:00+00:00, run_after=2026-05-04T00:30:00+00:00
[2026-05-03T10:23:47.377+0000] {processor.py:179} INFO - Processing /opt/airflow/dags/retail_pipeline_dag.py took 0.075 seconds
[2026-05-03T10:24:17.583+0000] {processor.py:157} INFO - Started process (PID=1311) to work on /opt/airflow/dags/retail_pipeline_dag.py
[2026-05-03T10:24:17.584+0000] {processor.py:829} INFO - Processing file /opt/airflow/dags/retail_pipeline_dag.py for tasks to queue
[2026-05-03T10:24:17.585+0000] {logging_mixin.py:151} INFO - [2026-05-03T10:24:17.584+0000] {dagbag.py:539} INFO - Filling up the DagBag from /opt/airflow/dags/retail_pipeline_dag.py
[2026-05-03T10:24:17.598+0000] {processor.py:839} INFO - DAG(s) dict_keys(['retail_pipeline']) retrieved from /opt/airflow/dags/retail_pipeline_dag.py
[2026-05-03T10:24:17.619+0000] {logging_mixin.py:151} INFO - [2026-05-03T10:24:17.619+0000] {dag.py:2915} INFO - Sync 1 DAGs
[2026-05-03T10:24:17.631+0000] {logging_mixin.py:151} INFO - [2026-05-03T10:24:17.631+0000] {dag.py:3696} INFO - Setting next_dagrun for retail_pipeline to 2026-05-03T00:30:00+00:00, run_after=2026-05-04T00:30:00+00:00
[2026-05-03T10:24:17.638+0000] {processor.py:179} INFO - Processing /opt/airflow/dags/retail_pipeline_dag.py took 0.059 seconds
[2026-05-03T10:24:47.861+0000] {processor.py:157} INFO - Started process (PID=1321) to work on /opt/airflow/dags/retail_pipeline_dag.py
[2026-05-03T10:24:47.862+0000] {processor.py:829} INFO - Processing file /opt/airflow/dags/retail_pipeline_dag.py for tasks to queue
[2026-05-03T10:24:47.862+0000] {logging_mixin.py:151} INFO - [2026-05-03T10:24:47.862+0000] {dagbag.py:539} INFO - Filling up the DagBag from /opt/airflow/dags/retail_pipeline_dag.py
[2026-05-03T10:24:47.870+0000] {processor.py:839} INFO - DAG(s) dict_keys(['retail_pipeline']) retrieved from /opt/airflow/dags/retail_pipeline_dag.py
[2026-05-03T10:24:47.882+0000] {logging_mixin.py:151} INFO - [2026-05-03T10:24:47.882+0000] {dag.py:2915} INFO - Sync 1 DAGs
[2026-05-03T10:24:47.890+0000] {logging_mixin.py:151} INFO - [2026-05-03T10:24:47.890+0000] {dag.py:3696} INFO - Setting next_dagrun for retail_pipeline to 2026-05-03T00:30:00+00:00, run_after=2026-05-04T00:30:00+00:00
[2026-05-03T10:24:47.896+0000] {processor.py:179} INFO - Processing /opt/airflow/dags/retail_pipeline_dag.py took 0.036 seconds
[2026-05-03T10:25:18.150+0000] {processor.py:157} INFO - Started process (PID=1331) to work on /opt/airflow/dags/retail_pipeline_dag.py
[2026-05-03T10:25:18.152+0000] {processor.py:829} INFO - Processing file /opt/airflow/dags/retail_pipeline_dag.py for tasks to queue
[2026-05-03T10:25:18.156+0000] {logging_mixin.py:151} INFO - [2026-05-03T10:25:18.156+0000] {dagbag.py:539} INFO - Filling up the DagBag from /opt/airflow/dags/retail_pipeline_dag.py
[2026-05-03T10:25:18.164+0000] {processor.py:839} INFO - DAG(s) dict_keys(['retail_pipeline']) retrieved from /opt/airflow/dags/retail_pipeline_dag.py
[2026-05-03T10:25:18.179+0000] {logging_mixin.py:151} INFO - [2026-05-03T10:25:18.178+0000] {dag.py:2915} INFO - Sync 1 DAGs
[2026-05-03T10:25:18.188+0000] {logging_mixin.py:151} INFO - [2026-05-03T10:25:18.188+0000] {dag.py:3696} INFO - Setting next_dagrun for retail_pipeline to 2026-05-03T00:30:00+00:00, run_after=2026-05-04T00:30:00+00:00
[2026-05-03T10:25:18.195+0000] {processor.py:179} INFO - Processing /opt/airflow/dags/retail_pipeline_dag.py took 0.047 seconds
[2026-05-03T10:25:48.538+0000] {processor.py:157} INFO - Started process (PID=1341) to work on /opt/airflow/dags/retail_pipeline_dag.py
[2026-05-03T10:25:48.539+0000] {processor.py:829} INFO - Processing file /opt/airflow/dags/retail_pipeline_dag.py for tasks to queue
[2026-05-03T10:25:48.540+0000] {logging_mixin.py:151} INFO - [2026-05-03T10:25:48.540+0000] {dagbag.py:539} INFO - Filling up the DagBag from /opt/airflow/dags/retail_pipeline_dag.py
[2026-05-03T10:25:48.561+0000] {processor.py:839} INFO - DAG(s) dict_keys(['retail_pipeline']) retrieved from /opt/airflow/dags/retail_pipeline_dag.py
[2026-05-03T10:25:48.595+0000] {logging_mixin.py:151} INFO - [2026-05-03T10:25:48.595+0000] {dag.py:2915} INFO - Sync 1 DAGs
[2026-05-03T10:25:48.607+0000] {logging_mixin.py:151} INFO - [2026-05-03T10:25:48.607+0000] {dag.py:3696} INFO - Setting next_dagrun for retail_pipeline to 2026-05-03T00:30:00+00:00, run_after=2026-05-04T00:30:00+00:00
[2026-05-03T10:25:48.614+0000] {processor.py:179} INFO - Processing /opt/airflow/dags/retail_pipeline_dag.py took 0.082 seconds
[2026-05-03T10:26:18.857+0000] {processor.py:157} INFO - Started process (PID=1351) to work on /opt/airflow/dags/retail_pipeline_dag.py
[2026-05-03T10:26:18.858+0000] {processor.py:829} INFO - Processing file /opt/airflow/dags/retail_pipeline_dag.py for tasks to queue
[2026-05-03T10:26:18.859+0000] {logging_mixin.py:151} INFO - [2026-05-03T10:26:18.858+0000] {dagbag.py:539} INFO - Filling up the DagBag from /opt/airflow/dags/retail_pipeline_dag.py
[2026-05-03T10:26:18.867+0000] {processor.py:839} INFO - DAG(s) dict_keys(['retail_pipeline']) retrieved from /opt/airflow/dags/retail_pipeline_dag.py
[2026-05-03T10:26:18.884+0000] {logging_mixin.py:151} INFO - [2026-05-03T10:26:18.884+0000] {dag.py:2915} INFO - Sync 1 DAGs
[2026-05-03T10:26:18.894+0000] {logging_mixin.py:151} INFO - [2026-05-03T10:26:18.894+0000] {dag.py:3696} INFO - Setting next_dagrun for retail_pipeline to 2026-05-03T00:30:00+00:00, run_after=2026-05-04T00:30:00+00:00
[2026-05-03T10:26:18.900+0000] {processor.py:179} INFO - Processing /opt/airflow/dags/retail_pipeline_dag.py took 0.047 seconds
[2026-05-03T10:26:49.166+0000] {processor.py:157} INFO - Started process (PID=1361) to work on /opt/airflow/dags/retail_pipeline_dag.py
[2026-05-03T10:26:49.169+0000] {processor.py:829} INFO - Processing file /opt/airflow/dags/retail_pipeline_dag.py for tasks to queue
[2026-05-03T10:26:49.170+0000] {logging_mixin.py:151} INFO - [2026-05-03T10:26:49.170+0000] {dagbag.py:539} INFO - Filling up the DagBag from /opt/airflow/dags/retail_pipeline_dag.py
[2026-05-03T10:26:49.186+0000] {processor.py:839} INFO - DAG(s) dict_keys(['retail_pipeline']) retrieved from /opt/airflow/dags/retail_pipeline_dag.py
[2026-05-03T10:26:49.201+0000] {logging_mixin.py:151} INFO - [2026-05-03T10:26:49.201+0000] {dag.py:2915} INFO - Sync 1 DAGs
[2026-05-03T10:26:49.210+0000] {logging_mixin.py:151} INFO - [2026-05-03T10:26:49.210+0000] {dag.py:3696} INFO - Setting next_dagrun for retail_pipeline to 2026-05-03T00:30:00+00:00, run_after=2026-05-04T00:30:00+00:00
[2026-05-03T10:26:49.216+0000] {processor.py:179} INFO - Processing /opt/airflow/dags/retail_pipeline_dag.py took 0.053 seconds
[2026-05-03T10:27:19.544+0000] {processor.py:157} INFO - Started process (PID=1371) to work on /opt/airflow/dags/retail_pipeline_dag.py
[2026-05-03T10:27:19.545+0000] {processor.py:829} INFO - Processing file /opt/airflow/dags/retail_pipeline_dag.py for tasks to queue
[2026-05-03T10:27:19.546+0000] {logging_mixin.py:151} INFO - [2026-05-03T10:27:19.545+0000] {dagbag.py:539} INFO - Filling up the DagBag from /opt/airflow/dags/retail_pipeline_dag.py
[2026-05-03T10:27:19.567+0000] {processor.py:839} INFO - DAG(s) dict_keys(['retail_pipeline']) retrieved from /opt/airflow/dags/retail_pipeline_dag.py
[2026-05-03T10:27:19.602+0000] {logging_mixin.py:151} INFO - [2026-05-03T10:27:19.602+0000] {dag.py:2915} INFO - Sync 1 DAGs
[2026-05-03T10:27:19.612+0000] {logging_mixin.py:151} INFO - [2026-05-03T10:27:19.612+0000] {dag.py:3696} INFO - Setting next_dagrun for retail_pipeline to 2026-05-03T00:30:00+00:00, run_after=2026-05-04T00:30:00+00:00
[2026-05-03T10:27:19.619+0000] {processor.py:179} INFO - Processing /opt/airflow/dags/retail_pipeline_dag.py took 0.078 seconds
[2026-05-03T10:27:49.814+0000] {processor.py:157} INFO - Started process (PID=1381) to work on /opt/airflow/dags/retail_pipeline_dag.py
[2026-05-03T10:27:49.815+0000] {processor.py:829} INFO - Processing file /opt/airflow/dags/retail_pipeline_dag.py for tasks to queue
[2026-05-03T10:27:49.816+0000] {logging_mixin.py:151} INFO - [2026-05-03T10:27:49.816+0000] {dagbag.py:539} INFO - Filling up the DagBag from /opt/airflow/dags/retail_pipeline_dag.py
[2026-05-03T10:27:49.845+0000] {processor.py:839} INFO - DAG(s) dict_keys(['retail_pipeline']) retrieved from /opt/airflow/dags/retail_pipeline_dag.py
[2026-05-03T10:27:49.881+0000] {logging_mixin.py:151} INFO - [2026-05-03T10:27:49.880+0000] {dag.py:2915} INFO - Sync 1 DAGs
[2026-05-03T10:27:49.894+0000] {logging_mixin.py:151} INFO - [2026-05-03T10:27:49.894+0000] {dag.py:3696} INFO - Setting next_dagrun for retail_pipeline to 2026-05-03T00:30:00+00:00, run_after=2026-05-04T00:30:00+00:00
[2026-05-03T10:27:49.902+0000] {processor.py:179} INFO - Processing /opt/airflow/dags/retail_pipeline_dag.py took 0.093 seconds
[2026-05-03T10:28:20.098+0000] {processor.py:157} INFO - Started process (PID=1391) to work on /opt/airflow/dags/retail_pipeline_dag.py
[2026-05-03T10:28:20.099+0000] {processor.py:829} INFO - Processing file /opt/airflow/dags/retail_pipeline_dag.py for tasks to queue
[2026-05-03T10:28:20.100+0000] {logging_mixin.py:151} INFO - [2026-05-03T10:28:20.099+0000] {dagbag.py:539} INFO - Filling up the DagBag from /opt/airflow/dags/retail_pipeline_dag.py
[2026-05-03T10:28:20.115+0000] {processor.py:839} INFO - DAG(s) dict_keys(['retail_pipeline']) retrieved from /opt/airflow/dags/retail_pipeline_dag.py
[2026-05-03T10:28:20.130+0000] {logging_mixin.py:151} INFO - [2026-05-03T10:28:20.130+0000] {dag.py:2915} INFO - Sync 1 DAGs
[2026-05-03T10:28:20.139+0000] {logging_mixin.py:151} INFO - [2026-05-03T10:28:20.139+0000] {dag.py:3696} INFO - Setting next_dagrun for retail_pipeline to 2026-05-03T00:30:00+00:00, run_after=2026-05-04T00:30:00+00:00
[2026-05-03T10:28:20.145+0000] {processor.py:179} INFO - Processing /opt/airflow/dags/retail_pipeline_dag.py took 0.050 seconds
[2026-05-03T10:28:50.390+0000] {processor.py:157} INFO - Started process (PID=1401) to work on /opt/airflow/dags/retail_pipeline_dag.py
[2026-05-03T10:28:50.391+0000] {processor.py:829} INFO - Processing file /opt/airflow/dags/retail_pipeline_dag.py for tasks to queue
[2026-05-03T10:28:50.392+0000] {logging_mixin.py:151} INFO - [2026-05-03T10:28:50.391+0000] {dagbag.py:539} INFO - Filling up the DagBag from /opt/airflow/dags/retail_pipeline_dag.py
[2026-05-03T10:28:50.406+0000] {processor.py:839} INFO - DAG(s) dict_keys(['retail_pipeline']) retrieved from /opt/airflow/dags/retail_pipeline_dag.py
[2026-05-03T10:28:50.428+0000] {logging_mixin.py:151} INFO - [2026-05-03T10:28:50.427+0000] {dag.py:2915} INFO - Sync 1 DAGs
[2026-05-03T10:28:50.440+0000] {logging_mixin.py:151} INFO - [2026-05-03T10:28:50.440+0000] {dag.py:3696} INFO - Setting next_dagrun for retail_pipeline to 2026-05-03T00:30:00+00:00, run_after=2026-05-04T00:30:00+00:00
[2026-05-03T10:28:50.447+0000] {processor.py:179} INFO - Processing /opt/airflow/dags/retail_pipeline_dag.py took 0.061 seconds
[2026-05-03T10:29:20.716+0000] {processor.py:157} INFO - Started process (PID=1411) to work on /opt/airflow/dags/retail_pipeline_dag.py
[2026-05-03T10:29:20.720+0000] {processor.py:829} INFO - Processing file /opt/airflow/dags/retail_pipeline_dag.py for tasks to queue
[2026-05-03T10:29:20.721+0000] {logging_mixin.py:151} INFO - [2026-05-03T10:29:20.720+0000] {dagbag.py:539} INFO - Filling up the DagBag from /opt/airflow/dags/retail_pipeline_dag.py
[2026-05-03T10:29:20.734+0000] {processor.py:839} INFO - DAG(s) dict_keys(['retail_pipeline']) retrieved from /opt/airflow/dags/retail_pipeline_dag.py
[2026-05-03T10:29:20.761+0000] {logging_mixin.py:151} INFO - [2026-05-03T10:29:20.761+0000] {dag.py:2915} INFO - Sync 1 DAGs
[2026-05-03T10:29:20.772+0000] {logging_mixin.py:151} INFO - [2026-05-03T10:29:20.772+0000] {dag.py:3696} INFO - Setting next_dagrun for retail_pipeline to 2026-05-03T00:30:00+00:00, run_after=2026-05-04T00:30:00+00:00
[2026-05-03T10:29:20.779+0000] {processor.py:179} INFO - Processing /opt/airflow/dags/retail_pipeline_dag.py took 0.066 seconds
[2026-05-03T10:29:50.973+0000] {processor.py:157} INFO - Started process (PID=1421) to work on /opt/airflow/dags/retail_pipeline_dag.py
[2026-05-03T10:29:50.974+0000] {processor.py:829} INFO - Processing file /opt/airflow/dags/retail_pipeline_dag.py for tasks to queue
[2026-05-03T10:29:50.976+0000] {logging_mixin.py:151} INFO - [2026-05-03T10:29:50.975+0000] {dagbag.py:539} INFO - Filling up the DagBag from /opt/airflow/dags/retail_pipeline_dag.py
[2026-05-03T10:29:50.988+0000] {processor.py:839} INFO - DAG(s) dict_keys(['retail_pipeline']) retrieved from /opt/airflow/dags/retail_pipeline_dag.py
[2026-05-03T10:29:51.007+0000] {logging_mixin.py:151} INFO - [2026-05-03T10:29:51.006+0000] {dag.py:2915} INFO - Sync 1 DAGs
[2026-05-03T10:29:51.016+0000] {logging_mixin.py:151} INFO - [2026-05-03T10:29:51.016+0000] {dag.py:3696} INFO - Setting next_dagrun for retail_pipeline to 2026-05-03T00:30:00+00:00, run_after=2026-05-04T00:30:00+00:00
[2026-05-03T10:29:51.022+0000] {processor.py:179} INFO - Processing /opt/airflow/dags/retail_pipeline_dag.py took 0.054 seconds
[2026-05-03T10:30:21.325+0000] {processor.py:157} INFO - Started process (PID=1431) to work on /opt/airflow/dags/retail_pipeline_dag.py
[2026-05-03T10:30:21.326+0000] {processor.py:829} INFO - Processing file /opt/airflow/dags/retail_pipeline_dag.py for tasks to queue
[2026-05-03T10:30:21.327+0000] {logging_mixin.py:151} INFO - [2026-05-03T10:30:21.326+0000] {dagbag.py:539} INFO - Filling up the DagBag from /opt/airflow/dags/retail_pipeline_dag.py
[2026-05-03T10:30:21.338+0000] {processor.py:839} INFO - DAG(s) dict_keys(['retail_pipeline']) retrieved from /opt/airflow/dags/retail_pipeline_dag.py
[2026-05-03T10:30:21.359+0000] {logging_mixin.py:151} INFO - [2026-05-03T10:30:21.359+0000] {dag.py:2915} INFO - Sync 1 DAGs
[2026-05-03T10:30:21.370+0000] {logging_mixin.py:151} INFO - [2026-05-03T10:30:21.370+0000] {dag.py:3696} INFO - Setting next_dagrun for retail_pipeline to 2026-05-03T00:30:00+00:00, run_after=2026-05-04T00:30:00+00:00
[2026-05-03T10:30:21.377+0000] {processor.py:179} INFO - Processing /opt/airflow/dags/retail_pipeline_dag.py took 0.056 seconds
[2026-05-03T10:30:51.657+0000] {processor.py:157} INFO - Started process (PID=1441) to work on /opt/airflow/dags/retail_pipeline_dag.py
[2026-05-03T10:30:51.658+0000] {processor.py:829} INFO - Processing file /opt/airflow/dags/retail_pipeline_dag.py for tasks to queue
[2026-05-03T10:30:51.659+0000] {logging_mixin.py:151} INFO - [2026-05-03T10:30:51.659+0000] {dagbag.py:539} INFO - Filling up the DagBag from /opt/airflow/dags/retail_pipeline_dag.py
[2026-05-03T10:30:51.671+0000] {processor.py:839} INFO - DAG(s) dict_keys(['retail_pipeline']) retrieved from /opt/airflow/dags/retail_pipeline_dag.py
[2026-05-03T10:30:51.696+0000] {logging_mixin.py:151} INFO - [2026-05-03T10:30:51.696+0000] {dag.py:2915} INFO - Sync 1 DAGs
[2026-05-03T10:30:51.708+0000] {logging_mixin.py:151} INFO - [2026-05-03T10:30:51.708+0000] {dag.py:3696} INFO - Setting next_dagrun for retail_pipeline to 2026-05-03T00:30:00+00:00, run_after=2026-05-04T00:30:00+00:00
[2026-05-03T10:30:51.715+0000] {processor.py:179} INFO - Processing /opt/airflow/dags/retail_pipeline_dag.py took 0.061 seconds
[2026-05-03T10:31:21.933+0000] {processor.py:157} INFO - Started process (PID=1451) to work on /opt/airflow/dags/retail_pipeline_dag.py
[2026-05-03T10:31:21.936+0000] {processor.py:829} INFO - Processing file /opt/airflow/dags/retail_pipeline_dag.py for tasks to queue
[2026-05-03T10:31:21.937+0000] {logging_mixin.py:151} INFO - [2026-05-03T10:31:21.937+0000] {dagbag.py:539} INFO - Filling up the DagBag from /opt/airflow/dags/retail_pipeline_dag.py
[2026-05-03T10:31:21.955+0000] {processor.py:839} INFO - DAG(s) dict_keys(['retail_pipeline']) retrieved from /opt/airflow/dags/retail_pipeline_dag.py
[2026-05-03T10:31:21.973+0000] {logging_mixin.py:151} INFO - [2026-05-03T10:31:21.973+0000] {dag.py:2915} INFO - Sync 1 DAGs
[2026-05-03T10:31:21.985+0000] {logging_mixin.py:151} INFO - [2026-05-03T10:31:21.985+0000] {dag.py:3696} INFO - Setting next_dagrun for retail_pipeline to 2026-05-03T00:30:00+00:00, run_after=2026-05-04T00:30:00+00:00
[2026-05-03T10:31:21.991+0000] {processor.py:179} INFO - Processing /opt/airflow/dags/retail_pipeline_dag.py took 0.061 seconds
[2026-05-03T10:31:52.326+0000] {processor.py:157} INFO - Started process (PID=1461) to work on /opt/airflow/dags/retail_pipeline_dag.py
[2026-05-03T10:31:52.327+0000] {processor.py:829} INFO - Processing file /opt/airflow/dags/retail_pipeline_dag.py for tasks to queue
[2026-05-03T10:31:52.328+0000] {logging_mixin.py:151} INFO - [2026-05-03T10:31:52.327+0000] {dagbag.py:539} INFO - Filling up the DagBag from /opt/airflow/dags/retail_pipeline_dag.py
[2026-05-03T10:31:52.347+0000] {processor.py:839} INFO - DAG(s) dict_keys(['retail_pipeline']) retrieved from /opt/airflow/dags/retail_pipeline_dag.py
[2026-05-03T10:31:52.379+0000] {logging_mixin.py:151} INFO - [2026-05-03T10:31:52.379+0000] {dag.py:2915} INFO - Sync 1 DAGs
[2026-05-03T10:31:52.393+0000] {logging_mixin.py:151} INFO - [2026-05-03T10:31:52.393+0000] {dag.py:3696} INFO - Setting next_dagrun for retail_pipeline to 2026-05-03T00:30:00+00:00, run_after=2026-05-04T00:30:00+00:00
[2026-05-03T10:31:52.400+0000] {processor.py:179} INFO - Processing /opt/airflow/dags/retail_pipeline_dag.py took 0.084 seconds
[2026-05-03T10:32:22.664+0000] {processor.py:157} INFO - Started process (PID=1471) to work on /opt/airflow/dags/retail_pipeline_dag.py
[2026-05-03T10:32:22.665+0000] {processor.py:829} INFO - Processing file /opt/airflow/dags/retail_pipeline_dag.py for tasks to queue
[2026-05-03T10:32:22.667+0000] {logging_mixin.py:151} INFO - [2026-05-03T10:32:22.666+0000] {dagbag.py:539} INFO - Filling up the DagBag from /opt/airflow/dags/retail_pipeline_dag.py
[2026-05-03T10:32:22.692+0000] {processor.py:839} INFO - DAG(s) dict_keys(['retail_pipeline']) retrieved from /opt/airflow/dags/retail_pipeline_dag.py
[2026-05-03T10:32:22.723+0000] {logging_mixin.py:151} INFO - [2026-05-03T10:32:22.723+0000] {dag.py:2915} INFO - Sync 1 DAGs
[2026-05-03T10:32:22.735+0000] {logging_mixin.py:151} INFO - [2026-05-03T10:32:22.735+0000] {dag.py:3696} INFO - Setting next_dagrun for retail_pipeline to 2026-05-03T00:30:00+00:00, run_after=2026-05-04T00:30:00+00:00
[2026-05-03T10:32:22.742+0000] {processor.py:179} INFO - Processing /opt/airflow/dags/retail_pipeline_dag.py took 0.085 seconds
[2026-05-03T10:32:52.958+0000] {processor.py:157} INFO - Started process (PID=1481) to work on /opt/airflow/dags/retail_pipeline_dag.py
[2026-05-03T10:32:52.959+0000] {processor.py:829} INFO - Processing file /opt/airflow/dags/retail_pipeline_dag.py for tasks to queue
[2026-05-03T10:32:52.959+0000] {logging_mixin.py:151} INFO - [2026-05-03T10:32:52.959+0000] {dagbag.py:539} INFO - Filling up the DagBag from /opt/airflow/dags/retail_pipeline_dag.py
[2026-05-03T10:32:52.978+0000] {processor.py:839} INFO - DAG(s) dict_keys(['retail_pipeline']) retrieved from /opt/airflow/dags/retail_pipeline_dag.py
[2026-05-03T10:32:53.018+0000] {logging_mixin.py:151} INFO - [2026-05-03T10:32:53.018+0000] {dag.py:2915} INFO - Sync 1 DAGs
[2026-05-03T10:32:53.032+0000] {logging_mixin.py:151} INFO - [2026-05-03T10:32:53.031+0000] {dag.py:3696} INFO - Setting next_dagrun for retail_pipeline to 2026-05-03T00:30:00+00:00, run_after=2026-05-04T00:30:00+00:00
[2026-05-03T10:32:53.039+0000] {processor.py:179} INFO - Processing /opt/airflow/dags/retail_pipeline_dag.py took 0.086 seconds
[2026-05-03T10:33:23.218+0000] {processor.py:157} INFO - Started process (PID=1491) to work on /opt/airflow/dags/retail_pipeline_dag.py
[2026-05-03T10:33:23.220+0000] {processor.py:829} INFO - Processing file /opt/airflow/dags/retail_pipeline_dag.py for tasks to queue
[2026-05-03T10:33:23.221+0000] {logging_mixin.py:151} INFO - [2026-05-03T10:33:23.221+0000] {dagbag.py:539} INFO - Filling up the DagBag from /opt/airflow/dags/retail_pipeline_dag.py
[2026-05-03T10:33:23.240+0000] {processor.py:839} INFO - DAG(s) dict_keys(['retail_pipeline']) retrieved from /opt/airflow/dags/retail_pipeline_dag.py
[2026-05-03T10:33:23.279+0000] {logging_mixin.py:151} INFO - [2026-05-03T10:33:23.279+0000] {dag.py:2915} INFO - Sync 1 DAGs
[2026-05-03T10:33:23.292+0000] {logging_mixin.py:151} INFO - [2026-05-03T10:33:23.292+0000] {dag.py:3696} INFO - Setting next_dagrun for retail_pipeline to 2026-05-03T00:30:00+00:00, run_after=2026-05-04T00:30:00+00:00
[2026-05-03T10:33:23.299+0000] {processor.py:179} INFO - Processing /opt/airflow/dags/retail_pipeline_dag.py took 0.088 seconds
[2026-05-03T10:33:53.513+0000] {processor.py:157} INFO - Started process (PID=1501) to work on /opt/airflow/dags/retail_pipeline_dag.py
[2026-05-03T10:33:53.514+0000] {processor.py:829} INFO - Processing file /opt/airflow/dags/retail_pipeline_dag.py for tasks to queue
[2026-05-03T10:33:53.515+0000] {logging_mixin.py:151} INFO - [2026-05-03T10:33:53.515+0000] {dagbag.py:539} INFO - Filling up the DagBag from /opt/airflow/dags/retail_pipeline_dag.py
[2026-05-03T10:33:53.532+0000] {processor.py:839} INFO - DAG(s) dict_keys(['retail_pipeline']) retrieved from /opt/airflow/dags/retail_pipeline_dag.py
[2026-05-03T10:33:53.557+0000] {logging_mixin.py:151} INFO - [2026-05-03T10:33:53.557+0000] {dag.py:2915} INFO - Sync 1 DAGs
[2026-05-03T10:33:53.575+0000] {logging_mixin.py:151} INFO - [2026-05-03T10:33:53.575+0000] {dag.py:3696} INFO - Setting next_dagrun for retail_pipeline to 2026-05-03T00:30:00+00:00, run_after=2026-05-04T00:30:00+00:00
[2026-05-03T10:33:53.584+0000] {processor.py:179} INFO - Processing /opt/airflow/dags/retail_pipeline_dag.py took 0.074 seconds
[2026-05-03T10:34:23.766+0000] {processor.py:157} INFO - Started process (PID=1511) to work on /opt/airflow/dags/retail_pipeline_dag.py
[2026-05-03T10:34:23.768+0000] {processor.py:829} INFO - Processing file /opt/airflow/dags/retail_pipeline_dag.py for tasks to queue
[2026-05-03T10:34:23.771+0000] {logging_mixin.py:151} INFO - [2026-05-03T10:34:23.771+0000] {dagbag.py:539} INFO - Filling up the DagBag from /opt/airflow/dags/retail_pipeline_dag.py
[2026-05-03T10:34:23.781+0000] {processor.py:839} INFO - DAG(s) dict_keys(['retail_pipeline']) retrieved from /opt/airflow/dags/retail_pipeline_dag.py
[2026-05-03T10:34:23.796+0000] {logging_mixin.py:151} INFO - [2026-05-03T10:34:23.796+0000] {dag.py:2915} INFO - Sync 1 DAGs
[2026-05-03T10:34:23.808+0000] {logging_mixin.py:151} INFO - [2026-05-03T10:34:23.808+0000] {dag.py:3696} INFO - Setting next_dagrun for retail_pipeline to 2026-05-03T00:30:00+00:00, run_after=2026-05-04T00:30:00+00:00
[2026-05-03T10:34:23.816+0000] {processor.py:179} INFO - Processing /opt/airflow/dags/retail_pipeline_dag.py took 0.052 seconds
[2026-05-03T10:34:54.033+0000] {processor.py:157} INFO - Started process (PID=1521) to work on /opt/airflow/dags/retail_pipeline_dag.py
[2026-05-03T10:34:54.035+0000] {processor.py:829} INFO - Processing file /opt/airflow/dags/retail_pipeline_dag.py for tasks to queue
[2026-05-03T10:34:54.036+0000] {logging_mixin.py:151} INFO - [2026-05-03T10:34:54.035+0000] {dagbag.py:539} INFO - Filling up the DagBag from /opt/airflow/dags/retail_pipeline_dag.py
[2026-05-03T10:34:54.052+0000] {processor.py:839} INFO - DAG(s) dict_keys(['retail_pipeline']) retrieved from /opt/airflow/dags/retail_pipeline_dag.py
[2026-05-03T10:34:54.077+0000] {logging_mixin.py:151} INFO - [2026-05-03T10:34:54.076+0000] {dag.py:2915} INFO - Sync 1 DAGs
[2026-05-03T10:34:54.089+0000] {logging_mixin.py:151} INFO - [2026-05-03T10:34:54.089+0000] {dag.py:3696} INFO - Setting next_dagrun for retail_pipeline to 2026-05-03T00:30:00+00:00, run_after=2026-05-04T00:30:00+00:00
[2026-05-03T10:34:54.097+0000] {processor.py:179} INFO - Processing /opt/airflow/dags/retail_pipeline_dag.py took 0.068 seconds
[2026-05-03T10:35:24.282+0000] {processor.py:157} INFO - Started process (PID=1531) to work on /opt/airflow/dags/retail_pipeline_dag.py
[2026-05-03T10:35:24.284+0000] {processor.py:829} INFO - Processing file /opt/airflow/dags/retail_pipeline_dag.py for tasks to queue
[2026-05-03T10:35:24.285+0000] {logging_mixin.py:151} INFO - [2026-05-03T10:35:24.285+0000] {dagbag.py:539} INFO - Filling up the DagBag from /opt/airflow/dags/retail_pipeline_dag.py
[2026-05-03T10:35:24.299+0000] {processor.py:839} INFO - DAG(s) dict_keys(['retail_pipeline']) retrieved from /opt/airflow/dags/retail_pipeline_dag.py
[2026-05-03T10:35:24.313+0000] {logging_mixin.py:151} INFO - [2026-05-03T10:35:24.313+0000] {dag.py:2915} INFO - Sync 1 DAGs
[2026-05-03T10:35:24.323+0000] {logging_mixin.py:151} INFO - [2026-05-03T10:35:24.322+0000] {dag.py:3696} INFO - Setting next_dagrun for retail_pipeline to 2026-05-03T00:30:00+00:00, run_after=2026-05-04T00:30:00+00:00
[2026-05-03T10:35:24.329+0000] {processor.py:179} INFO - Processing /opt/airflow/dags/retail_pipeline_dag.py took 0.051 seconds
[2026-05-03T10:35:54.565+0000] {processor.py:157} INFO - Started process (PID=1541) to work on /opt/airflow/dags/retail_pipeline_dag.py
[2026-05-03T10:35:54.567+0000] {processor.py:829} INFO - Processing file /opt/airflow/dags/retail_pipeline_dag.py for tasks to queue
[2026-05-03T10:35:54.567+0000] {logging_mixin.py:151} INFO - [2026-05-03T10:35:54.567+0000] {dagbag.py:539} INFO - Filling up the DagBag from /opt/airflow/dags/retail_pipeline_dag.py
[2026-05-03T10:35:54.597+0000] {processor.py:839} INFO - DAG(s) dict_keys(['retail_pipeline']) retrieved from /opt/airflow/dags/retail_pipeline_dag.py
[2026-05-03T10:35:54.631+0000] {logging_mixin.py:151} INFO - [2026-05-03T10:35:54.631+0000] {dag.py:2915} INFO - Sync 1 DAGs
[2026-05-03T10:35:54.646+0000] {logging_mixin.py:151} INFO - [2026-05-03T10:35:54.646+0000] {dag.py:3696} INFO - Setting next_dagrun for retail_pipeline to 2026-05-03T00:30:00+00:00, run_after=2026-05-04T00:30:00+00:00
[2026-05-03T10:35:54.656+0000] {processor.py:179} INFO - Processing /opt/airflow/dags/retail_pipeline_dag.py took 0.095 seconds
[2026-05-03T10:36:24.812+0000] {processor.py:157} INFO - Started process (PID=1551) to work on /opt/airflow/dags/retail_pipeline_dag.py
[2026-05-03T10:36:24.816+0000] {processor.py:829} INFO - Processing file /opt/airflow/dags/retail_pipeline_dag.py for tasks to queue
[2026-05-03T10:36:24.816+0000] {logging_mixin.py:151} INFO - [2026-05-03T10:36:24.816+0000] {dagbag.py:539} INFO - Filling up the DagBag from /opt/airflow/dags/retail_pipeline_dag.py
[2026-05-03T10:36:24.826+0000] {processor.py:839} INFO - DAG(s) dict_keys(['retail_pipeline']) retrieved from /opt/airflow/dags/retail_pipeline_dag.py
[2026-05-03T10:36:24.842+0000] {logging_mixin.py:151} INFO - [2026-05-03T10:36:24.842+0000] {dag.py:2915} INFO - Sync 1 DAGs
[2026-05-03T10:36:24.851+0000] {logging_mixin.py:151} INFO - [2026-05-03T10:36:24.851+0000] {dag.py:3696} INFO - Setting next_dagrun for retail_pipeline to 2026-05-03T00:30:00+00:00, run_after=2026-05-04T00:30:00+00:00
[2026-05-03T10:36:24.857+0000] {processor.py:179} INFO - Processing /opt/airflow/dags/retail_pipeline_dag.py took 0.049 seconds
[2026-05-03T10:36:55.070+0000] {processor.py:157} INFO - Started process (PID=1561) to work on /opt/airflow/dags/retail_pipeline_dag.py
[2026-05-03T10:36:55.071+0000] {processor.py:829} INFO - Processing file /opt/airflow/dags/retail_pipeline_dag.py for tasks to queue
[2026-05-03T10:36:55.074+0000] {logging_mixin.py:151} INFO - [2026-05-03T10:36:55.073+0000] {dagbag.py:539} INFO - Filling up the DagBag from /opt/airflow/dags/retail_pipeline_dag.py
[2026-05-03T10:36:55.099+0000] {processor.py:839} INFO - DAG(s) dict_keys(['retail_pipeline']) retrieved from /opt/airflow/dags/retail_pipeline_dag.py
[2026-05-03T10:36:55.128+0000] {logging_mixin.py:151} INFO - [2026-05-03T10:36:55.128+0000] {dag.py:2915} INFO - Sync 1 DAGs
[2026-05-03T10:36:55.141+0000] {logging_mixin.py:151} INFO - [2026-05-03T10:36:55.141+0000] {dag.py:3696} INFO - Setting next_dagrun for retail_pipeline to 2026-05-03T00:30:00+00:00, run_after=2026-05-04T00:30:00+00:00
[2026-05-03T10:36:55.148+0000] {processor.py:179} INFO - Processing /opt/airflow/dags/retail_pipeline_dag.py took 0.083 seconds
[2026-05-03T10:37:25.332+0000] {processor.py:157} INFO - Started process (PID=1571) to work on /opt/airflow/dags/retail_pipeline_dag.py
[2026-05-03T10:37:25.333+0000] {processor.py:829} INFO - Processing file /opt/airflow/dags/retail_pipeline_dag.py for tasks to queue
[2026-05-03T10:37:25.335+0000] {logging_mixin.py:151} INFO - [2026-05-03T10:37:25.334+0000] {dagbag.py:539} INFO - Filling up the DagBag from /opt/airflow/dags/retail_pipeline_dag.py
[2026-05-03T10:37:25.350+0000] {processor.py:839} INFO - DAG(s) dict_keys(['retail_pipeline']) retrieved from /opt/airflow/dags/retail_pipeline_dag.py
[2026-05-03T10:37:25.366+0000] {logging_mixin.py:151} INFO - [2026-05-03T10:37:25.366+0000] {dag.py:2915} INFO - Sync 1 DAGs
[2026-05-03T10:37:25.376+0000] {logging_mixin.py:151} INFO - [2026-05-03T10:37:25.376+0000] {dag.py:3696} INFO - Setting next_dagrun for retail_pipeline to 2026-05-03T00:30:00+00:00, run_after=2026-05-04T00:30:00+00:00
[2026-05-03T10:37:25.382+0000] {processor.py:179} INFO - Processing /opt/airflow/dags/retail_pipeline_dag.py took 0.054 seconds
[2026-05-03T10:37:55.688+0000] {processor.py:157} INFO - Started process (PID=1581) to work on /opt/airflow/dags/retail_pipeline_dag.py
[2026-05-03T10:37:55.691+0000] {processor.py:829} INFO - Processing file /opt/airflow/dags/retail_pipeline_dag.py for tasks to queue
[2026-05-03T10:37:55.692+0000] {logging_mixin.py:151} INFO - [2026-05-03T10:37:55.692+0000] {dagbag.py:539} INFO - Filling up the DagBag from /opt/airflow/dags/retail_pipeline_dag.py
[2026-05-03T10:37:55.703+0000] {processor.py:839} INFO - DAG(s) dict_keys(['retail_pipeline']) retrieved from /opt/airflow/dags/retail_pipeline_dag.py
[2026-05-03T10:37:55.728+0000] {logging_mixin.py:151} INFO - [2026-05-03T10:37:55.728+0000] {dag.py:2915} INFO - Sync 1 DAGs
[2026-05-03T10:37:55.741+0000] {logging_mixin.py:151} INFO - [2026-05-03T10:37:55.741+0000] {dag.py:3696} INFO - Setting next_dagrun for retail_pipeline to 2026-05-03T00:30:00+00:00, run_after=2026-05-04T00:30:00+00:00
[2026-05-03T10:37:55.750+0000] {processor.py:179} INFO - Processing /opt/airflow/dags/retail_pipeline_dag.py took 0.067 seconds
[2026-05-03T10:38:25.970+0000] {processor.py:157} INFO - Started process (PID=1591) to work on /opt/airflow/dags/retail_pipeline_dag.py
[2026-05-03T10:38:25.971+0000] {processor.py:829} INFO - Processing file /opt/airflow/dags/retail_pipeline_dag.py for tasks to queue
[2026-05-03T10:38:25.971+0000] {logging_mixin.py:151} INFO - [2026-05-03T10:38:25.971+0000] {dagbag.py:539} INFO - Filling up the DagBag from /opt/airflow/dags/retail_pipeline_dag.py
[2026-05-03T10:38:25.986+0000] {processor.py:839} INFO - DAG(s) dict_keys(['retail_pipeline']) retrieved from /opt/airflow/dags/retail_pipeline_dag.py
[2026-05-03T10:38:26.011+0000] {logging_mixin.py:151} INFO - [2026-05-03T10:38:26.011+0000] {dag.py:2915} INFO - Sync 1 DAGs
[2026-05-03T10:38:26.027+0000] {logging_mixin.py:151} INFO - [2026-05-03T10:38:26.027+0000] {dag.py:3696} INFO - Setting next_dagrun for retail_pipeline to 2026-05-03T00:30:00+00:00, run_after=2026-05-04T00:30:00+00:00
[2026-05-03T10:38:26.038+0000] {processor.py:179} INFO - Processing /opt/airflow/dags/retail_pipeline_dag.py took 0.071 seconds
[2026-05-03T10:38:56.227+0000] {processor.py:157} INFO - Started process (PID=1601) to work on /opt/airflow/dags/retail_pipeline_dag.py
[2026-05-03T10:38:56.228+0000] {processor.py:829} INFO - Processing file /opt/airflow/dags/retail_pipeline_dag.py for tasks to queue
[2026-05-03T10:38:56.229+0000] {logging_mixin.py:151} INFO - [2026-05-03T10:38:56.229+0000] {dagbag.py:539} INFO - Filling up the DagBag from /opt/airflow/dags/retail_pipeline_dag.py
[2026-05-03T10:38:56.243+0000] {processor.py:839} INFO - DAG(s) dict_keys(['retail_pipeline']) retrieved from /opt/airflow/dags/retail_pipeline_dag.py
[2026-05-03T10:38:56.260+0000] {logging_mixin.py:151} INFO - [2026-05-03T10:38:56.259+0000] {dag.py:2915} INFO - Sync 1 DAGs
[2026-05-03T10:38:56.269+0000] {logging_mixin.py:151} INFO - [2026-05-03T10:38:56.269+0000] {dag.py:3696} INFO - Setting next_dagrun for retail_pipeline to 2026-05-03T00:30:00+00:00, run_after=2026-05-04T00:30:00+00:00
[2026-05-03T10:38:56.276+0000] {processor.py:179} INFO - Processing /opt/airflow/dags/retail_pipeline_dag.py took 0.053 seconds
[2026-05-03T10:39:26.574+0000] {processor.py:157} INFO - Started process (PID=1611) to work on /opt/airflow/dags/retail_pipeline_dag.py
[2026-05-03T10:39:26.576+0000] {processor.py:829} INFO - Processing file /opt/airflow/dags/retail_pipeline_dag.py for tasks to queue
[2026-05-03T10:39:26.577+0000] {logging_mixin.py:151} INFO - [2026-05-03T10:39:26.577+0000] {dagbag.py:539} INFO - Filling up the DagBag from /opt/airflow/dags/retail_pipeline_dag.py
[2026-05-03T10:39:26.590+0000] {processor.py:839} INFO - DAG(s) dict_keys(['retail_pipeline']) retrieved from /opt/airflow/dags/retail_pipeline_dag.py
[2026-05-03T10:39:26.621+0000] {logging_mixin.py:151} INFO - [2026-05-03T10:39:26.621+0000] {dag.py:2915} INFO - Sync 1 DAGs
[2026-05-03T10:39:26.639+0000] {logging_mixin.py:151} INFO - [2026-05-03T10:39:26.639+0000] {dag.py:3696} INFO - Setting next_dagrun for retail_pipeline to 2026-05-03T00:30:00+00:00, run_after=2026-05-04T00:30:00+00:00
[2026-05-03T10:39:26.647+0000] {processor.py:179} INFO - Processing /opt/airflow/dags/retail_pipeline_dag.py took 0.076 seconds
[2026-05-03T10:39:56.844+0000] {processor.py:157} INFO - Started process (PID=1621) to work on /opt/airflow/dags/retail_pipeline_dag.py
[2026-05-03T10:39:56.845+0000] {processor.py:829} INFO - Processing file /opt/airflow/dags/retail_pipeline_dag.py for tasks to queue
[2026-05-03T10:39:56.846+0000] {logging_mixin.py:151} INFO - [2026-05-03T10:39:56.846+0000] {dagbag.py:539} INFO - Filling up the DagBag from /opt/airflow/dags/retail_pipeline_dag.py
[2026-05-03T10:39:56.868+0000] {processor.py:839} INFO - DAG(s) dict_keys(['retail_pipeline']) retrieved from /opt/airflow/dags/retail_pipeline_dag.py
[2026-05-03T10:39:56.903+0000] {logging_mixin.py:151} INFO - [2026-05-03T10:39:56.903+0000] {dag.py:2915} INFO - Sync 1 DAGs
[2026-05-03T10:39:56.917+0000] {logging_mixin.py:151} INFO - [2026-05-03T10:39:56.917+0000] {dag.py:3696} INFO - Setting next_dagrun for retail_pipeline to 2026-05-03T00:30:00+00:00, run_after=2026-05-04T00:30:00+00:00
[2026-05-03T10:39:56.924+0000] {processor.py:179} INFO - Processing /opt/airflow/dags/retail_pipeline_dag.py took 0.083 seconds
[2026-05-03T10:40:27.133+0000] {processor.py:157} INFO - Started process (PID=1631) to work on /opt/airflow/dags/retail_pipeline_dag.py
[2026-05-03T10:40:27.137+0000] {processor.py:829} INFO - Processing file /opt/airflow/dags/retail_pipeline_dag.py for tasks to queue
[2026-05-03T10:40:27.139+0000] {logging_mixin.py:151} INFO - [2026-05-03T10:40:27.138+0000] {dagbag.py:539} INFO - Filling up the DagBag from /opt/airflow/dags/retail_pipeline_dag.py
[2026-05-03T10:40:27.156+0000] {processor.py:839} INFO - DAG(s) dict_keys(['retail_pipeline']) retrieved from /opt/airflow/dags/retail_pipeline_dag.py
[2026-05-03T10:40:27.195+0000] {logging_mixin.py:151} INFO - [2026-05-03T10:40:27.195+0000] {dag.py:2915} INFO - Sync 1 DAGs
[2026-05-03T10:40:27.214+0000] {logging_mixin.py:151} INFO - [2026-05-03T10:40:27.214+0000] {dag.py:3696} INFO - Setting next_dagrun for retail_pipeline to 2026-05-03T00:30:00+00:00, run_after=2026-05-04T00:30:00+00:00
[2026-05-03T10:40:27.222+0000] {processor.py:179} INFO - Processing /opt/airflow/dags/retail_pipeline_dag.py took 0.093 seconds
[2026-05-03T10:40:57.394+0000] {processor.py:157} INFO - Started process (PID=1641) to work on /opt/airflow/dags/retail_pipeline_dag.py
[2026-05-03T10:40:57.397+0000] {processor.py:829} INFO - Processing file /opt/airflow/dags/retail_pipeline_dag.py for tasks to queue
[2026-05-03T10:40:57.397+0000] {logging_mixin.py:151} INFO - [2026-05-03T10:40:57.397+0000] {dagbag.py:539} INFO - Filling up the DagBag from /opt/airflow/dags/retail_pipeline_dag.py
[2026-05-03T10:40:57.413+0000] {processor.py:839} INFO - DAG(s) dict_keys(['retail_pipeline']) retrieved from /opt/airflow/dags/retail_pipeline_dag.py
[2026-05-03T10:40:57.433+0000] {logging_mixin.py:151} INFO - [2026-05-03T10:40:57.433+0000] {dag.py:2915} INFO - Sync 1 DAGs
[2026-05-03T10:40:57.444+0000] {logging_mixin.py:151} INFO - [2026-05-03T10:40:57.444+0000] {dag.py:3696} INFO - Setting next_dagrun for retail_pipeline to 2026-05-03T00:30:00+00:00, run_after=2026-05-04T00:30:00+00:00
[2026-05-03T10:40:57.451+0000] {processor.py:179} INFO - Processing /opt/airflow/dags/retail_pipeline_dag.py took 0.063 seconds
[2026-05-03T10:41:27.639+0000] {processor.py:157} INFO - Started process (PID=1651) to work on /opt/airflow/dags/retail_pipeline_dag.py
[2026-05-03T10:41:27.642+0000] {processor.py:829} INFO - Processing file /opt/airflow/dags/retail_pipeline_dag.py for tasks to queue
[2026-05-03T10:41:27.644+0000] {logging_mixin.py:151} INFO - [2026-05-03T10:41:27.644+0000] {dagbag.py:539} INFO - Filling up the DagBag from /opt/airflow/dags/retail_pipeline_dag.py
[2026-05-03T10:41:27.653+0000] {processor.py:839} INFO - DAG(s) dict_keys(['retail_pipeline']) retrieved from /opt/airflow/dags/retail_pipeline_dag.py
[2026-05-03T10:41:27.669+0000] {logging_mixin.py:151} INFO - [2026-05-03T10:41:27.668+0000] {dag.py:2915} INFO - Sync 1 DAGs
[2026-05-03T10:41:27.678+0000] {logging_mixin.py:151} INFO - [2026-05-03T10:41:27.678+0000] {dag.py:3696} INFO - Setting next_dagrun for retail_pipeline to 2026-05-03T00:30:00+00:00, run_after=2026-05-04T00:30:00+00:00
[2026-05-03T10:41:27.684+0000] {processor.py:179} INFO - Processing /opt/airflow/dags/retail_pipeline_dag.py took 0.047 seconds
[2026-05-03T10:41:57.865+0000] {processor.py:157} INFO - Started process (PID=1661) to work on /opt/airflow/dags/retail_pipeline_dag.py
[2026-05-03T10:41:57.865+0000] {processor.py:829} INFO - Processing file /opt/airflow/dags/retail_pipeline_dag.py for tasks to queue
[2026-05-03T10:41:57.867+0000] {logging_mixin.py:151} INFO - [2026-05-03T10:41:57.867+0000] {dagbag.py:539} INFO - Filling up the DagBag from /opt/airflow/dags/retail_pipeline_dag.py
[2026-05-03T10:41:57.877+0000] {processor.py:839} INFO - DAG(s) dict_keys(['retail_pipeline']) retrieved from /opt/airflow/dags/retail_pipeline_dag.py
[2026-05-03T10:41:57.892+0000] {logging_mixin.py:151} INFO - [2026-05-03T10:41:57.892+0000] {dag.py:2915} INFO - Sync 1 DAGs
[2026-05-03T10:41:57.902+0000] {logging_mixin.py:151} INFO - [2026-05-03T10:41:57.901+0000] {dag.py:3696} INFO - Setting next_dagrun for retail_pipeline to 2026-05-03T00:30:00+00:00, run_after=2026-05-04T00:30:00+00:00
[2026-05-03T10:41:57.908+0000] {processor.py:179} INFO - Processing /opt/airflow/dags/retail_pipeline_dag.py took 0.046 seconds
[2026-05-03T10:42:28.156+0000] {processor.py:157} INFO - Started process (PID=1671) to work on /opt/airflow/dags/retail_pipeline_dag.py
[2026-05-03T10:42:28.158+0000] {processor.py:829} INFO - Processing file /opt/airflow/dags/retail_pipeline_dag.py for tasks to queue
[2026-05-03T10:42:28.159+0000] {logging_mixin.py:151} INFO - [2026-05-03T10:42:28.158+0000] {dagbag.py:539} INFO - Filling up the DagBag from /opt/airflow/dags/retail_pipeline_dag.py
[2026-05-03T10:42:28.180+0000] {processor.py:839} INFO - DAG(s) dict_keys(['retail_pipeline']) retrieved from /opt/airflow/dags/retail_pipeline_dag.py
[2026-05-03T10:42:28.207+0000] {logging_mixin.py:151} INFO - [2026-05-03T10:42:28.207+0000] {dag.py:2915} INFO - Sync 1 DAGs
[2026-05-03T10:42:28.225+0000] {logging_mixin.py:151} INFO - [2026-05-03T10:42:28.224+0000] {dag.py:3696} INFO - Setting next_dagrun for retail_pipeline to 2026-05-03T00:30:00+00:00, run_after=2026-05-04T00:30:00+00:00
[2026-05-03T10:42:28.236+0000] {processor.py:179} INFO - Processing /opt/airflow/dags/retail_pipeline_dag.py took 0.084 seconds
[2026-05-03T10:42:58.483+0000] {processor.py:157} INFO - Started process (PID=1681) to work on /opt/airflow/dags/retail_pipeline_dag.py
[2026-05-03T10:42:58.484+0000] {processor.py:829} INFO - Processing file /opt/airflow/dags/retail_pipeline_dag.py for tasks to queue
[2026-05-03T10:42:58.485+0000] {logging_mixin.py:151} INFO - [2026-05-03T10:42:58.485+0000] {dagbag.py:539} INFO - Filling up the DagBag from /opt/airflow/dags/retail_pipeline_dag.py
[2026-05-03T10:42:58.503+0000] {processor.py:839} INFO - DAG(s) dict_keys(['retail_pipeline']) retrieved from /opt/airflow/dags/retail_pipeline_dag.py
[2026-05-03T10:42:58.532+0000] {logging_mixin.py:151} INFO - [2026-05-03T10:42:58.532+0000] {dag.py:2915} INFO - Sync 1 DAGs
[2026-05-03T10:42:58.552+0000] {logging_mixin.py:151} INFO - [2026-05-03T10:42:58.552+0000] {dag.py:3696} INFO - Setting next_dagrun for retail_pipeline to 2026-05-03T00:30:00+00:00, run_after=2026-05-04T00:30:00+00:00
[2026-05-03T10:42:58.559+0000] {processor.py:179} INFO - Processing /opt/airflow/dags/retail_pipeline_dag.py took 0.079 seconds
[2026-05-03T10:43:28.800+0000] {processor.py:157} INFO - Started process (PID=1691) to work on /opt/airflow/dags/retail_pipeline_dag.py
[2026-05-03T10:43:28.801+0000] {processor.py:829} INFO - Processing file /opt/airflow/dags/retail_pipeline_dag.py for tasks to queue
[2026-05-03T10:43:28.802+0000] {logging_mixin.py:151} INFO - [2026-05-03T10:43:28.801+0000] {dagbag.py:539} INFO - Filling up the DagBag from /opt/airflow/dags/retail_pipeline_dag.py
[2026-05-03T10:43:28.819+0000] {processor.py:839} INFO - DAG(s) dict_keys(['retail_pipeline']) retrieved from /opt/airflow/dags/retail_pipeline_dag.py
[2026-05-03T10:43:28.856+0000] {logging_mixin.py:151} INFO - [2026-05-03T10:43:28.856+0000] {dag.py:2915} INFO - Sync 1 DAGs
[2026-05-03T10:43:28.872+0000] {logging_mixin.py:151} INFO - [2026-05-03T10:43:28.872+0000] {dag.py:3696} INFO - Setting next_dagrun for retail_pipeline to 2026-05-03T00:30:00+00:00, run_after=2026-05-04T00:30:00+00:00
[2026-05-03T10:43:28.881+0000] {processor.py:179} INFO - Processing /opt/airflow/dags/retail_pipeline_dag.py took 0.084 seconds
[2026-05-03T10:43:59.115+0000] {processor.py:157} INFO - Started process (PID=1701) to work on /opt/airflow/dags/retail_pipeline_dag.py
[2026-05-03T10:43:59.116+0000] {processor.py:829} INFO - Processing file /opt/airflow/dags/retail_pipeline_dag.py for tasks to queue
[2026-05-03T10:43:59.117+0000] {logging_mixin.py:151} INFO - [2026-05-03T10:43:59.117+0000] {dagbag.py:539} INFO - Filling up the DagBag from /opt/airflow/dags/retail_pipeline_dag.py
[2026-05-03T10:43:59.132+0000] {processor.py:839} INFO - DAG(s) dict_keys(['retail_pipeline']) retrieved from /opt/airflow/dags/retail_pipeline_dag.py
[2026-05-03T10:43:59.165+0000] {logging_mixin.py:151} INFO - [2026-05-03T10:43:59.165+0000] {dag.py:2915} INFO - Sync 1 DAGs
[2026-05-03T10:43:59.182+0000] {logging_mixin.py:151} INFO - [2026-05-03T10:43:59.182+0000] {dag.py:3696} INFO - Setting next_dagrun for retail_pipeline to 2026-05-03T00:30:00+00:00, run_after=2026-05-04T00:30:00+00:00
[2026-05-03T10:43:59.192+0000] {processor.py:179} INFO - Processing /opt/airflow/dags/retail_pipeline_dag.py took 0.080 seconds
[2026-05-03T10:44:29.354+0000] {processor.py:157} INFO - Started process (PID=1711) to work on /opt/airflow/dags/retail_pipeline_dag.py
[2026-05-03T10:44:29.354+0000] {processor.py:829} INFO - Processing file /opt/airflow/dags/retail_pipeline_dag.py for tasks to queue
[2026-05-03T10:44:29.355+0000] {logging_mixin.py:151} INFO - [2026-05-03T10:44:29.355+0000] {dagbag.py:539} INFO - Filling up the DagBag from /opt/airflow/dags/retail_pipeline_dag.py
[2026-05-03T10:44:29.363+0000] {processor.py:839} INFO - DAG(s) dict_keys(['retail_pipeline']) retrieved from /opt/airflow/dags/retail_pipeline_dag.py
[2026-05-03T10:44:29.379+0000] {logging_mixin.py:151} INFO - [2026-05-03T10:44:29.378+0000] {dag.py:2915} INFO - Sync 1 DAGs
[2026-05-03T10:44:29.389+0000] {logging_mixin.py:151} INFO - [2026-05-03T10:44:29.389+0000] {dag.py:3696} INFO - Setting next_dagrun for retail_pipeline to 2026-05-03T00:30:00+00:00, run_after=2026-05-04T00:30:00+00:00
[2026-05-03T10:44:29.395+0000] {processor.py:179} INFO - Processing /opt/airflow/dags/retail_pipeline_dag.py took 0.044 seconds
[2026-05-03T10:44:59.686+0000] {processor.py:157} INFO - Started process (PID=1721) to work on /opt/airflow/dags/retail_pipeline_dag.py
[2026-05-03T10:44:59.687+0000] {processor.py:829} INFO - Processing file /opt/airflow/dags/retail_pipeline_dag.py for tasks to queue
[2026-05-03T10:44:59.688+0000] {logging_mixin.py:151} INFO - [2026-05-03T10:44:59.687+0000] {dagbag.py:539} INFO - Filling up the DagBag from /opt/airflow/dags/retail_pipeline_dag.py
[2026-05-03T10:44:59.709+0000] {processor.py:839} INFO - DAG(s) dict_keys(['retail_pipeline']) retrieved from /opt/airflow/dags/retail_pipeline_dag.py
[2026-05-03T10:44:59.745+0000] {logging_mixin.py:151} INFO - [2026-05-03T10:44:59.745+0000] {dag.py:2915} INFO - Sync 1 DAGs
[2026-05-03T10:44:59.759+0000] {logging_mixin.py:151} INFO - [2026-05-03T10:44:59.759+0000] {dag.py:3696} INFO - Setting next_dagrun for retail_pipeline to 2026-05-03T00:30:00+00:00, run_after=2026-05-04T00:30:00+00:00
[2026-05-03T10:44:59.767+0000] {processor.py:179} INFO - Processing /opt/airflow/dags/retail_pipeline_dag.py took 0.086 seconds
[2026-05-03T10:45:29.951+0000] {processor.py:157} INFO - Started process (PID=1731) to work on /opt/airflow/dags/retail_pipeline_dag.py
[2026-05-03T10:45:29.952+0000] {processor.py:829} INFO - Processing file /opt/airflow/dags/retail_pipeline_dag.py for tasks to queue
[2026-05-03T10:45:29.954+0000] {logging_mixin.py:151} INFO - [2026-05-03T10:45:29.954+0000] {dagbag.py:539} INFO - Filling up the DagBag from /opt/airflow/dags/retail_pipeline_dag.py
[2026-05-03T10:45:29.966+0000] {processor.py:839} INFO - DAG(s) dict_keys(['retail_pipeline']) retrieved from /opt/airflow/dags/retail_pipeline_dag.py
[2026-05-03T10:45:29.992+0000] {logging_mixin.py:151} INFO - [2026-05-03T10:45:29.992+0000] {dag.py:2915} INFO - Sync 1 DAGs
[2026-05-03T10:45:30.006+0000] {logging_mixin.py:151} INFO - [2026-05-03T10:45:30.006+0000] {dag.py:3696} INFO - Setting next_dagrun for retail_pipeline to 2026-05-03T00:30:00+00:00, run_after=2026-05-04T00:30:00+00:00
[2026-05-03T10:45:30.013+0000] {processor.py:179} INFO - Processing /opt/airflow/dags/retail_pipeline_dag.py took 0.066 seconds
[2026-05-03T10:46:00.237+0000] {processor.py:157} INFO - Started process (PID=1741) to work on /opt/airflow/dags/retail_pipeline_dag.py
[2026-05-03T10:46:00.238+0000] {processor.py:829} INFO - Processing file /opt/airflow/dags/retail_pipeline_dag.py for tasks to queue
[2026-05-03T10:46:00.238+0000] {logging_mixin.py:151} INFO - [2026-05-03T10:46:00.238+0000] {dagbag.py:539} INFO - Filling up the DagBag from /opt/airflow/dags/retail_pipeline_dag.py
[2026-05-03T10:46:00.252+0000] {processor.py:839} INFO - DAG(s) dict_keys(['retail_pipeline']) retrieved from /opt/airflow/dags/retail_pipeline_dag.py
[2026-05-03T10:46:00.278+0000] {logging_mixin.py:151} INFO - [2026-05-03T10:46:00.278+0000] {dag.py:2915} INFO - Sync 1 DAGs
[2026-05-03T10:46:00.291+0000] {logging_mixin.py:151} INFO - [2026-05-03T10:46:00.291+0000] {dag.py:3696} INFO - Setting next_dagrun for retail_pipeline to 2026-05-03T00:30:00+00:00, run_after=2026-05-04T00:30:00+00:00
[2026-05-03T10:46:00.298+0000] {processor.py:179} INFO - Processing /opt/airflow/dags/retail_pipeline_dag.py took 0.065 seconds
[2026-05-03T10:46:30.499+0000] {processor.py:157} INFO - Started process (PID=1751) to work on /opt/airflow/dags/retail_pipeline_dag.py
[2026-05-03T10:46:30.499+0000] {processor.py:829} INFO - Processing file /opt/airflow/dags/retail_pipeline_dag.py for tasks to queue
[2026-05-03T10:46:30.501+0000] {logging_mixin.py:151} INFO - [2026-05-03T10:46:30.501+0000] {dagbag.py:539} INFO - Filling up the DagBag from /opt/airflow/dags/retail_pipeline_dag.py
[2026-05-03T10:46:30.515+0000] {processor.py:839} INFO - DAG(s) dict_keys(['retail_pipeline']) retrieved from /opt/airflow/dags/retail_pipeline_dag.py
[2026-05-03T10:46:30.547+0000] {logging_mixin.py:151} INFO - [2026-05-03T10:46:30.547+0000] {dag.py:2915} INFO - Sync 1 DAGs
[2026-05-03T10:46:30.567+0000] {logging_mixin.py:151} INFO - [2026-05-03T10:46:30.567+0000] {dag.py:3696} INFO - Setting next_dagrun for retail_pipeline to 2026-05-03T00:30:00+00:00, run_after=2026-05-04T00:30:00+00:00
[2026-05-03T10:46:30.575+0000] {processor.py:179} INFO - Processing /opt/airflow/dags/retail_pipeline_dag.py took 0.080 seconds
[2026-05-03T10:47:00.830+0000] {processor.py:157} INFO - Started process (PID=1761) to work on /opt/airflow/dags/retail_pipeline_dag.py
[2026-05-03T10:47:00.831+0000] {processor.py:829} INFO - Processing file /opt/airflow/dags/retail_pipeline_dag.py for tasks to queue
[2026-05-03T10:47:00.832+0000] {logging_mixin.py:151} INFO - [2026-05-03T10:47:00.832+0000] {dagbag.py:539} INFO - Filling up the DagBag from /opt/airflow/dags/retail_pipeline_dag.py
[2026-05-03T10:47:00.844+0000] {processor.py:839} INFO - DAG(s) dict_keys(['retail_pipeline']) retrieved from /opt/airflow/dags/retail_pipeline_dag.py
[2026-05-03T10:47:00.866+0000] {logging_mixin.py:151} INFO - [2026-05-03T10:47:00.866+0000] {dag.py:2915} INFO - Sync 1 DAGs
[2026-05-03T10:47:00.878+0000] {logging_mixin.py:151} INFO - [2026-05-03T10:47:00.878+0000] {dag.py:3696} INFO - Setting next_dagrun for retail_pipeline to 2026-05-03T00:30:00+00:00, run_after=2026-05-04T00:30:00+00:00
[2026-05-03T10:47:00.885+0000] {processor.py:179} INFO - Processing /opt/airflow/dags/retail_pipeline_dag.py took 0.058 seconds
[2026-05-03T10:47:31.052+0000] {processor.py:157} INFO - Started process (PID=1771) to work on /opt/airflow/dags/retail_pipeline_dag.py
[2026-05-03T10:47:31.054+0000] {processor.py:829} INFO - Processing file /opt/airflow/dags/retail_pipeline_dag.py for tasks to queue
[2026-05-03T10:47:31.056+0000] {logging_mixin.py:151} INFO - [2026-05-03T10:47:31.055+0000] {dagbag.py:539} INFO - Filling up the DagBag from /opt/airflow/dags/retail_pipeline_dag.py
[2026-05-03T10:47:31.068+0000] {processor.py:839} INFO - DAG(s) dict_keys(['retail_pipeline']) retrieved from /opt/airflow/dags/retail_pipeline_dag.py
[2026-05-03T10:47:31.085+0000] {logging_mixin.py:151} INFO - [2026-05-03T10:47:31.085+0000] {dag.py:2915} INFO - Sync 1 DAGs
[2026-05-03T10:47:31.095+0000] {logging_mixin.py:151} INFO - [2026-05-03T10:47:31.095+0000] {dag.py:3696} INFO - Setting next_dagrun for retail_pipeline to 2026-05-03T00:30:00+00:00, run_after=2026-05-04T00:30:00+00:00
[2026-05-03T10:47:31.102+0000] {processor.py:179} INFO - Processing /opt/airflow/dags/retail_pipeline_dag.py took 0.054 seconds
[2026-05-03T10:48:01.380+0000] {processor.py:157} INFO - Started process (PID=1781) to work on /opt/airflow/dags/retail_pipeline_dag.py
[2026-05-03T10:48:01.381+0000] {processor.py:829} INFO - Processing file /opt/airflow/dags/retail_pipeline_dag.py for tasks to queue
[2026-05-03T10:48:01.382+0000] {logging_mixin.py:151} INFO - [2026-05-03T10:48:01.382+0000] {dagbag.py:539} INFO - Filling up the DagBag from /opt/airflow/dags/retail_pipeline_dag.py
[2026-05-03T10:48:01.394+0000] {processor.py:839} INFO - DAG(s) dict_keys(['retail_pipeline']) retrieved from /opt/airflow/dags/retail_pipeline_dag.py
[2026-05-03T10:48:01.415+0000] {logging_mixin.py:151} INFO - [2026-05-03T10:48:01.415+0000] {dag.py:2915} INFO - Sync 1 DAGs
[2026-05-03T10:48:01.428+0000] {logging_mixin.py:151} INFO - [2026-05-03T10:48:01.428+0000] {dag.py:3696} INFO - Setting next_dagrun for retail_pipeline to 2026-05-03T00:30:00+00:00, run_after=2026-05-04T00:30:00+00:00
[2026-05-03T10:48:01.435+0000] {processor.py:179} INFO - Processing /opt/airflow/dags/retail_pipeline_dag.py took 0.059 seconds
[2026-05-03T10:48:31.634+0000] {processor.py:157} INFO - Started process (PID=1791) to work on /opt/airflow/dags/retail_pipeline_dag.py
[2026-05-03T10:48:31.635+0000] {processor.py:829} INFO - Processing file /opt/airflow/dags/retail_pipeline_dag.py for tasks to queue
[2026-05-03T10:48:31.636+0000] {logging_mixin.py:151} INFO - [2026-05-03T10:48:31.636+0000] {dagbag.py:539} INFO - Filling up the DagBag from /opt/airflow/dags/retail_pipeline_dag.py
[2026-05-03T10:48:31.645+0000] {processor.py:839} INFO - DAG(s) dict_keys(['retail_pipeline']) retrieved from /opt/airflow/dags/retail_pipeline_dag.py
[2026-05-03T10:48:31.661+0000] {logging_mixin.py:151} INFO - [2026-05-03T10:48:31.661+0000] {dag.py:2915} INFO - Sync 1 DAGs
[2026-05-03T10:48:31.671+0000] {logging_mixin.py:151} INFO - [2026-05-03T10:48:31.671+0000] {dag.py:3696} INFO - Setting next_dagrun for retail_pipeline to 2026-05-03T00:30:00+00:00, run_after=2026-05-04T00:30:00+00:00
[2026-05-03T10:48:31.678+0000] {processor.py:179} INFO - Processing /opt/airflow/dags/retail_pipeline_dag.py took 0.047 seconds
[2026-05-03T10:49:01.937+0000] {processor.py:157} INFO - Started process (PID=1801) to work on /opt/airflow/dags/retail_pipeline_dag.py
[2026-05-03T10:49:01.938+0000] {processor.py:829} INFO - Processing file /opt/airflow/dags/retail_pipeline_dag.py for tasks to queue
[2026-05-03T10:49:01.938+0000] {logging_mixin.py:151} INFO - [2026-05-03T10:49:01.938+0000] {dagbag.py:539} INFO - Filling up the DagBag from /opt/airflow/dags/retail_pipeline_dag.py
[2026-05-03T10:49:01.949+0000] {processor.py:839} INFO - DAG(s) dict_keys(['retail_pipeline']) retrieved from /opt/airflow/dags/retail_pipeline_dag.py
[2026-05-03T10:49:01.965+0000] {logging_mixin.py:151} INFO - [2026-05-03T10:49:01.965+0000] {dag.py:2915} INFO - Sync 1 DAGs
[2026-05-03T10:49:01.975+0000] {logging_mixin.py:151} INFO - [2026-05-03T10:49:01.975+0000] {dag.py:3696} INFO - Setting next_dagrun for retail_pipeline to 2026-05-03T00:30:00+00:00, run_after=2026-05-04T00:30:00+00:00
[2026-05-03T10:49:01.982+0000] {processor.py:179} INFO - Processing /opt/airflow/dags/retail_pipeline_dag.py took 0.049 seconds
[2026-05-03T10:49:32.224+0000] {processor.py:157} INFO - Started process (PID=1811) to work on /opt/airflow/dags/retail_pipeline_dag.py
[2026-05-03T10:49:32.225+0000] {processor.py:829} INFO - Processing file /opt/airflow/dags/retail_pipeline_dag.py for tasks to queue
[2026-05-03T10:49:32.226+0000] {logging_mixin.py:151} INFO - [2026-05-03T10:49:32.226+0000] {dagbag.py:539} INFO - Filling up the DagBag from /opt/airflow/dags/retail_pipeline_dag.py
[2026-05-03T10:49:32.236+0000] {processor.py:839} INFO - DAG(s) dict_keys(['retail_pipeline']) retrieved from /opt/airflow/dags/retail_pipeline_dag.py
[2026-05-03T10:49:32.270+0000] {logging_mixin.py:151} INFO - [2026-05-03T10:49:32.270+0000] {dag.py:2915} INFO - Sync 1 DAGs
[2026-05-03T10:49:32.283+0000] {logging_mixin.py:151} INFO - [2026-05-03T10:49:32.283+0000] {dag.py:3696} INFO - Setting next_dagrun for retail_pipeline to 2026-05-03T00:30:00+00:00, run_after=2026-05-04T00:30:00+00:00
[2026-05-03T10:49:32.290+0000] {processor.py:179} INFO - Processing /opt/airflow/dags/retail_pipeline_dag.py took 0.071 seconds
[2026-05-03T10:50:02.482+0000] {processor.py:157} INFO - Started process (PID=1821) to work on /opt/airflow/dags/retail_pipeline_dag.py
[2026-05-03T10:50:02.484+0000] {processor.py:829} INFO - Processing file /opt/airflow/dags/retail_pipeline_dag.py for tasks to queue
[2026-05-03T10:50:02.485+0000] {logging_mixin.py:151} INFO - [2026-05-03T10:50:02.485+0000] {dagbag.py:539} INFO - Filling up the DagBag from /opt/airflow/dags/retail_pipeline_dag.py
[2026-05-03T10:50:02.497+0000] {processor.py:839} INFO - DAG(s) dict_keys(['retail_pipeline']) retrieved from /opt/airflow/dags/retail_pipeline_dag.py
[2026-05-03T10:50:02.512+0000] {logging_mixin.py:151} INFO - [2026-05-03T10:50:02.512+0000] {dag.py:2915} INFO - Sync 1 DAGs
[2026-05-03T10:50:02.522+0000] {logging_mixin.py:151} INFO - [2026-05-03T10:50:02.522+0000] {dag.py:3696} INFO - Setting next_dagrun for retail_pipeline to 2026-05-03T00:30:00+00:00, run_after=2026-05-04T00:30:00+00:00
[2026-05-03T10:50:02.529+0000] {processor.py:179} INFO - Processing /opt/airflow/dags/retail_pipeline_dag.py took 0.052 seconds
[2026-05-03T10:50:32.754+0000] {processor.py:157} INFO - Started process (PID=1831) to work on /opt/airflow/dags/retail_pipeline_dag.py
[2026-05-03T10:50:32.754+0000] {processor.py:829} INFO - Processing file /opt/airflow/dags/retail_pipeline_dag.py for tasks to queue
[2026-05-03T10:50:32.755+0000] {logging_mixin.py:151} INFO - [2026-05-03T10:50:32.755+0000] {dagbag.py:539} INFO - Filling up the DagBag from /opt/airflow/dags/retail_pipeline_dag.py
[2026-05-03T10:50:32.767+0000] {processor.py:839} INFO - DAG(s) dict_keys(['retail_pipeline']) retrieved from /opt/airflow/dags/retail_pipeline_dag.py
[2026-05-03T10:50:32.792+0000] {logging_mixin.py:151} INFO - [2026-05-03T10:50:32.792+0000] {dag.py:2915} INFO - Sync 1 DAGs
[2026-05-03T10:50:32.804+0000] {logging_mixin.py:151} INFO - [2026-05-03T10:50:32.804+0000] {dag.py:3696} INFO - Setting next_dagrun for retail_pipeline to 2026-05-03T00:30:00+00:00, run_after=2026-05-04T00:30:00+00:00
[2026-05-03T10:50:32.810+0000] {processor.py:179} INFO - Processing /opt/airflow/dags/retail_pipeline_dag.py took 0.061 seconds
[2026-05-03T10:51:02.988+0000] {processor.py:157} INFO - Started process (PID=1841) to work on /opt/airflow/dags/retail_pipeline_dag.py
[2026-05-03T10:51:02.989+0000] {processor.py:829} INFO - Processing file /opt/airflow/dags/retail_pipeline_dag.py for tasks to queue
[2026-05-03T10:51:02.991+0000] {logging_mixin.py:151} INFO - [2026-05-03T10:51:02.990+0000] {dagbag.py:539} INFO - Filling up the DagBag from /opt/airflow/dags/retail_pipeline_dag.py
[2026-05-03T10:51:03.003+0000] {processor.py:839} INFO - DAG(s) dict_keys(['retail_pipeline']) retrieved from /opt/airflow/dags/retail_pipeline_dag.py
[2026-05-03T10:51:03.018+0000] {logging_mixin.py:151} INFO - [2026-05-03T10:51:03.018+0000] {dag.py:2915} INFO - Sync 1 DAGs
[2026-05-03T10:51:03.028+0000] {logging_mixin.py:151} INFO - [2026-05-03T10:51:03.028+0000] {dag.py:3696} INFO - Setting next_dagrun for retail_pipeline to 2026-05-03T00:30:00+00:00, run_after=2026-05-04T00:30:00+00:00
[2026-05-03T10:51:03.035+0000] {processor.py:179} INFO - Processing /opt/airflow/dags/retail_pipeline_dag.py took 0.050 seconds
[2026-05-03T10:51:33.242+0000] {processor.py:157} INFO - Started process (PID=1851) to work on /opt/airflow/dags/retail_pipeline_dag.py
[2026-05-03T10:51:33.243+0000] {processor.py:829} INFO - Processing file /opt/airflow/dags/retail_pipeline_dag.py for tasks to queue
[2026-05-03T10:51:33.243+0000] {logging_mixin.py:151} INFO - [2026-05-03T10:51:33.243+0000] {dagbag.py:539} INFO - Filling up the DagBag from /opt/airflow/dags/retail_pipeline_dag.py
[2026-05-03T10:51:33.256+0000] {processor.py:839} INFO - DAG(s) dict_keys(['retail_pipeline']) retrieved from /opt/airflow/dags/retail_pipeline_dag.py
[2026-05-03T10:51:33.274+0000] {logging_mixin.py:151} INFO - [2026-05-03T10:51:33.274+0000] {dag.py:2915} INFO - Sync 1 DAGs
[2026-05-03T10:51:33.285+0000] {logging_mixin.py:151} INFO - [2026-05-03T10:51:33.285+0000] {dag.py:3696} INFO - Setting next_dagrun for retail_pipeline to 2026-05-03T00:30:00+00:00, run_after=2026-05-04T00:30:00+00:00
[2026-05-03T10:51:33.292+0000] {processor.py:179} INFO - Processing /opt/airflow/dags/retail_pipeline_dag.py took 0.053 seconds
[2026-05-03T10:52:03.518+0000] {processor.py:157} INFO - Started process (PID=1861) to work on /opt/airflow/dags/retail_pipeline_dag.py
[2026-05-03T10:52:03.520+0000] {processor.py:829} INFO - Processing file /opt/airflow/dags/retail_pipeline_dag.py for tasks to queue
[2026-05-03T10:52:03.520+0000] {logging_mixin.py:151} INFO - [2026-05-03T10:52:03.520+0000] {dagbag.py:539} INFO - Filling up the DagBag from /opt/airflow/dags/retail_pipeline_dag.py
[2026-05-03T10:52:03.532+0000] {processor.py:839} INFO - DAG(s) dict_keys(['retail_pipeline']) retrieved from /opt/airflow/dags/retail_pipeline_dag.py
[2026-05-03T10:52:03.557+0000] {logging_mixin.py:151} INFO - [2026-05-03T10:52:03.557+0000] {dag.py:2915} INFO - Sync 1 DAGs
[2026-05-03T10:52:03.569+0000] {logging_mixin.py:151} INFO - [2026-05-03T10:52:03.569+0000] {dag.py:3696} INFO - Setting next_dagrun for retail_pipeline to 2026-05-03T00:30:00+00:00, run_after=2026-05-04T00:30:00+00:00
[2026-05-03T10:52:03.576+0000] {processor.py:179} INFO - Processing /opt/airflow/dags/retail_pipeline_dag.py took 0.064 seconds
[2026-05-03T10:52:33.803+0000] {processor.py:157} INFO - Started process (PID=1871) to work on /opt/airflow/dags/retail_pipeline_dag.py
[2026-05-03T10:52:33.803+0000] {processor.py:829} INFO - Processing file /opt/airflow/dags/retail_pipeline_dag.py for tasks to queue
[2026-05-03T10:52:33.804+0000] {logging_mixin.py:151} INFO - [2026-05-03T10:52:33.804+0000] {dagbag.py:539} INFO - Filling up the DagBag from /opt/airflow/dags/retail_pipeline_dag.py
[2026-05-03T10:52:33.824+0000] {processor.py:839} INFO - DAG(s) dict_keys(['retail_pipeline']) retrieved from /opt/airflow/dags/retail_pipeline_dag.py
[2026-05-03T10:52:33.846+0000] {logging_mixin.py:151} INFO - [2026-05-03T10:52:33.846+0000] {dag.py:2915} INFO - Sync 1 DAGs
[2026-05-03T10:52:33.859+0000] {logging_mixin.py:151} INFO - [2026-05-03T10:52:33.858+0000] {dag.py:3696} INFO - Setting next_dagrun for retail_pipeline to 2026-05-03T00:30:00+00:00, run_after=2026-05-04T00:30:00+00:00
[2026-05-03T10:52:33.866+0000] {processor.py:179} INFO - Processing /opt/airflow/dags/retail_pipeline_dag.py took 0.067 seconds
[2026-05-03T10:53:04.127+0000] {processor.py:157} INFO - Started process (PID=1881) to work on /opt/airflow/dags/retail_pipeline_dag.py
[2026-05-03T10:53:04.128+0000] {processor.py:829} INFO - Processing file /opt/airflow/dags/retail_pipeline_dag.py for tasks to queue
[2026-05-03T10:53:04.129+0000] {logging_mixin.py:151} INFO - [2026-05-03T10:53:04.129+0000] {dagbag.py:539} INFO - Filling up the DagBag from /opt/airflow/dags/retail_pipeline_dag.py
[2026-05-03T10:53:04.139+0000] {processor.py:839} INFO - DAG(s) dict_keys(['retail_pipeline']) retrieved from /opt/airflow/dags/retail_pipeline_dag.py
[2026-05-03T10:53:04.159+0000] {logging_mixin.py:151} INFO - [2026-05-03T10:53:04.159+0000] {dag.py:2915} INFO - Sync 1 DAGs
[2026-05-03T10:53:04.171+0000] {logging_mixin.py:151} INFO - [2026-05-03T10:53:04.171+0000] {dag.py:3696} INFO - Setting next_dagrun for retail_pipeline to 2026-05-03T00:30:00+00:00, run_after=2026-05-04T00:30:00+00:00
[2026-05-03T10:53:04.177+0000] {processor.py:179} INFO - Processing /opt/airflow/dags/retail_pipeline_dag.py took 0.054 seconds
[2026-05-03T10:53:34.390+0000] {processor.py:157} INFO - Started process (PID=1891) to work on /opt/airflow/dags/retail_pipeline_dag.py
[2026-05-03T10:53:34.391+0000] {processor.py:829} INFO - Processing file /opt/airflow/dags/retail_pipeline_dag.py for tasks to queue
[2026-05-03T10:53:34.392+0000] {logging_mixin.py:151} INFO - [2026-05-03T10:53:34.392+0000] {dagbag.py:539} INFO - Filling up the DagBag from /opt/airflow/dags/retail_pipeline_dag.py
[2026-05-03T10:53:34.410+0000] {processor.py:839} INFO - DAG(s) dict_keys(['retail_pipeline']) retrieved from /opt/airflow/dags/retail_pipeline_dag.py
[2026-05-03T10:53:34.428+0000] {logging_mixin.py:151} INFO - [2026-05-03T10:53:34.428+0000] {dag.py:2915} INFO - Sync 1 DAGs
[2026-05-03T10:53:34.438+0000] {logging_mixin.py:151} INFO - [2026-05-03T10:53:34.438+0000] {dag.py:3696} INFO - Setting next_dagrun for retail_pipeline to 2026-05-03T00:30:00+00:00, run_after=2026-05-04T00:30:00+00:00
[2026-05-03T10:53:34.444+0000] {processor.py:179} INFO - Processing /opt/airflow/dags/retail_pipeline_dag.py took 0.059 seconds
[2026-05-03T10:54:04.647+0000] {processor.py:157} INFO - Started process (PID=1901) to work on /opt/airflow/dags/retail_pipeline_dag.py
[2026-05-03T10:54:04.649+0000] {processor.py:829} INFO - Processing file /opt/airflow/dags/retail_pipeline_dag.py for tasks to queue
[2026-05-03T10:54:04.650+0000] {logging_mixin.py:151} INFO - [2026-05-03T10:54:04.649+0000] {dagbag.py:539} INFO - Filling up the DagBag from /opt/airflow/dags/retail_pipeline_dag.py
[2026-05-03T10:54:04.660+0000] {processor.py:839} INFO - DAG(s) dict_keys(['retail_pipeline']) retrieved from /opt/airflow/dags/retail_pipeline_dag.py
[2026-05-03T10:54:04.689+0000] {logging_mixin.py:151} INFO - [2026-05-03T10:54:04.689+0000] {dag.py:2915} INFO - Sync 1 DAGs
[2026-05-03T10:54:04.703+0000] {logging_mixin.py:151} INFO - [2026-05-03T10:54:04.703+0000] {dag.py:3696} INFO - Setting next_dagrun for retail_pipeline to 2026-05-03T00:30:00+00:00, run_after=2026-05-04T00:30:00+00:00
[2026-05-03T10:54:04.710+0000] {processor.py:179} INFO - Processing /opt/airflow/dags/retail_pipeline_dag.py took 0.069 seconds
[2026-05-03T10:54:34.908+0000] {processor.py:157} INFO - Started process (PID=1911) to work on /opt/airflow/dags/retail_pipeline_dag.py
[2026-05-03T10:54:34.909+0000] {processor.py:829} INFO - Processing file /opt/airflow/dags/retail_pipeline_dag.py for tasks to queue
[2026-05-03T10:54:34.910+0000] {logging_mixin.py:151} INFO - [2026-05-03T10:54:34.910+0000] {dagbag.py:539} INFO - Filling up the DagBag from /opt/airflow/dags/retail_pipeline_dag.py
[2026-05-03T10:54:34.924+0000] {processor.py:839} INFO - DAG(s) dict_keys(['retail_pipeline']) retrieved from /opt/airflow/dags/retail_pipeline_dag.py
[2026-05-03T10:54:34.942+0000] {logging_mixin.py:151} INFO - [2026-05-03T10:54:34.941+0000] {dag.py:2915} INFO - Sync 1 DAGs
[2026-05-03T10:54:34.953+0000] {logging_mixin.py:151} INFO - [2026-05-03T10:54:34.953+0000] {dag.py:3696} INFO - Setting next_dagrun for retail_pipeline to 2026-05-03T00:30:00+00:00, run_after=2026-05-04T00:30:00+00:00
[2026-05-03T10:54:34.960+0000] {processor.py:179} INFO - Processing /opt/airflow/dags/retail_pipeline_dag.py took 0.055 seconds
[2026-05-03T10:55:05.168+0000] {processor.py:157} INFO - Started process (PID=1921) to work on /opt/airflow/dags/retail_pipeline_dag.py
[2026-05-03T10:55:05.168+0000] {processor.py:829} INFO - Processing file /opt/airflow/dags/retail_pipeline_dag.py for tasks to queue
[2026-05-03T10:55:05.169+0000] {logging_mixin.py:151} INFO - [2026-05-03T10:55:05.169+0000] {dagbag.py:539} INFO - Filling up the DagBag from /opt/airflow/dags/retail_pipeline_dag.py
[2026-05-03T10:55:05.179+0000] {processor.py:839} INFO - DAG(s) dict_keys(['retail_pipeline']) retrieved from /opt/airflow/dags/retail_pipeline_dag.py
[2026-05-03T10:55:05.199+0000] {logging_mixin.py:151} INFO - [2026-05-03T10:55:05.199+0000] {dag.py:2915} INFO - Sync 1 DAGs
[2026-05-03T10:55:05.214+0000] {logging_mixin.py:151} INFO - [2026-05-03T10:55:05.214+0000] {dag.py:3696} INFO - Setting next_dagrun for retail_pipeline to 2026-05-03T00:30:00+00:00, run_after=2026-05-04T00:30:00+00:00
[2026-05-03T10:55:05.223+0000] {processor.py:179} INFO - Processing /opt/airflow/dags/retail_pipeline_dag.py took 0.059 seconds
[2026-05-03T10:55:35.419+0000] {processor.py:157} INFO - Started process (PID=1931) to work on /opt/airflow/dags/retail_pipeline_dag.py
[2026-05-03T10:55:35.419+0000] {processor.py:829} INFO - Processing file /opt/airflow/dags/retail_pipeline_dag.py for tasks to queue
[2026-05-03T10:55:35.420+0000] {logging_mixin.py:151} INFO - [2026-05-03T10:55:35.420+0000] {dagbag.py:539} INFO - Filling up the DagBag from /opt/airflow/dags/retail_pipeline_dag.py
[2026-05-03T10:55:35.433+0000] {processor.py:839} INFO - DAG(s) dict_keys(['retail_pipeline']) retrieved from /opt/airflow/dags/retail_pipeline_dag.py
[2026-05-03T10:55:35.450+0000] {logging_mixin.py:151} INFO - [2026-05-03T10:55:35.450+0000] {dag.py:2915} INFO - Sync 1 DAGs
[2026-05-03T10:55:35.460+0000] {logging_mixin.py:151} INFO - [2026-05-03T10:55:35.460+0000] {dag.py:3696} INFO - Setting next_dagrun for retail_pipeline to 2026-05-03T00:30:00+00:00, run_after=2026-05-04T00:30:00+00:00
[2026-05-03T10:55:35.467+0000] {processor.py:179} INFO - Processing /opt/airflow/dags/retail_pipeline_dag.py took 0.051 seconds
[2026-05-03T10:56:05.676+0000] {processor.py:157} INFO - Started process (PID=1941) to work on /opt/airflow/dags/retail_pipeline_dag.py
[2026-05-03T10:56:05.677+0000] {processor.py:829} INFO - Processing file /opt/airflow/dags/retail_pipeline_dag.py for tasks to queue
[2026-05-03T10:56:05.678+0000] {logging_mixin.py:151} INFO - [2026-05-03T10:56:05.678+0000] {dagbag.py:539} INFO - Filling up the DagBag from /opt/airflow/dags/retail_pipeline_dag.py
[2026-05-03T10:56:05.689+0000] {processor.py:839} INFO - DAG(s) dict_keys(['retail_pipeline']) retrieved from /opt/airflow/dags/retail_pipeline_dag.py
[2026-05-03T10:56:05.706+0000] {logging_mixin.py:151} INFO - [2026-05-03T10:56:05.706+0000] {dag.py:2915} INFO - Sync 1 DAGs
[2026-05-03T10:56:05.714+0000] {logging_mixin.py:151} INFO - [2026-05-03T10:56:05.714+0000] {dag.py:3696} INFO - Setting next_dagrun for retail_pipeline to 2026-05-03T00:30:00+00:00, run_after=2026-05-04T00:30:00+00:00
[2026-05-03T10:56:05.720+0000] {processor.py:179} INFO - Processing /opt/airflow/dags/retail_pipeline_dag.py took 0.046 seconds
[2026-05-03T10:56:35.967+0000] {processor.py:157} INFO - Started process (PID=1951) to work on /opt/airflow/dags/retail_pipeline_dag.py
[2026-05-03T10:56:35.968+0000] {processor.py:829} INFO - Processing file /opt/airflow/dags/retail_pipeline_dag.py for tasks to queue
[2026-05-03T10:56:35.969+0000] {logging_mixin.py:151} INFO - [2026-05-03T10:56:35.969+0000] {dagbag.py:539} INFO - Filling up the DagBag from /opt/airflow/dags/retail_pipeline_dag.py
[2026-05-03T10:56:35.980+0000] {processor.py:839} INFO - DAG(s) dict_keys(['retail_pipeline']) retrieved from /opt/airflow/dags/retail_pipeline_dag.py
[2026-05-03T10:56:35.999+0000] {logging_mixin.py:151} INFO - [2026-05-03T10:56:35.999+0000] {dag.py:2915} INFO - Sync 1 DAGs
[2026-05-03T10:56:36.010+0000] {logging_mixin.py:151} INFO - [2026-05-03T10:56:36.010+0000] {dag.py:3696} INFO - Setting next_dagrun for retail_pipeline to 2026-05-03T00:30:00+00:00, run_after=2026-05-04T00:30:00+00:00
[2026-05-03T10:56:36.017+0000] {processor.py:179} INFO - Processing /opt/airflow/dags/retail_pipeline_dag.py took 0.054 seconds
[2026-05-03T10:57:06.225+0000] {processor.py:157} INFO - Started process (PID=1961) to work on /opt/airflow/dags/retail_pipeline_dag.py
[2026-05-03T10:57:06.225+0000] {processor.py:829} INFO - Processing file /opt/airflow/dags/retail_pipeline_dag.py for tasks to queue
[2026-05-03T10:57:06.226+0000] {logging_mixin.py:151} INFO - [2026-05-03T10:57:06.226+0000] {dagbag.py:539} INFO - Filling up the DagBag from /opt/airflow/dags/retail_pipeline_dag.py
[2026-05-03T10:57:06.238+0000] {processor.py:839} INFO - DAG(s) dict_keys(['retail_pipeline']) retrieved from /opt/airflow/dags/retail_pipeline_dag.py
[2026-05-03T10:57:06.254+0000] {logging_mixin.py:151} INFO - [2026-05-03T10:57:06.254+0000] {dag.py:2915} INFO - Sync 1 DAGs
[2026-05-03T10:57:06.264+0000] {logging_mixin.py:151} INFO - [2026-05-03T10:57:06.264+0000] {dag.py:3696} INFO - Setting next_dagrun for retail_pipeline to 2026-05-03T00:30:00+00:00, run_after=2026-05-04T00:30:00+00:00
[2026-05-03T10:57:06.270+0000] {processor.py:179} INFO - Processing /opt/airflow/dags/retail_pipeline_dag.py took 0.049 seconds
[2026-05-03T10:57:36.489+0000] {processor.py:157} INFO - Started process (PID=1971) to work on /opt/airflow/dags/retail_pipeline_dag.py
[2026-05-03T10:57:36.490+0000] {processor.py:829} INFO - Processing file /opt/airflow/dags/retail_pipeline_dag.py for tasks to queue
[2026-05-03T10:57:36.491+0000] {logging_mixin.py:151} INFO - [2026-05-03T10:57:36.490+0000] {dagbag.py:539} INFO - Filling up the DagBag from /opt/airflow/dags/retail_pipeline_dag.py
[2026-05-03T10:57:36.500+0000] {processor.py:839} INFO - DAG(s) dict_keys(['retail_pipeline']) retrieved from /opt/airflow/dags/retail_pipeline_dag.py
[2026-05-03T10:57:36.518+0000] {logging_mixin.py:151} INFO - [2026-05-03T10:57:36.518+0000] {dag.py:2915} INFO - Sync 1 DAGs
[2026-05-03T10:57:36.529+0000] {logging_mixin.py:151} INFO - [2026-05-03T10:57:36.529+0000] {dag.py:3696} INFO - Setting next_dagrun for retail_pipeline to 2026-05-03T00:30:00+00:00, run_after=2026-05-04T00:30:00+00:00
[2026-05-03T10:57:36.535+0000] {processor.py:179} INFO - Processing /opt/airflow/dags/retail_pipeline_dag.py took 0.049 seconds
[2026-05-03T10:58:06.795+0000] {processor.py:157} INFO - Started process (PID=1981) to work on /opt/airflow/dags/retail_pipeline_dag.py
[2026-05-03T10:58:06.796+0000] {processor.py:829} INFO - Processing file /opt/airflow/dags/retail_pipeline_dag.py for tasks to queue
[2026-05-03T10:58:06.797+0000] {logging_mixin.py:151} INFO - [2026-05-03T10:58:06.797+0000] {dagbag.py:539} INFO - Filling up the DagBag from /opt/airflow/dags/retail_pipeline_dag.py
[2026-05-03T10:58:06.812+0000] {processor.py:839} INFO - DAG(s) dict_keys(['retail_pipeline']) retrieved from /opt/airflow/dags/retail_pipeline_dag.py
[2026-05-03T10:58:06.843+0000] {logging_mixin.py:151} INFO - [2026-05-03T10:58:06.843+0000] {dag.py:2915} INFO - Sync 1 DAGs
[2026-05-03T10:58:06.857+0000] {logging_mixin.py:151} INFO - [2026-05-03T10:58:06.856+0000] {dag.py:3696} INFO - Setting next_dagrun for retail_pipeline to 2026-05-03T00:30:00+00:00, run_after=2026-05-04T00:30:00+00:00
[2026-05-03T10:58:06.865+0000] {processor.py:179} INFO - Processing /opt/airflow/dags/retail_pipeline_dag.py took 0.074 seconds
[2026-05-03T10:58:37.099+0000] {processor.py:157} INFO - Started process (PID=1991) to work on /opt/airflow/dags/retail_pipeline_dag.py
[2026-05-03T10:58:37.100+0000] {processor.py:829} INFO - Processing file /opt/airflow/dags/retail_pipeline_dag.py for tasks to queue
[2026-05-03T10:58:37.103+0000] {logging_mixin.py:151} INFO - [2026-05-03T10:58:37.103+0000] {dagbag.py:539} INFO - Filling up the DagBag from /opt/airflow/dags/retail_pipeline_dag.py
[2026-05-03T10:58:37.114+0000] {processor.py:839} INFO - DAG(s) dict_keys(['retail_pipeline']) retrieved from /opt/airflow/dags/retail_pipeline_dag.py
[2026-05-03T10:58:37.132+0000] {logging_mixin.py:151} INFO - [2026-05-03T10:58:37.132+0000] {dag.py:2915} INFO - Sync 1 DAGs
[2026-05-03T10:58:37.142+0000] {logging_mixin.py:151} INFO - [2026-05-03T10:58:37.142+0000] {dag.py:3696} INFO - Setting next_dagrun for retail_pipeline to 2026-05-03T00:30:00+00:00, run_after=2026-05-04T00:30:00+00:00
[2026-05-03T10:58:37.148+0000] {processor.py:179} INFO - Processing /opt/airflow/dags/retail_pipeline_dag.py took 0.052 seconds
[2026-05-03T10:59:07.374+0000] {processor.py:157} INFO - Started process (PID=2001) to work on /opt/airflow/dags/retail_pipeline_dag.py
[2026-05-03T10:59:07.376+0000] {processor.py:829} INFO - Processing file /opt/airflow/dags/retail_pipeline_dag.py for tasks to queue
[2026-05-03T10:59:07.377+0000] {logging_mixin.py:151} INFO - [2026-05-03T10:59:07.377+0000] {dagbag.py:539} INFO - Filling up the DagBag from /opt/airflow/dags/retail_pipeline_dag.py
[2026-05-03T10:59:07.390+0000] {processor.py:839} INFO - DAG(s) dict_keys(['retail_pipeline']) retrieved from /opt/airflow/dags/retail_pipeline_dag.py
[2026-05-03T10:59:07.407+0000] {logging_mixin.py:151} INFO - [2026-05-03T10:59:07.407+0000] {dag.py:2915} INFO - Sync 1 DAGs
[2026-05-03T10:59:07.417+0000] {logging_mixin.py:151} INFO - [2026-05-03T10:59:07.417+0000] {dag.py:3696} INFO - Setting next_dagrun for retail_pipeline to 2026-05-03T00:30:00+00:00, run_after=2026-05-04T00:30:00+00:00
[2026-05-03T10:59:07.423+0000] {processor.py:179} INFO - Processing /opt/airflow/dags/retail_pipeline_dag.py took 0.052 seconds
[2026-05-03T10:59:37.672+0000] {processor.py:157} INFO - Started process (PID=2011) to work on /opt/airflow/dags/retail_pipeline_dag.py
[2026-05-03T10:59:37.673+0000] {processor.py:829} INFO - Processing file /opt/airflow/dags/retail_pipeline_dag.py for tasks to queue
[2026-05-03T10:59:37.674+0000] {logging_mixin.py:151} INFO - [2026-05-03T10:59:37.673+0000] {dagbag.py:539} INFO - Filling up the DagBag from /opt/airflow/dags/retail_pipeline_dag.py
[2026-05-03T10:59:37.684+0000] {processor.py:839} INFO - DAG(s) dict_keys(['retail_pipeline']) retrieved from /opt/airflow/dags/retail_pipeline_dag.py
[2026-05-03T10:59:37.716+0000] {logging_mixin.py:151} INFO - [2026-05-03T10:59:37.716+0000] {dag.py:2915} INFO - Sync 1 DAGs
[2026-05-03T10:59:37.727+0000] {logging_mixin.py:151} INFO - [2026-05-03T10:59:37.727+0000] {dag.py:3696} INFO - Setting next_dagrun for retail_pipeline to 2026-05-03T00:30:00+00:00, run_after=2026-05-04T00:30:00+00:00
[2026-05-03T10:59:37.735+0000] {processor.py:179} INFO - Processing /opt/airflow/dags/retail_pipeline_dag.py took 0.068 seconds
[2026-05-03T11:00:07.982+0000] {processor.py:157} INFO - Started process (PID=2064) to work on /opt/airflow/dags/retail_pipeline_dag.py
[2026-05-03T11:00:07.983+0000] {processor.py:829} INFO - Processing file /opt/airflow/dags/retail_pipeline_dag.py for tasks to queue
[2026-05-03T11:00:07.984+0000] {logging_mixin.py:151} INFO - [2026-05-03T11:00:07.984+0000] {dagbag.py:539} INFO - Filling up the DagBag from /opt/airflow/dags/retail_pipeline_dag.py
[2026-05-03T11:00:08.001+0000] {processor.py:839} INFO - DAG(s) dict_keys(['retail_pipeline']) retrieved from /opt/airflow/dags/retail_pipeline_dag.py
[2026-05-03T11:00:08.021+0000] {logging_mixin.py:151} INFO - [2026-05-03T11:00:08.021+0000] {dag.py:2915} INFO - Sync 1 DAGs
[2026-05-03T11:00:08.036+0000] {logging_mixin.py:151} INFO - [2026-05-03T11:00:08.036+0000] {dag.py:3696} INFO - Setting next_dagrun for retail_pipeline to 2026-05-03T00:30:00+00:00, run_after=2026-05-04T00:30:00+00:00
[2026-05-03T11:00:08.042+0000] {processor.py:179} INFO - Processing /opt/airflow/dags/retail_pipeline_dag.py took 0.066 seconds
[2026-05-03T11:00:38.154+0000] {processor.py:157} INFO - Started process (PID=2114) to work on /opt/airflow/dags/retail_pipeline_dag.py
[2026-05-03T11:00:38.155+0000] {processor.py:829} INFO - Processing file /opt/airflow/dags/retail_pipeline_dag.py for tasks to queue
[2026-05-03T11:00:38.155+0000] {logging_mixin.py:151} INFO - [2026-05-03T11:00:38.155+0000] {dagbag.py:539} INFO - Filling up the DagBag from /opt/airflow/dags/retail_pipeline_dag.py
[2026-05-03T11:00:38.163+0000] {processor.py:839} INFO - DAG(s) dict_keys(['retail_pipeline']) retrieved from /opt/airflow/dags/retail_pipeline_dag.py
[2026-05-03T11:00:38.177+0000] {logging_mixin.py:151} INFO - [2026-05-03T11:00:38.177+0000] {dag.py:2915} INFO - Sync 1 DAGs
[2026-05-03T11:00:38.187+0000] {logging_mixin.py:151} INFO - [2026-05-03T11:00:38.187+0000] {dag.py:3696} INFO - Setting next_dagrun for retail_pipeline to 2026-05-03T00:30:00+00:00, run_after=2026-05-04T00:30:00+00:00
[2026-05-03T11:00:38.192+0000] {processor.py:179} INFO - Processing /opt/airflow/dags/retail_pipeline_dag.py took 0.040 seconds
[2026-05-03T11:01:08.481+0000] {processor.py:157} INFO - Started process (PID=2124) to work on /opt/airflow/dags/retail_pipeline_dag.py
[2026-05-03T11:01:08.482+0000] {processor.py:829} INFO - Processing file /opt/airflow/dags/retail_pipeline_dag.py for tasks to queue
[2026-05-03T11:01:08.483+0000] {logging_mixin.py:151} INFO - [2026-05-03T11:01:08.483+0000] {dagbag.py:539} INFO - Filling up the DagBag from /opt/airflow/dags/retail_pipeline_dag.py
[2026-05-03T11:01:08.493+0000] {processor.py:839} INFO - DAG(s) dict_keys(['retail_pipeline']) retrieved from /opt/airflow/dags/retail_pipeline_dag.py
[2026-05-03T11:01:08.519+0000] {logging_mixin.py:151} INFO - [2026-05-03T11:01:08.519+0000] {dag.py:2915} INFO - Sync 1 DAGs
[2026-05-03T11:01:08.529+0000] {logging_mixin.py:151} INFO - [2026-05-03T11:01:08.529+0000] {dag.py:3696} INFO - Setting next_dagrun for retail_pipeline to 2026-05-03T00:30:00+00:00, run_after=2026-05-04T00:30:00+00:00
[2026-05-03T11:01:08.537+0000] {processor.py:179} INFO - Processing /opt/airflow/dags/retail_pipeline_dag.py took 0.059 seconds
[2026-05-03T11:01:38.760+0000] {processor.py:157} INFO - Started process (PID=2134) to work on /opt/airflow/dags/retail_pipeline_dag.py
[2026-05-03T11:01:38.761+0000] {processor.py:829} INFO - Processing file /opt/airflow/dags/retail_pipeline_dag.py for tasks to queue
[2026-05-03T11:01:38.763+0000] {logging_mixin.py:151} INFO - [2026-05-03T11:01:38.763+0000] {dagbag.py:539} INFO - Filling up the DagBag from /opt/airflow/dags/retail_pipeline_dag.py
[2026-05-03T11:01:38.772+0000] {processor.py:839} INFO - DAG(s) dict_keys(['retail_pipeline']) retrieved from /opt/airflow/dags/retail_pipeline_dag.py
[2026-05-03T11:01:38.788+0000] {logging_mixin.py:151} INFO - [2026-05-03T11:01:38.788+0000] {dag.py:2915} INFO - Sync 1 DAGs
[2026-05-03T11:01:38.797+0000] {logging_mixin.py:151} INFO - [2026-05-03T11:01:38.797+0000] {dag.py:3696} INFO - Setting next_dagrun for retail_pipeline to 2026-05-03T00:30:00+00:00, run_after=2026-05-04T00:30:00+00:00
[2026-05-03T11:01:38.803+0000] {processor.py:179} INFO - Processing /opt/airflow/dags/retail_pipeline_dag.py took 0.045 seconds
[2026-05-03T11:02:09.078+0000] {processor.py:157} INFO - Started process (PID=2144) to work on /opt/airflow/dags/retail_pipeline_dag.py
[2026-05-03T11:02:09.079+0000] {processor.py:829} INFO - Processing file /opt/airflow/dags/retail_pipeline_dag.py for tasks to queue
[2026-05-03T11:02:09.079+0000] {logging_mixin.py:151} INFO - [2026-05-03T11:02:09.079+0000] {dagbag.py:539} INFO - Filling up the DagBag from /opt/airflow/dags/retail_pipeline_dag.py
[2026-05-03T11:02:09.094+0000] {processor.py:839} INFO - DAG(s) dict_keys(['retail_pipeline']) retrieved from /opt/airflow/dags/retail_pipeline_dag.py
[2026-05-03T11:02:09.129+0000] {logging_mixin.py:151} INFO - [2026-05-03T11:02:09.129+0000] {dag.py:2915} INFO - Sync 1 DAGs
[2026-05-03T11:02:09.148+0000] {logging_mixin.py:151} INFO - [2026-05-03T11:02:09.148+0000] {dag.py:3696} INFO - Setting next_dagrun for retail_pipeline to 2026-05-03T00:30:00+00:00, run_after=2026-05-04T00:30:00+00:00
[2026-05-03T11:02:09.156+0000] {processor.py:179} INFO - Processing /opt/airflow/dags/retail_pipeline_dag.py took 0.082 seconds
[2026-05-03T11:02:39.323+0000] {processor.py:157} INFO - Started process (PID=2154) to work on /opt/airflow/dags/retail_pipeline_dag.py
[2026-05-03T11:02:39.324+0000] {processor.py:829} INFO - Processing file /opt/airflow/dags/retail_pipeline_dag.py for tasks to queue
[2026-05-03T11:02:39.327+0000] {logging_mixin.py:151} INFO - [2026-05-03T11:02:39.327+0000] {dagbag.py:539} INFO - Filling up the DagBag from /opt/airflow/dags/retail_pipeline_dag.py
[2026-05-03T11:02:39.338+0000] {processor.py:839} INFO - DAG(s) dict_keys(['retail_pipeline']) retrieved from /opt/airflow/dags/retail_pipeline_dag.py
[2026-05-03T11:02:39.352+0000] {logging_mixin.py:151} INFO - [2026-05-03T11:02:39.352+0000] {dag.py:2915} INFO - Sync 1 DAGs
[2026-05-03T11:02:39.361+0000] {logging_mixin.py:151} INFO - [2026-05-03T11:02:39.361+0000] {dag.py:3696} INFO - Setting next_dagrun for retail_pipeline to 2026-05-03T00:30:00+00:00, run_after=2026-05-04T00:30:00+00:00
[2026-05-03T11:02:39.368+0000] {processor.py:179} INFO - Processing /opt/airflow/dags/retail_pipeline_dag.py took 0.047 seconds
[2026-05-03T11:03:09.655+0000] {processor.py:157} INFO - Started process (PID=2164) to work on /opt/airflow/dags/retail_pipeline_dag.py
[2026-05-03T11:03:09.656+0000] {processor.py:829} INFO - Processing file /opt/airflow/dags/retail_pipeline_dag.py for tasks to queue
[2026-05-03T11:03:09.657+0000] {logging_mixin.py:151} INFO - [2026-05-03T11:03:09.657+0000] {dagbag.py:539} INFO - Filling up the DagBag from /opt/airflow/dags/retail_pipeline_dag.py
[2026-05-03T11:03:09.679+0000] {processor.py:839} INFO - DAG(s) dict_keys(['retail_pipeline']) retrieved from /opt/airflow/dags/retail_pipeline_dag.py
[2026-05-03T11:03:09.701+0000] {logging_mixin.py:151} INFO - [2026-05-03T11:03:09.701+0000] {dag.py:2915} INFO - Sync 1 DAGs
[2026-05-03T11:03:09.711+0000] {logging_mixin.py:151} INFO - [2026-05-03T11:03:09.711+0000] {dag.py:3696} INFO - Setting next_dagrun for retail_pipeline to 2026-05-03T00:30:00+00:00, run_after=2026-05-04T00:30:00+00:00
[2026-05-03T11:03:09.719+0000] {processor.py:179} INFO - Processing /opt/airflow/dags/retail_pipeline_dag.py took 0.068 seconds
[2026-05-03T11:03:39.936+0000] {processor.py:157} INFO - Started process (PID=2174) to work on /opt/airflow/dags/retail_pipeline_dag.py
[2026-05-03T11:03:39.937+0000] {processor.py:829} INFO - Processing file /opt/airflow/dags/retail_pipeline_dag.py for tasks to queue
[2026-05-03T11:03:39.938+0000] {logging_mixin.py:151} INFO - [2026-05-03T11:03:39.938+0000] {dagbag.py:539} INFO - Filling up the DagBag from /opt/airflow/dags/retail_pipeline_dag.py
[2026-05-03T11:03:39.951+0000] {processor.py:839} INFO - DAG(s) dict_keys(['retail_pipeline']) retrieved from /opt/airflow/dags/retail_pipeline_dag.py
[2026-05-03T11:03:39.967+0000] {logging_mixin.py:151} INFO - [2026-05-03T11:03:39.967+0000] {dag.py:2915} INFO - Sync 1 DAGs
[2026-05-03T11:03:39.976+0000] {logging_mixin.py:151} INFO - [2026-05-03T11:03:39.976+0000] {dag.py:3696} INFO - Setting next_dagrun for retail_pipeline to 2026-05-03T00:30:00+00:00, run_after=2026-05-04T00:30:00+00:00
[2026-05-03T11:03:39.982+0000] {processor.py:179} INFO - Processing /opt/airflow/dags/retail_pipeline_dag.py took 0.050 seconds
[2026-05-03T11:04:10.245+0000] {processor.py:157} INFO - Started process (PID=2184) to work on /opt/airflow/dags/retail_pipeline_dag.py
[2026-05-03T11:04:10.246+0000] {processor.py:829} INFO - Processing file /opt/airflow/dags/retail_pipeline_dag.py for tasks to queue
[2026-05-03T11:04:10.247+0000] {logging_mixin.py:151} INFO - [2026-05-03T11:04:10.246+0000] {dagbag.py:539} INFO - Filling up the DagBag from /opt/airflow/dags/retail_pipeline_dag.py
[2026-05-03T11:04:10.270+0000] {processor.py:839} INFO - DAG(s) dict_keys(['retail_pipeline']) retrieved from /opt/airflow/dags/retail_pipeline_dag.py
[2026-05-03T11:04:10.291+0000] {logging_mixin.py:151} INFO - [2026-05-03T11:04:10.291+0000] {dag.py:2915} INFO - Sync 1 DAGs
[2026-05-03T11:04:10.305+0000] {logging_mixin.py:151} INFO - [2026-05-03T11:04:10.305+0000] {dag.py:3696} INFO - Setting next_dagrun for retail_pipeline to 2026-05-03T00:30:00+00:00, run_after=2026-05-04T00:30:00+00:00
[2026-05-03T11:04:10.311+0000] {processor.py:179} INFO - Processing /opt/airflow/dags/retail_pipeline_dag.py took 0.070 seconds
[2026-05-03T11:04:40.513+0000] {processor.py:157} INFO - Started process (PID=2194) to work on /opt/airflow/dags/retail_pipeline_dag.py
[2026-05-03T11:04:40.514+0000] {processor.py:829} INFO - Processing file /opt/airflow/dags/retail_pipeline_dag.py for tasks to queue
[2026-05-03T11:04:40.515+0000] {logging_mixin.py:151} INFO - [2026-05-03T11:04:40.515+0000] {dagbag.py:539} INFO - Filling up the DagBag from /opt/airflow/dags/retail_pipeline_dag.py
[2026-05-03T11:04:40.527+0000] {processor.py:839} INFO - DAG(s) dict_keys(['retail_pipeline']) retrieved from /opt/airflow/dags/retail_pipeline_dag.py
[2026-05-03T11:04:40.547+0000] {logging_mixin.py:151} INFO - [2026-05-03T11:04:40.546+0000] {dag.py:2915} INFO - Sync 1 DAGs
[2026-05-03T11:04:40.559+0000] {logging_mixin.py:151} INFO - [2026-05-03T11:04:40.559+0000] {dag.py:3696} INFO - Setting next_dagrun for retail_pipeline to 2026-05-03T00:30:00+00:00, run_after=2026-05-04T00:30:00+00:00
[2026-05-03T11:04:40.565+0000] {processor.py:179} INFO - Processing /opt/airflow/dags/retail_pipeline_dag.py took 0.055 seconds
[2026-05-03T11:05:10.826+0000] {processor.py:157} INFO - Started process (PID=2204) to work on /opt/airflow/dags/retail_pipeline_dag.py
[2026-05-03T11:05:10.826+0000] {processor.py:829} INFO - Processing file /opt/airflow/dags/retail_pipeline_dag.py for tasks to queue
[2026-05-03T11:05:10.828+0000] {logging_mixin.py:151} INFO - [2026-05-03T11:05:10.828+0000] {dagbag.py:539} INFO - Filling up the DagBag from /opt/airflow/dags/retail_pipeline_dag.py
[2026-05-03T11:05:10.844+0000] {processor.py:839} INFO - DAG(s) dict_keys(['retail_pipeline']) retrieved from /opt/airflow/dags/retail_pipeline_dag.py
[2026-05-03T11:05:10.874+0000] {logging_mixin.py:151} INFO - [2026-05-03T11:05:10.873+0000] {dag.py:2915} INFO - Sync 1 DAGs
[2026-05-03T11:05:10.888+0000] {logging_mixin.py:151} INFO - [2026-05-03T11:05:10.887+0000] {dag.py:3696} INFO - Setting next_dagrun for retail_pipeline to 2026-05-03T00:30:00+00:00, run_after=2026-05-04T00:30:00+00:00
[2026-05-03T11:05:10.895+0000] {processor.py:179} INFO - Processing /opt/airflow/dags/retail_pipeline_dag.py took 0.073 seconds
[2026-05-03T11:05:41.119+0000] {processor.py:157} INFO - Started process (PID=2214) to work on /opt/airflow/dags/retail_pipeline_dag.py
[2026-05-03T11:05:41.121+0000] {processor.py:829} INFO - Processing file /opt/airflow/dags/retail_pipeline_dag.py for tasks to queue
[2026-05-03T11:05:41.122+0000] {logging_mixin.py:151} INFO - [2026-05-03T11:05:41.122+0000] {dagbag.py:539} INFO - Filling up the DagBag from /opt/airflow/dags/retail_pipeline_dag.py
[2026-05-03T11:05:41.132+0000] {processor.py:839} INFO - DAG(s) dict_keys(['retail_pipeline']) retrieved from /opt/airflow/dags/retail_pipeline_dag.py
[2026-05-03T11:05:41.149+0000] {logging_mixin.py:151} INFO - [2026-05-03T11:05:41.149+0000] {dag.py:2915} INFO - Sync 1 DAGs
[2026-05-03T11:05:41.159+0000] {logging_mixin.py:151} INFO - [2026-05-03T11:05:41.159+0000] {dag.py:3696} INFO - Setting next_dagrun for retail_pipeline to 2026-05-03T00:30:00+00:00, run_after=2026-05-04T00:30:00+00:00
[2026-05-03T11:05:41.166+0000] {processor.py:179} INFO - Processing /opt/airflow/dags/retail_pipeline_dag.py took 0.050 seconds
[2026-05-03T11:06:11.421+0000] {processor.py:157} INFO - Started process (PID=2224) to work on /opt/airflow/dags/retail_pipeline_dag.py
[2026-05-03T11:06:11.422+0000] {processor.py:829} INFO - Processing file /opt/airflow/dags/retail_pipeline_dag.py for tasks to queue
[2026-05-03T11:06:11.422+0000] {logging_mixin.py:151} INFO - [2026-05-03T11:06:11.422+0000] {dagbag.py:539} INFO - Filling up the DagBag from /opt/airflow/dags/retail_pipeline_dag.py
[2026-05-03T11:06:11.441+0000] {processor.py:839} INFO - DAG(s) dict_keys(['retail_pipeline']) retrieved from /opt/airflow/dags/retail_pipeline_dag.py
[2026-05-03T11:06:11.467+0000] {logging_mixin.py:151} INFO - [2026-05-03T11:06:11.467+0000] {dag.py:2915} INFO - Sync 1 DAGs
[2026-05-03T11:06:11.482+0000] {logging_mixin.py:151} INFO - [2026-05-03T11:06:11.481+0000] {dag.py:3696} INFO - Setting next_dagrun for retail_pipeline to 2026-05-03T00:30:00+00:00, run_after=2026-05-04T00:30:00+00:00
[2026-05-03T11:06:11.489+0000] {processor.py:179} INFO - Processing /opt/airflow/dags/retail_pipeline_dag.py took 0.074 seconds
[2026-05-03T11:06:41.745+0000] {processor.py:157} INFO - Started process (PID=2234) to work on /opt/airflow/dags/retail_pipeline_dag.py
[2026-05-03T11:06:41.746+0000] {processor.py:829} INFO - Processing file /opt/airflow/dags/retail_pipeline_dag.py for tasks to queue
[2026-05-03T11:06:41.749+0000] {logging_mixin.py:151} INFO - [2026-05-03T11:06:41.749+0000] {dagbag.py:539} INFO - Filling up the DagBag from /opt/airflow/dags/retail_pipeline_dag.py
[2026-05-03T11:06:41.764+0000] {processor.py:839} INFO - DAG(s) dict_keys(['retail_pipeline']) retrieved from /opt/airflow/dags/retail_pipeline_dag.py
[2026-05-03T11:06:41.778+0000] {logging_mixin.py:151} INFO - [2026-05-03T11:06:41.778+0000] {dag.py:2915} INFO - Sync 1 DAGs
[2026-05-03T11:06:41.793+0000] {logging_mixin.py:151} INFO - [2026-05-03T11:06:41.793+0000] {dag.py:3696} INFO - Setting next_dagrun for retail_pipeline to 2026-05-03T00:30:00+00:00, run_after=2026-05-04T00:30:00+00:00
[2026-05-03T11:06:41.803+0000] {processor.py:179} INFO - Processing /opt/airflow/dags/retail_pipeline_dag.py took 0.061 seconds
[2026-05-03T11:07:12.069+0000] {processor.py:157} INFO - Started process (PID=2244) to work on /opt/airflow/dags/retail_pipeline_dag.py
[2026-05-03T11:07:12.070+0000] {processor.py:829} INFO - Processing file /opt/airflow/dags/retail_pipeline_dag.py for tasks to queue
[2026-05-03T11:07:12.071+0000] {logging_mixin.py:151} INFO - [2026-05-03T11:07:12.070+0000] {dagbag.py:539} INFO - Filling up the DagBag from /opt/airflow/dags/retail_pipeline_dag.py
[2026-05-03T11:07:12.084+0000] {processor.py:839} INFO - DAG(s) dict_keys(['retail_pipeline']) retrieved from /opt/airflow/dags/retail_pipeline_dag.py
[2026-05-03T11:07:12.114+0000] {logging_mixin.py:151} INFO - [2026-05-03T11:07:12.114+0000] {dag.py:2915} INFO - Sync 1 DAGs
[2026-05-03T11:07:12.128+0000] {logging_mixin.py:151} INFO - [2026-05-03T11:07:12.128+0000] {dag.py:3696} INFO - Setting next_dagrun for retail_pipeline to 2026-05-03T00:30:00+00:00, run_after=2026-05-04T00:30:00+00:00
[2026-05-03T11:07:12.135+0000] {processor.py:179} INFO - Processing /opt/airflow/dags/retail_pipeline_dag.py took 0.072 seconds
[2026-05-03T11:07:42.358+0000] {processor.py:157} INFO - Started process (PID=2254) to work on /opt/airflow/dags/retail_pipeline_dag.py
[2026-05-03T11:07:42.358+0000] {processor.py:829} INFO - Processing file /opt/airflow/dags/retail_pipeline_dag.py for tasks to queue
[2026-05-03T11:07:42.360+0000] {logging_mixin.py:151} INFO - [2026-05-03T11:07:42.359+0000] {dagbag.py:539} INFO - Filling up the DagBag from /opt/airflow/dags/retail_pipeline_dag.py
[2026-05-03T11:07:42.373+0000] {processor.py:839} INFO - DAG(s) dict_keys(['retail_pipeline']) retrieved from /opt/airflow/dags/retail_pipeline_dag.py
[2026-05-03T11:07:42.389+0000] {logging_mixin.py:151} INFO - [2026-05-03T11:07:42.389+0000] {dag.py:2915} INFO - Sync 1 DAGs
[2026-05-03T11:07:42.401+0000] {logging_mixin.py:151} INFO - [2026-05-03T11:07:42.401+0000] {dag.py:3696} INFO - Setting next_dagrun for retail_pipeline to 2026-05-03T00:30:00+00:00, run_after=2026-05-04T00:30:00+00:00
[2026-05-03T11:07:42.410+0000] {processor.py:179} INFO - Processing /opt/airflow/dags/retail_pipeline_dag.py took 0.058 seconds
[2026-05-03T11:08:12.684+0000] {processor.py:157} INFO - Started process (PID=2264) to work on /opt/airflow/dags/retail_pipeline_dag.py
[2026-05-03T11:08:12.686+0000] {processor.py:829} INFO - Processing file /opt/airflow/dags/retail_pipeline_dag.py for tasks to queue
[2026-05-03T11:08:12.688+0000] {logging_mixin.py:151} INFO - [2026-05-03T11:08:12.688+0000] {dagbag.py:539} INFO - Filling up the DagBag from /opt/airflow/dags/retail_pipeline_dag.py
[2026-05-03T11:08:12.707+0000] {processor.py:839} INFO - DAG(s) dict_keys(['retail_pipeline']) retrieved from /opt/airflow/dags/retail_pipeline_dag.py
[2026-05-03T11:08:12.738+0000] {logging_mixin.py:151} INFO - [2026-05-03T11:08:12.738+0000] {dag.py:2915} INFO - Sync 1 DAGs
[2026-05-03T11:08:12.752+0000] {logging_mixin.py:151} INFO - [2026-05-03T11:08:12.752+0000] {dag.py:3696} INFO - Setting next_dagrun for retail_pipeline to 2026-05-03T00:30:00+00:00, run_after=2026-05-04T00:30:00+00:00
[2026-05-03T11:08:12.763+0000] {processor.py:179} INFO - Processing /opt/airflow/dags/retail_pipeline_dag.py took 0.082 seconds
[2026-05-03T11:08:43.021+0000] {processor.py:157} INFO - Started process (PID=2274) to work on /opt/airflow/dags/retail_pipeline_dag.py
[2026-05-03T11:08:43.021+0000] {processor.py:829} INFO - Processing file /opt/airflow/dags/retail_pipeline_dag.py for tasks to queue
[2026-05-03T11:08:43.022+0000] {logging_mixin.py:151} INFO - [2026-05-03T11:08:43.022+0000] {dagbag.py:539} INFO - Filling up the DagBag from /opt/airflow/dags/retail_pipeline_dag.py
[2026-05-03T11:08:43.034+0000] {processor.py:839} INFO - DAG(s) dict_keys(['retail_pipeline']) retrieved from /opt/airflow/dags/retail_pipeline_dag.py
[2026-05-03T11:08:43.061+0000] {logging_mixin.py:151} INFO - [2026-05-03T11:08:43.061+0000] {dag.py:2915} INFO - Sync 1 DAGs
[2026-05-03T11:08:43.075+0000] {logging_mixin.py:151} INFO - [2026-05-03T11:08:43.074+0000] {dag.py:3696} INFO - Setting next_dagrun for retail_pipeline to 2026-05-03T00:30:00+00:00, run_after=2026-05-04T00:30:00+00:00
[2026-05-03T11:08:43.082+0000] {processor.py:179} INFO - Processing /opt/airflow/dags/retail_pipeline_dag.py took 0.065 seconds
[2026-05-03T11:09:13.318+0000] {processor.py:157} INFO - Started process (PID=2284) to work on /opt/airflow/dags/retail_pipeline_dag.py
[2026-05-03T11:09:13.319+0000] {processor.py:829} INFO - Processing file /opt/airflow/dags/retail_pipeline_dag.py for tasks to queue
[2026-05-03T11:09:13.322+0000] {logging_mixin.py:151} INFO - [2026-05-03T11:09:13.322+0000] {dagbag.py:539} INFO - Filling up the DagBag from /opt/airflow/dags/retail_pipeline_dag.py
[2026-05-03T11:09:13.330+0000] {processor.py:839} INFO - DAG(s) dict_keys(['retail_pipeline']) retrieved from /opt/airflow/dags/retail_pipeline_dag.py
[2026-05-03T11:09:13.345+0000] {logging_mixin.py:151} INFO - [2026-05-03T11:09:13.345+0000] {dag.py:2915} INFO - Sync 1 DAGs
[2026-05-03T11:09:13.356+0000] {logging_mixin.py:151} INFO - [2026-05-03T11:09:13.356+0000] {dag.py:3696} INFO - Setting next_dagrun for retail_pipeline to 2026-05-03T00:30:00+00:00, run_after=2026-05-04T00:30:00+00:00
[2026-05-03T11:09:13.366+0000] {processor.py:179} INFO - Processing /opt/airflow/dags/retail_pipeline_dag.py took 0.050 seconds
[2026-05-03T11:09:43.613+0000] {processor.py:157} INFO - Started process (PID=2294) to work on /opt/airflow/dags/retail_pipeline_dag.py
[2026-05-03T11:09:43.614+0000] {processor.py:829} INFO - Processing file /opt/airflow/dags/retail_pipeline_dag.py for tasks to queue
[2026-05-03T11:09:43.615+0000] {logging_mixin.py:151} INFO - [2026-05-03T11:09:43.615+0000] {dagbag.py:539} INFO - Filling up the DagBag from /opt/airflow/dags/retail_pipeline_dag.py
[2026-05-03T11:09:43.636+0000] {processor.py:839} INFO - DAG(s) dict_keys(['retail_pipeline']) retrieved from /opt/airflow/dags/retail_pipeline_dag.py
[2026-05-03T11:09:43.670+0000] {logging_mixin.py:151} INFO - [2026-05-03T11:09:43.670+0000] {dag.py:2915} INFO - Sync 1 DAGs
[2026-05-03T11:09:43.685+0000] {logging_mixin.py:151} INFO - [2026-05-03T11:09:43.685+0000] {dag.py:3696} INFO - Setting next_dagrun for retail_pipeline to 2026-05-03T00:30:00+00:00, run_after=2026-05-04T00:30:00+00:00
[2026-05-03T11:09:43.692+0000] {processor.py:179} INFO - Processing /opt/airflow/dags/retail_pipeline_dag.py took 0.083 seconds
[2026-05-03T11:10:13.854+0000] {processor.py:157} INFO - Started process (PID=2304) to work on /opt/airflow/dags/retail_pipeline_dag.py
[2026-05-03T11:10:13.856+0000] {processor.py:829} INFO - Processing file /opt/airflow/dags/retail_pipeline_dag.py for tasks to queue
[2026-05-03T11:10:13.858+0000] {logging_mixin.py:151} INFO - [2026-05-03T11:10:13.857+0000] {dagbag.py:539} INFO - Filling up the DagBag from /opt/airflow/dags/retail_pipeline_dag.py
[2026-05-03T11:10:13.868+0000] {processor.py:839} INFO - DAG(s) dict_keys(['retail_pipeline']) retrieved from /opt/airflow/dags/retail_pipeline_dag.py
[2026-05-03T11:10:13.884+0000] {logging_mixin.py:151} INFO - [2026-05-03T11:10:13.884+0000] {dag.py:2915} INFO - Sync 1 DAGs
[2026-05-03T11:10:13.895+0000] {logging_mixin.py:151} INFO - [2026-05-03T11:10:13.895+0000] {dag.py:3696} INFO - Setting next_dagrun for retail_pipeline to 2026-05-03T00:30:00+00:00, run_after=2026-05-04T00:30:00+00:00
[2026-05-03T11:10:13.902+0000] {processor.py:179} INFO - Processing /opt/airflow/dags/retail_pipeline_dag.py took 0.052 seconds
[2026-05-03T11:10:44.179+0000] {processor.py:157} INFO - Started process (PID=2314) to work on /opt/airflow/dags/retail_pipeline_dag.py
[2026-05-03T11:10:44.179+0000] {processor.py:829} INFO - Processing file /opt/airflow/dags/retail_pipeline_dag.py for tasks to queue
[2026-05-03T11:10:44.182+0000] {logging_mixin.py:151} INFO - [2026-05-03T11:10:44.181+0000] {dagbag.py:539} INFO - Filling up the DagBag from /opt/airflow/dags/retail_pipeline_dag.py
[2026-05-03T11:10:44.201+0000] {processor.py:839} INFO - DAG(s) dict_keys(['retail_pipeline']) retrieved from /opt/airflow/dags/retail_pipeline_dag.py
[2026-05-03T11:10:44.225+0000] {logging_mixin.py:151} INFO - [2026-05-03T11:10:44.225+0000] {dag.py:2915} INFO - Sync 1 DAGs
[2026-05-03T11:10:44.237+0000] {logging_mixin.py:151} INFO - [2026-05-03T11:10:44.237+0000] {dag.py:3696} INFO - Setting next_dagrun for retail_pipeline to 2026-05-03T00:30:00+00:00, run_after=2026-05-04T00:30:00+00:00
[2026-05-03T11:10:44.244+0000] {processor.py:179} INFO - Processing /opt/airflow/dags/retail_pipeline_dag.py took 0.068 seconds
[2026-05-03T11:11:14.494+0000] {processor.py:157} INFO - Started process (PID=2324) to work on /opt/airflow/dags/retail_pipeline_dag.py
[2026-05-03T11:11:14.498+0000] {processor.py:829} INFO - Processing file /opt/airflow/dags/retail_pipeline_dag.py for tasks to queue
[2026-05-03T11:11:14.498+0000] {logging_mixin.py:151} INFO - [2026-05-03T11:11:14.498+0000] {dagbag.py:539} INFO - Filling up the DagBag from /opt/airflow/dags/retail_pipeline_dag.py
[2026-05-03T11:11:14.507+0000] {processor.py:839} INFO - DAG(s) dict_keys(['retail_pipeline']) retrieved from /opt/airflow/dags/retail_pipeline_dag.py
[2026-05-03T11:11:14.524+0000] {logging_mixin.py:151} INFO - [2026-05-03T11:11:14.524+0000] {dag.py:2915} INFO - Sync 1 DAGs
[2026-05-03T11:11:14.534+0000] {logging_mixin.py:151} INFO - [2026-05-03T11:11:14.533+0000] {dag.py:3696} INFO - Setting next_dagrun for retail_pipeline to 2026-05-03T00:30:00+00:00, run_after=2026-05-04T00:30:00+00:00
[2026-05-03T11:11:14.540+0000] {processor.py:179} INFO - Processing /opt/airflow/dags/retail_pipeline_dag.py took 0.050 seconds
[2026-05-03T11:11:44.789+0000] {processor.py:157} INFO - Started process (PID=2334) to work on /opt/airflow/dags/retail_pipeline_dag.py
[2026-05-03T11:11:44.789+0000] {processor.py:829} INFO - Processing file /opt/airflow/dags/retail_pipeline_dag.py for tasks to queue
[2026-05-03T11:11:44.790+0000] {logging_mixin.py:151} INFO - [2026-05-03T11:11:44.790+0000] {dagbag.py:539} INFO - Filling up the DagBag from /opt/airflow/dags/retail_pipeline_dag.py
[2026-05-03T11:11:44.802+0000] {processor.py:839} INFO - DAG(s) dict_keys(['retail_pipeline']) retrieved from /opt/airflow/dags/retail_pipeline_dag.py
[2026-05-03T11:11:44.819+0000] {logging_mixin.py:151} INFO - [2026-05-03T11:11:44.819+0000] {dag.py:2915} INFO - Sync 1 DAGs
[2026-05-03T11:11:44.830+0000] {logging_mixin.py:151} INFO - [2026-05-03T11:11:44.829+0000] {dag.py:3696} INFO - Setting next_dagrun for retail_pipeline to 2026-05-03T00:30:00+00:00, run_after=2026-05-04T00:30:00+00:00
[2026-05-03T11:11:44.836+0000] {processor.py:179} INFO - Processing /opt/airflow/dags/retail_pipeline_dag.py took 0.051 seconds
[2026-05-03T11:12:15.034+0000] {processor.py:157} INFO - Started process (PID=2344) to work on /opt/airflow/dags/retail_pipeline_dag.py
[2026-05-03T11:12:15.035+0000] {processor.py:829} INFO - Processing file /opt/airflow/dags/retail_pipeline_dag.py for tasks to queue
[2026-05-03T11:12:15.036+0000] {logging_mixin.py:151} INFO - [2026-05-03T11:12:15.036+0000] {dagbag.py:539} INFO - Filling up the DagBag from /opt/airflow/dags/retail_pipeline_dag.py
[2026-05-03T11:12:15.051+0000] {processor.py:839} INFO - DAG(s) dict_keys(['retail_pipeline']) retrieved from /opt/airflow/dags/retail_pipeline_dag.py
[2026-05-03T11:12:15.081+0000] {logging_mixin.py:151} INFO - [2026-05-03T11:12:15.081+0000] {dag.py:2915} INFO - Sync 1 DAGs
[2026-05-03T11:12:15.097+0000] {logging_mixin.py:151} INFO - [2026-05-03T11:12:15.096+0000] {dag.py:3696} INFO - Setting next_dagrun for retail_pipeline to 2026-05-03T00:30:00+00:00, run_after=2026-05-04T00:30:00+00:00
[2026-05-03T11:12:15.104+0000] {processor.py:179} INFO - Processing /opt/airflow/dags/retail_pipeline_dag.py took 0.074 seconds
[2026-05-03T11:12:45.297+0000] {processor.py:157} INFO - Started process (PID=2354) to work on /opt/airflow/dags/retail_pipeline_dag.py
[2026-05-03T11:12:45.299+0000] {processor.py:829} INFO - Processing file /opt/airflow/dags/retail_pipeline_dag.py for tasks to queue
[2026-05-03T11:12:45.301+0000] {logging_mixin.py:151} INFO - [2026-05-03T11:12:45.301+0000] {dagbag.py:539} INFO - Filling up the DagBag from /opt/airflow/dags/retail_pipeline_dag.py
[2026-05-03T11:12:45.316+0000] {processor.py:839} INFO - DAG(s) dict_keys(['retail_pipeline']) retrieved from /opt/airflow/dags/retail_pipeline_dag.py
[2026-05-03T11:12:45.336+0000] {logging_mixin.py:151} INFO - [2026-05-03T11:12:45.336+0000] {dag.py:2915} INFO - Sync 1 DAGs
[2026-05-03T11:12:45.348+0000] {logging_mixin.py:151} INFO - [2026-05-03T11:12:45.347+0000] {dag.py:3696} INFO - Setting next_dagrun for retail_pipeline to 2026-05-03T00:30:00+00:00, run_after=2026-05-04T00:30:00+00:00
[2026-05-03T11:12:45.355+0000] {processor.py:179} INFO - Processing /opt/airflow/dags/retail_pipeline_dag.py took 0.062 seconds
[2026-05-03T11:13:15.578+0000] {processor.py:157} INFO - Started process (PID=2364) to work on /opt/airflow/dags/retail_pipeline_dag.py
[2026-05-03T11:13:15.579+0000] {processor.py:829} INFO - Processing file /opt/airflow/dags/retail_pipeline_dag.py for tasks to queue
[2026-05-03T11:13:15.579+0000] {logging_mixin.py:151} INFO - [2026-05-03T11:13:15.579+0000] {dagbag.py:539} INFO - Filling up the DagBag from /opt/airflow/dags/retail_pipeline_dag.py
[2026-05-03T11:13:15.589+0000] {processor.py:839} INFO - DAG(s) dict_keys(['retail_pipeline']) retrieved from /opt/airflow/dags/retail_pipeline_dag.py
[2026-05-03T11:13:15.610+0000] {logging_mixin.py:151} INFO - [2026-05-03T11:13:15.609+0000] {dag.py:2915} INFO - Sync 1 DAGs
[2026-05-03T11:13:15.619+0000] {logging_mixin.py:151} INFO - [2026-05-03T11:13:15.619+0000] {dag.py:3696} INFO - Setting next_dagrun for retail_pipeline to 2026-05-03T00:30:00+00:00, run_after=2026-05-04T00:30:00+00:00
[2026-05-03T11:13:15.625+0000] {processor.py:179} INFO - Processing /opt/airflow/dags/retail_pipeline_dag.py took 0.051 seconds
[2026-05-03T11:13:45.873+0000] {processor.py:157} INFO - Started process (PID=2374) to work on /opt/airflow/dags/retail_pipeline_dag.py
[2026-05-03T11:13:45.875+0000] {processor.py:829} INFO - Processing file /opt/airflow/dags/retail_pipeline_dag.py for tasks to queue
[2026-05-03T11:13:45.878+0000] {logging_mixin.py:151} INFO - [2026-05-03T11:13:45.877+0000] {dagbag.py:539} INFO - Filling up the DagBag from /opt/airflow/dags/retail_pipeline_dag.py
[2026-05-03T11:13:45.892+0000] {processor.py:839} INFO - DAG(s) dict_keys(['retail_pipeline']) retrieved from /opt/airflow/dags/retail_pipeline_dag.py
[2026-05-03T11:13:45.920+0000] {logging_mixin.py:151} INFO - [2026-05-03T11:13:45.920+0000] {dag.py:2915} INFO - Sync 1 DAGs
[2026-05-03T11:13:45.934+0000] {logging_mixin.py:151} INFO - [2026-05-03T11:13:45.934+0000] {dag.py:3696} INFO - Setting next_dagrun for retail_pipeline to 2026-05-03T00:30:00+00:00, run_after=2026-05-04T00:30:00+00:00
[2026-05-03T11:13:45.941+0000] {processor.py:179} INFO - Processing /opt/airflow/dags/retail_pipeline_dag.py took 0.078 seconds
[2026-05-03T11:14:16.143+0000] {processor.py:157} INFO - Started process (PID=2384) to work on /opt/airflow/dags/retail_pipeline_dag.py
[2026-05-03T11:14:16.146+0000] {processor.py:829} INFO - Processing file /opt/airflow/dags/retail_pipeline_dag.py for tasks to queue
[2026-05-03T11:14:16.147+0000] {logging_mixin.py:151} INFO - [2026-05-03T11:14:16.146+0000] {dagbag.py:539} INFO - Filling up the DagBag from /opt/airflow/dags/retail_pipeline_dag.py
[2026-05-03T11:14:16.161+0000] {processor.py:839} INFO - DAG(s) dict_keys(['retail_pipeline']) retrieved from /opt/airflow/dags/retail_pipeline_dag.py
[2026-05-03T11:14:16.179+0000] {logging_mixin.py:151} INFO - [2026-05-03T11:14:16.179+0000] {dag.py:2915} INFO - Sync 1 DAGs
[2026-05-03T11:14:16.187+0000] {logging_mixin.py:151} INFO - [2026-05-03T11:14:16.187+0000] {dag.py:3696} INFO - Setting next_dagrun for retail_pipeline to 2026-05-03T00:30:00+00:00, run_after=2026-05-04T00:30:00+00:00
[2026-05-03T11:14:16.193+0000] {processor.py:179} INFO - Processing /opt/airflow/dags/retail_pipeline_dag.py took 0.055 seconds
[2026-05-03T11:14:46.509+0000] {processor.py:157} INFO - Started process (PID=2394) to work on /opt/airflow/dags/retail_pipeline_dag.py
[2026-05-03T11:14:46.509+0000] {processor.py:829} INFO - Processing file /opt/airflow/dags/retail_pipeline_dag.py for tasks to queue
[2026-05-03T11:14:46.510+0000] {logging_mixin.py:151} INFO - [2026-05-03T11:14:46.509+0000] {dagbag.py:539} INFO - Filling up the DagBag from /opt/airflow/dags/retail_pipeline_dag.py
[2026-05-03T11:14:46.528+0000] {processor.py:839} INFO - DAG(s) dict_keys(['retail_pipeline']) retrieved from /opt/airflow/dags/retail_pipeline_dag.py
[2026-05-03T11:14:46.558+0000] {logging_mixin.py:151} INFO - [2026-05-03T11:14:46.558+0000] {dag.py:2915} INFO - Sync 1 DAGs
[2026-05-03T11:14:46.571+0000] {logging_mixin.py:151} INFO - [2026-05-03T11:14:46.571+0000] {dag.py:3696} INFO - Setting next_dagrun for retail_pipeline to 2026-05-03T00:30:00+00:00, run_after=2026-05-04T00:30:00+00:00
[2026-05-03T11:14:46.580+0000] {processor.py:179} INFO - Processing /opt/airflow/dags/retail_pipeline_dag.py took 0.075 seconds
[2026-05-03T11:15:16.809+0000] {processor.py:157} INFO - Started process (PID=2404) to work on /opt/airflow/dags/retail_pipeline_dag.py
[2026-05-03T11:15:16.810+0000] {processor.py:829} INFO - Processing file /opt/airflow/dags/retail_pipeline_dag.py for tasks to queue
[2026-05-03T11:15:16.811+0000] {logging_mixin.py:151} INFO - [2026-05-03T11:15:16.810+0000] {dagbag.py:539} INFO - Filling up the DagBag from /opt/airflow/dags/retail_pipeline_dag.py
[2026-05-03T11:15:16.824+0000] {processor.py:839} INFO - DAG(s) dict_keys(['retail_pipeline']) retrieved from /opt/airflow/dags/retail_pipeline_dag.py
[2026-05-03T11:15:16.840+0000] {logging_mixin.py:151} INFO - [2026-05-03T11:15:16.840+0000] {dag.py:2915} INFO - Sync 1 DAGs
[2026-05-03T11:15:16.851+0000] {logging_mixin.py:151} INFO - [2026-05-03T11:15:16.851+0000] {dag.py:3696} INFO - Setting next_dagrun for retail_pipeline to 2026-05-03T00:30:00+00:00, run_after=2026-05-04T00:30:00+00:00
[2026-05-03T11:15:16.858+0000] {processor.py:179} INFO - Processing /opt/airflow/dags/retail_pipeline_dag.py took 0.058 seconds
[2026-05-03T11:15:47.124+0000] {processor.py:157} INFO - Started process (PID=2414) to work on /opt/airflow/dags/retail_pipeline_dag.py
[2026-05-03T11:15:47.125+0000] {processor.py:829} INFO - Processing file /opt/airflow/dags/retail_pipeline_dag.py for tasks to queue
[2026-05-03T11:15:47.126+0000] {logging_mixin.py:151} INFO - [2026-05-03T11:15:47.125+0000] {dagbag.py:539} INFO - Filling up the DagBag from /opt/airflow/dags/retail_pipeline_dag.py
[2026-05-03T11:15:47.148+0000] {processor.py:839} INFO - DAG(s) dict_keys(['retail_pipeline']) retrieved from /opt/airflow/dags/retail_pipeline_dag.py
[2026-05-03T11:15:47.173+0000] {logging_mixin.py:151} INFO - [2026-05-03T11:15:47.173+0000] {dag.py:2915} INFO - Sync 1 DAGs
[2026-05-03T11:15:47.186+0000] {logging_mixin.py:151} INFO - [2026-05-03T11:15:47.186+0000] {dag.py:3696} INFO - Setting next_dagrun for retail_pipeline to 2026-05-03T00:30:00+00:00, run_after=2026-05-04T00:30:00+00:00
[2026-05-03T11:15:47.193+0000] {processor.py:179} INFO - Processing /opt/airflow/dags/retail_pipeline_dag.py took 0.077 seconds
[2026-05-03T11:16:17.473+0000] {processor.py:157} INFO - Started process (PID=2424) to work on /opt/airflow/dags/retail_pipeline_dag.py
[2026-05-03T11:16:17.474+0000] {processor.py:829} INFO - Processing file /opt/airflow/dags/retail_pipeline_dag.py for tasks to queue
[2026-05-03T11:16:17.475+0000] {logging_mixin.py:151} INFO - [2026-05-03T11:16:17.475+0000] {dagbag.py:539} INFO - Filling up the DagBag from /opt/airflow/dags/retail_pipeline_dag.py
[2026-05-03T11:16:17.484+0000] {processor.py:839} INFO - DAG(s) dict_keys(['retail_pipeline']) retrieved from /opt/airflow/dags/retail_pipeline_dag.py
[2026-05-03T11:16:17.501+0000] {logging_mixin.py:151} INFO - [2026-05-03T11:16:17.501+0000] {dag.py:2915} INFO - Sync 1 DAGs
[2026-05-03T11:16:17.511+0000] {logging_mixin.py:151} INFO - [2026-05-03T11:16:17.511+0000] {dag.py:3696} INFO - Setting next_dagrun for retail_pipeline to 2026-05-03T00:30:00+00:00, run_after=2026-05-04T00:30:00+00:00
[2026-05-03T11:16:17.517+0000] {processor.py:179} INFO - Processing /opt/airflow/dags/retail_pipeline_dag.py took 0.047 seconds
[2026-05-03T11:16:47.824+0000] {processor.py:157} INFO - Started process (PID=2434) to work on /opt/airflow/dags/retail_pipeline_dag.py
[2026-05-03T11:16:47.825+0000] {processor.py:829} INFO - Processing file /opt/airflow/dags/retail_pipeline_dag.py for tasks to queue
[2026-05-03T11:16:47.826+0000] {logging_mixin.py:151} INFO - [2026-05-03T11:16:47.825+0000] {dagbag.py:539} INFO - Filling up the DagBag from /opt/airflow/dags/retail_pipeline_dag.py
[2026-05-03T11:16:47.844+0000] {processor.py:839} INFO - DAG(s) dict_keys(['retail_pipeline']) retrieved from /opt/airflow/dags/retail_pipeline_dag.py
[2026-05-03T11:16:47.872+0000] {logging_mixin.py:151} INFO - [2026-05-03T11:16:47.872+0000] {dag.py:2915} INFO - Sync 1 DAGs
[2026-05-03T11:16:47.886+0000] {logging_mixin.py:151} INFO - [2026-05-03T11:16:47.886+0000] {dag.py:3696} INFO - Setting next_dagrun for retail_pipeline to 2026-05-03T00:30:00+00:00, run_after=2026-05-04T00:30:00+00:00
[2026-05-03T11:16:47.894+0000] {processor.py:179} INFO - Processing /opt/airflow/dags/retail_pipeline_dag.py took 0.075 seconds
[2026-05-03T11:17:18.096+0000] {processor.py:157} INFO - Started process (PID=2444) to work on /opt/airflow/dags/retail_pipeline_dag.py
[2026-05-03T11:17:18.096+0000] {processor.py:829} INFO - Processing file /opt/airflow/dags/retail_pipeline_dag.py for tasks to queue
[2026-05-03T11:17:18.097+0000] {logging_mixin.py:151} INFO - [2026-05-03T11:17:18.097+0000] {dagbag.py:539} INFO - Filling up the DagBag from /opt/airflow/dags/retail_pipeline_dag.py
[2026-05-03T11:17:18.105+0000] {processor.py:839} INFO - DAG(s) dict_keys(['retail_pipeline']) retrieved from /opt/airflow/dags/retail_pipeline_dag.py
[2026-05-03T11:17:18.123+0000] {logging_mixin.py:151} INFO - [2026-05-03T11:17:18.123+0000] {dag.py:2915} INFO - Sync 1 DAGs
[2026-05-03T11:17:18.134+0000] {logging_mixin.py:151} INFO - [2026-05-03T11:17:18.134+0000] {dag.py:3696} INFO - Setting next_dagrun for retail_pipeline to 2026-05-03T00:30:00+00:00, run_after=2026-05-04T00:30:00+00:00
[2026-05-03T11:17:18.141+0000] {processor.py:179} INFO - Processing /opt/airflow/dags/retail_pipeline_dag.py took 0.049 seconds
[2026-05-03T11:17:48.387+0000] {processor.py:157} INFO - Started process (PID=2454) to work on /opt/airflow/dags/retail_pipeline_dag.py
[2026-05-03T11:17:48.388+0000] {processor.py:829} INFO - Processing file /opt/airflow/dags/retail_pipeline_dag.py for tasks to queue
[2026-05-03T11:17:48.389+0000] {logging_mixin.py:151} INFO - [2026-05-03T11:17:48.388+0000] {dagbag.py:539} INFO - Filling up the DagBag from /opt/airflow/dags/retail_pipeline_dag.py
[2026-05-03T11:17:48.402+0000] {processor.py:839} INFO - DAG(s) dict_keys(['retail_pipeline']) retrieved from /opt/airflow/dags/retail_pipeline_dag.py
[2026-05-03T11:17:48.425+0000] {logging_mixin.py:151} INFO - [2026-05-03T11:17:48.425+0000] {dag.py:2915} INFO - Sync 1 DAGs
[2026-05-03T11:17:48.440+0000] {logging_mixin.py:151} INFO - [2026-05-03T11:17:48.440+0000] {dag.py:3696} INFO - Setting next_dagrun for retail_pipeline to 2026-05-03T00:30:00+00:00, run_after=2026-05-04T00:30:00+00:00
[2026-05-03T11:17:48.447+0000] {processor.py:179} INFO - Processing /opt/airflow/dags/retail_pipeline_dag.py took 0.064 seconds
[2026-05-03T11:18:18.699+0000] {processor.py:157} INFO - Started process (PID=2464) to work on /opt/airflow/dags/retail_pipeline_dag.py
[2026-05-03T11:18:18.699+0000] {processor.py:829} INFO - Processing file /opt/airflow/dags/retail_pipeline_dag.py for tasks to queue
[2026-05-03T11:18:18.700+0000] {logging_mixin.py:151} INFO - [2026-05-03T11:18:18.700+0000] {dagbag.py:539} INFO - Filling up the DagBag from /opt/airflow/dags/retail_pipeline_dag.py
[2026-05-03T11:18:18.721+0000] {processor.py:839} INFO - DAG(s) dict_keys(['retail_pipeline']) retrieved from /opt/airflow/dags/retail_pipeline_dag.py
[2026-05-03T11:18:18.755+0000] {logging_mixin.py:151} INFO - [2026-05-03T11:18:18.755+0000] {dag.py:2915} INFO - Sync 1 DAGs
[2026-05-03T11:18:18.768+0000] {logging_mixin.py:151} INFO - [2026-05-03T11:18:18.768+0000] {dag.py:3696} INFO - Setting next_dagrun for retail_pipeline to 2026-05-03T00:30:00+00:00, run_after=2026-05-04T00:30:00+00:00
[2026-05-03T11:18:18.774+0000] {processor.py:179} INFO - Processing /opt/airflow/dags/retail_pipeline_dag.py took 0.079 seconds
[2026-05-03T11:18:48.976+0000] {processor.py:157} INFO - Started process (PID=2474) to work on /opt/airflow/dags/retail_pipeline_dag.py
[2026-05-03T11:18:48.977+0000] {processor.py:829} INFO - Processing file /opt/airflow/dags/retail_pipeline_dag.py for tasks to queue
[2026-05-03T11:18:48.978+0000] {logging_mixin.py:151} INFO - [2026-05-03T11:18:48.978+0000] {dagbag.py:539} INFO - Filling up the DagBag from /opt/airflow/dags/retail_pipeline_dag.py
[2026-05-03T11:18:48.987+0000] {processor.py:839} INFO - DAG(s) dict_keys(['retail_pipeline']) retrieved from /opt/airflow/dags/retail_pipeline_dag.py
[2026-05-03T11:18:49.005+0000] {logging_mixin.py:151} INFO - [2026-05-03T11:18:49.005+0000] {dag.py:2915} INFO - Sync 1 DAGs
[2026-05-03T11:18:49.016+0000] {logging_mixin.py:151} INFO - [2026-05-03T11:18:49.016+0000] {dag.py:3696} INFO - Setting next_dagrun for retail_pipeline to 2026-05-03T00:30:00+00:00, run_after=2026-05-04T00:30:00+00:00
[2026-05-03T11:18:49.025+0000] {processor.py:179} INFO - Processing /opt/airflow/dags/retail_pipeline_dag.py took 0.052 seconds
[2026-05-03T11:19:19.273+0000] {processor.py:157} INFO - Started process (PID=2484) to work on /opt/airflow/dags/retail_pipeline_dag.py
[2026-05-03T11:19:19.274+0000] {processor.py:829} INFO - Processing file /opt/airflow/dags/retail_pipeline_dag.py for tasks to queue
[2026-05-03T11:19:19.275+0000] {logging_mixin.py:151} INFO - [2026-05-03T11:19:19.275+0000] {dagbag.py:539} INFO - Filling up the DagBag from /opt/airflow/dags/retail_pipeline_dag.py
[2026-05-03T11:19:19.288+0000] {processor.py:839} INFO - DAG(s) dict_keys(['retail_pipeline']) retrieved from /opt/airflow/dags/retail_pipeline_dag.py
[2026-05-03T11:19:19.310+0000] {logging_mixin.py:151} INFO - [2026-05-03T11:19:19.309+0000] {dag.py:2915} INFO - Sync 1 DAGs
[2026-05-03T11:19:19.321+0000] {logging_mixin.py:151} INFO - [2026-05-03T11:19:19.321+0000] {dag.py:3696} INFO - Setting next_dagrun for retail_pipeline to 2026-05-03T00:30:00+00:00, run_after=2026-05-04T00:30:00+00:00
[2026-05-03T11:19:19.327+0000] {processor.py:179} INFO - Processing /opt/airflow/dags/retail_pipeline_dag.py took 0.059 seconds
[2026-05-03T11:19:49.560+0000] {processor.py:157} INFO - Started process (PID=2494) to work on /opt/airflow/dags/retail_pipeline_dag.py
[2026-05-03T11:19:49.560+0000] {processor.py:829} INFO - Processing file /opt/airflow/dags/retail_pipeline_dag.py for tasks to queue
[2026-05-03T11:19:49.562+0000] {logging_mixin.py:151} INFO - [2026-05-03T11:19:49.561+0000] {dagbag.py:539} INFO - Filling up the DagBag from /opt/airflow/dags/retail_pipeline_dag.py
[2026-05-03T11:19:49.570+0000] {processor.py:839} INFO - DAG(s) dict_keys(['retail_pipeline']) retrieved from /opt/airflow/dags/retail_pipeline_dag.py
[2026-05-03T11:19:49.589+0000] {logging_mixin.py:151} INFO - [2026-05-03T11:19:49.588+0000] {dag.py:2915} INFO - Sync 1 DAGs
[2026-05-03T11:19:49.598+0000] {logging_mixin.py:151} INFO - [2026-05-03T11:19:49.598+0000] {dag.py:3696} INFO - Setting next_dagrun for retail_pipeline to 2026-05-03T00:30:00+00:00, run_after=2026-05-04T00:30:00+00:00
[2026-05-03T11:19:49.611+0000] {processor.py:179} INFO - Processing /opt/airflow/dags/retail_pipeline_dag.py took 0.056 seconds
[2026-05-03T11:20:19.846+0000] {processor.py:157} INFO - Started process (PID=2504) to work on /opt/airflow/dags/retail_pipeline_dag.py
[2026-05-03T11:20:19.847+0000] {processor.py:829} INFO - Processing file /opt/airflow/dags/retail_pipeline_dag.py for tasks to queue
[2026-05-03T11:20:19.847+0000] {logging_mixin.py:151} INFO - [2026-05-03T11:20:19.847+0000] {dagbag.py:539} INFO - Filling up the DagBag from /opt/airflow/dags/retail_pipeline_dag.py
[2026-05-03T11:20:19.860+0000] {processor.py:839} INFO - DAG(s) dict_keys(['retail_pipeline']) retrieved from /opt/airflow/dags/retail_pipeline_dag.py
[2026-05-03T11:20:19.879+0000] {logging_mixin.py:151} INFO - [2026-05-03T11:20:19.879+0000] {dag.py:2915} INFO - Sync 1 DAGs
[2026-05-03T11:20:19.889+0000] {logging_mixin.py:151} INFO - [2026-05-03T11:20:19.889+0000] {dag.py:3696} INFO - Setting next_dagrun for retail_pipeline to 2026-05-03T00:30:00+00:00, run_after=2026-05-04T00:30:00+00:00
[2026-05-03T11:20:19.895+0000] {processor.py:179} INFO - Processing /opt/airflow/dags/retail_pipeline_dag.py took 0.052 seconds
[2026-05-03T11:20:50.148+0000] {processor.py:157} INFO - Started process (PID=2514) to work on /opt/airflow/dags/retail_pipeline_dag.py
[2026-05-03T11:20:50.149+0000] {processor.py:829} INFO - Processing file /opt/airflow/dags/retail_pipeline_dag.py for tasks to queue
[2026-05-03T11:20:50.150+0000] {logging_mixin.py:151} INFO - [2026-05-03T11:20:50.150+0000] {dagbag.py:539} INFO - Filling up the DagBag from /opt/airflow/dags/retail_pipeline_dag.py
[2026-05-03T11:20:50.162+0000] {processor.py:839} INFO - DAG(s) dict_keys(['retail_pipeline']) retrieved from /opt/airflow/dags/retail_pipeline_dag.py
[2026-05-03T11:20:50.192+0000] {logging_mixin.py:151} INFO - [2026-05-03T11:20:50.192+0000] {dag.py:2915} INFO - Sync 1 DAGs
[2026-05-03T11:20:50.208+0000] {logging_mixin.py:151} INFO - [2026-05-03T11:20:50.207+0000] {dag.py:3696} INFO - Setting next_dagrun for retail_pipeline to 2026-05-03T00:30:00+00:00, run_after=2026-05-04T00:30:00+00:00
[2026-05-03T11:20:50.215+0000] {processor.py:179} INFO - Processing /opt/airflow/dags/retail_pipeline_dag.py took 0.070 seconds
[2026-05-03T11:21:20.427+0000] {processor.py:157} INFO - Started process (PID=2524) to work on /opt/airflow/dags/retail_pipeline_dag.py
[2026-05-03T11:21:20.428+0000] {processor.py:829} INFO - Processing file /opt/airflow/dags/retail_pipeline_dag.py for tasks to queue
[2026-05-03T11:21:20.428+0000] {logging_mixin.py:151} INFO - [2026-05-03T11:21:20.428+0000] {dagbag.py:539} INFO - Filling up the DagBag from /opt/airflow/dags/retail_pipeline_dag.py
[2026-05-03T11:21:20.439+0000] {processor.py:839} INFO - DAG(s) dict_keys(['retail_pipeline']) retrieved from /opt/airflow/dags/retail_pipeline_dag.py
[2026-05-03T11:21:20.455+0000] {logging_mixin.py:151} INFO - [2026-05-03T11:21:20.455+0000] {dag.py:2915} INFO - Sync 1 DAGs
[2026-05-03T11:21:20.465+0000] {logging_mixin.py:151} INFO - [2026-05-03T11:21:20.465+0000] {dag.py:3696} INFO - Setting next_dagrun for retail_pipeline to 2026-05-03T00:30:00+00:00, run_after=2026-05-04T00:30:00+00:00
[2026-05-03T11:21:20.471+0000] {processor.py:179} INFO - Processing /opt/airflow/dags/retail_pipeline_dag.py took 0.048 seconds
[2026-05-03T11:21:50.748+0000] {processor.py:157} INFO - Started process (PID=2534) to work on /opt/airflow/dags/retail_pipeline_dag.py
[2026-05-03T11:21:50.750+0000] {processor.py:829} INFO - Processing file /opt/airflow/dags/retail_pipeline_dag.py for tasks to queue
[2026-05-03T11:21:50.751+0000] {logging_mixin.py:151} INFO - [2026-05-03T11:21:50.751+0000] {dagbag.py:539} INFO - Filling up the DagBag from /opt/airflow/dags/retail_pipeline_dag.py
[2026-05-03T11:21:50.768+0000] {processor.py:839} INFO - DAG(s) dict_keys(['retail_pipeline']) retrieved from /opt/airflow/dags/retail_pipeline_dag.py
[2026-05-03T11:21:50.783+0000] {logging_mixin.py:151} INFO - [2026-05-03T11:21:50.783+0000] {dag.py:2915} INFO - Sync 1 DAGs
[2026-05-03T11:21:50.796+0000] {logging_mixin.py:151} INFO - [2026-05-03T11:21:50.795+0000] {dag.py:3696} INFO - Setting next_dagrun for retail_pipeline to 2026-05-03T00:30:00+00:00, run_after=2026-05-04T00:30:00+00:00
[2026-05-03T11:21:50.803+0000] {processor.py:179} INFO - Processing /opt/airflow/dags/retail_pipeline_dag.py took 0.062 seconds
[2026-05-03T11:22:21.033+0000] {processor.py:157} INFO - Started process (PID=2544) to work on /opt/airflow/dags/retail_pipeline_dag.py
[2026-05-03T11:22:21.034+0000] {processor.py:829} INFO - Processing file /opt/airflow/dags/retail_pipeline_dag.py for tasks to queue
[2026-05-03T11:22:21.035+0000] {logging_mixin.py:151} INFO - [2026-05-03T11:22:21.034+0000] {dagbag.py:539} INFO - Filling up the DagBag from /opt/airflow/dags/retail_pipeline_dag.py
[2026-05-03T11:22:21.046+0000] {processor.py:839} INFO - DAG(s) dict_keys(['retail_pipeline']) retrieved from /opt/airflow/dags/retail_pipeline_dag.py
[2026-05-03T11:22:21.069+0000] {logging_mixin.py:151} INFO - [2026-05-03T11:22:21.068+0000] {dag.py:2915} INFO - Sync 1 DAGs
[2026-05-03T11:22:21.085+0000] {logging_mixin.py:151} INFO - [2026-05-03T11:22:21.085+0000] {dag.py:3696} INFO - Setting next_dagrun for retail_pipeline to 2026-05-03T00:30:00+00:00, run_after=2026-05-04T00:30:00+00:00
[2026-05-03T11:22:21.092+0000] {processor.py:179} INFO - Processing /opt/airflow/dags/retail_pipeline_dag.py took 0.062 seconds
[2026-05-03T11:22:51.316+0000] {processor.py:157} INFO - Started process (PID=2554) to work on /opt/airflow/dags/retail_pipeline_dag.py
[2026-05-03T11:22:51.317+0000] {processor.py:829} INFO - Processing file /opt/airflow/dags/retail_pipeline_dag.py for tasks to queue
[2026-05-03T11:22:51.318+0000] {logging_mixin.py:151} INFO - [2026-05-03T11:22:51.318+0000] {dagbag.py:539} INFO - Filling up the DagBag from /opt/airflow/dags/retail_pipeline_dag.py
[2026-05-03T11:22:51.331+0000] {processor.py:839} INFO - DAG(s) dict_keys(['retail_pipeline']) retrieved from /opt/airflow/dags/retail_pipeline_dag.py
[2026-05-03T11:22:51.352+0000] {logging_mixin.py:151} INFO - [2026-05-03T11:22:51.352+0000] {dag.py:2915} INFO - Sync 1 DAGs
[2026-05-03T11:22:51.365+0000] {logging_mixin.py:151} INFO - [2026-05-03T11:22:51.365+0000] {dag.py:3696} INFO - Setting next_dagrun for retail_pipeline to 2026-05-03T00:30:00+00:00, run_after=2026-05-04T00:30:00+00:00
[2026-05-03T11:22:51.372+0000] {processor.py:179} INFO - Processing /opt/airflow/dags/retail_pipeline_dag.py took 0.060 seconds
[2026-05-03T11:23:21.577+0000] {processor.py:157} INFO - Started process (PID=2564) to work on /opt/airflow/dags/retail_pipeline_dag.py
[2026-05-03T11:23:21.577+0000] {processor.py:829} INFO - Processing file /opt/airflow/dags/retail_pipeline_dag.py for tasks to queue
[2026-05-03T11:23:21.579+0000] {logging_mixin.py:151} INFO - [2026-05-03T11:23:21.579+0000] {dagbag.py:539} INFO - Filling up the DagBag from /opt/airflow/dags/retail_pipeline_dag.py
[2026-05-03T11:23:21.593+0000] {processor.py:839} INFO - DAG(s) dict_keys(['retail_pipeline']) retrieved from /opt/airflow/dags/retail_pipeline_dag.py
[2026-05-03T11:23:21.613+0000] {logging_mixin.py:151} INFO - [2026-05-03T11:23:21.613+0000] {dag.py:2915} INFO - Sync 1 DAGs
[2026-05-03T11:23:21.624+0000] {logging_mixin.py:151} INFO - [2026-05-03T11:23:21.624+0000] {dag.py:3696} INFO - Setting next_dagrun for retail_pipeline to 2026-05-03T00:30:00+00:00, run_after=2026-05-04T00:30:00+00:00
[2026-05-03T11:23:21.631+0000] {processor.py:179} INFO - Processing /opt/airflow/dags/retail_pipeline_dag.py took 0.058 seconds
[2026-05-03T11:23:51.822+0000] {processor.py:157} INFO - Started process (PID=2574) to work on /opt/airflow/dags/retail_pipeline_dag.py
[2026-05-03T11:23:51.823+0000] {processor.py:829} INFO - Processing file /opt/airflow/dags/retail_pipeline_dag.py for tasks to queue
[2026-05-03T11:23:51.825+0000] {logging_mixin.py:151} INFO - [2026-05-03T11:23:51.825+0000] {dagbag.py:539} INFO - Filling up the DagBag from /opt/airflow/dags/retail_pipeline_dag.py
[2026-05-03T11:23:51.834+0000] {processor.py:839} INFO - DAG(s) dict_keys(['retail_pipeline']) retrieved from /opt/airflow/dags/retail_pipeline_dag.py
[2026-05-03T11:23:51.849+0000] {logging_mixin.py:151} INFO - [2026-05-03T11:23:51.849+0000] {dag.py:2915} INFO - Sync 1 DAGs
[2026-05-03T11:23:51.860+0000] {logging_mixin.py:151} INFO - [2026-05-03T11:23:51.859+0000] {dag.py:3696} INFO - Setting next_dagrun for retail_pipeline to 2026-05-03T00:30:00+00:00, run_after=2026-05-04T00:30:00+00:00
[2026-05-03T11:23:51.865+0000] {processor.py:179} INFO - Processing /opt/airflow/dags/retail_pipeline_dag.py took 0.045 seconds
[2026-05-03T11:24:22.230+0000] {processor.py:157} INFO - Started process (PID=2584) to work on /opt/airflow/dags/retail_pipeline_dag.py
[2026-05-03T11:24:22.231+0000] {processor.py:829} INFO - Processing file /opt/airflow/dags/retail_pipeline_dag.py for tasks to queue
[2026-05-03T11:24:22.233+0000] {logging_mixin.py:151} INFO - [2026-05-03T11:24:22.232+0000] {dagbag.py:539} INFO - Filling up the DagBag from /opt/airflow/dags/retail_pipeline_dag.py
[2026-05-03T11:24:22.261+0000] {processor.py:839} INFO - DAG(s) dict_keys(['retail_pipeline']) retrieved from /opt/airflow/dags/retail_pipeline_dag.py
[2026-05-03T11:24:22.295+0000] {logging_mixin.py:151} INFO - [2026-05-03T11:24:22.294+0000] {dag.py:2915} INFO - Sync 1 DAGs
[2026-05-03T11:24:22.307+0000] {logging_mixin.py:151} INFO - [2026-05-03T11:24:22.307+0000] {dag.py:3696} INFO - Setting next_dagrun for retail_pipeline to 2026-05-03T00:30:00+00:00, run_after=2026-05-04T00:30:00+00:00
[2026-05-03T11:24:22.314+0000] {processor.py:179} INFO - Processing /opt/airflow/dags/retail_pipeline_dag.py took 0.097 seconds
[2026-05-03T11:24:52.507+0000] {processor.py:157} INFO - Started process (PID=2593) to work on /opt/airflow/dags/retail_pipeline_dag.py
[2026-05-03T11:24:52.508+0000] {processor.py:829} INFO - Processing file /opt/airflow/dags/retail_pipeline_dag.py for tasks to queue
[2026-05-03T11:24:52.509+0000] {logging_mixin.py:151} INFO - [2026-05-03T11:24:52.508+0000] {dagbag.py:539} INFO - Filling up the DagBag from /opt/airflow/dags/retail_pipeline_dag.py
[2026-05-03T11:24:52.523+0000] {processor.py:839} INFO - DAG(s) dict_keys(['retail_pipeline']) retrieved from /opt/airflow/dags/retail_pipeline_dag.py
[2026-05-03T11:24:52.547+0000] {logging_mixin.py:151} INFO - [2026-05-03T11:24:52.547+0000] {dag.py:2915} INFO - Sync 1 DAGs
[2026-05-03T11:24:52.560+0000] {logging_mixin.py:151} INFO - [2026-05-03T11:24:52.560+0000] {dag.py:3696} INFO - Setting next_dagrun for retail_pipeline to 2026-05-03T00:30:00+00:00, run_after=2026-05-04T00:30:00+00:00
[2026-05-03T11:24:52.567+0000] {processor.py:179} INFO - Processing /opt/airflow/dags/retail_pipeline_dag.py took 0.063 seconds
[2026-05-03T11:25:22.783+0000] {processor.py:157} INFO - Started process (PID=2604) to work on /opt/airflow/dags/retail_pipeline_dag.py
[2026-05-03T11:25:22.784+0000] {processor.py:829} INFO - Processing file /opt/airflow/dags/retail_pipeline_dag.py for tasks to queue
[2026-05-03T11:25:22.785+0000] {logging_mixin.py:151} INFO - [2026-05-03T11:25:22.785+0000] {dagbag.py:539} INFO - Filling up the DagBag from /opt/airflow/dags/retail_pipeline_dag.py
[2026-05-03T11:25:22.809+0000] {processor.py:839} INFO - DAG(s) dict_keys(['retail_pipeline']) retrieved from /opt/airflow/dags/retail_pipeline_dag.py
[2026-05-03T11:25:22.848+0000] {logging_mixin.py:151} INFO - [2026-05-03T11:25:22.847+0000] {dag.py:2915} INFO - Sync 1 DAGs
[2026-05-03T11:25:22.864+0000] {logging_mixin.py:151} INFO - [2026-05-03T11:25:22.864+0000] {dag.py:3696} INFO - Setting next_dagrun for retail_pipeline to 2026-05-03T00:30:00+00:00, run_after=2026-05-04T00:30:00+00:00
[2026-05-03T11:25:22.873+0000] {processor.py:179} INFO - Processing /opt/airflow/dags/retail_pipeline_dag.py took 0.097 seconds
[2026-05-03T11:25:53.040+0000] {processor.py:157} INFO - Started process (PID=2614) to work on /opt/airflow/dags/retail_pipeline_dag.py
[2026-05-03T11:25:53.041+0000] {processor.py:829} INFO - Processing file /opt/airflow/dags/retail_pipeline_dag.py for tasks to queue
[2026-05-03T11:25:53.042+0000] {logging_mixin.py:151} INFO - [2026-05-03T11:25:53.042+0000] {dagbag.py:539} INFO - Filling up the DagBag from /opt/airflow/dags/retail_pipeline_dag.py
[2026-05-03T11:25:53.051+0000] {processor.py:839} INFO - DAG(s) dict_keys(['retail_pipeline']) retrieved from /opt/airflow/dags/retail_pipeline_dag.py
[2026-05-03T11:25:53.068+0000] {logging_mixin.py:151} INFO - [2026-05-03T11:25:53.068+0000] {dag.py:2915} INFO - Sync 1 DAGs
[2026-05-03T11:25:53.079+0000] {logging_mixin.py:151} INFO - [2026-05-03T11:25:53.078+0000] {dag.py:3696} INFO - Setting next_dagrun for retail_pipeline to 2026-05-03T00:30:00+00:00, run_after=2026-05-04T00:30:00+00:00
[2026-05-03T11:25:53.086+0000] {processor.py:179} INFO - Processing /opt/airflow/dags/retail_pipeline_dag.py took 0.049 seconds
[2026-05-03T11:26:23.379+0000] {processor.py:157} INFO - Started process (PID=2624) to work on /opt/airflow/dags/retail_pipeline_dag.py
[2026-05-03T11:26:23.380+0000] {processor.py:829} INFO - Processing file /opt/airflow/dags/retail_pipeline_dag.py for tasks to queue
[2026-05-03T11:26:23.381+0000] {logging_mixin.py:151} INFO - [2026-05-03T11:26:23.380+0000] {dagbag.py:539} INFO - Filling up the DagBag from /opt/airflow/dags/retail_pipeline_dag.py
[2026-05-03T11:26:23.406+0000] {processor.py:839} INFO - DAG(s) dict_keys(['retail_pipeline']) retrieved from /opt/airflow/dags/retail_pipeline_dag.py
[2026-05-03T11:26:23.446+0000] {logging_mixin.py:151} INFO - [2026-05-03T11:26:23.446+0000] {dag.py:2915} INFO - Sync 1 DAGs
[2026-05-03T11:26:23.464+0000] {logging_mixin.py:151} INFO - [2026-05-03T11:26:23.464+0000] {dag.py:3696} INFO - Setting next_dagrun for retail_pipeline to 2026-05-03T00:30:00+00:00, run_after=2026-05-04T00:30:00+00:00
[2026-05-03T11:26:23.473+0000] {processor.py:179} INFO - Processing /opt/airflow/dags/retail_pipeline_dag.py took 0.097 seconds
[2026-05-03T11:26:53.672+0000] {processor.py:157} INFO - Started process (PID=2634) to work on /opt/airflow/dags/retail_pipeline_dag.py
[2026-05-03T11:26:53.672+0000] {processor.py:829} INFO - Processing file /opt/airflow/dags/retail_pipeline_dag.py for tasks to queue
[2026-05-03T11:26:53.674+0000] {logging_mixin.py:151} INFO - [2026-05-03T11:26:53.674+0000] {dagbag.py:539} INFO - Filling up the DagBag from /opt/airflow/dags/retail_pipeline_dag.py
[2026-05-03T11:26:53.689+0000] {processor.py:839} INFO - DAG(s) dict_keys(['retail_pipeline']) retrieved from /opt/airflow/dags/retail_pipeline_dag.py
[2026-05-03T11:26:53.713+0000] {logging_mixin.py:151} INFO - [2026-05-03T11:26:53.713+0000] {dag.py:2915} INFO - Sync 1 DAGs
[2026-05-03T11:26:53.731+0000] {logging_mixin.py:151} INFO - [2026-05-03T11:26:53.730+0000] {dag.py:3696} INFO - Setting next_dagrun for retail_pipeline to 2026-05-03T00:30:00+00:00, run_after=2026-05-04T00:30:00+00:00
[2026-05-03T11:26:53.738+0000] {processor.py:179} INFO - Processing /opt/airflow/dags/retail_pipeline_dag.py took 0.070 seconds
[2026-05-03T11:27:23.969+0000] {processor.py:157} INFO - Started process (PID=2644) to work on /opt/airflow/dags/retail_pipeline_dag.py
[2026-05-03T11:27:23.970+0000] {processor.py:829} INFO - Processing file /opt/airflow/dags/retail_pipeline_dag.py for tasks to queue
[2026-05-03T11:27:23.971+0000] {logging_mixin.py:151} INFO - [2026-05-03T11:27:23.971+0000] {dagbag.py:539} INFO - Filling up the DagBag from /opt/airflow/dags/retail_pipeline_dag.py
[2026-05-03T11:27:23.987+0000] {processor.py:839} INFO - DAG(s) dict_keys(['retail_pipeline']) retrieved from /opt/airflow/dags/retail_pipeline_dag.py
[2026-05-03T11:27:24.020+0000] {logging_mixin.py:151} INFO - [2026-05-03T11:27:24.020+0000] {dag.py:2915} INFO - Sync 1 DAGs
[2026-05-03T11:27:24.033+0000] {logging_mixin.py:151} INFO - [2026-05-03T11:27:24.033+0000] {dag.py:3696} INFO - Setting next_dagrun for retail_pipeline to 2026-05-03T00:30:00+00:00, run_after=2026-05-04T00:30:00+00:00
[2026-05-03T11:27:24.041+0000] {processor.py:179} INFO - Processing /opt/airflow/dags/retail_pipeline_dag.py took 0.077 seconds
[2026-05-03T11:27:54.227+0000] {processor.py:157} INFO - Started process (PID=2654) to work on /opt/airflow/dags/retail_pipeline_dag.py
[2026-05-03T11:27:54.229+0000] {processor.py:829} INFO - Processing file /opt/airflow/dags/retail_pipeline_dag.py for tasks to queue
[2026-05-03T11:27:54.229+0000] {logging_mixin.py:151} INFO - [2026-05-03T11:27:54.229+0000] {dagbag.py:539} INFO - Filling up the DagBag from /opt/airflow/dags/retail_pipeline_dag.py
[2026-05-03T11:27:54.242+0000] {processor.py:839} INFO - DAG(s) dict_keys(['retail_pipeline']) retrieved from /opt/airflow/dags/retail_pipeline_dag.py
[2026-05-03T11:27:54.262+0000] {logging_mixin.py:151} INFO - [2026-05-03T11:27:54.262+0000] {dag.py:2915} INFO - Sync 1 DAGs
[2026-05-03T11:27:54.274+0000] {logging_mixin.py:151} INFO - [2026-05-03T11:27:54.274+0000] {dag.py:3696} INFO - Setting next_dagrun for retail_pipeline to 2026-05-03T00:30:00+00:00, run_after=2026-05-04T00:30:00+00:00
[2026-05-03T11:27:54.281+0000] {processor.py:179} INFO - Processing /opt/airflow/dags/retail_pipeline_dag.py took 0.057 seconds
[2026-05-03T11:28:24.482+0000] {processor.py:157} INFO - Started process (PID=2664) to work on /opt/airflow/dags/retail_pipeline_dag.py
[2026-05-03T11:28:24.483+0000] {processor.py:829} INFO - Processing file /opt/airflow/dags/retail_pipeline_dag.py for tasks to queue
[2026-05-03T11:28:24.484+0000] {logging_mixin.py:151} INFO - [2026-05-03T11:28:24.484+0000] {dagbag.py:539} INFO - Filling up the DagBag from /opt/airflow/dags/retail_pipeline_dag.py
[2026-05-03T11:28:24.495+0000] {processor.py:839} INFO - DAG(s) dict_keys(['retail_pipeline']) retrieved from /opt/airflow/dags/retail_pipeline_dag.py
[2026-05-03T11:28:24.510+0000] {logging_mixin.py:151} INFO - [2026-05-03T11:28:24.510+0000] {dag.py:2915} INFO - Sync 1 DAGs
[2026-05-03T11:28:24.519+0000] {logging_mixin.py:151} INFO - [2026-05-03T11:28:24.519+0000] {dag.py:3696} INFO - Setting next_dagrun for retail_pipeline to 2026-05-03T00:30:00+00:00, run_after=2026-05-04T00:30:00+00:00
[2026-05-03T11:28:24.526+0000] {processor.py:179} INFO - Processing /opt/airflow/dags/retail_pipeline_dag.py took 0.049 seconds
[2026-05-03T11:28:54.717+0000] {processor.py:157} INFO - Started process (PID=2674) to work on /opt/airflow/dags/retail_pipeline_dag.py
[2026-05-03T11:28:54.718+0000] {processor.py:829} INFO - Processing file /opt/airflow/dags/retail_pipeline_dag.py for tasks to queue
[2026-05-03T11:28:54.719+0000] {logging_mixin.py:151} INFO - [2026-05-03T11:28:54.718+0000] {dagbag.py:539} INFO - Filling up the DagBag from /opt/airflow/dags/retail_pipeline_dag.py
[2026-05-03T11:28:54.728+0000] {processor.py:839} INFO - DAG(s) dict_keys(['retail_pipeline']) retrieved from /opt/airflow/dags/retail_pipeline_dag.py
[2026-05-03T11:28:54.746+0000] {logging_mixin.py:151} INFO - [2026-05-03T11:28:54.746+0000] {dag.py:2915} INFO - Sync 1 DAGs
[2026-05-03T11:28:54.758+0000] {logging_mixin.py:151} INFO - [2026-05-03T11:28:54.757+0000] {dag.py:3696} INFO - Setting next_dagrun for retail_pipeline to 2026-05-03T00:30:00+00:00, run_after=2026-05-04T00:30:00+00:00
[2026-05-03T11:28:54.764+0000] {processor.py:179} INFO - Processing /opt/airflow/dags/retail_pipeline_dag.py took 0.049 seconds
[2026-05-03T11:29:24.988+0000] {processor.py:157} INFO - Started process (PID=2684) to work on /opt/airflow/dags/retail_pipeline_dag.py
[2026-05-03T11:29:24.989+0000] {processor.py:829} INFO - Processing file /opt/airflow/dags/retail_pipeline_dag.py for tasks to queue
[2026-05-03T11:29:24.990+0000] {logging_mixin.py:151} INFO - [2026-05-03T11:29:24.990+0000] {dagbag.py:539} INFO - Filling up the DagBag from /opt/airflow/dags/retail_pipeline_dag.py
[2026-05-03T11:29:25.002+0000] {processor.py:839} INFO - DAG(s) dict_keys(['retail_pipeline']) retrieved from /opt/airflow/dags/retail_pipeline_dag.py
[2026-05-03T11:29:25.022+0000] {logging_mixin.py:151} INFO - [2026-05-03T11:29:25.022+0000] {dag.py:2915} INFO - Sync 1 DAGs
[2026-05-03T11:29:25.032+0000] {logging_mixin.py:151} INFO - [2026-05-03T11:29:25.032+0000] {dag.py:3696} INFO - Setting next_dagrun for retail_pipeline to 2026-05-03T00:30:00+00:00, run_after=2026-05-04T00:30:00+00:00
[2026-05-03T11:29:25.038+0000] {processor.py:179} INFO - Processing /opt/airflow/dags/retail_pipeline_dag.py took 0.054 seconds
[2026-05-03T11:29:55.251+0000] {processor.py:157} INFO - Started process (PID=2694) to work on /opt/airflow/dags/retail_pipeline_dag.py
[2026-05-03T11:29:55.252+0000] {processor.py:829} INFO - Processing file /opt/airflow/dags/retail_pipeline_dag.py for tasks to queue
[2026-05-03T11:29:55.252+0000] {logging_mixin.py:151} INFO - [2026-05-03T11:29:55.252+0000] {dagbag.py:539} INFO - Filling up the DagBag from /opt/airflow/dags/retail_pipeline_dag.py
[2026-05-03T11:29:55.263+0000] {processor.py:839} INFO - DAG(s) dict_keys(['retail_pipeline']) retrieved from /opt/airflow/dags/retail_pipeline_dag.py
[2026-05-03T11:29:55.283+0000] {logging_mixin.py:151} INFO - [2026-05-03T11:29:55.283+0000] {dag.py:2915} INFO - Sync 1 DAGs
[2026-05-03T11:29:55.295+0000] {logging_mixin.py:151} INFO - [2026-05-03T11:29:55.295+0000] {dag.py:3696} INFO - Setting next_dagrun for retail_pipeline to 2026-05-03T00:30:00+00:00, run_after=2026-05-04T00:30:00+00:00
[2026-05-03T11:29:55.304+0000] {processor.py:179} INFO - Processing /opt/airflow/dags/retail_pipeline_dag.py took 0.056 seconds
[2026-05-03T11:30:25.478+0000] {processor.py:157} INFO - Started process (PID=2704) to work on /opt/airflow/dags/retail_pipeline_dag.py
[2026-05-03T11:30:25.479+0000] {processor.py:829} INFO - Processing file /opt/airflow/dags/retail_pipeline_dag.py for tasks to queue
[2026-05-03T11:30:25.480+0000] {logging_mixin.py:151} INFO - [2026-05-03T11:30:25.480+0000] {dagbag.py:539} INFO - Filling up the DagBag from /opt/airflow/dags/retail_pipeline_dag.py
[2026-05-03T11:30:25.493+0000] {processor.py:839} INFO - DAG(s) dict_keys(['retail_pipeline']) retrieved from /opt/airflow/dags/retail_pipeline_dag.py
[2026-05-03T11:30:25.516+0000] {logging_mixin.py:151} INFO - [2026-05-03T11:30:25.515+0000] {dag.py:2915} INFO - Sync 1 DAGs
[2026-05-03T11:30:25.527+0000] {logging_mixin.py:151} INFO - [2026-05-03T11:30:25.527+0000] {dag.py:3696} INFO - Setting next_dagrun for retail_pipeline to 2026-05-03T00:30:00+00:00, run_after=2026-05-04T00:30:00+00:00
[2026-05-03T11:30:25.533+0000] {processor.py:179} INFO - Processing /opt/airflow/dags/retail_pipeline_dag.py took 0.059 seconds
[2026-05-03T11:30:55.805+0000] {processor.py:157} INFO - Started process (PID=2714) to work on /opt/airflow/dags/retail_pipeline_dag.py
[2026-05-03T11:30:55.808+0000] {processor.py:829} INFO - Processing file /opt/airflow/dags/retail_pipeline_dag.py for tasks to queue
[2026-05-03T11:30:55.809+0000] {logging_mixin.py:151} INFO - [2026-05-03T11:30:55.809+0000] {dagbag.py:539} INFO - Filling up the DagBag from /opt/airflow/dags/retail_pipeline_dag.py
[2026-05-03T11:30:55.822+0000] {processor.py:839} INFO - DAG(s) dict_keys(['retail_pipeline']) retrieved from /opt/airflow/dags/retail_pipeline_dag.py
[2026-05-03T11:30:55.842+0000] {logging_mixin.py:151} INFO - [2026-05-03T11:30:55.842+0000] {dag.py:2915} INFO - Sync 1 DAGs
[2026-05-03T11:30:55.854+0000] {logging_mixin.py:151} INFO - [2026-05-03T11:30:55.854+0000] {dag.py:3696} INFO - Setting next_dagrun for retail_pipeline to 2026-05-03T00:30:00+00:00, run_after=2026-05-04T00:30:00+00:00
[2026-05-03T11:30:55.862+0000] {processor.py:179} INFO - Processing /opt/airflow/dags/retail_pipeline_dag.py took 0.060 seconds
[2026-05-03T11:31:26.053+0000] {processor.py:157} INFO - Started process (PID=2724) to work on /opt/airflow/dags/retail_pipeline_dag.py
[2026-05-03T11:31:26.054+0000] {processor.py:829} INFO - Processing file /opt/airflow/dags/retail_pipeline_dag.py for tasks to queue
[2026-05-03T11:31:26.055+0000] {logging_mixin.py:151} INFO - [2026-05-03T11:31:26.055+0000] {dagbag.py:539} INFO - Filling up the DagBag from /opt/airflow/dags/retail_pipeline_dag.py
[2026-05-03T11:31:26.064+0000] {processor.py:839} INFO - DAG(s) dict_keys(['retail_pipeline']) retrieved from /opt/airflow/dags/retail_pipeline_dag.py
[2026-05-03T11:31:26.082+0000] {logging_mixin.py:151} INFO - [2026-05-03T11:31:26.082+0000] {dag.py:2915} INFO - Sync 1 DAGs
[2026-05-03T11:31:26.094+0000] {logging_mixin.py:151} INFO - [2026-05-03T11:31:26.094+0000] {dag.py:3696} INFO - Setting next_dagrun for retail_pipeline to 2026-05-03T00:30:00+00:00, run_after=2026-05-04T00:30:00+00:00
[2026-05-03T11:31:26.102+0000] {processor.py:179} INFO - Processing /opt/airflow/dags/retail_pipeline_dag.py took 0.052 seconds
[2026-05-03T11:31:56.375+0000] {processor.py:157} INFO - Started process (PID=2734) to work on /opt/airflow/dags/retail_pipeline_dag.py
[2026-05-03T11:31:56.376+0000] {processor.py:829} INFO - Processing file /opt/airflow/dags/retail_pipeline_dag.py for tasks to queue
[2026-05-03T11:31:56.377+0000] {logging_mixin.py:151} INFO - [2026-05-03T11:31:56.376+0000] {dagbag.py:539} INFO - Filling up the DagBag from /opt/airflow/dags/retail_pipeline_dag.py
[2026-05-03T11:31:56.390+0000] {processor.py:839} INFO - DAG(s) dict_keys(['retail_pipeline']) retrieved from /opt/airflow/dags/retail_pipeline_dag.py
[2026-05-03T11:31:56.413+0000] {logging_mixin.py:151} INFO - [2026-05-03T11:31:56.413+0000] {dag.py:2915} INFO - Sync 1 DAGs
[2026-05-03T11:31:56.425+0000] {logging_mixin.py:151} INFO - [2026-05-03T11:31:56.425+0000] {dag.py:3696} INFO - Setting next_dagrun for retail_pipeline to 2026-05-03T00:30:00+00:00, run_after=2026-05-04T00:30:00+00:00
[2026-05-03T11:31:56.431+0000] {processor.py:179} INFO - Processing /opt/airflow/dags/retail_pipeline_dag.py took 0.059 seconds
[2026-05-03T11:32:26.691+0000] {processor.py:157} INFO - Started process (PID=2744) to work on /opt/airflow/dags/retail_pipeline_dag.py
[2026-05-03T11:32:26.692+0000] {processor.py:829} INFO - Processing file /opt/airflow/dags/retail_pipeline_dag.py for tasks to queue
[2026-05-03T11:32:26.693+0000] {logging_mixin.py:151} INFO - [2026-05-03T11:32:26.692+0000] {dagbag.py:539} INFO - Filling up the DagBag from /opt/airflow/dags/retail_pipeline_dag.py
[2026-05-03T11:32:26.709+0000] {processor.py:839} INFO - DAG(s) dict_keys(['retail_pipeline']) retrieved from /opt/airflow/dags/retail_pipeline_dag.py
[2026-05-03T11:32:26.729+0000] {logging_mixin.py:151} INFO - [2026-05-03T11:32:26.729+0000] {dag.py:2915} INFO - Sync 1 DAGs
[2026-05-03T11:32:26.747+0000] {logging_mixin.py:151} INFO - [2026-05-03T11:32:26.747+0000] {dag.py:3696} INFO - Setting next_dagrun for retail_pipeline to 2026-05-03T00:30:00+00:00, run_after=2026-05-04T00:30:00+00:00
[2026-05-03T11:32:26.755+0000] {processor.py:179} INFO - Processing /opt/airflow/dags/retail_pipeline_dag.py took 0.069 seconds
[2026-05-03T11:32:56.953+0000] {processor.py:157} INFO - Started process (PID=2754) to work on /opt/airflow/dags/retail_pipeline_dag.py
[2026-05-03T11:32:56.955+0000] {processor.py:829} INFO - Processing file /opt/airflow/dags/retail_pipeline_dag.py for tasks to queue
[2026-05-03T11:32:56.958+0000] {logging_mixin.py:151} INFO - [2026-05-03T11:32:56.958+0000] {dagbag.py:539} INFO - Filling up the DagBag from /opt/airflow/dags/retail_pipeline_dag.py
[2026-05-03T11:32:56.973+0000] {processor.py:839} INFO - DAG(s) dict_keys(['retail_pipeline']) retrieved from /opt/airflow/dags/retail_pipeline_dag.py
[2026-05-03T11:32:56.991+0000] {logging_mixin.py:151} INFO - [2026-05-03T11:32:56.991+0000] {dag.py:2915} INFO - Sync 1 DAGs
[2026-05-03T11:32:57.001+0000] {logging_mixin.py:151} INFO - [2026-05-03T11:32:57.001+0000] {dag.py:3696} INFO - Setting next_dagrun for retail_pipeline to 2026-05-03T00:30:00+00:00, run_after=2026-05-04T00:30:00+00:00
[2026-05-03T11:32:57.009+0000] {processor.py:179} INFO - Processing /opt/airflow/dags/retail_pipeline_dag.py took 0.064 seconds
[2026-05-03T11:33:27.189+0000] {processor.py:157} INFO - Started process (PID=2764) to work on /opt/airflow/dags/retail_pipeline_dag.py
[2026-05-03T11:33:27.191+0000] {processor.py:829} INFO - Processing file /opt/airflow/dags/retail_pipeline_dag.py for tasks to queue
[2026-05-03T11:33:27.192+0000] {logging_mixin.py:151} INFO - [2026-05-03T11:33:27.191+0000] {dagbag.py:539} INFO - Filling up the DagBag from /opt/airflow/dags/retail_pipeline_dag.py
[2026-05-03T11:33:27.203+0000] {processor.py:839} INFO - DAG(s) dict_keys(['retail_pipeline']) retrieved from /opt/airflow/dags/retail_pipeline_dag.py
[2026-05-03T11:33:27.220+0000] {logging_mixin.py:151} INFO - [2026-05-03T11:33:27.220+0000] {dag.py:2915} INFO - Sync 1 DAGs
[2026-05-03T11:33:27.236+0000] {logging_mixin.py:151} INFO - [2026-05-03T11:33:27.236+0000] {dag.py:3696} INFO - Setting next_dagrun for retail_pipeline to 2026-05-03T00:30:00+00:00, run_after=2026-05-04T00:30:00+00:00
[2026-05-03T11:33:27.243+0000] {processor.py:179} INFO - Processing /opt/airflow/dags/retail_pipeline_dag.py took 0.058 seconds
[2026-05-03T11:33:57.426+0000] {processor.py:157} INFO - Started process (PID=2774) to work on /opt/airflow/dags/retail_pipeline_dag.py
[2026-05-03T11:33:57.427+0000] {processor.py:829} INFO - Processing file /opt/airflow/dags/retail_pipeline_dag.py for tasks to queue
[2026-05-03T11:33:57.428+0000] {logging_mixin.py:151} INFO - [2026-05-03T11:33:57.427+0000] {dagbag.py:539} INFO - Filling up the DagBag from /opt/airflow/dags/retail_pipeline_dag.py
[2026-05-03T11:33:57.437+0000] {processor.py:839} INFO - DAG(s) dict_keys(['retail_pipeline']) retrieved from /opt/airflow/dags/retail_pipeline_dag.py
[2026-05-03T11:33:57.461+0000] {logging_mixin.py:151} INFO - [2026-05-03T11:33:57.461+0000] {dag.py:2915} INFO - Sync 1 DAGs
[2026-05-03T11:33:57.477+0000] {logging_mixin.py:151} INFO - [2026-05-03T11:33:57.477+0000] {dag.py:3696} INFO - Setting next_dagrun for retail_pipeline to 2026-05-03T00:30:00+00:00, run_after=2026-05-04T00:30:00+00:00
[2026-05-03T11:33:57.483+0000] {processor.py:179} INFO - Processing /opt/airflow/dags/retail_pipeline_dag.py took 0.059 seconds
[2026-05-03T11:34:27.720+0000] {processor.py:157} INFO - Started process (PID=2784) to work on /opt/airflow/dags/retail_pipeline_dag.py
[2026-05-03T11:34:27.721+0000] {processor.py:829} INFO - Processing file /opt/airflow/dags/retail_pipeline_dag.py for tasks to queue
[2026-05-03T11:34:27.722+0000] {logging_mixin.py:151} INFO - [2026-05-03T11:34:27.722+0000] {dagbag.py:539} INFO - Filling up the DagBag from /opt/airflow/dags/retail_pipeline_dag.py
[2026-05-03T11:34:27.746+0000] {processor.py:839} INFO - DAG(s) dict_keys(['retail_pipeline']) retrieved from /opt/airflow/dags/retail_pipeline_dag.py
[2026-05-03T11:34:27.784+0000] {logging_mixin.py:151} INFO - [2026-05-03T11:34:27.784+0000] {dag.py:2915} INFO - Sync 1 DAGs
[2026-05-03T11:34:27.802+0000] {logging_mixin.py:151} INFO - [2026-05-03T11:34:27.802+0000] {dag.py:3696} INFO - Setting next_dagrun for retail_pipeline to 2026-05-03T00:30:00+00:00, run_after=2026-05-04T00:30:00+00:00
[2026-05-03T11:34:27.813+0000] {processor.py:179} INFO - Processing /opt/airflow/dags/retail_pipeline_dag.py took 0.104 seconds
[2026-05-03T11:34:57.990+0000] {processor.py:157} INFO - Started process (PID=2794) to work on /opt/airflow/dags/retail_pipeline_dag.py
[2026-05-03T11:34:57.992+0000] {processor.py:829} INFO - Processing file /opt/airflow/dags/retail_pipeline_dag.py for tasks to queue
[2026-05-03T11:34:57.992+0000] {logging_mixin.py:151} INFO - [2026-05-03T11:34:57.992+0000] {dagbag.py:539} INFO - Filling up the DagBag from /opt/airflow/dags/retail_pipeline_dag.py
[2026-05-03T11:34:58.013+0000] {processor.py:839} INFO - DAG(s) dict_keys(['retail_pipeline']) retrieved from /opt/airflow/dags/retail_pipeline_dag.py
[2026-05-03T11:34:58.046+0000] {logging_mixin.py:151} INFO - [2026-05-03T11:34:58.046+0000] {dag.py:2915} INFO - Sync 1 DAGs
[2026-05-03T11:34:58.061+0000] {logging_mixin.py:151} INFO - [2026-05-03T11:34:58.061+0000] {dag.py:3696} INFO - Setting next_dagrun for retail_pipeline to 2026-05-03T00:30:00+00:00, run_after=2026-05-04T00:30:00+00:00
[2026-05-03T11:34:58.068+0000] {processor.py:179} INFO - Processing /opt/airflow/dags/retail_pipeline_dag.py took 0.083 seconds
[2026-05-03T11:35:28.292+0000] {processor.py:157} INFO - Started process (PID=2804) to work on /opt/airflow/dags/retail_pipeline_dag.py
[2026-05-03T11:35:28.293+0000] {processor.py:829} INFO - Processing file /opt/airflow/dags/retail_pipeline_dag.py for tasks to queue
[2026-05-03T11:35:28.294+0000] {logging_mixin.py:151} INFO - [2026-05-03T11:35:28.293+0000] {dagbag.py:539} INFO - Filling up the DagBag from /opt/airflow/dags/retail_pipeline_dag.py
[2026-05-03T11:35:28.309+0000] {processor.py:839} INFO - DAG(s) dict_keys(['retail_pipeline']) retrieved from /opt/airflow/dags/retail_pipeline_dag.py
[2026-05-03T11:35:28.330+0000] {logging_mixin.py:151} INFO - [2026-05-03T11:35:28.330+0000] {dag.py:2915} INFO - Sync 1 DAGs
[2026-05-03T11:35:28.340+0000] {logging_mixin.py:151} INFO - [2026-05-03T11:35:28.340+0000] {dag.py:3696} INFO - Setting next_dagrun for retail_pipeline to 2026-05-03T00:30:00+00:00, run_after=2026-05-04T00:30:00+00:00
[2026-05-03T11:35:28.346+0000] {processor.py:179} INFO - Processing /opt/airflow/dags/retail_pipeline_dag.py took 0.057 seconds
[2026-05-03T11:35:58.651+0000] {processor.py:157} INFO - Started process (PID=2814) to work on /opt/airflow/dags/retail_pipeline_dag.py
[2026-05-03T11:35:58.654+0000] {processor.py:829} INFO - Processing file /opt/airflow/dags/retail_pipeline_dag.py for tasks to queue
[2026-05-03T11:35:58.655+0000] {logging_mixin.py:151} INFO - [2026-05-03T11:35:58.655+0000] {dagbag.py:539} INFO - Filling up the DagBag from /opt/airflow/dags/retail_pipeline_dag.py
[2026-05-03T11:35:58.672+0000] {processor.py:839} INFO - DAG(s) dict_keys(['retail_pipeline']) retrieved from /opt/airflow/dags/retail_pipeline_dag.py
[2026-05-03T11:35:58.698+0000] {logging_mixin.py:151} INFO - [2026-05-03T11:35:58.698+0000] {dag.py:2915} INFO - Sync 1 DAGs
[2026-05-03T11:35:58.715+0000] {logging_mixin.py:151} INFO - [2026-05-03T11:35:58.715+0000] {dag.py:3696} INFO - Setting next_dagrun for retail_pipeline to 2026-05-03T00:30:00+00:00, run_after=2026-05-04T00:30:00+00:00
[2026-05-03T11:35:58.723+0000] {processor.py:179} INFO - Processing /opt/airflow/dags/retail_pipeline_dag.py took 0.076 seconds
[2026-05-03T11:36:28.935+0000] {processor.py:157} INFO - Started process (PID=2824) to work on /opt/airflow/dags/retail_pipeline_dag.py
[2026-05-03T11:36:28.936+0000] {processor.py:829} INFO - Processing file /opt/airflow/dags/retail_pipeline_dag.py for tasks to queue
[2026-05-03T11:36:28.937+0000] {logging_mixin.py:151} INFO - [2026-05-03T11:36:28.937+0000] {dagbag.py:539} INFO - Filling up the DagBag from /opt/airflow/dags/retail_pipeline_dag.py
[2026-05-03T11:36:28.963+0000] {processor.py:839} INFO - DAG(s) dict_keys(['retail_pipeline']) retrieved from /opt/airflow/dags/retail_pipeline_dag.py
[2026-05-03T11:36:29.009+0000] {logging_mixin.py:151} INFO - [2026-05-03T11:36:29.009+0000] {dag.py:2915} INFO - Sync 1 DAGs
[2026-05-03T11:36:29.023+0000] {logging_mixin.py:151} INFO - [2026-05-03T11:36:29.023+0000] {dag.py:3696} INFO - Setting next_dagrun for retail_pipeline to 2026-05-03T00:30:00+00:00, run_after=2026-05-04T00:30:00+00:00
[2026-05-03T11:36:29.033+0000] {processor.py:179} INFO - Processing /opt/airflow/dags/retail_pipeline_dag.py took 0.101 seconds
[2026-05-03T11:36:59.211+0000] {processor.py:157} INFO - Started process (PID=2834) to work on /opt/airflow/dags/retail_pipeline_dag.py
[2026-05-03T11:36:59.212+0000] {processor.py:829} INFO - Processing file /opt/airflow/dags/retail_pipeline_dag.py for tasks to queue
[2026-05-03T11:36:59.213+0000] {logging_mixin.py:151} INFO - [2026-05-03T11:36:59.213+0000] {dagbag.py:539} INFO - Filling up the DagBag from /opt/airflow/dags/retail_pipeline_dag.py
[2026-05-03T11:36:59.239+0000] {processor.py:839} INFO - DAG(s) dict_keys(['retail_pipeline']) retrieved from /opt/airflow/dags/retail_pipeline_dag.py
[2026-05-03T11:36:59.273+0000] {logging_mixin.py:151} INFO - [2026-05-03T11:36:59.273+0000] {dag.py:2915} INFO - Sync 1 DAGs
[2026-05-03T11:36:59.292+0000] {logging_mixin.py:151} INFO - [2026-05-03T11:36:59.292+0000] {dag.py:3696} INFO - Setting next_dagrun for retail_pipeline to 2026-05-03T00:30:00+00:00, run_after=2026-05-04T00:30:00+00:00
[2026-05-03T11:36:59.302+0000] {processor.py:179} INFO - Processing /opt/airflow/dags/retail_pipeline_dag.py took 0.094 seconds
[2026-05-03T11:37:29.498+0000] {processor.py:157} INFO - Started process (PID=2844) to work on /opt/airflow/dags/retail_pipeline_dag.py
[2026-05-03T11:37:29.500+0000] {processor.py:829} INFO - Processing file /opt/airflow/dags/retail_pipeline_dag.py for tasks to queue
[2026-05-03T11:37:29.501+0000] {logging_mixin.py:151} INFO - [2026-05-03T11:37:29.501+0000] {dagbag.py:539} INFO - Filling up the DagBag from /opt/airflow/dags/retail_pipeline_dag.py
[2026-05-03T11:37:29.523+0000] {processor.py:839} INFO - DAG(s) dict_keys(['retail_pipeline']) retrieved from /opt/airflow/dags/retail_pipeline_dag.py
[2026-05-03T11:37:29.568+0000] {logging_mixin.py:151} INFO - [2026-05-03T11:37:29.568+0000] {dag.py:2915} INFO - Sync 1 DAGs
[2026-05-03T11:37:29.587+0000] {logging_mixin.py:151} INFO - [2026-05-03T11:37:29.587+0000] {dag.py:3696} INFO - Setting next_dagrun for retail_pipeline to 2026-05-03T00:30:00+00:00, run_after=2026-05-04T00:30:00+00:00
[2026-05-03T11:37:29.595+0000] {processor.py:179} INFO - Processing /opt/airflow/dags/retail_pipeline_dag.py took 0.113 seconds
[2026-05-03T11:37:59.725+0000] {processor.py:157} INFO - Started process (PID=2854) to work on /opt/airflow/dags/retail_pipeline_dag.py
[2026-05-03T11:37:59.728+0000] {processor.py:829} INFO - Processing file /opt/airflow/dags/retail_pipeline_dag.py for tasks to queue
[2026-05-03T11:37:59.729+0000] {logging_mixin.py:151} INFO - [2026-05-03T11:37:59.729+0000] {dagbag.py:539} INFO - Filling up the DagBag from /opt/airflow/dags/retail_pipeline_dag.py
[2026-05-03T11:37:59.741+0000] {processor.py:839} INFO - DAG(s) dict_keys(['retail_pipeline']) retrieved from /opt/airflow/dags/retail_pipeline_dag.py
[2026-05-03T11:37:59.762+0000] {logging_mixin.py:151} INFO - [2026-05-03T11:37:59.762+0000] {dag.py:2915} INFO - Sync 1 DAGs
[2026-05-03T11:37:59.774+0000] {logging_mixin.py:151} INFO - [2026-05-03T11:37:59.773+0000] {dag.py:3696} INFO - Setting next_dagrun for retail_pipeline to 2026-05-03T00:30:00+00:00, run_after=2026-05-04T00:30:00+00:00
[2026-05-03T11:37:59.780+0000] {processor.py:179} INFO - Processing /opt/airflow/dags/retail_pipeline_dag.py took 0.059 seconds
[2026-05-03T11:38:30.012+0000] {processor.py:157} INFO - Started process (PID=2864) to work on /opt/airflow/dags/retail_pipeline_dag.py
[2026-05-03T11:38:30.013+0000] {processor.py:829} INFO - Processing file /opt/airflow/dags/retail_pipeline_dag.py for tasks to queue
[2026-05-03T11:38:30.014+0000] {logging_mixin.py:151} INFO - [2026-05-03T11:38:30.014+0000] {dagbag.py:539} INFO - Filling up the DagBag from /opt/airflow/dags/retail_pipeline_dag.py
[2026-05-03T11:38:30.023+0000] {processor.py:839} INFO - DAG(s) dict_keys(['retail_pipeline']) retrieved from /opt/airflow/dags/retail_pipeline_dag.py
[2026-05-03T11:38:30.041+0000] {logging_mixin.py:151} INFO - [2026-05-03T11:38:30.040+0000] {dag.py:2915} INFO - Sync 1 DAGs
[2026-05-03T11:38:30.050+0000] {logging_mixin.py:151} INFO - [2026-05-03T11:38:30.050+0000] {dag.py:3696} INFO - Setting next_dagrun for retail_pipeline to 2026-05-03T00:30:00+00:00, run_after=2026-05-04T00:30:00+00:00
[2026-05-03T11:38:30.056+0000] {processor.py:179} INFO - Processing /opt/airflow/dags/retail_pipeline_dag.py took 0.048 seconds
[2026-05-03T11:39:00.222+0000] {processor.py:157} INFO - Started process (PID=2874) to work on /opt/airflow/dags/retail_pipeline_dag.py
[2026-05-03T11:39:00.223+0000] {processor.py:829} INFO - Processing file /opt/airflow/dags/retail_pipeline_dag.py for tasks to queue
[2026-05-03T11:39:00.224+0000] {logging_mixin.py:151} INFO - [2026-05-03T11:39:00.223+0000] {dagbag.py:539} INFO - Filling up the DagBag from /opt/airflow/dags/retail_pipeline_dag.py
[2026-05-03T11:39:00.233+0000] {processor.py:839} INFO - DAG(s) dict_keys(['retail_pipeline']) retrieved from /opt/airflow/dags/retail_pipeline_dag.py
[2026-05-03T11:39:00.251+0000] {logging_mixin.py:151} INFO - [2026-05-03T11:39:00.251+0000] {dag.py:2915} INFO - Sync 1 DAGs
[2026-05-03T11:39:00.260+0000] {logging_mixin.py:151} INFO - [2026-05-03T11:39:00.260+0000] {dag.py:3696} INFO - Setting next_dagrun for retail_pipeline to 2026-05-03T00:30:00+00:00, run_after=2026-05-04T00:30:00+00:00
[2026-05-03T11:39:00.266+0000] {processor.py:179} INFO - Processing /opt/airflow/dags/retail_pipeline_dag.py took 0.047 seconds
[2026-05-03T11:39:30.482+0000] {processor.py:157} INFO - Started process (PID=2884) to work on /opt/airflow/dags/retail_pipeline_dag.py
[2026-05-03T11:39:30.483+0000] {processor.py:829} INFO - Processing file /opt/airflow/dags/retail_pipeline_dag.py for tasks to queue
[2026-05-03T11:39:30.484+0000] {logging_mixin.py:151} INFO - [2026-05-03T11:39:30.484+0000] {dagbag.py:539} INFO - Filling up the DagBag from /opt/airflow/dags/retail_pipeline_dag.py
[2026-05-03T11:39:30.496+0000] {processor.py:839} INFO - DAG(s) dict_keys(['retail_pipeline']) retrieved from /opt/airflow/dags/retail_pipeline_dag.py
[2026-05-03T11:39:30.518+0000] {logging_mixin.py:151} INFO - [2026-05-03T11:39:30.518+0000] {dag.py:2915} INFO - Sync 1 DAGs
[2026-05-03T11:39:30.530+0000] {logging_mixin.py:151} INFO - [2026-05-03T11:39:30.530+0000] {dag.py:3696} INFO - Setting next_dagrun for retail_pipeline to 2026-05-03T00:30:00+00:00, run_after=2026-05-04T00:30:00+00:00
[2026-05-03T11:39:30.537+0000] {processor.py:179} INFO - Processing /opt/airflow/dags/retail_pipeline_dag.py took 0.059 seconds
[2026-05-03T11:40:00.714+0000] {processor.py:157} INFO - Started process (PID=2894) to work on /opt/airflow/dags/retail_pipeline_dag.py
[2026-05-03T11:40:00.715+0000] {processor.py:829} INFO - Processing file /opt/airflow/dags/retail_pipeline_dag.py for tasks to queue
[2026-05-03T11:40:00.717+0000] {logging_mixin.py:151} INFO - [2026-05-03T11:40:00.716+0000] {dagbag.py:539} INFO - Filling up the DagBag from /opt/airflow/dags/retail_pipeline_dag.py
[2026-05-03T11:40:00.734+0000] {processor.py:839} INFO - DAG(s) dict_keys(['retail_pipeline']) retrieved from /opt/airflow/dags/retail_pipeline_dag.py
[2026-05-03T11:40:00.761+0000] {logging_mixin.py:151} INFO - [2026-05-03T11:40:00.761+0000] {dag.py:2915} INFO - Sync 1 DAGs
[2026-05-03T11:40:00.772+0000] {logging_mixin.py:151} INFO - [2026-05-03T11:40:00.772+0000] {dag.py:3696} INFO - Setting next_dagrun for retail_pipeline to 2026-05-03T00:30:00+00:00, run_after=2026-05-04T00:30:00+00:00
[2026-05-03T11:40:00.788+0000] {processor.py:179} INFO - Processing /opt/airflow/dags/retail_pipeline_dag.py took 0.079 seconds
[2026-05-03T11:40:30.956+0000] {processor.py:157} INFO - Started process (PID=2904) to work on /opt/airflow/dags/retail_pipeline_dag.py
[2026-05-03T11:40:30.959+0000] {processor.py:829} INFO - Processing file /opt/airflow/dags/retail_pipeline_dag.py for tasks to queue
[2026-05-03T11:40:30.960+0000] {logging_mixin.py:151} INFO - [2026-05-03T11:40:30.960+0000] {dagbag.py:539} INFO - Filling up the DagBag from /opt/airflow/dags/retail_pipeline_dag.py
[2026-05-03T11:40:30.973+0000] {processor.py:839} INFO - DAG(s) dict_keys(['retail_pipeline']) retrieved from /opt/airflow/dags/retail_pipeline_dag.py
[2026-05-03T11:40:30.989+0000] {logging_mixin.py:151} INFO - [2026-05-03T11:40:30.989+0000] {dag.py:2915} INFO - Sync 1 DAGs
[2026-05-03T11:40:30.999+0000] {logging_mixin.py:151} INFO - [2026-05-03T11:40:30.999+0000] {dag.py:3696} INFO - Setting next_dagrun for retail_pipeline to 2026-05-03T00:30:00+00:00, run_after=2026-05-04T00:30:00+00:00
[2026-05-03T11:40:31.005+0000] {processor.py:179} INFO - Processing /opt/airflow/dags/retail_pipeline_dag.py took 0.053 seconds
[2026-05-03T11:41:01.233+0000] {processor.py:157} INFO - Started process (PID=2914) to work on /opt/airflow/dags/retail_pipeline_dag.py
[2026-05-03T11:41:01.234+0000] {processor.py:829} INFO - Processing file /opt/airflow/dags/retail_pipeline_dag.py for tasks to queue
[2026-05-03T11:41:01.236+0000] {logging_mixin.py:151} INFO - [2026-05-03T11:41:01.235+0000] {dagbag.py:539} INFO - Filling up the DagBag from /opt/airflow/dags/retail_pipeline_dag.py
[2026-05-03T11:41:01.247+0000] {processor.py:839} INFO - DAG(s) dict_keys(['retail_pipeline']) retrieved from /opt/airflow/dags/retail_pipeline_dag.py
[2026-05-03T11:41:01.263+0000] {logging_mixin.py:151} INFO - [2026-05-03T11:41:01.263+0000] {dag.py:2915} INFO - Sync 1 DAGs
[2026-05-03T11:41:01.273+0000] {logging_mixin.py:151} INFO - [2026-05-03T11:41:01.273+0000] {dag.py:3696} INFO - Setting next_dagrun for retail_pipeline to 2026-05-03T00:30:00+00:00, run_after=2026-05-04T00:30:00+00:00
[2026-05-03T11:41:01.279+0000] {processor.py:179} INFO - Processing /opt/airflow/dags/retail_pipeline_dag.py took 0.048 seconds
[2026-05-03T11:41:31.452+0000] {processor.py:157} INFO - Started process (PID=2924) to work on /opt/airflow/dags/retail_pipeline_dag.py
[2026-05-03T11:41:31.453+0000] {processor.py:829} INFO - Processing file /opt/airflow/dags/retail_pipeline_dag.py for tasks to queue
[2026-05-03T11:41:31.454+0000] {logging_mixin.py:151} INFO - [2026-05-03T11:41:31.453+0000] {dagbag.py:539} INFO - Filling up the DagBag from /opt/airflow/dags/retail_pipeline_dag.py
[2026-05-03T11:41:31.462+0000] {processor.py:839} INFO - DAG(s) dict_keys(['retail_pipeline']) retrieved from /opt/airflow/dags/retail_pipeline_dag.py
[2026-05-03T11:41:31.481+0000] {logging_mixin.py:151} INFO - [2026-05-03T11:41:31.481+0000] {dag.py:2915} INFO - Sync 1 DAGs
[2026-05-03T11:41:31.492+0000] {logging_mixin.py:151} INFO - [2026-05-03T11:41:31.492+0000] {dag.py:3696} INFO - Setting next_dagrun for retail_pipeline to 2026-05-03T00:30:00+00:00, run_after=2026-05-04T00:30:00+00:00
[2026-05-03T11:41:31.498+0000] {processor.py:179} INFO - Processing /opt/airflow/dags/retail_pipeline_dag.py took 0.049 seconds
[2026-05-03T11:42:01.735+0000] {processor.py:157} INFO - Started process (PID=2934) to work on /opt/airflow/dags/retail_pipeline_dag.py
[2026-05-03T11:42:01.736+0000] {processor.py:829} INFO - Processing file /opt/airflow/dags/retail_pipeline_dag.py for tasks to queue
[2026-05-03T11:42:01.736+0000] {logging_mixin.py:151} INFO - [2026-05-03T11:42:01.736+0000] {dagbag.py:539} INFO - Filling up the DagBag from /opt/airflow/dags/retail_pipeline_dag.py
[2026-05-03T11:42:01.745+0000] {processor.py:839} INFO - DAG(s) dict_keys(['retail_pipeline']) retrieved from /opt/airflow/dags/retail_pipeline_dag.py
[2026-05-03T11:42:01.760+0000] {logging_mixin.py:151} INFO - [2026-05-03T11:42:01.760+0000] {dag.py:2915} INFO - Sync 1 DAGs
[2026-05-03T11:42:01.769+0000] {logging_mixin.py:151} INFO - [2026-05-03T11:42:01.769+0000] {dag.py:3696} INFO - Setting next_dagrun for retail_pipeline to 2026-05-03T00:30:00+00:00, run_after=2026-05-04T00:30:00+00:00
[2026-05-03T11:42:01.775+0000] {processor.py:179} INFO - Processing /opt/airflow/dags/retail_pipeline_dag.py took 0.043 seconds
[2026-05-03T11:42:32.012+0000] {processor.py:157} INFO - Started process (PID=2944) to work on /opt/airflow/dags/retail_pipeline_dag.py
[2026-05-03T11:42:32.013+0000] {processor.py:829} INFO - Processing file /opt/airflow/dags/retail_pipeline_dag.py for tasks to queue
[2026-05-03T11:42:32.014+0000] {logging_mixin.py:151} INFO - [2026-05-03T11:42:32.014+0000] {dagbag.py:539} INFO - Filling up the DagBag from /opt/airflow/dags/retail_pipeline_dag.py
[2026-05-03T11:42:32.023+0000] {processor.py:839} INFO - DAG(s) dict_keys(['retail_pipeline']) retrieved from /opt/airflow/dags/retail_pipeline_dag.py
[2026-05-03T11:42:32.040+0000] {logging_mixin.py:151} INFO - [2026-05-03T11:42:32.039+0000] {dag.py:2915} INFO - Sync 1 DAGs
[2026-05-03T11:42:32.049+0000] {logging_mixin.py:151} INFO - [2026-05-03T11:42:32.049+0000] {dag.py:3696} INFO - Setting next_dagrun for retail_pipeline to 2026-05-03T00:30:00+00:00, run_after=2026-05-04T00:30:00+00:00
[2026-05-03T11:42:32.055+0000] {processor.py:179} INFO - Processing /opt/airflow/dags/retail_pipeline_dag.py took 0.046 seconds
[2026-05-03T11:43:02.270+0000] {processor.py:157} INFO - Started process (PID=2954) to work on /opt/airflow/dags/retail_pipeline_dag.py
[2026-05-03T11:43:02.271+0000] {processor.py:829} INFO - Processing file /opt/airflow/dags/retail_pipeline_dag.py for tasks to queue
[2026-05-03T11:43:02.272+0000] {logging_mixin.py:151} INFO - [2026-05-03T11:43:02.272+0000] {dagbag.py:539} INFO - Filling up the DagBag from /opt/airflow/dags/retail_pipeline_dag.py
[2026-05-03T11:43:02.285+0000] {processor.py:839} INFO - DAG(s) dict_keys(['retail_pipeline']) retrieved from /opt/airflow/dags/retail_pipeline_dag.py
[2026-05-03T11:43:02.307+0000] {logging_mixin.py:151} INFO - [2026-05-03T11:43:02.307+0000] {dag.py:2915} INFO - Sync 1 DAGs
[2026-05-03T11:43:02.320+0000] {logging_mixin.py:151} INFO - [2026-05-03T11:43:02.320+0000] {dag.py:3696} INFO - Setting next_dagrun for retail_pipeline to 2026-05-03T00:30:00+00:00, run_after=2026-05-04T00:30:00+00:00
[2026-05-03T11:43:02.329+0000] {processor.py:179} INFO - Processing /opt/airflow/dags/retail_pipeline_dag.py took 0.062 seconds
[2026-05-03T11:43:32.486+0000] {processor.py:157} INFO - Started process (PID=2964) to work on /opt/airflow/dags/retail_pipeline_dag.py
[2026-05-03T11:43:32.488+0000] {processor.py:829} INFO - Processing file /opt/airflow/dags/retail_pipeline_dag.py for tasks to queue
[2026-05-03T11:43:32.490+0000] {logging_mixin.py:151} INFO - [2026-05-03T11:43:32.490+0000] {dagbag.py:539} INFO - Filling up the DagBag from /opt/airflow/dags/retail_pipeline_dag.py
[2026-05-03T11:43:32.500+0000] {processor.py:839} INFO - DAG(s) dict_keys(['retail_pipeline']) retrieved from /opt/airflow/dags/retail_pipeline_dag.py
[2026-05-03T11:43:32.514+0000] {logging_mixin.py:151} INFO - [2026-05-03T11:43:32.514+0000] {dag.py:2915} INFO - Sync 1 DAGs
[2026-05-03T11:43:32.524+0000] {logging_mixin.py:151} INFO - [2026-05-03T11:43:32.524+0000] {dag.py:3696} INFO - Setting next_dagrun for retail_pipeline to 2026-05-03T00:30:00+00:00, run_after=2026-05-04T00:30:00+00:00
[2026-05-03T11:43:32.530+0000] {processor.py:179} INFO - Processing /opt/airflow/dags/retail_pipeline_dag.py took 0.047 seconds
[2026-05-03T11:44:02.744+0000] {processor.py:157} INFO - Started process (PID=2974) to work on /opt/airflow/dags/retail_pipeline_dag.py
[2026-05-03T11:44:02.746+0000] {processor.py:829} INFO - Processing file /opt/airflow/dags/retail_pipeline_dag.py for tasks to queue
[2026-05-03T11:44:02.748+0000] {logging_mixin.py:151} INFO - [2026-05-03T11:44:02.747+0000] {dagbag.py:539} INFO - Filling up the DagBag from /opt/airflow/dags/retail_pipeline_dag.py
[2026-05-03T11:44:02.765+0000] {processor.py:839} INFO - DAG(s) dict_keys(['retail_pipeline']) retrieved from /opt/airflow/dags/retail_pipeline_dag.py
[2026-05-03T11:44:02.784+0000] {logging_mixin.py:151} INFO - [2026-05-03T11:44:02.784+0000] {dag.py:2915} INFO - Sync 1 DAGs
[2026-05-03T11:44:02.796+0000] {logging_mixin.py:151} INFO - [2026-05-03T11:44:02.796+0000] {dag.py:3696} INFO - Setting next_dagrun for retail_pipeline to 2026-05-03T00:30:00+00:00, run_after=2026-05-04T00:30:00+00:00
[2026-05-03T11:44:02.803+0000] {processor.py:179} INFO - Processing /opt/airflow/dags/retail_pipeline_dag.py took 0.063 seconds
[2026-05-03T11:44:33.002+0000] {processor.py:157} INFO - Started process (PID=2984) to work on /opt/airflow/dags/retail_pipeline_dag.py
[2026-05-03T11:44:33.003+0000] {processor.py:829} INFO - Processing file /opt/airflow/dags/retail_pipeline_dag.py for tasks to queue
[2026-05-03T11:44:33.003+0000] {logging_mixin.py:151} INFO - [2026-05-03T11:44:33.003+0000] {dagbag.py:539} INFO - Filling up the DagBag from /opt/airflow/dags/retail_pipeline_dag.py
[2026-05-03T11:44:33.022+0000] {processor.py:839} INFO - DAG(s) dict_keys(['retail_pipeline']) retrieved from /opt/airflow/dags/retail_pipeline_dag.py
[2026-05-03T11:44:33.050+0000] {logging_mixin.py:151} INFO - [2026-05-03T11:44:33.050+0000] {dag.py:2915} INFO - Sync 1 DAGs
[2026-05-03T11:44:33.062+0000] {logging_mixin.py:151} INFO - [2026-05-03T11:44:33.062+0000] {dag.py:3696} INFO - Setting next_dagrun for retail_pipeline to 2026-05-03T00:30:00+00:00, run_after=2026-05-04T00:30:00+00:00
[2026-05-03T11:44:33.068+0000] {processor.py:179} INFO - Processing /opt/airflow/dags/retail_pipeline_dag.py took 0.069 seconds
[2026-05-03T11:45:03.274+0000] {processor.py:157} INFO - Started process (PID=2994) to work on /opt/airflow/dags/retail_pipeline_dag.py
[2026-05-03T11:45:03.275+0000] {processor.py:829} INFO - Processing file /opt/airflow/dags/retail_pipeline_dag.py for tasks to queue
[2026-05-03T11:45:03.276+0000] {logging_mixin.py:151} INFO - [2026-05-03T11:45:03.275+0000] {dagbag.py:539} INFO - Filling up the DagBag from /opt/airflow/dags/retail_pipeline_dag.py
[2026-05-03T11:45:03.298+0000] {processor.py:839} INFO - DAG(s) dict_keys(['retail_pipeline']) retrieved from /opt/airflow/dags/retail_pipeline_dag.py
[2026-05-03T11:45:03.326+0000] {logging_mixin.py:151} INFO - [2026-05-03T11:45:03.326+0000] {dag.py:2915} INFO - Sync 1 DAGs
[2026-05-03T11:45:03.339+0000] {logging_mixin.py:151} INFO - [2026-05-03T11:45:03.339+0000] {dag.py:3696} INFO - Setting next_dagrun for retail_pipeline to 2026-05-03T00:30:00+00:00, run_after=2026-05-04T00:30:00+00:00
[2026-05-03T11:45:03.346+0000] {processor.py:179} INFO - Processing /opt/airflow/dags/retail_pipeline_dag.py took 0.075 seconds
[2026-05-03T11:45:33.533+0000] {processor.py:157} INFO - Started process (PID=3004) to work on /opt/airflow/dags/retail_pipeline_dag.py
[2026-05-03T11:45:33.535+0000] {processor.py:829} INFO - Processing file /opt/airflow/dags/retail_pipeline_dag.py for tasks to queue
[2026-05-03T11:45:33.535+0000] {logging_mixin.py:151} INFO - [2026-05-03T11:45:33.535+0000] {dagbag.py:539} INFO - Filling up the DagBag from /opt/airflow/dags/retail_pipeline_dag.py
[2026-05-03T11:45:33.552+0000] {processor.py:839} INFO - DAG(s) dict_keys(['retail_pipeline']) retrieved from /opt/airflow/dags/retail_pipeline_dag.py
[2026-05-03T11:45:33.577+0000] {logging_mixin.py:151} INFO - [2026-05-03T11:45:33.577+0000] {dag.py:2915} INFO - Sync 1 DAGs
[2026-05-03T11:45:33.589+0000] {logging_mixin.py:151} INFO - [2026-05-03T11:45:33.589+0000] {dag.py:3696} INFO - Setting next_dagrun for retail_pipeline to 2026-05-03T00:30:00+00:00, run_after=2026-05-04T00:30:00+00:00
[2026-05-03T11:45:33.597+0000] {processor.py:179} INFO - Processing /opt/airflow/dags/retail_pipeline_dag.py took 0.068 seconds
[2026-05-03T11:46:03.741+0000] {processor.py:157} INFO - Started process (PID=3014) to work on /opt/airflow/dags/retail_pipeline_dag.py
[2026-05-03T11:46:03.742+0000] {processor.py:829} INFO - Processing file /opt/airflow/dags/retail_pipeline_dag.py for tasks to queue
[2026-05-03T11:46:03.743+0000] {logging_mixin.py:151} INFO - [2026-05-03T11:46:03.743+0000] {dagbag.py:539} INFO - Filling up the DagBag from /opt/airflow/dags/retail_pipeline_dag.py
[2026-05-03T11:46:03.754+0000] {processor.py:839} INFO - DAG(s) dict_keys(['retail_pipeline']) retrieved from /opt/airflow/dags/retail_pipeline_dag.py
[2026-05-03T11:46:03.770+0000] {logging_mixin.py:151} INFO - [2026-05-03T11:46:03.770+0000] {dag.py:2915} INFO - Sync 1 DAGs
[2026-05-03T11:46:03.781+0000] {logging_mixin.py:151} INFO - [2026-05-03T11:46:03.780+0000] {dag.py:3696} INFO - Setting next_dagrun for retail_pipeline to 2026-05-03T00:30:00+00:00, run_after=2026-05-04T00:30:00+00:00
[2026-05-03T11:46:03.787+0000] {processor.py:179} INFO - Processing /opt/airflow/dags/retail_pipeline_dag.py took 0.049 seconds
[2026-05-03T11:46:34.042+0000] {processor.py:157} INFO - Started process (PID=3024) to work on /opt/airflow/dags/retail_pipeline_dag.py
[2026-05-03T11:46:34.043+0000] {processor.py:829} INFO - Processing file /opt/airflow/dags/retail_pipeline_dag.py for tasks to queue
[2026-05-03T11:46:34.043+0000] {logging_mixin.py:151} INFO - [2026-05-03T11:46:34.043+0000] {dagbag.py:539} INFO - Filling up the DagBag from /opt/airflow/dags/retail_pipeline_dag.py
[2026-05-03T11:46:34.060+0000] {processor.py:839} INFO - DAG(s) dict_keys(['retail_pipeline']) retrieved from /opt/airflow/dags/retail_pipeline_dag.py
[2026-05-03T11:46:34.086+0000] {logging_mixin.py:151} INFO - [2026-05-03T11:46:34.086+0000] {dag.py:2915} INFO - Sync 1 DAGs
[2026-05-03T11:46:34.101+0000] {logging_mixin.py:151} INFO - [2026-05-03T11:46:34.101+0000] {dag.py:3696} INFO - Setting next_dagrun for retail_pipeline to 2026-05-03T00:30:00+00:00, run_after=2026-05-04T00:30:00+00:00
[2026-05-03T11:46:34.110+0000] {processor.py:179} INFO - Processing /opt/airflow/dags/retail_pipeline_dag.py took 0.072 seconds
[2026-05-03T11:47:04.344+0000] {processor.py:157} INFO - Started process (PID=3034) to work on /opt/airflow/dags/retail_pipeline_dag.py
[2026-05-03T11:47:04.345+0000] {processor.py:829} INFO - Processing file /opt/airflow/dags/retail_pipeline_dag.py for tasks to queue
[2026-05-03T11:47:04.348+0000] {logging_mixin.py:151} INFO - [2026-05-03T11:47:04.348+0000] {dagbag.py:539} INFO - Filling up the DagBag from /opt/airflow/dags/retail_pipeline_dag.py
[2026-05-03T11:47:04.359+0000] {processor.py:839} INFO - DAG(s) dict_keys(['retail_pipeline']) retrieved from /opt/airflow/dags/retail_pipeline_dag.py
[2026-05-03T11:47:04.374+0000] {logging_mixin.py:151} INFO - [2026-05-03T11:47:04.374+0000] {dag.py:2915} INFO - Sync 1 DAGs
[2026-05-03T11:47:04.383+0000] {logging_mixin.py:151} INFO - [2026-05-03T11:47:04.383+0000] {dag.py:3696} INFO - Setting next_dagrun for retail_pipeline to 2026-05-03T00:30:00+00:00, run_after=2026-05-04T00:30:00+00:00
[2026-05-03T11:47:04.389+0000] {processor.py:179} INFO - Processing /opt/airflow/dags/retail_pipeline_dag.py took 0.050 seconds
[2026-05-03T11:47:34.591+0000] {processor.py:157} INFO - Started process (PID=3044) to work on /opt/airflow/dags/retail_pipeline_dag.py
[2026-05-03T11:47:34.592+0000] {processor.py:829} INFO - Processing file /opt/airflow/dags/retail_pipeline_dag.py for tasks to queue
[2026-05-03T11:47:34.592+0000] {logging_mixin.py:151} INFO - [2026-05-03T11:47:34.592+0000] {dagbag.py:539} INFO - Filling up the DagBag from /opt/airflow/dags/retail_pipeline_dag.py
[2026-05-03T11:47:34.605+0000] {processor.py:839} INFO - DAG(s) dict_keys(['retail_pipeline']) retrieved from /opt/airflow/dags/retail_pipeline_dag.py
[2026-05-03T11:47:34.627+0000] {logging_mixin.py:151} INFO - [2026-05-03T11:47:34.627+0000] {dag.py:2915} INFO - Sync 1 DAGs
[2026-05-03T11:47:34.639+0000] {logging_mixin.py:151} INFO - [2026-05-03T11:47:34.639+0000] {dag.py:3696} INFO - Setting next_dagrun for retail_pipeline to 2026-05-03T00:30:00+00:00, run_after=2026-05-04T00:30:00+00:00
[2026-05-03T11:47:34.647+0000] {processor.py:179} INFO - Processing /opt/airflow/dags/retail_pipeline_dag.py took 0.060 seconds
[2026-05-03T11:48:04.818+0000] {processor.py:157} INFO - Started process (PID=3054) to work on /opt/airflow/dags/retail_pipeline_dag.py
[2026-05-03T11:48:04.819+0000] {processor.py:829} INFO - Processing file /opt/airflow/dags/retail_pipeline_dag.py for tasks to queue
[2026-05-03T11:48:04.821+0000] {logging_mixin.py:151} INFO - [2026-05-03T11:48:04.820+0000] {dagbag.py:539} INFO - Filling up the DagBag from /opt/airflow/dags/retail_pipeline_dag.py
[2026-05-03T11:48:04.834+0000] {processor.py:839} INFO - DAG(s) dict_keys(['retail_pipeline']) retrieved from /opt/airflow/dags/retail_pipeline_dag.py
[2026-05-03T11:48:04.857+0000] {logging_mixin.py:151} INFO - [2026-05-03T11:48:04.857+0000] {dag.py:2915} INFO - Sync 1 DAGs
[2026-05-03T11:48:04.869+0000] {logging_mixin.py:151} INFO - [2026-05-03T11:48:04.869+0000] {dag.py:3696} INFO - Setting next_dagrun for retail_pipeline to 2026-05-03T00:30:00+00:00, run_after=2026-05-04T00:30:00+00:00
[2026-05-03T11:48:04.877+0000] {processor.py:179} INFO - Processing /opt/airflow/dags/retail_pipeline_dag.py took 0.062 seconds
[2026-05-03T11:48:35.066+0000] {processor.py:157} INFO - Started process (PID=3064) to work on /opt/airflow/dags/retail_pipeline_dag.py
[2026-05-03T11:48:35.067+0000] {processor.py:829} INFO - Processing file /opt/airflow/dags/retail_pipeline_dag.py for tasks to queue
[2026-05-03T11:48:35.069+0000] {logging_mixin.py:151} INFO - [2026-05-03T11:48:35.069+0000] {dagbag.py:539} INFO - Filling up the DagBag from /opt/airflow/dags/retail_pipeline_dag.py
[2026-05-03T11:48:35.082+0000] {processor.py:839} INFO - DAG(s) dict_keys(['retail_pipeline']) retrieved from /opt/airflow/dags/retail_pipeline_dag.py
[2026-05-03T11:48:35.109+0000] {logging_mixin.py:151} INFO - [2026-05-03T11:48:35.109+0000] {dag.py:2915} INFO - Sync 1 DAGs
[2026-05-03T11:48:35.124+0000] {logging_mixin.py:151} INFO - [2026-05-03T11:48:35.124+0000] {dag.py:3696} INFO - Setting next_dagrun for retail_pipeline to 2026-05-03T00:30:00+00:00, run_after=2026-05-04T00:30:00+00:00
[2026-05-03T11:48:35.134+0000] {processor.py:179} INFO - Processing /opt/airflow/dags/retail_pipeline_dag.py took 0.071 seconds
[2026-05-03T11:49:05.331+0000] {processor.py:157} INFO - Started process (PID=3074) to work on /opt/airflow/dags/retail_pipeline_dag.py
[2026-05-03T11:49:05.332+0000] {processor.py:829} INFO - Processing file /opt/airflow/dags/retail_pipeline_dag.py for tasks to queue
[2026-05-03T11:49:05.333+0000] {logging_mixin.py:151} INFO - [2026-05-03T11:49:05.332+0000] {dagbag.py:539} INFO - Filling up the DagBag from /opt/airflow/dags/retail_pipeline_dag.py
[2026-05-03T11:49:05.358+0000] {processor.py:839} INFO - DAG(s) dict_keys(['retail_pipeline']) retrieved from /opt/airflow/dags/retail_pipeline_dag.py
[2026-05-03T11:49:05.396+0000] {logging_mixin.py:151} INFO - [2026-05-03T11:49:05.396+0000] {dag.py:2915} INFO - Sync 1 DAGs
[2026-05-03T11:49:05.411+0000] {logging_mixin.py:151} INFO - [2026-05-03T11:49:05.411+0000] {dag.py:3696} INFO - Setting next_dagrun for retail_pipeline to 2026-05-03T00:30:00+00:00, run_after=2026-05-04T00:30:00+00:00
[2026-05-03T11:49:05.421+0000] {processor.py:179} INFO - Processing /opt/airflow/dags/retail_pipeline_dag.py took 0.096 seconds
[2026-05-03T11:49:35.540+0000] {processor.py:157} INFO - Started process (PID=3084) to work on /opt/airflow/dags/retail_pipeline_dag.py
[2026-05-03T11:49:35.541+0000] {processor.py:829} INFO - Processing file /opt/airflow/dags/retail_pipeline_dag.py for tasks to queue
[2026-05-03T11:49:35.543+0000] {logging_mixin.py:151} INFO - [2026-05-03T11:49:35.543+0000] {dagbag.py:539} INFO - Filling up the DagBag from /opt/airflow/dags/retail_pipeline_dag.py
[2026-05-03T11:49:35.554+0000] {processor.py:839} INFO - DAG(s) dict_keys(['retail_pipeline']) retrieved from /opt/airflow/dags/retail_pipeline_dag.py
[2026-05-03T11:49:35.571+0000] {logging_mixin.py:151} INFO - [2026-05-03T11:49:35.571+0000] {dag.py:2915} INFO - Sync 1 DAGs
[2026-05-03T11:49:35.582+0000] {logging_mixin.py:151} INFO - [2026-05-03T11:49:35.582+0000] {dag.py:3696} INFO - Setting next_dagrun for retail_pipeline to 2026-05-03T00:30:00+00:00, run_after=2026-05-04T00:30:00+00:00
[2026-05-03T11:49:35.588+0000] {processor.py:179} INFO - Processing /opt/airflow/dags/retail_pipeline_dag.py took 0.051 seconds
[2026-05-03T11:50:05.861+0000] {processor.py:157} INFO - Started process (PID=3094) to work on /opt/airflow/dags/retail_pipeline_dag.py
[2026-05-03T11:50:05.866+0000] {processor.py:829} INFO - Processing file /opt/airflow/dags/retail_pipeline_dag.py for tasks to queue
[2026-05-03T11:50:05.866+0000] {logging_mixin.py:151} INFO - [2026-05-03T11:50:05.866+0000] {dagbag.py:539} INFO - Filling up the DagBag from /opt/airflow/dags/retail_pipeline_dag.py
[2026-05-03T11:50:05.887+0000] {processor.py:839} INFO - DAG(s) dict_keys(['retail_pipeline']) retrieved from /opt/airflow/dags/retail_pipeline_dag.py
[2026-05-03T11:50:05.925+0000] {logging_mixin.py:151} INFO - [2026-05-03T11:50:05.925+0000] {dag.py:2915} INFO - Sync 1 DAGs
[2026-05-03T11:50:05.942+0000] {logging_mixin.py:151} INFO - [2026-05-03T11:50:05.942+0000] {dag.py:3696} INFO - Setting next_dagrun for retail_pipeline to 2026-05-03T00:30:00+00:00, run_after=2026-05-04T00:30:00+00:00
[2026-05-03T11:50:05.952+0000] {processor.py:179} INFO - Processing /opt/airflow/dags/retail_pipeline_dag.py took 0.098 seconds
[2026-05-03T11:50:36.137+0000] {processor.py:157} INFO - Started process (PID=3104) to work on /opt/airflow/dags/retail_pipeline_dag.py
[2026-05-03T11:50:36.138+0000] {processor.py:829} INFO - Processing file /opt/airflow/dags/retail_pipeline_dag.py for tasks to queue
[2026-05-03T11:50:36.139+0000] {logging_mixin.py:151} INFO - [2026-05-03T11:50:36.139+0000] {dagbag.py:539} INFO - Filling up the DagBag from /opt/airflow/dags/retail_pipeline_dag.py
[2026-05-03T11:50:36.173+0000] {processor.py:839} INFO - DAG(s) dict_keys(['retail_pipeline']) retrieved from /opt/airflow/dags/retail_pipeline_dag.py
[2026-05-03T11:50:36.212+0000] {logging_mixin.py:151} INFO - [2026-05-03T11:50:36.212+0000] {dag.py:2915} INFO - Sync 1 DAGs
[2026-05-03T11:50:36.228+0000] {logging_mixin.py:151} INFO - [2026-05-03T11:50:36.228+0000] {dag.py:3696} INFO - Setting next_dagrun for retail_pipeline to 2026-05-03T00:30:00+00:00, run_after=2026-05-04T00:30:00+00:00
[2026-05-03T11:50:36.236+0000] {processor.py:179} INFO - Processing /opt/airflow/dags/retail_pipeline_dag.py took 0.108 seconds
[2026-05-03T11:51:06.400+0000] {processor.py:157} INFO - Started process (PID=3114) to work on /opt/airflow/dags/retail_pipeline_dag.py
[2026-05-03T11:51:06.401+0000] {processor.py:829} INFO - Processing file /opt/airflow/dags/retail_pipeline_dag.py for tasks to queue
[2026-05-03T11:51:06.402+0000] {logging_mixin.py:151} INFO - [2026-05-03T11:51:06.402+0000] {dagbag.py:539} INFO - Filling up the DagBag from /opt/airflow/dags/retail_pipeline_dag.py
[2026-05-03T11:51:06.416+0000] {processor.py:839} INFO - DAG(s) dict_keys(['retail_pipeline']) retrieved from /opt/airflow/dags/retail_pipeline_dag.py
[2026-05-03T11:51:06.440+0000] {logging_mixin.py:151} INFO - [2026-05-03T11:51:06.440+0000] {dag.py:2915} INFO - Sync 1 DAGs
[2026-05-03T11:51:06.452+0000] {logging_mixin.py:151} INFO - [2026-05-03T11:51:06.452+0000] {dag.py:3696} INFO - Setting next_dagrun for retail_pipeline to 2026-05-03T00:30:00+00:00, run_after=2026-05-04T00:30:00+00:00
[2026-05-03T11:51:06.459+0000] {processor.py:179} INFO - Processing /opt/airflow/dags/retail_pipeline_dag.py took 0.064 seconds
[2026-05-03T11:51:36.661+0000] {processor.py:157} INFO - Started process (PID=3124) to work on /opt/airflow/dags/retail_pipeline_dag.py
[2026-05-03T11:51:36.663+0000] {processor.py:829} INFO - Processing file /opt/airflow/dags/retail_pipeline_dag.py for tasks to queue
[2026-05-03T11:51:36.664+0000] {logging_mixin.py:151} INFO - [2026-05-03T11:51:36.663+0000] {dagbag.py:539} INFO - Filling up the DagBag from /opt/airflow/dags/retail_pipeline_dag.py
[2026-05-03T11:51:36.678+0000] {processor.py:839} INFO - DAG(s) dict_keys(['retail_pipeline']) retrieved from /opt/airflow/dags/retail_pipeline_dag.py
[2026-05-03T11:51:36.700+0000] {logging_mixin.py:151} INFO - [2026-05-03T11:51:36.700+0000] {dag.py:2915} INFO - Sync 1 DAGs
[2026-05-03T11:51:36.712+0000] {logging_mixin.py:151} INFO - [2026-05-03T11:51:36.712+0000] {dag.py:3696} INFO - Setting next_dagrun for retail_pipeline to 2026-05-03T00:30:00+00:00, run_after=2026-05-04T00:30:00+00:00
[2026-05-03T11:51:36.720+0000] {processor.py:179} INFO - Processing /opt/airflow/dags/retail_pipeline_dag.py took 0.063 seconds
[2026-05-03T11:52:06.889+0000] {processor.py:157} INFO - Started process (PID=3134) to work on /opt/airflow/dags/retail_pipeline_dag.py
[2026-05-03T11:52:06.891+0000] {processor.py:829} INFO - Processing file /opt/airflow/dags/retail_pipeline_dag.py for tasks to queue
[2026-05-03T11:52:06.892+0000] {logging_mixin.py:151} INFO - [2026-05-03T11:52:06.892+0000] {dagbag.py:539} INFO - Filling up the DagBag from /opt/airflow/dags/retail_pipeline_dag.py
[2026-05-03T11:52:06.906+0000] {processor.py:839} INFO - DAG(s) dict_keys(['retail_pipeline']) retrieved from /opt/airflow/dags/retail_pipeline_dag.py
[2026-05-03T11:52:06.922+0000] {logging_mixin.py:151} INFO - [2026-05-03T11:52:06.922+0000] {dag.py:2915} INFO - Sync 1 DAGs
[2026-05-03T11:52:06.932+0000] {logging_mixin.py:151} INFO - [2026-05-03T11:52:06.932+0000] {dag.py:3696} INFO - Setting next_dagrun for retail_pipeline to 2026-05-03T00:30:00+00:00, run_after=2026-05-04T00:30:00+00:00
[2026-05-03T11:52:06.938+0000] {processor.py:179} INFO - Processing /opt/airflow/dags/retail_pipeline_dag.py took 0.051 seconds
[2026-05-03T11:52:37.143+0000] {processor.py:157} INFO - Started process (PID=3144) to work on /opt/airflow/dags/retail_pipeline_dag.py
[2026-05-03T11:52:37.144+0000] {processor.py:829} INFO - Processing file /opt/airflow/dags/retail_pipeline_dag.py for tasks to queue
[2026-05-03T11:52:37.145+0000] {logging_mixin.py:151} INFO - [2026-05-03T11:52:37.145+0000] {dagbag.py:539} INFO - Filling up the DagBag from /opt/airflow/dags/retail_pipeline_dag.py
[2026-05-03T11:52:37.154+0000] {processor.py:839} INFO - DAG(s) dict_keys(['retail_pipeline']) retrieved from /opt/airflow/dags/retail_pipeline_dag.py
[2026-05-03T11:52:37.172+0000] {logging_mixin.py:151} INFO - [2026-05-03T11:52:37.171+0000] {dag.py:2915} INFO - Sync 1 DAGs
[2026-05-03T11:52:37.183+0000] {logging_mixin.py:151} INFO - [2026-05-03T11:52:37.183+0000] {dag.py:3696} INFO - Setting next_dagrun for retail_pipeline to 2026-05-03T00:30:00+00:00, run_after=2026-05-04T00:30:00+00:00
[2026-05-03T11:52:37.191+0000] {processor.py:179} INFO - Processing /opt/airflow/dags/retail_pipeline_dag.py took 0.051 seconds
[2026-05-03T11:53:07.477+0000] {processor.py:157} INFO - Started process (PID=3154) to work on /opt/airflow/dags/retail_pipeline_dag.py
[2026-05-03T11:53:07.478+0000] {processor.py:829} INFO - Processing file /opt/airflow/dags/retail_pipeline_dag.py for tasks to queue
[2026-05-03T11:53:07.478+0000] {logging_mixin.py:151} INFO - [2026-05-03T11:53:07.478+0000] {dagbag.py:539} INFO - Filling up the DagBag from /opt/airflow/dags/retail_pipeline_dag.py
[2026-05-03T11:53:07.493+0000] {processor.py:839} INFO - DAG(s) dict_keys(['retail_pipeline']) retrieved from /opt/airflow/dags/retail_pipeline_dag.py
[2026-05-03T11:53:07.521+0000] {logging_mixin.py:151} INFO - [2026-05-03T11:53:07.521+0000] {dag.py:2915} INFO - Sync 1 DAGs
[2026-05-03T11:53:07.540+0000] {logging_mixin.py:151} INFO - [2026-05-03T11:53:07.540+0000] {dag.py:3696} INFO - Setting next_dagrun for retail_pipeline to 2026-05-03T00:30:00+00:00, run_after=2026-05-04T00:30:00+00:00
[2026-05-03T11:53:07.548+0000] {processor.py:179} INFO - Processing /opt/airflow/dags/retail_pipeline_dag.py took 0.075 seconds
[2026-05-03T11:53:37.684+0000] {processor.py:157} INFO - Started process (PID=3164) to work on /opt/airflow/dags/retail_pipeline_dag.py
[2026-05-03T11:53:37.685+0000] {processor.py:829} INFO - Processing file /opt/airflow/dags/retail_pipeline_dag.py for tasks to queue
[2026-05-03T11:53:37.687+0000] {logging_mixin.py:151} INFO - [2026-05-03T11:53:37.687+0000] {dagbag.py:539} INFO - Filling up the DagBag from /opt/airflow/dags/retail_pipeline_dag.py
[2026-05-03T11:53:37.695+0000] {processor.py:839} INFO - DAG(s) dict_keys(['retail_pipeline']) retrieved from /opt/airflow/dags/retail_pipeline_dag.py
[2026-05-03T11:53:37.708+0000] {logging_mixin.py:151} INFO - [2026-05-03T11:53:37.708+0000] {dag.py:2915} INFO - Sync 1 DAGs
[2026-05-03T11:53:37.717+0000] {logging_mixin.py:151} INFO - [2026-05-03T11:53:37.717+0000] {dag.py:3696} INFO - Setting next_dagrun for retail_pipeline to 2026-05-03T00:30:00+00:00, run_after=2026-05-04T00:30:00+00:00
[2026-05-03T11:53:37.723+0000] {processor.py:179} INFO - Processing /opt/airflow/dags/retail_pipeline_dag.py took 0.041 seconds
[2026-05-03T11:54:07.937+0000] {processor.py:157} INFO - Started process (PID=3174) to work on /opt/airflow/dags/retail_pipeline_dag.py
[2026-05-03T11:54:07.938+0000] {processor.py:829} INFO - Processing file /opt/airflow/dags/retail_pipeline_dag.py for tasks to queue
[2026-05-03T11:54:07.940+0000] {logging_mixin.py:151} INFO - [2026-05-03T11:54:07.940+0000] {dagbag.py:539} INFO - Filling up the DagBag from /opt/airflow/dags/retail_pipeline_dag.py
[2026-05-03T11:54:07.953+0000] {processor.py:839} INFO - DAG(s) dict_keys(['retail_pipeline']) retrieved from /opt/airflow/dags/retail_pipeline_dag.py
[2026-05-03T11:54:07.967+0000] {logging_mixin.py:151} INFO - [2026-05-03T11:54:07.967+0000] {dag.py:2915} INFO - Sync 1 DAGs
[2026-05-03T11:54:07.977+0000] {logging_mixin.py:151} INFO - [2026-05-03T11:54:07.977+0000] {dag.py:3696} INFO - Setting next_dagrun for retail_pipeline to 2026-05-03T00:30:00+00:00, run_after=2026-05-04T00:30:00+00:00
[2026-05-03T11:54:07.984+0000] {processor.py:179} INFO - Processing /opt/airflow/dags/retail_pipeline_dag.py took 0.050 seconds
[2026-05-03T11:54:38.225+0000] {processor.py:157} INFO - Started process (PID=3184) to work on /opt/airflow/dags/retail_pipeline_dag.py
[2026-05-03T11:54:38.229+0000] {processor.py:829} INFO - Processing file /opt/airflow/dags/retail_pipeline_dag.py for tasks to queue
[2026-05-03T11:54:38.229+0000] {logging_mixin.py:151} INFO - [2026-05-03T11:54:38.229+0000] {dagbag.py:539} INFO - Filling up the DagBag from /opt/airflow/dags/retail_pipeline_dag.py
[2026-05-03T11:54:38.238+0000] {processor.py:839} INFO - DAG(s) dict_keys(['retail_pipeline']) retrieved from /opt/airflow/dags/retail_pipeline_dag.py
[2026-05-03T11:54:38.253+0000] {logging_mixin.py:151} INFO - [2026-05-03T11:54:38.253+0000] {dag.py:2915} INFO - Sync 1 DAGs
[2026-05-03T11:54:38.263+0000] {logging_mixin.py:151} INFO - [2026-05-03T11:54:38.263+0000] {dag.py:3696} INFO - Setting next_dagrun for retail_pipeline to 2026-05-03T00:30:00+00:00, run_after=2026-05-04T00:30:00+00:00
[2026-05-03T11:54:38.269+0000] {processor.py:179} INFO - Processing /opt/airflow/dags/retail_pipeline_dag.py took 0.049 seconds
[2026-05-03T11:55:08.454+0000] {processor.py:157} INFO - Started process (PID=3194) to work on /opt/airflow/dags/retail_pipeline_dag.py
[2026-05-03T11:55:08.454+0000] {processor.py:829} INFO - Processing file /opt/airflow/dags/retail_pipeline_dag.py for tasks to queue
[2026-05-03T11:55:08.456+0000] {logging_mixin.py:151} INFO - [2026-05-03T11:55:08.456+0000] {dagbag.py:539} INFO - Filling up the DagBag from /opt/airflow/dags/retail_pipeline_dag.py
[2026-05-03T11:55:08.470+0000] {processor.py:839} INFO - DAG(s) dict_keys(['retail_pipeline']) retrieved from /opt/airflow/dags/retail_pipeline_dag.py
[2026-05-03T11:55:08.486+0000] {logging_mixin.py:151} INFO - [2026-05-03T11:55:08.486+0000] {dag.py:2915} INFO - Sync 1 DAGs
[2026-05-03T11:55:08.496+0000] {logging_mixin.py:151} INFO - [2026-05-03T11:55:08.496+0000] {dag.py:3696} INFO - Setting next_dagrun for retail_pipeline to 2026-05-03T00:30:00+00:00, run_after=2026-05-04T00:30:00+00:00
[2026-05-03T11:55:08.502+0000] {processor.py:179} INFO - Processing /opt/airflow/dags/retail_pipeline_dag.py took 0.052 seconds
[2026-05-03T11:55:38.690+0000] {processor.py:157} INFO - Started process (PID=3204) to work on /opt/airflow/dags/retail_pipeline_dag.py
[2026-05-03T11:55:38.691+0000] {processor.py:829} INFO - Processing file /opt/airflow/dags/retail_pipeline_dag.py for tasks to queue
[2026-05-03T11:55:38.692+0000] {logging_mixin.py:151} INFO - [2026-05-03T11:55:38.692+0000] {dagbag.py:539} INFO - Filling up the DagBag from /opt/airflow/dags/retail_pipeline_dag.py
[2026-05-03T11:55:38.718+0000] {processor.py:839} INFO - DAG(s) dict_keys(['retail_pipeline']) retrieved from /opt/airflow/dags/retail_pipeline_dag.py
[2026-05-03T11:55:38.749+0000] {logging_mixin.py:151} INFO - [2026-05-03T11:55:38.749+0000] {dag.py:2915} INFO - Sync 1 DAGs
[2026-05-03T11:55:38.768+0000] {logging_mixin.py:151} INFO - [2026-05-03T11:55:38.768+0000] {dag.py:3696} INFO - Setting next_dagrun for retail_pipeline to 2026-05-03T00:30:00+00:00, run_after=2026-05-04T00:30:00+00:00
[2026-05-03T11:55:38.776+0000] {processor.py:179} INFO - Processing /opt/airflow/dags/retail_pipeline_dag.py took 0.092 seconds
[2026-05-03T11:56:08.904+0000] {processor.py:157} INFO - Started process (PID=3214) to work on /opt/airflow/dags/retail_pipeline_dag.py
[2026-05-03T11:56:08.905+0000] {processor.py:829} INFO - Processing file /opt/airflow/dags/retail_pipeline_dag.py for tasks to queue
[2026-05-03T11:56:08.907+0000] {logging_mixin.py:151} INFO - [2026-05-03T11:56:08.907+0000] {dagbag.py:539} INFO - Filling up the DagBag from /opt/airflow/dags/retail_pipeline_dag.py
[2026-05-03T11:56:08.920+0000] {processor.py:839} INFO - DAG(s) dict_keys(['retail_pipeline']) retrieved from /opt/airflow/dags/retail_pipeline_dag.py
[2026-05-03T11:56:08.937+0000] {logging_mixin.py:151} INFO - [2026-05-03T11:56:08.937+0000] {dag.py:2915} INFO - Sync 1 DAGs
[2026-05-03T11:56:08.948+0000] {logging_mixin.py:151} INFO - [2026-05-03T11:56:08.948+0000] {dag.py:3696} INFO - Setting next_dagrun for retail_pipeline to 2026-05-03T00:30:00+00:00, run_after=2026-05-04T00:30:00+00:00
[2026-05-03T11:56:08.954+0000] {processor.py:179} INFO - Processing /opt/airflow/dags/retail_pipeline_dag.py took 0.054 seconds
[2026-05-03T11:56:39.181+0000] {processor.py:157} INFO - Started process (PID=3224) to work on /opt/airflow/dags/retail_pipeline_dag.py
[2026-05-03T11:56:39.182+0000] {processor.py:829} INFO - Processing file /opt/airflow/dags/retail_pipeline_dag.py for tasks to queue
[2026-05-03T11:56:39.182+0000] {logging_mixin.py:151} INFO - [2026-05-03T11:56:39.182+0000] {dagbag.py:539} INFO - Filling up the DagBag from /opt/airflow/dags/retail_pipeline_dag.py
[2026-05-03T11:56:39.188+0000] {processor.py:839} INFO - DAG(s) dict_keys(['retail_pipeline']) retrieved from /opt/airflow/dags/retail_pipeline_dag.py
[2026-05-03T11:56:39.203+0000] {logging_mixin.py:151} INFO - [2026-05-03T11:56:39.203+0000] {dag.py:2915} INFO - Sync 1 DAGs
[2026-05-03T11:56:39.214+0000] {logging_mixin.py:151} INFO - [2026-05-03T11:56:39.214+0000] {dag.py:3696} INFO - Setting next_dagrun for retail_pipeline to 2026-05-03T00:30:00+00:00, run_after=2026-05-04T00:30:00+00:00
[2026-05-03T11:56:39.220+0000] {processor.py:179} INFO - Processing /opt/airflow/dags/retail_pipeline_dag.py took 0.041 seconds
[2026-05-03T11:57:09.414+0000] {processor.py:157} INFO - Started process (PID=3234) to work on /opt/airflow/dags/retail_pipeline_dag.py
[2026-05-03T11:57:09.416+0000] {processor.py:829} INFO - Processing file /opt/airflow/dags/retail_pipeline_dag.py for tasks to queue
[2026-05-03T11:57:09.417+0000] {logging_mixin.py:151} INFO - [2026-05-03T11:57:09.416+0000] {dagbag.py:539} INFO - Filling up the DagBag from /opt/airflow/dags/retail_pipeline_dag.py
[2026-05-03T11:57:09.432+0000] {processor.py:839} INFO - DAG(s) dict_keys(['retail_pipeline']) retrieved from /opt/airflow/dags/retail_pipeline_dag.py
[2026-05-03T11:57:09.453+0000] {logging_mixin.py:151} INFO - [2026-05-03T11:57:09.453+0000] {dag.py:2915} INFO - Sync 1 DAGs
[2026-05-03T11:57:09.464+0000] {logging_mixin.py:151} INFO - [2026-05-03T11:57:09.464+0000] {dag.py:3696} INFO - Setting next_dagrun for retail_pipeline to 2026-05-03T00:30:00+00:00, run_after=2026-05-04T00:30:00+00:00
[2026-05-03T11:57:09.472+0000] {processor.py:179} INFO - Processing /opt/airflow/dags/retail_pipeline_dag.py took 0.061 seconds
[2026-05-03T11:57:39.661+0000] {processor.py:157} INFO - Started process (PID=3244) to work on /opt/airflow/dags/retail_pipeline_dag.py
[2026-05-03T11:57:39.662+0000] {processor.py:829} INFO - Processing file /opt/airflow/dags/retail_pipeline_dag.py for tasks to queue
[2026-05-03T11:57:39.663+0000] {logging_mixin.py:151} INFO - [2026-05-03T11:57:39.663+0000] {dagbag.py:539} INFO - Filling up the DagBag from /opt/airflow/dags/retail_pipeline_dag.py
[2026-05-03T11:57:39.675+0000] {processor.py:839} INFO - DAG(s) dict_keys(['retail_pipeline']) retrieved from /opt/airflow/dags/retail_pipeline_dag.py
[2026-05-03T11:57:39.692+0000] {logging_mixin.py:151} INFO - [2026-05-03T11:57:39.692+0000] {dag.py:2915} INFO - Sync 1 DAGs
[2026-05-03T11:57:39.703+0000] {logging_mixin.py:151} INFO - [2026-05-03T11:57:39.703+0000] {dag.py:3696} INFO - Setting next_dagrun for retail_pipeline to 2026-05-03T00:30:00+00:00, run_after=2026-05-04T00:30:00+00:00
[2026-05-03T11:57:39.710+0000] {processor.py:179} INFO - Processing /opt/airflow/dags/retail_pipeline_dag.py took 0.051 seconds
[2026-05-03T11:58:09.915+0000] {processor.py:157} INFO - Started process (PID=3254) to work on /opt/airflow/dags/retail_pipeline_dag.py
[2026-05-03T11:58:09.916+0000] {processor.py:829} INFO - Processing file /opt/airflow/dags/retail_pipeline_dag.py for tasks to queue
[2026-05-03T11:58:09.918+0000] {logging_mixin.py:151} INFO - [2026-05-03T11:58:09.917+0000] {dagbag.py:539} INFO - Filling up the DagBag from /opt/airflow/dags/retail_pipeline_dag.py
[2026-05-03T11:58:09.927+0000] {processor.py:839} INFO - DAG(s) dict_keys(['retail_pipeline']) retrieved from /opt/airflow/dags/retail_pipeline_dag.py
[2026-05-03T11:58:09.945+0000] {logging_mixin.py:151} INFO - [2026-05-03T11:58:09.945+0000] {dag.py:2915} INFO - Sync 1 DAGs
[2026-05-03T11:58:09.956+0000] {logging_mixin.py:151} INFO - [2026-05-03T11:58:09.956+0000] {dag.py:3696} INFO - Setting next_dagrun for retail_pipeline to 2026-05-03T00:30:00+00:00, run_after=2026-05-04T00:30:00+00:00
[2026-05-03T11:58:09.962+0000] {processor.py:179} INFO - Processing /opt/airflow/dags/retail_pipeline_dag.py took 0.050 seconds
[2026-05-03T11:58:40.146+0000] {processor.py:157} INFO - Started process (PID=3264) to work on /opt/airflow/dags/retail_pipeline_dag.py
[2026-05-03T11:58:40.148+0000] {processor.py:829} INFO - Processing file /opt/airflow/dags/retail_pipeline_dag.py for tasks to queue
[2026-05-03T11:58:40.150+0000] {logging_mixin.py:151} INFO - [2026-05-03T11:58:40.150+0000] {dagbag.py:539} INFO - Filling up the DagBag from /opt/airflow/dags/retail_pipeline_dag.py
[2026-05-03T11:58:40.161+0000] {processor.py:839} INFO - DAG(s) dict_keys(['retail_pipeline']) retrieved from /opt/airflow/dags/retail_pipeline_dag.py
[2026-05-03T11:58:40.177+0000] {logging_mixin.py:151} INFO - [2026-05-03T11:58:40.176+0000] {dag.py:2915} INFO - Sync 1 DAGs
[2026-05-03T11:58:40.186+0000] {logging_mixin.py:151} INFO - [2026-05-03T11:58:40.186+0000] {dag.py:3696} INFO - Setting next_dagrun for retail_pipeline to 2026-05-03T00:30:00+00:00, run_after=2026-05-04T00:30:00+00:00
[2026-05-03T11:58:40.193+0000] {processor.py:179} INFO - Processing /opt/airflow/dags/retail_pipeline_dag.py took 0.049 seconds
[2026-05-03T11:59:10.397+0000] {processor.py:157} INFO - Started process (PID=3274) to work on /opt/airflow/dags/retail_pipeline_dag.py
[2026-05-03T11:59:10.398+0000] {processor.py:829} INFO - Processing file /opt/airflow/dags/retail_pipeline_dag.py for tasks to queue
[2026-05-03T11:59:10.399+0000] {logging_mixin.py:151} INFO - [2026-05-03T11:59:10.399+0000] {dagbag.py:539} INFO - Filling up the DagBag from /opt/airflow/dags/retail_pipeline_dag.py
[2026-05-03T11:59:10.424+0000] {processor.py:839} INFO - DAG(s) dict_keys(['retail_pipeline']) retrieved from /opt/airflow/dags/retail_pipeline_dag.py
[2026-05-03T11:59:10.458+0000] {logging_mixin.py:151} INFO - [2026-05-03T11:59:10.458+0000] {dag.py:2915} INFO - Sync 1 DAGs
[2026-05-03T11:59:10.472+0000] {logging_mixin.py:151} INFO - [2026-05-03T11:59:10.472+0000] {dag.py:3696} INFO - Setting next_dagrun for retail_pipeline to 2026-05-03T00:30:00+00:00, run_after=2026-05-04T00:30:00+00:00
[2026-05-03T11:59:10.479+0000] {processor.py:179} INFO - Processing /opt/airflow/dags/retail_pipeline_dag.py took 0.085 seconds
[2026-05-03T11:59:40.632+0000] {processor.py:157} INFO - Started process (PID=3284) to work on /opt/airflow/dags/retail_pipeline_dag.py
[2026-05-03T11:59:40.633+0000] {processor.py:829} INFO - Processing file /opt/airflow/dags/retail_pipeline_dag.py for tasks to queue
[2026-05-03T11:59:40.634+0000] {logging_mixin.py:151} INFO - [2026-05-03T11:59:40.634+0000] {dagbag.py:539} INFO - Filling up the DagBag from /opt/airflow/dags/retail_pipeline_dag.py
[2026-05-03T11:59:40.644+0000] {processor.py:839} INFO - DAG(s) dict_keys(['retail_pipeline']) retrieved from /opt/airflow/dags/retail_pipeline_dag.py
[2026-05-03T11:59:40.662+0000] {logging_mixin.py:151} INFO - [2026-05-03T11:59:40.662+0000] {dag.py:2915} INFO - Sync 1 DAGs
[2026-05-03T11:59:40.672+0000] {logging_mixin.py:151} INFO - [2026-05-03T11:59:40.672+0000] {dag.py:3696} INFO - Setting next_dagrun for retail_pipeline to 2026-05-03T00:30:00+00:00, run_after=2026-05-04T00:30:00+00:00
[2026-05-03T11:59:40.679+0000] {processor.py:179} INFO - Processing /opt/airflow/dags/retail_pipeline_dag.py took 0.050 seconds
[2026-05-03T12:00:10.870+0000] {processor.py:157} INFO - Started process (PID=3335) to work on /opt/airflow/dags/retail_pipeline_dag.py
[2026-05-03T12:00:10.874+0000] {processor.py:829} INFO - Processing file /opt/airflow/dags/retail_pipeline_dag.py for tasks to queue
[2026-05-03T12:00:10.878+0000] {logging_mixin.py:151} INFO - [2026-05-03T12:00:10.876+0000] {dagbag.py:539} INFO - Filling up the DagBag from /opt/airflow/dags/retail_pipeline_dag.py
[2026-05-03T12:00:10.906+0000] {processor.py:839} INFO - DAG(s) dict_keys(['retail_pipeline']) retrieved from /opt/airflow/dags/retail_pipeline_dag.py
[2026-05-03T12:00:10.941+0000] {logging_mixin.py:151} INFO - [2026-05-03T12:00:10.941+0000] {dag.py:2915} INFO - Sync 1 DAGs
[2026-05-03T12:00:10.958+0000] {logging_mixin.py:151} INFO - [2026-05-03T12:00:10.958+0000] {dag.py:3696} INFO - Setting next_dagrun for retail_pipeline to 2026-05-03T00:30:00+00:00, run_after=2026-05-04T00:30:00+00:00
[2026-05-03T12:00:10.969+0000] {processor.py:179} INFO - Processing /opt/airflow/dags/retail_pipeline_dag.py took 0.103 seconds
[2026-05-03T12:00:40.992+0000] {processor.py:157} INFO - Started process (PID=3383) to work on /opt/airflow/dags/retail_pipeline_dag.py
[2026-05-03T12:00:40.994+0000] {processor.py:829} INFO - Processing file /opt/airflow/dags/retail_pipeline_dag.py for tasks to queue
[2026-05-03T12:00:40.994+0000] {logging_mixin.py:151} INFO - [2026-05-03T12:00:40.994+0000] {dagbag.py:539} INFO - Filling up the DagBag from /opt/airflow/dags/retail_pipeline_dag.py
[2026-05-03T12:00:41.004+0000] {processor.py:839} INFO - DAG(s) dict_keys(['retail_pipeline']) retrieved from /opt/airflow/dags/retail_pipeline_dag.py
[2026-05-03T12:00:41.024+0000] {logging_mixin.py:151} INFO - [2026-05-03T12:00:41.024+0000] {dag.py:2915} INFO - Sync 1 DAGs
[2026-05-03T12:00:41.035+0000] {logging_mixin.py:151} INFO - [2026-05-03T12:00:41.035+0000] {dag.py:3696} INFO - Setting next_dagrun for retail_pipeline to 2026-05-03T00:30:00+00:00, run_after=2026-05-04T00:30:00+00:00
[2026-05-03T12:00:41.045+0000] {processor.py:179} INFO - Processing /opt/airflow/dags/retail_pipeline_dag.py took 0.054 seconds
[2026-05-03T12:01:11.215+0000] {processor.py:157} INFO - Started process (PID=3393) to work on /opt/airflow/dags/retail_pipeline_dag.py
[2026-05-03T12:01:11.216+0000] {processor.py:829} INFO - Processing file /opt/airflow/dags/retail_pipeline_dag.py for tasks to queue
[2026-05-03T12:01:11.217+0000] {logging_mixin.py:151} INFO - [2026-05-03T12:01:11.217+0000] {dagbag.py:539} INFO - Filling up the DagBag from /opt/airflow/dags/retail_pipeline_dag.py
[2026-05-03T12:01:11.232+0000] {processor.py:839} INFO - DAG(s) dict_keys(['retail_pipeline']) retrieved from /opt/airflow/dags/retail_pipeline_dag.py
[2026-05-03T12:01:11.254+0000] {logging_mixin.py:151} INFO - [2026-05-03T12:01:11.254+0000] {dag.py:2915} INFO - Sync 1 DAGs
[2026-05-03T12:01:11.267+0000] {logging_mixin.py:151} INFO - [2026-05-03T12:01:11.267+0000] {dag.py:3696} INFO - Setting next_dagrun for retail_pipeline to 2026-05-03T00:30:00+00:00, run_after=2026-05-04T00:30:00+00:00
[2026-05-03T12:01:11.277+0000] {processor.py:179} INFO - Processing /opt/airflow/dags/retail_pipeline_dag.py took 0.065 seconds
[2026-05-03T12:01:41.409+0000] {processor.py:157} INFO - Started process (PID=3403) to work on /opt/airflow/dags/retail_pipeline_dag.py
[2026-05-03T12:01:41.410+0000] {processor.py:829} INFO - Processing file /opt/airflow/dags/retail_pipeline_dag.py for tasks to queue
[2026-05-03T12:01:41.411+0000] {logging_mixin.py:151} INFO - [2026-05-03T12:01:41.411+0000] {dagbag.py:539} INFO - Filling up the DagBag from /opt/airflow/dags/retail_pipeline_dag.py
[2026-05-03T12:01:41.426+0000] {processor.py:839} INFO - DAG(s) dict_keys(['retail_pipeline']) retrieved from /opt/airflow/dags/retail_pipeline_dag.py
[2026-05-03T12:01:41.446+0000] {logging_mixin.py:151} INFO - [2026-05-03T12:01:41.445+0000] {dag.py:2915} INFO - Sync 1 DAGs
[2026-05-03T12:01:41.456+0000] {logging_mixin.py:151} INFO - [2026-05-03T12:01:41.456+0000] {dag.py:3696} INFO - Setting next_dagrun for retail_pipeline to 2026-05-03T00:30:00+00:00, run_after=2026-05-04T00:30:00+00:00
[2026-05-03T12:01:41.466+0000] {processor.py:179} INFO - Processing /opt/airflow/dags/retail_pipeline_dag.py took 0.061 seconds
[2026-05-03T12:02:11.668+0000] {processor.py:157} INFO - Started process (PID=3413) to work on /opt/airflow/dags/retail_pipeline_dag.py
[2026-05-03T12:02:11.669+0000] {processor.py:829} INFO - Processing file /opt/airflow/dags/retail_pipeline_dag.py for tasks to queue
[2026-05-03T12:02:11.671+0000] {logging_mixin.py:151} INFO - [2026-05-03T12:02:11.671+0000] {dagbag.py:539} INFO - Filling up the DagBag from /opt/airflow/dags/retail_pipeline_dag.py
[2026-05-03T12:02:11.684+0000] {processor.py:839} INFO - DAG(s) dict_keys(['retail_pipeline']) retrieved from /opt/airflow/dags/retail_pipeline_dag.py
[2026-05-03T12:02:11.705+0000] {logging_mixin.py:151} INFO - [2026-05-03T12:02:11.705+0000] {dag.py:2915} INFO - Sync 1 DAGs
[2026-05-03T12:02:11.717+0000] {logging_mixin.py:151} INFO - [2026-05-03T12:02:11.717+0000] {dag.py:3696} INFO - Setting next_dagrun for retail_pipeline to 2026-05-03T00:30:00+00:00, run_after=2026-05-04T00:30:00+00:00
[2026-05-03T12:02:11.727+0000] {processor.py:179} INFO - Processing /opt/airflow/dags/retail_pipeline_dag.py took 0.063 seconds
[2026-05-03T12:02:41.948+0000] {processor.py:157} INFO - Started process (PID=3423) to work on /opt/airflow/dags/retail_pipeline_dag.py
[2026-05-03T12:02:41.949+0000] {processor.py:829} INFO - Processing file /opt/airflow/dags/retail_pipeline_dag.py for tasks to queue
[2026-05-03T12:02:41.950+0000] {logging_mixin.py:151} INFO - [2026-05-03T12:02:41.949+0000] {dagbag.py:539} INFO - Filling up the DagBag from /opt/airflow/dags/retail_pipeline_dag.py
[2026-05-03T12:02:41.966+0000] {processor.py:839} INFO - DAG(s) dict_keys(['retail_pipeline']) retrieved from /opt/airflow/dags/retail_pipeline_dag.py
[2026-05-03T12:02:41.986+0000] {logging_mixin.py:151} INFO - [2026-05-03T12:02:41.986+0000] {dag.py:2915} INFO - Sync 1 DAGs
[2026-05-03T12:02:41.996+0000] {logging_mixin.py:151} INFO - [2026-05-03T12:02:41.995+0000] {dag.py:3696} INFO - Setting next_dagrun for retail_pipeline to 2026-05-03T00:30:00+00:00, run_after=2026-05-04T00:30:00+00:00
[2026-05-03T12:02:42.005+0000] {processor.py:179} INFO - Processing /opt/airflow/dags/retail_pipeline_dag.py took 0.059 seconds
[2026-05-03T12:03:12.249+0000] {processor.py:157} INFO - Started process (PID=3433) to work on /opt/airflow/dags/retail_pipeline_dag.py
[2026-05-03T12:03:12.251+0000] {processor.py:829} INFO - Processing file /opt/airflow/dags/retail_pipeline_dag.py for tasks to queue
[2026-05-03T12:03:12.252+0000] {logging_mixin.py:151} INFO - [2026-05-03T12:03:12.252+0000] {dagbag.py:539} INFO - Filling up the DagBag from /opt/airflow/dags/retail_pipeline_dag.py
[2026-05-03T12:03:12.262+0000] {processor.py:839} INFO - DAG(s) dict_keys(['retail_pipeline']) retrieved from /opt/airflow/dags/retail_pipeline_dag.py
[2026-05-03T12:03:12.280+0000] {logging_mixin.py:151} INFO - [2026-05-03T12:03:12.279+0000] {dag.py:2915} INFO - Sync 1 DAGs
[2026-05-03T12:03:12.294+0000] {logging_mixin.py:151} INFO - [2026-05-03T12:03:12.294+0000] {dag.py:3696} INFO - Setting next_dagrun for retail_pipeline to 2026-05-03T00:30:00+00:00, run_after=2026-05-04T00:30:00+00:00
[2026-05-03T12:03:12.305+0000] {processor.py:179} INFO - Processing /opt/airflow/dags/retail_pipeline_dag.py took 0.059 seconds
[2026-05-03T12:03:42.556+0000] {processor.py:157} INFO - Started process (PID=3443) to work on /opt/airflow/dags/retail_pipeline_dag.py
[2026-05-03T12:03:42.557+0000] {processor.py:829} INFO - Processing file /opt/airflow/dags/retail_pipeline_dag.py for tasks to queue
[2026-05-03T12:03:42.558+0000] {logging_mixin.py:151} INFO - [2026-05-03T12:03:42.558+0000] {dagbag.py:539} INFO - Filling up the DagBag from /opt/airflow/dags/retail_pipeline_dag.py
[2026-05-03T12:03:42.570+0000] {processor.py:839} INFO - DAG(s) dict_keys(['retail_pipeline']) retrieved from /opt/airflow/dags/retail_pipeline_dag.py
[2026-05-03T12:03:42.590+0000] {logging_mixin.py:151} INFO - [2026-05-03T12:03:42.590+0000] {dag.py:2915} INFO - Sync 1 DAGs
[2026-05-03T12:03:42.603+0000] {logging_mixin.py:151} INFO - [2026-05-03T12:03:42.603+0000] {dag.py:3696} INFO - Setting next_dagrun for retail_pipeline to 2026-05-03T00:30:00+00:00, run_after=2026-05-04T00:30:00+00:00
[2026-05-03T12:03:42.613+0000] {processor.py:179} INFO - Processing /opt/airflow/dags/retail_pipeline_dag.py took 0.060 seconds
[2026-05-03T12:04:12.783+0000] {processor.py:157} INFO - Started process (PID=3453) to work on /opt/airflow/dags/retail_pipeline_dag.py
[2026-05-03T12:04:12.784+0000] {processor.py:829} INFO - Processing file /opt/airflow/dags/retail_pipeline_dag.py for tasks to queue
[2026-05-03T12:04:12.785+0000] {logging_mixin.py:151} INFO - [2026-05-03T12:04:12.785+0000] {dagbag.py:539} INFO - Filling up the DagBag from /opt/airflow/dags/retail_pipeline_dag.py
[2026-05-03T12:04:12.801+0000] {processor.py:839} INFO - DAG(s) dict_keys(['retail_pipeline']) retrieved from /opt/airflow/dags/retail_pipeline_dag.py
[2026-05-03T12:04:12.822+0000] {logging_mixin.py:151} INFO - [2026-05-03T12:04:12.822+0000] {dag.py:2915} INFO - Sync 1 DAGs
[2026-05-03T12:04:12.834+0000] {logging_mixin.py:151} INFO - [2026-05-03T12:04:12.833+0000] {dag.py:3696} INFO - Setting next_dagrun for retail_pipeline to 2026-05-03T00:30:00+00:00, run_after=2026-05-04T00:30:00+00:00
[2026-05-03T12:04:12.842+0000] {processor.py:179} INFO - Processing /opt/airflow/dags/retail_pipeline_dag.py took 0.063 seconds
[2026-05-03T12:04:42.988+0000] {processor.py:157} INFO - Started process (PID=3463) to work on /opt/airflow/dags/retail_pipeline_dag.py
[2026-05-03T12:04:42.989+0000] {processor.py:829} INFO - Processing file /opt/airflow/dags/retail_pipeline_dag.py for tasks to queue
[2026-05-03T12:04:42.990+0000] {logging_mixin.py:151} INFO - [2026-05-03T12:04:42.990+0000] {dagbag.py:539} INFO - Filling up the DagBag from /opt/airflow/dags/retail_pipeline_dag.py
[2026-05-03T12:04:43.003+0000] {processor.py:839} INFO - DAG(s) dict_keys(['retail_pipeline']) retrieved from /opt/airflow/dags/retail_pipeline_dag.py
[2026-05-03T12:04:43.019+0000] {logging_mixin.py:151} INFO - [2026-05-03T12:04:43.019+0000] {dag.py:2915} INFO - Sync 1 DAGs
[2026-05-03T12:04:43.029+0000] {logging_mixin.py:151} INFO - [2026-05-03T12:04:43.029+0000] {dag.py:3696} INFO - Setting next_dagrun for retail_pipeline to 2026-05-03T00:30:00+00:00, run_after=2026-05-04T00:30:00+00:00
[2026-05-03T12:04:43.038+0000] {processor.py:179} INFO - Processing /opt/airflow/dags/retail_pipeline_dag.py took 0.054 seconds
[2026-05-03T12:05:13.310+0000] {processor.py:157} INFO - Started process (PID=3473) to work on /opt/airflow/dags/retail_pipeline_dag.py
[2026-05-03T12:05:13.312+0000] {processor.py:829} INFO - Processing file /opt/airflow/dags/retail_pipeline_dag.py for tasks to queue
[2026-05-03T12:05:13.317+0000] {logging_mixin.py:151} INFO - [2026-05-03T12:05:13.316+0000] {dagbag.py:539} INFO - Filling up the DagBag from /opt/airflow/dags/retail_pipeline_dag.py
[2026-05-03T12:05:13.333+0000] {processor.py:839} INFO - DAG(s) dict_keys(['retail_pipeline']) retrieved from /opt/airflow/dags/retail_pipeline_dag.py
[2026-05-03T12:05:13.359+0000] {logging_mixin.py:151} INFO - [2026-05-03T12:05:13.359+0000] {dag.py:2915} INFO - Sync 1 DAGs
[2026-05-03T12:05:13.375+0000] {logging_mixin.py:151} INFO - [2026-05-03T12:05:13.375+0000] {dag.py:3696} INFO - Setting next_dagrun for retail_pipeline to 2026-05-03T00:30:00+00:00, run_after=2026-05-04T00:30:00+00:00
[2026-05-03T12:05:13.385+0000] {processor.py:179} INFO - Processing /opt/airflow/dags/retail_pipeline_dag.py took 0.078 seconds
[2026-05-03T12:05:43.618+0000] {processor.py:157} INFO - Started process (PID=3483) to work on /opt/airflow/dags/retail_pipeline_dag.py
[2026-05-03T12:05:43.621+0000] {processor.py:829} INFO - Processing file /opt/airflow/dags/retail_pipeline_dag.py for tasks to queue
[2026-05-03T12:05:43.621+0000] {logging_mixin.py:151} INFO - [2026-05-03T12:05:43.621+0000] {dagbag.py:539} INFO - Filling up the DagBag from /opt/airflow/dags/retail_pipeline_dag.py
[2026-05-03T12:05:43.631+0000] {processor.py:839} INFO - DAG(s) dict_keys(['retail_pipeline']) retrieved from /opt/airflow/dags/retail_pipeline_dag.py
[2026-05-03T12:05:43.648+0000] {logging_mixin.py:151} INFO - [2026-05-03T12:05:43.648+0000] {dag.py:2915} INFO - Sync 1 DAGs
[2026-05-03T12:05:43.662+0000] {logging_mixin.py:151} INFO - [2026-05-03T12:05:43.662+0000] {dag.py:3696} INFO - Setting next_dagrun for retail_pipeline to 2026-05-03T00:30:00+00:00, run_after=2026-05-04T00:30:00+00:00
[2026-05-03T12:05:43.671+0000] {processor.py:179} INFO - Processing /opt/airflow/dags/retail_pipeline_dag.py took 0.055 seconds
[2026-05-03T12:06:13.915+0000] {processor.py:157} INFO - Started process (PID=3493) to work on /opt/airflow/dags/retail_pipeline_dag.py
[2026-05-03T12:06:13.917+0000] {processor.py:829} INFO - Processing file /opt/airflow/dags/retail_pipeline_dag.py for tasks to queue
[2026-05-03T12:06:13.917+0000] {logging_mixin.py:151} INFO - [2026-05-03T12:06:13.917+0000] {dagbag.py:539} INFO - Filling up the DagBag from /opt/airflow/dags/retail_pipeline_dag.py
[2026-05-03T12:06:13.930+0000] {processor.py:839} INFO - DAG(s) dict_keys(['retail_pipeline']) retrieved from /opt/airflow/dags/retail_pipeline_dag.py
[2026-05-03T12:06:13.949+0000] {logging_mixin.py:151} INFO - [2026-05-03T12:06:13.948+0000] {dag.py:2915} INFO - Sync 1 DAGs
[2026-05-03T12:06:13.958+0000] {logging_mixin.py:151} INFO - [2026-05-03T12:06:13.958+0000] {dag.py:3696} INFO - Setting next_dagrun for retail_pipeline to 2026-05-03T00:30:00+00:00, run_after=2026-05-04T00:30:00+00:00
[2026-05-03T12:06:13.967+0000] {processor.py:179} INFO - Processing /opt/airflow/dags/retail_pipeline_dag.py took 0.055 seconds
[2026-05-03T12:06:44.234+0000] {processor.py:157} INFO - Started process (PID=3503) to work on /opt/airflow/dags/retail_pipeline_dag.py
[2026-05-03T12:06:44.235+0000] {processor.py:829} INFO - Processing file /opt/airflow/dags/retail_pipeline_dag.py for tasks to queue
[2026-05-03T12:06:44.235+0000] {logging_mixin.py:151} INFO - [2026-05-03T12:06:44.235+0000] {dagbag.py:539} INFO - Filling up the DagBag from /opt/airflow/dags/retail_pipeline_dag.py
[2026-05-03T12:06:44.250+0000] {processor.py:839} INFO - DAG(s) dict_keys(['retail_pipeline']) retrieved from /opt/airflow/dags/retail_pipeline_dag.py
[2026-05-03T12:06:44.279+0000] {logging_mixin.py:151} INFO - [2026-05-03T12:06:44.279+0000] {dag.py:2915} INFO - Sync 1 DAGs
[2026-05-03T12:06:44.295+0000] {logging_mixin.py:151} INFO - [2026-05-03T12:06:44.295+0000] {dag.py:3696} INFO - Setting next_dagrun for retail_pipeline to 2026-05-03T00:30:00+00:00, run_after=2026-05-04T00:30:00+00:00
[2026-05-03T12:06:44.305+0000] {processor.py:179} INFO - Processing /opt/airflow/dags/retail_pipeline_dag.py took 0.075 seconds
[2026-05-03T12:07:14.571+0000] {processor.py:157} INFO - Started process (PID=3513) to work on /opt/airflow/dags/retail_pipeline_dag.py
[2026-05-03T12:07:14.572+0000] {processor.py:829} INFO - Processing file /opt/airflow/dags/retail_pipeline_dag.py for tasks to queue
[2026-05-03T12:07:14.573+0000] {logging_mixin.py:151} INFO - [2026-05-03T12:07:14.573+0000] {dagbag.py:539} INFO - Filling up the DagBag from /opt/airflow/dags/retail_pipeline_dag.py
[2026-05-03T12:07:14.586+0000] {processor.py:839} INFO - DAG(s) dict_keys(['retail_pipeline']) retrieved from /opt/airflow/dags/retail_pipeline_dag.py
[2026-05-03T12:07:14.605+0000] {logging_mixin.py:151} INFO - [2026-05-03T12:07:14.605+0000] {dag.py:2915} INFO - Sync 1 DAGs
[2026-05-03T12:07:14.617+0000] {logging_mixin.py:151} INFO - [2026-05-03T12:07:14.616+0000] {dag.py:3696} INFO - Setting next_dagrun for retail_pipeline to 2026-05-03T00:30:00+00:00, run_after=2026-05-04T00:30:00+00:00
[2026-05-03T12:07:14.625+0000] {processor.py:179} INFO - Processing /opt/airflow/dags/retail_pipeline_dag.py took 0.057 seconds
[2026-05-03T12:07:44.800+0000] {processor.py:157} INFO - Started process (PID=3523) to work on /opt/airflow/dags/retail_pipeline_dag.py
[2026-05-03T12:07:44.802+0000] {processor.py:829} INFO - Processing file /opt/airflow/dags/retail_pipeline_dag.py for tasks to queue
[2026-05-03T12:07:44.803+0000] {logging_mixin.py:151} INFO - [2026-05-03T12:07:44.803+0000] {dagbag.py:539} INFO - Filling up the DagBag from /opt/airflow/dags/retail_pipeline_dag.py
[2026-05-03T12:07:44.820+0000] {processor.py:839} INFO - DAG(s) dict_keys(['retail_pipeline']) retrieved from /opt/airflow/dags/retail_pipeline_dag.py
[2026-05-03T12:07:44.841+0000] {logging_mixin.py:151} INFO - [2026-05-03T12:07:44.841+0000] {dag.py:2915} INFO - Sync 1 DAGs
[2026-05-03T12:07:44.853+0000] {logging_mixin.py:151} INFO - [2026-05-03T12:07:44.853+0000] {dag.py:3696} INFO - Setting next_dagrun for retail_pipeline to 2026-05-03T00:30:00+00:00, run_after=2026-05-04T00:30:00+00:00
[2026-05-03T12:07:44.862+0000] {processor.py:179} INFO - Processing /opt/airflow/dags/retail_pipeline_dag.py took 0.066 seconds
[2026-05-03T12:08:15.120+0000] {processor.py:157} INFO - Started process (PID=3533) to work on /opt/airflow/dags/retail_pipeline_dag.py
[2026-05-03T12:08:15.122+0000] {processor.py:829} INFO - Processing file /opt/airflow/dags/retail_pipeline_dag.py for tasks to queue
[2026-05-03T12:08:15.123+0000] {logging_mixin.py:151} INFO - [2026-05-03T12:08:15.123+0000] {dagbag.py:539} INFO - Filling up the DagBag from /opt/airflow/dags/retail_pipeline_dag.py
[2026-05-03T12:08:15.132+0000] {processor.py:839} INFO - DAG(s) dict_keys(['retail_pipeline']) retrieved from /opt/airflow/dags/retail_pipeline_dag.py
[2026-05-03T12:08:15.153+0000] {logging_mixin.py:151} INFO - [2026-05-03T12:08:15.153+0000] {dag.py:2915} INFO - Sync 1 DAGs
[2026-05-03T12:08:15.164+0000] {logging_mixin.py:151} INFO - [2026-05-03T12:08:15.164+0000] {dag.py:3696} INFO - Setting next_dagrun for retail_pipeline to 2026-05-03T00:30:00+00:00, run_after=2026-05-04T00:30:00+00:00
[2026-05-03T12:08:15.173+0000] {processor.py:179} INFO - Processing /opt/airflow/dags/retail_pipeline_dag.py took 0.056 seconds
[2026-05-03T12:08:45.365+0000] {processor.py:157} INFO - Started process (PID=3543) to work on /opt/airflow/dags/retail_pipeline_dag.py
[2026-05-03T12:08:45.366+0000] {processor.py:829} INFO - Processing file /opt/airflow/dags/retail_pipeline_dag.py for tasks to queue
[2026-05-03T12:08:45.368+0000] {logging_mixin.py:151} INFO - [2026-05-03T12:08:45.367+0000] {dagbag.py:539} INFO - Filling up the DagBag from /opt/airflow/dags/retail_pipeline_dag.py
[2026-05-03T12:08:45.385+0000] {processor.py:839} INFO - DAG(s) dict_keys(['retail_pipeline']) retrieved from /opt/airflow/dags/retail_pipeline_dag.py
[2026-05-03T12:08:45.413+0000] {logging_mixin.py:151} INFO - [2026-05-03T12:08:45.413+0000] {dag.py:2915} INFO - Sync 1 DAGs
[2026-05-03T12:08:45.430+0000] {logging_mixin.py:151} INFO - [2026-05-03T12:08:45.430+0000] {dag.py:3696} INFO - Setting next_dagrun for retail_pipeline to 2026-05-03T00:30:00+00:00, run_after=2026-05-04T00:30:00+00:00
[2026-05-03T12:08:45.440+0000] {processor.py:179} INFO - Processing /opt/airflow/dags/retail_pipeline_dag.py took 0.078 seconds
[2026-05-03T12:09:15.686+0000] {processor.py:157} INFO - Started process (PID=3553) to work on /opt/airflow/dags/retail_pipeline_dag.py
[2026-05-03T12:09:15.687+0000] {processor.py:829} INFO - Processing file /opt/airflow/dags/retail_pipeline_dag.py for tasks to queue
[2026-05-03T12:09:15.688+0000] {logging_mixin.py:151} INFO - [2026-05-03T12:09:15.688+0000] {dagbag.py:539} INFO - Filling up the DagBag from /opt/airflow/dags/retail_pipeline_dag.py
[2026-05-03T12:09:15.703+0000] {processor.py:839} INFO - DAG(s) dict_keys(['retail_pipeline']) retrieved from /opt/airflow/dags/retail_pipeline_dag.py
[2026-05-03T12:09:15.725+0000] {logging_mixin.py:151} INFO - [2026-05-03T12:09:15.725+0000] {dag.py:2915} INFO - Sync 1 DAGs
[2026-05-03T12:09:15.740+0000] {logging_mixin.py:151} INFO - [2026-05-03T12:09:15.740+0000] {dag.py:3696} INFO - Setting next_dagrun for retail_pipeline to 2026-05-03T00:30:00+00:00, run_after=2026-05-04T00:30:00+00:00
[2026-05-03T12:09:15.750+0000] {processor.py:179} INFO - Processing /opt/airflow/dags/retail_pipeline_dag.py took 0.067 seconds
[2026-05-03T12:09:45.883+0000] {processor.py:157} INFO - Started process (PID=3563) to work on /opt/airflow/dags/retail_pipeline_dag.py
[2026-05-03T12:09:45.884+0000] {processor.py:829} INFO - Processing file /opt/airflow/dags/retail_pipeline_dag.py for tasks to queue
[2026-05-03T12:09:45.885+0000] {logging_mixin.py:151} INFO - [2026-05-03T12:09:45.885+0000] {dagbag.py:539} INFO - Filling up the DagBag from /opt/airflow/dags/retail_pipeline_dag.py
[2026-05-03T12:09:45.897+0000] {processor.py:839} INFO - DAG(s) dict_keys(['retail_pipeline']) retrieved from /opt/airflow/dags/retail_pipeline_dag.py
[2026-05-03T12:09:45.915+0000] {logging_mixin.py:151} INFO - [2026-05-03T12:09:45.915+0000] {dag.py:2915} INFO - Sync 1 DAGs
[2026-05-03T12:09:45.928+0000] {logging_mixin.py:151} INFO - [2026-05-03T12:09:45.928+0000] {dag.py:3696} INFO - Setting next_dagrun for retail_pipeline to 2026-05-03T00:30:00+00:00, run_after=2026-05-04T00:30:00+00:00
[2026-05-03T12:09:45.939+0000] {processor.py:179} INFO - Processing /opt/airflow/dags/retail_pipeline_dag.py took 0.059 seconds
[2026-05-03T12:10:16.162+0000] {processor.py:157} INFO - Started process (PID=3573) to work on /opt/airflow/dags/retail_pipeline_dag.py
[2026-05-03T12:10:16.164+0000] {processor.py:829} INFO - Processing file /opt/airflow/dags/retail_pipeline_dag.py for tasks to queue
[2026-05-03T12:10:16.167+0000] {logging_mixin.py:151} INFO - [2026-05-03T12:10:16.167+0000] {dagbag.py:539} INFO - Filling up the DagBag from /opt/airflow/dags/retail_pipeline_dag.py
[2026-05-03T12:10:16.177+0000] {processor.py:839} INFO - DAG(s) dict_keys(['retail_pipeline']) retrieved from /opt/airflow/dags/retail_pipeline_dag.py
[2026-05-03T12:10:16.199+0000] {logging_mixin.py:151} INFO - [2026-05-03T12:10:16.199+0000] {dag.py:2915} INFO - Sync 1 DAGs
[2026-05-03T12:10:16.212+0000] {logging_mixin.py:151} INFO - [2026-05-03T12:10:16.212+0000] {dag.py:3696} INFO - Setting next_dagrun for retail_pipeline to 2026-05-03T00:30:00+00:00, run_after=2026-05-04T00:30:00+00:00
[2026-05-03T12:10:16.222+0000] {processor.py:179} INFO - Processing /opt/airflow/dags/retail_pipeline_dag.py took 0.063 seconds
[2026-05-03T12:10:46.454+0000] {processor.py:157} INFO - Started process (PID=3583) to work on /opt/airflow/dags/retail_pipeline_dag.py
[2026-05-03T12:10:46.455+0000] {processor.py:829} INFO - Processing file /opt/airflow/dags/retail_pipeline_dag.py for tasks to queue
[2026-05-03T12:10:46.456+0000] {logging_mixin.py:151} INFO - [2026-05-03T12:10:46.456+0000] {dagbag.py:539} INFO - Filling up the DagBag from /opt/airflow/dags/retail_pipeline_dag.py
[2026-05-03T12:10:46.469+0000] {processor.py:839} INFO - DAG(s) dict_keys(['retail_pipeline']) retrieved from /opt/airflow/dags/retail_pipeline_dag.py
[2026-05-03T12:10:46.492+0000] {logging_mixin.py:151} INFO - [2026-05-03T12:10:46.492+0000] {dag.py:2915} INFO - Sync 1 DAGs
[2026-05-03T12:10:46.503+0000] {logging_mixin.py:151} INFO - [2026-05-03T12:10:46.502+0000] {dag.py:3696} INFO - Setting next_dagrun for retail_pipeline to 2026-05-03T00:30:00+00:00, run_after=2026-05-04T00:30:00+00:00
[2026-05-03T12:10:46.512+0000] {processor.py:179} INFO - Processing /opt/airflow/dags/retail_pipeline_dag.py took 0.061 seconds
[2026-05-03T12:11:16.723+0000] {processor.py:157} INFO - Started process (PID=3593) to work on /opt/airflow/dags/retail_pipeline_dag.py
[2026-05-03T12:11:16.724+0000] {processor.py:829} INFO - Processing file /opt/airflow/dags/retail_pipeline_dag.py for tasks to queue
[2026-05-03T12:11:16.725+0000] {logging_mixin.py:151} INFO - [2026-05-03T12:11:16.725+0000] {dagbag.py:539} INFO - Filling up the DagBag from /opt/airflow/dags/retail_pipeline_dag.py
[2026-05-03T12:11:16.748+0000] {processor.py:839} INFO - DAG(s) dict_keys(['retail_pipeline']) retrieved from /opt/airflow/dags/retail_pipeline_dag.py
[2026-05-03T12:11:16.777+0000] {logging_mixin.py:151} INFO - [2026-05-03T12:11:16.777+0000] {dag.py:2915} INFO - Sync 1 DAGs
[2026-05-03T12:11:16.791+0000] {logging_mixin.py:151} INFO - [2026-05-03T12:11:16.791+0000] {dag.py:3696} INFO - Setting next_dagrun for retail_pipeline to 2026-05-03T00:30:00+00:00, run_after=2026-05-04T00:30:00+00:00
[2026-05-03T12:11:16.801+0000] {processor.py:179} INFO - Processing /opt/airflow/dags/retail_pipeline_dag.py took 0.088 seconds
[2026-05-03T12:11:47.033+0000] {processor.py:157} INFO - Started process (PID=3603) to work on /opt/airflow/dags/retail_pipeline_dag.py
[2026-05-03T12:11:47.033+0000] {processor.py:829} INFO - Processing file /opt/airflow/dags/retail_pipeline_dag.py for tasks to queue
[2026-05-03T12:11:47.035+0000] {logging_mixin.py:151} INFO - [2026-05-03T12:11:47.034+0000] {dagbag.py:539} INFO - Filling up the DagBag from /opt/airflow/dags/retail_pipeline_dag.py
[2026-05-03T12:11:47.046+0000] {processor.py:839} INFO - DAG(s) dict_keys(['retail_pipeline']) retrieved from /opt/airflow/dags/retail_pipeline_dag.py
[2026-05-03T12:11:47.063+0000] {logging_mixin.py:151} INFO - [2026-05-03T12:11:47.062+0000] {dag.py:2915} INFO - Sync 1 DAGs
[2026-05-03T12:11:47.073+0000] {logging_mixin.py:151} INFO - [2026-05-03T12:11:47.073+0000] {dag.py:3696} INFO - Setting next_dagrun for retail_pipeline to 2026-05-03T00:30:00+00:00, run_after=2026-05-04T00:30:00+00:00
[2026-05-03T12:11:47.081+0000] {processor.py:179} INFO - Processing /opt/airflow/dags/retail_pipeline_dag.py took 0.051 seconds
[2026-05-03T12:12:17.333+0000] {processor.py:157} INFO - Started process (PID=3613) to work on /opt/airflow/dags/retail_pipeline_dag.py
[2026-05-03T12:12:17.334+0000] {processor.py:829} INFO - Processing file /opt/airflow/dags/retail_pipeline_dag.py for tasks to queue
[2026-05-03T12:12:17.335+0000] {logging_mixin.py:151} INFO - [2026-05-03T12:12:17.334+0000] {dagbag.py:539} INFO - Filling up the DagBag from /opt/airflow/dags/retail_pipeline_dag.py
[2026-05-03T12:12:17.352+0000] {processor.py:839} INFO - DAG(s) dict_keys(['retail_pipeline']) retrieved from /opt/airflow/dags/retail_pipeline_dag.py
[2026-05-03T12:12:17.376+0000] {logging_mixin.py:151} INFO - [2026-05-03T12:12:17.376+0000] {dag.py:2915} INFO - Sync 1 DAGs
[2026-05-03T12:12:17.391+0000] {logging_mixin.py:151} INFO - [2026-05-03T12:12:17.391+0000] {dag.py:3696} INFO - Setting next_dagrun for retail_pipeline to 2026-05-03T00:30:00+00:00, run_after=2026-05-04T00:30:00+00:00
[2026-05-03T12:12:17.401+0000] {processor.py:179} INFO - Processing /opt/airflow/dags/retail_pipeline_dag.py took 0.071 seconds
[2026-05-03T12:12:47.671+0000] {processor.py:157} INFO - Started process (PID=3623) to work on /opt/airflow/dags/retail_pipeline_dag.py
[2026-05-03T12:12:47.672+0000] {processor.py:829} INFO - Processing file /opt/airflow/dags/retail_pipeline_dag.py for tasks to queue
[2026-05-03T12:12:47.673+0000] {logging_mixin.py:151} INFO - [2026-05-03T12:12:47.672+0000] {dagbag.py:539} INFO - Filling up the DagBag from /opt/airflow/dags/retail_pipeline_dag.py
[2026-05-03T12:12:47.687+0000] {processor.py:839} INFO - DAG(s) dict_keys(['retail_pipeline']) retrieved from /opt/airflow/dags/retail_pipeline_dag.py
[2026-05-03T12:12:47.711+0000] {logging_mixin.py:151} INFO - [2026-05-03T12:12:47.711+0000] {dag.py:2915} INFO - Sync 1 DAGs
[2026-05-03T12:12:47.725+0000] {logging_mixin.py:151} INFO - [2026-05-03T12:12:47.725+0000] {dag.py:3696} INFO - Setting next_dagrun for retail_pipeline to 2026-05-03T00:30:00+00:00, run_after=2026-05-04T00:30:00+00:00
[2026-05-03T12:12:47.738+0000] {processor.py:179} INFO - Processing /opt/airflow/dags/retail_pipeline_dag.py took 0.071 seconds
[2026-05-03T12:13:17.995+0000] {processor.py:157} INFO - Started process (PID=3633) to work on /opt/airflow/dags/retail_pipeline_dag.py
[2026-05-03T12:13:17.996+0000] {processor.py:829} INFO - Processing file /opt/airflow/dags/retail_pipeline_dag.py for tasks to queue
[2026-05-03T12:13:17.997+0000] {logging_mixin.py:151} INFO - [2026-05-03T12:13:17.997+0000] {dagbag.py:539} INFO - Filling up the DagBag from /opt/airflow/dags/retail_pipeline_dag.py
[2026-05-03T12:13:18.013+0000] {processor.py:839} INFO - DAG(s) dict_keys(['retail_pipeline']) retrieved from /opt/airflow/dags/retail_pipeline_dag.py
[2026-05-03T12:13:18.037+0000] {logging_mixin.py:151} INFO - [2026-05-03T12:13:18.037+0000] {dag.py:2915} INFO - Sync 1 DAGs
[2026-05-03T12:13:18.049+0000] {logging_mixin.py:151} INFO - [2026-05-03T12:13:18.049+0000] {dag.py:3696} INFO - Setting next_dagrun for retail_pipeline to 2026-05-03T00:30:00+00:00, run_after=2026-05-04T00:30:00+00:00
[2026-05-03T12:13:18.064+0000] {processor.py:179} INFO - Processing /opt/airflow/dags/retail_pipeline_dag.py took 0.073 seconds
[2026-05-03T12:13:48.245+0000] {processor.py:157} INFO - Started process (PID=3643) to work on /opt/airflow/dags/retail_pipeline_dag.py
[2026-05-03T12:13:48.246+0000] {processor.py:829} INFO - Processing file /opt/airflow/dags/retail_pipeline_dag.py for tasks to queue
[2026-05-03T12:13:48.247+0000] {logging_mixin.py:151} INFO - [2026-05-03T12:13:48.247+0000] {dagbag.py:539} INFO - Filling up the DagBag from /opt/airflow/dags/retail_pipeline_dag.py
[2026-05-03T12:13:48.261+0000] {processor.py:839} INFO - DAG(s) dict_keys(['retail_pipeline']) retrieved from /opt/airflow/dags/retail_pipeline_dag.py
[2026-05-03T12:13:48.284+0000] {logging_mixin.py:151} INFO - [2026-05-03T12:13:48.284+0000] {dag.py:2915} INFO - Sync 1 DAGs
[2026-05-03T12:13:48.295+0000] {logging_mixin.py:151} INFO - [2026-05-03T12:13:48.295+0000] {dag.py:3696} INFO - Setting next_dagrun for retail_pipeline to 2026-05-03T00:30:00+00:00, run_after=2026-05-04T00:30:00+00:00
[2026-05-03T12:13:48.305+0000] {processor.py:179} INFO - Processing /opt/airflow/dags/retail_pipeline_dag.py took 0.064 seconds
[2026-05-03T12:14:18.592+0000] {processor.py:157} INFO - Started process (PID=3653) to work on /opt/airflow/dags/retail_pipeline_dag.py
[2026-05-03T12:14:18.595+0000] {processor.py:829} INFO - Processing file /opt/airflow/dags/retail_pipeline_dag.py for tasks to queue
[2026-05-03T12:14:18.596+0000] {logging_mixin.py:151} INFO - [2026-05-03T12:14:18.596+0000] {dagbag.py:539} INFO - Filling up the DagBag from /opt/airflow/dags/retail_pipeline_dag.py
[2026-05-03T12:14:18.615+0000] {processor.py:839} INFO - DAG(s) dict_keys(['retail_pipeline']) retrieved from /opt/airflow/dags/retail_pipeline_dag.py
[2026-05-03T12:14:18.649+0000] {logging_mixin.py:151} INFO - [2026-05-03T12:14:18.649+0000] {dag.py:2915} INFO - Sync 1 DAGs
[2026-05-03T12:14:18.664+0000] {logging_mixin.py:151} INFO - [2026-05-03T12:14:18.664+0000] {dag.py:3696} INFO - Setting next_dagrun for retail_pipeline to 2026-05-03T00:30:00+00:00, run_after=2026-05-04T00:30:00+00:00
[2026-05-03T12:14:18.673+0000] {processor.py:179} INFO - Processing /opt/airflow/dags/retail_pipeline_dag.py took 0.084 seconds
[2026-05-03T12:14:48.900+0000] {processor.py:157} INFO - Started process (PID=3663) to work on /opt/airflow/dags/retail_pipeline_dag.py
[2026-05-03T12:14:48.901+0000] {processor.py:829} INFO - Processing file /opt/airflow/dags/retail_pipeline_dag.py for tasks to queue
[2026-05-03T12:14:48.902+0000] {logging_mixin.py:151} INFO - [2026-05-03T12:14:48.902+0000] {dagbag.py:539} INFO - Filling up the DagBag from /opt/airflow/dags/retail_pipeline_dag.py
[2026-05-03T12:14:48.914+0000] {processor.py:839} INFO - DAG(s) dict_keys(['retail_pipeline']) retrieved from /opt/airflow/dags/retail_pipeline_dag.py
[2026-05-03T12:14:48.936+0000] {logging_mixin.py:151} INFO - [2026-05-03T12:14:48.936+0000] {dag.py:2915} INFO - Sync 1 DAGs
[2026-05-03T12:14:48.948+0000] {logging_mixin.py:151} INFO - [2026-05-03T12:14:48.948+0000] {dag.py:3696} INFO - Setting next_dagrun for retail_pipeline to 2026-05-03T00:30:00+00:00, run_after=2026-05-04T00:30:00+00:00
[2026-05-03T12:14:48.958+0000] {processor.py:179} INFO - Processing /opt/airflow/dags/retail_pipeline_dag.py took 0.062 seconds
[2026-05-03T12:15:19.199+0000] {processor.py:157} INFO - Started process (PID=3673) to work on /opt/airflow/dags/retail_pipeline_dag.py
[2026-05-03T12:15:19.200+0000] {processor.py:829} INFO - Processing file /opt/airflow/dags/retail_pipeline_dag.py for tasks to queue
[2026-05-03T12:15:19.202+0000] {logging_mixin.py:151} INFO - [2026-05-03T12:15:19.202+0000] {dagbag.py:539} INFO - Filling up the DagBag from /opt/airflow/dags/retail_pipeline_dag.py
[2026-05-03T12:15:19.221+0000] {processor.py:839} INFO - DAG(s) dict_keys(['retail_pipeline']) retrieved from /opt/airflow/dags/retail_pipeline_dag.py
[2026-05-03T12:15:19.268+0000] {logging_mixin.py:151} INFO - [2026-05-03T12:15:19.268+0000] {dag.py:2915} INFO - Sync 1 DAGs
[2026-05-03T12:15:19.297+0000] {logging_mixin.py:151} INFO - [2026-05-03T12:15:19.297+0000] {dag.py:3696} INFO - Setting next_dagrun for retail_pipeline to 2026-05-03T00:30:00+00:00, run_after=2026-05-04T00:30:00+00:00
[2026-05-03T12:15:19.311+0000] {processor.py:179} INFO - Processing /opt/airflow/dags/retail_pipeline_dag.py took 0.117 seconds
[2026-05-03T12:15:49.582+0000] {processor.py:157} INFO - Started process (PID=3683) to work on /opt/airflow/dags/retail_pipeline_dag.py
[2026-05-03T12:15:49.583+0000] {processor.py:829} INFO - Processing file /opt/airflow/dags/retail_pipeline_dag.py for tasks to queue
[2026-05-03T12:15:49.585+0000] {logging_mixin.py:151} INFO - [2026-05-03T12:15:49.584+0000] {dagbag.py:539} INFO - Filling up the DagBag from /opt/airflow/dags/retail_pipeline_dag.py
[2026-05-03T12:15:49.604+0000] {processor.py:839} INFO - DAG(s) dict_keys(['retail_pipeline']) retrieved from /opt/airflow/dags/retail_pipeline_dag.py
[2026-05-03T12:15:49.633+0000] {logging_mixin.py:151} INFO - [2026-05-03T12:15:49.633+0000] {dag.py:2915} INFO - Sync 1 DAGs
[2026-05-03T12:15:49.644+0000] {logging_mixin.py:151} INFO - [2026-05-03T12:15:49.644+0000] {dag.py:3696} INFO - Setting next_dagrun for retail_pipeline to 2026-05-03T00:30:00+00:00, run_after=2026-05-04T00:30:00+00:00
[2026-05-03T12:15:49.654+0000] {processor.py:179} INFO - Processing /opt/airflow/dags/retail_pipeline_dag.py took 0.077 seconds
[2026-05-03T12:16:19.872+0000] {processor.py:157} INFO - Started process (PID=3693) to work on /opt/airflow/dags/retail_pipeline_dag.py
[2026-05-03T12:16:19.874+0000] {processor.py:829} INFO - Processing file /opt/airflow/dags/retail_pipeline_dag.py for tasks to queue
[2026-05-03T12:16:19.874+0000] {logging_mixin.py:151} INFO - [2026-05-03T12:16:19.874+0000] {dagbag.py:539} INFO - Filling up the DagBag from /opt/airflow/dags/retail_pipeline_dag.py
[2026-05-03T12:16:19.888+0000] {processor.py:839} INFO - DAG(s) dict_keys(['retail_pipeline']) retrieved from /opt/airflow/dags/retail_pipeline_dag.py
[2026-05-03T12:16:19.904+0000] {logging_mixin.py:151} INFO - [2026-05-03T12:16:19.904+0000] {dag.py:2915} INFO - Sync 1 DAGs
[2026-05-03T12:16:19.914+0000] {logging_mixin.py:151} INFO - [2026-05-03T12:16:19.914+0000] {dag.py:3696} INFO - Setting next_dagrun for retail_pipeline to 2026-05-03T00:30:00+00:00, run_after=2026-05-04T00:30:00+00:00
[2026-05-03T12:16:19.923+0000] {processor.py:179} INFO - Processing /opt/airflow/dags/retail_pipeline_dag.py took 0.053 seconds
[2026-05-03T12:16:50.189+0000] {processor.py:157} INFO - Started process (PID=3703) to work on /opt/airflow/dags/retail_pipeline_dag.py
[2026-05-03T12:16:50.189+0000] {processor.py:829} INFO - Processing file /opt/airflow/dags/retail_pipeline_dag.py for tasks to queue
[2026-05-03T12:16:50.191+0000] {logging_mixin.py:151} INFO - [2026-05-03T12:16:50.191+0000] {dagbag.py:539} INFO - Filling up the DagBag from /opt/airflow/dags/retail_pipeline_dag.py
[2026-05-03T12:16:50.209+0000] {processor.py:839} INFO - DAG(s) dict_keys(['retail_pipeline']) retrieved from /opt/airflow/dags/retail_pipeline_dag.py
[2026-05-03T12:16:50.232+0000] {logging_mixin.py:151} INFO - [2026-05-03T12:16:50.232+0000] {dag.py:2915} INFO - Sync 1 DAGs
[2026-05-03T12:16:50.246+0000] {logging_mixin.py:151} INFO - [2026-05-03T12:16:50.246+0000] {dag.py:3696} INFO - Setting next_dagrun for retail_pipeline to 2026-05-03T00:30:00+00:00, run_after=2026-05-04T00:30:00+00:00
[2026-05-03T12:16:50.255+0000] {processor.py:179} INFO - Processing /opt/airflow/dags/retail_pipeline_dag.py took 0.069 seconds
[2026-05-03T12:17:20.483+0000] {processor.py:157} INFO - Started process (PID=3713) to work on /opt/airflow/dags/retail_pipeline_dag.py
[2026-05-03T12:17:20.484+0000] {processor.py:829} INFO - Processing file /opt/airflow/dags/retail_pipeline_dag.py for tasks to queue
[2026-05-03T12:17:20.485+0000] {logging_mixin.py:151} INFO - [2026-05-03T12:17:20.485+0000] {dagbag.py:539} INFO - Filling up the DagBag from /opt/airflow/dags/retail_pipeline_dag.py
[2026-05-03T12:17:20.496+0000] {processor.py:839} INFO - DAG(s) dict_keys(['retail_pipeline']) retrieved from /opt/airflow/dags/retail_pipeline_dag.py
[2026-05-03T12:17:20.517+0000] {logging_mixin.py:151} INFO - [2026-05-03T12:17:20.517+0000] {dag.py:2915} INFO - Sync 1 DAGs
[2026-05-03T12:17:20.530+0000] {logging_mixin.py:151} INFO - [2026-05-03T12:17:20.529+0000] {dag.py:3696} INFO - Setting next_dagrun for retail_pipeline to 2026-05-03T00:30:00+00:00, run_after=2026-05-04T00:30:00+00:00
[2026-05-03T12:17:20.540+0000] {processor.py:179} INFO - Processing /opt/airflow/dags/retail_pipeline_dag.py took 0.060 seconds
[2026-05-03T12:17:50.790+0000] {processor.py:157} INFO - Started process (PID=3723) to work on /opt/airflow/dags/retail_pipeline_dag.py
[2026-05-03T12:17:50.792+0000] {processor.py:829} INFO - Processing file /opt/airflow/dags/retail_pipeline_dag.py for tasks to queue
[2026-05-03T12:17:50.792+0000] {logging_mixin.py:151} INFO - [2026-05-03T12:17:50.792+0000] {dagbag.py:539} INFO - Filling up the DagBag from /opt/airflow/dags/retail_pipeline_dag.py
[2026-05-03T12:17:50.813+0000] {processor.py:839} INFO - DAG(s) dict_keys(['retail_pipeline']) retrieved from /opt/airflow/dags/retail_pipeline_dag.py
[2026-05-03T12:17:50.845+0000] {logging_mixin.py:151} INFO - [2026-05-03T12:17:50.845+0000] {dag.py:2915} INFO - Sync 1 DAGs
[2026-05-03T12:17:50.863+0000] {logging_mixin.py:151} INFO - [2026-05-03T12:17:50.863+0000] {dag.py:3696} INFO - Setting next_dagrun for retail_pipeline to 2026-05-03T00:30:00+00:00, run_after=2026-05-04T00:30:00+00:00
[2026-05-03T12:17:50.873+0000] {processor.py:179} INFO - Processing /opt/airflow/dags/retail_pipeline_dag.py took 0.085 seconds
[2026-05-03T12:18:21.146+0000] {processor.py:157} INFO - Started process (PID=3733) to work on /opt/airflow/dags/retail_pipeline_dag.py
[2026-05-03T12:18:21.148+0000] {processor.py:829} INFO - Processing file /opt/airflow/dags/retail_pipeline_dag.py for tasks to queue
[2026-05-03T12:18:21.150+0000] {logging_mixin.py:151} INFO - [2026-05-03T12:18:21.150+0000] {dagbag.py:539} INFO - Filling up the DagBag from /opt/airflow/dags/retail_pipeline_dag.py
[2026-05-03T12:18:21.172+0000] {processor.py:839} INFO - DAG(s) dict_keys(['retail_pipeline']) retrieved from /opt/airflow/dags/retail_pipeline_dag.py
[2026-05-03T12:18:21.206+0000] {logging_mixin.py:151} INFO - [2026-05-03T12:18:21.206+0000] {dag.py:2915} INFO - Sync 1 DAGs
[2026-05-03T12:18:21.222+0000] {logging_mixin.py:151} INFO - [2026-05-03T12:18:21.222+0000] {dag.py:3696} INFO - Setting next_dagrun for retail_pipeline to 2026-05-03T00:30:00+00:00, run_after=2026-05-04T00:30:00+00:00
[2026-05-03T12:18:21.235+0000] {processor.py:179} INFO - Processing /opt/airflow/dags/retail_pipeline_dag.py took 0.094 seconds
[2026-05-03T12:18:51.364+0000] {processor.py:157} INFO - Started process (PID=3743) to work on /opt/airflow/dags/retail_pipeline_dag.py
[2026-05-03T12:18:51.365+0000] {processor.py:829} INFO - Processing file /opt/airflow/dags/retail_pipeline_dag.py for tasks to queue
[2026-05-03T12:18:51.366+0000] {logging_mixin.py:151} INFO - [2026-05-03T12:18:51.366+0000] {dagbag.py:539} INFO - Filling up the DagBag from /opt/airflow/dags/retail_pipeline_dag.py
[2026-05-03T12:18:51.382+0000] {processor.py:839} INFO - DAG(s) dict_keys(['retail_pipeline']) retrieved from /opt/airflow/dags/retail_pipeline_dag.py
[2026-05-03T12:18:51.408+0000] {logging_mixin.py:151} INFO - [2026-05-03T12:18:51.408+0000] {dag.py:2915} INFO - Sync 1 DAGs
[2026-05-03T12:18:51.421+0000] {logging_mixin.py:151} INFO - [2026-05-03T12:18:51.421+0000] {dag.py:3696} INFO - Setting next_dagrun for retail_pipeline to 2026-05-03T00:30:00+00:00, run_after=2026-05-04T00:30:00+00:00
[2026-05-03T12:18:51.431+0000] {processor.py:179} INFO - Processing /opt/airflow/dags/retail_pipeline_dag.py took 0.071 seconds
[2026-05-03T12:19:21.657+0000] {processor.py:157} INFO - Started process (PID=3753) to work on /opt/airflow/dags/retail_pipeline_dag.py
[2026-05-03T12:19:21.659+0000] {processor.py:829} INFO - Processing file /opt/airflow/dags/retail_pipeline_dag.py for tasks to queue
[2026-05-03T12:19:21.661+0000] {logging_mixin.py:151} INFO - [2026-05-03T12:19:21.660+0000] {dagbag.py:539} INFO - Filling up the DagBag from /opt/airflow/dags/retail_pipeline_dag.py
[2026-05-03T12:19:21.670+0000] {processor.py:839} INFO - DAG(s) dict_keys(['retail_pipeline']) retrieved from /opt/airflow/dags/retail_pipeline_dag.py
[2026-05-03T12:19:21.689+0000] {logging_mixin.py:151} INFO - [2026-05-03T12:19:21.689+0000] {dag.py:2915} INFO - Sync 1 DAGs
[2026-05-03T12:19:21.699+0000] {logging_mixin.py:151} INFO - [2026-05-03T12:19:21.699+0000] {dag.py:3696} INFO - Setting next_dagrun for retail_pipeline to 2026-05-03T00:30:00+00:00, run_after=2026-05-04T00:30:00+00:00
[2026-05-03T12:19:21.708+0000] {processor.py:179} INFO - Processing /opt/airflow/dags/retail_pipeline_dag.py took 0.054 seconds
[2026-05-03T12:19:51.918+0000] {processor.py:157} INFO - Started process (PID=3763) to work on /opt/airflow/dags/retail_pipeline_dag.py
[2026-05-03T12:19:51.919+0000] {processor.py:829} INFO - Processing file /opt/airflow/dags/retail_pipeline_dag.py for tasks to queue
[2026-05-03T12:19:51.921+0000] {logging_mixin.py:151} INFO - [2026-05-03T12:19:51.921+0000] {dagbag.py:539} INFO - Filling up the DagBag from /opt/airflow/dags/retail_pipeline_dag.py
[2026-05-03T12:19:51.932+0000] {processor.py:839} INFO - DAG(s) dict_keys(['retail_pipeline']) retrieved from /opt/airflow/dags/retail_pipeline_dag.py
[2026-05-03T12:19:51.954+0000] {logging_mixin.py:151} INFO - [2026-05-03T12:19:51.954+0000] {dag.py:2915} INFO - Sync 1 DAGs
[2026-05-03T12:19:51.966+0000] {logging_mixin.py:151} INFO - [2026-05-03T12:19:51.966+0000] {dag.py:3696} INFO - Setting next_dagrun for retail_pipeline to 2026-05-03T00:30:00+00:00, run_after=2026-05-04T00:30:00+00:00
[2026-05-03T12:19:51.976+0000] {processor.py:179} INFO - Processing /opt/airflow/dags/retail_pipeline_dag.py took 0.060 seconds
[2026-05-03T12:20:22.136+0000] {processor.py:157} INFO - Started process (PID=3773) to work on /opt/airflow/dags/retail_pipeline_dag.py
[2026-05-03T12:20:22.137+0000] {processor.py:829} INFO - Processing file /opt/airflow/dags/retail_pipeline_dag.py for tasks to queue
[2026-05-03T12:20:22.138+0000] {logging_mixin.py:151} INFO - [2026-05-03T12:20:22.138+0000] {dagbag.py:539} INFO - Filling up the DagBag from /opt/airflow/dags/retail_pipeline_dag.py
[2026-05-03T12:20:22.151+0000] {processor.py:839} INFO - DAG(s) dict_keys(['retail_pipeline']) retrieved from /opt/airflow/dags/retail_pipeline_dag.py
[2026-05-03T12:20:22.173+0000] {logging_mixin.py:151} INFO - [2026-05-03T12:20:22.173+0000] {dag.py:2915} INFO - Sync 1 DAGs
[2026-05-03T12:20:22.187+0000] {logging_mixin.py:151} INFO - [2026-05-03T12:20:22.187+0000] {dag.py:3696} INFO - Setting next_dagrun for retail_pipeline to 2026-05-03T00:30:00+00:00, run_after=2026-05-04T00:30:00+00:00
[2026-05-03T12:20:22.195+0000] {processor.py:179} INFO - Processing /opt/airflow/dags/retail_pipeline_dag.py took 0.063 seconds
[2026-05-03T12:20:52.391+0000] {processor.py:157} INFO - Started process (PID=3783) to work on /opt/airflow/dags/retail_pipeline_dag.py
[2026-05-03T12:20:52.393+0000] {processor.py:829} INFO - Processing file /opt/airflow/dags/retail_pipeline_dag.py for tasks to queue
[2026-05-03T12:20:52.393+0000] {logging_mixin.py:151} INFO - [2026-05-03T12:20:52.393+0000] {dagbag.py:539} INFO - Filling up the DagBag from /opt/airflow/dags/retail_pipeline_dag.py
[2026-05-03T12:20:52.406+0000] {processor.py:839} INFO - DAG(s) dict_keys(['retail_pipeline']) retrieved from /opt/airflow/dags/retail_pipeline_dag.py
[2026-05-03T12:20:52.430+0000] {logging_mixin.py:151} INFO - [2026-05-03T12:20:52.429+0000] {dag.py:2915} INFO - Sync 1 DAGs
[2026-05-03T12:20:52.440+0000] {logging_mixin.py:151} INFO - [2026-05-03T12:20:52.440+0000] {dag.py:3696} INFO - Setting next_dagrun for retail_pipeline to 2026-05-03T00:30:00+00:00, run_after=2026-05-04T00:30:00+00:00
[2026-05-03T12:20:52.449+0000] {processor.py:179} INFO - Processing /opt/airflow/dags/retail_pipeline_dag.py took 0.061 seconds
[2026-05-03T12:21:22.672+0000] {processor.py:157} INFO - Started process (PID=3793) to work on /opt/airflow/dags/retail_pipeline_dag.py
[2026-05-03T12:21:22.673+0000] {processor.py:829} INFO - Processing file /opt/airflow/dags/retail_pipeline_dag.py for tasks to queue
[2026-05-03T12:21:22.677+0000] {logging_mixin.py:151} INFO - [2026-05-03T12:21:22.677+0000] {dagbag.py:539} INFO - Filling up the DagBag from /opt/airflow/dags/retail_pipeline_dag.py
[2026-05-03T12:21:22.686+0000] {processor.py:839} INFO - DAG(s) dict_keys(['retail_pipeline']) retrieved from /opt/airflow/dags/retail_pipeline_dag.py
[2026-05-03T12:21:22.707+0000] {logging_mixin.py:151} INFO - [2026-05-03T12:21:22.707+0000] {dag.py:2915} INFO - Sync 1 DAGs
[2026-05-03T12:21:22.718+0000] {logging_mixin.py:151} INFO - [2026-05-03T12:21:22.718+0000] {dag.py:3696} INFO - Setting next_dagrun for retail_pipeline to 2026-05-03T00:30:00+00:00, run_after=2026-05-04T00:30:00+00:00
[2026-05-03T12:21:22.728+0000] {processor.py:179} INFO - Processing /opt/airflow/dags/retail_pipeline_dag.py took 0.059 seconds
[2026-05-03T12:21:52.971+0000] {processor.py:157} INFO - Started process (PID=3803) to work on /opt/airflow/dags/retail_pipeline_dag.py
[2026-05-03T12:21:52.972+0000] {processor.py:829} INFO - Processing file /opt/airflow/dags/retail_pipeline_dag.py for tasks to queue
[2026-05-03T12:21:52.973+0000] {logging_mixin.py:151} INFO - [2026-05-03T12:21:52.972+0000] {dagbag.py:539} INFO - Filling up the DagBag from /opt/airflow/dags/retail_pipeline_dag.py
[2026-05-03T12:21:52.985+0000] {processor.py:839} INFO - DAG(s) dict_keys(['retail_pipeline']) retrieved from /opt/airflow/dags/retail_pipeline_dag.py
[2026-05-03T12:21:53.002+0000] {logging_mixin.py:151} INFO - [2026-05-03T12:21:53.002+0000] {dag.py:2915} INFO - Sync 1 DAGs
[2026-05-03T12:21:53.013+0000] {logging_mixin.py:151} INFO - [2026-05-03T12:21:53.013+0000] {dag.py:3696} INFO - Setting next_dagrun for retail_pipeline to 2026-05-03T00:30:00+00:00, run_after=2026-05-04T00:30:00+00:00
[2026-05-03T12:21:53.021+0000] {processor.py:179} INFO - Processing /opt/airflow/dags/retail_pipeline_dag.py took 0.054 seconds
[2026-05-03T12:22:23.227+0000] {processor.py:157} INFO - Started process (PID=3813) to work on /opt/airflow/dags/retail_pipeline_dag.py
[2026-05-03T12:22:23.229+0000] {processor.py:829} INFO - Processing file /opt/airflow/dags/retail_pipeline_dag.py for tasks to queue
[2026-05-03T12:22:23.229+0000] {logging_mixin.py:151} INFO - [2026-05-03T12:22:23.229+0000] {dagbag.py:539} INFO - Filling up the DagBag from /opt/airflow/dags/retail_pipeline_dag.py
[2026-05-03T12:22:23.242+0000] {processor.py:839} INFO - DAG(s) dict_keys(['retail_pipeline']) retrieved from /opt/airflow/dags/retail_pipeline_dag.py
[2026-05-03T12:22:23.263+0000] {logging_mixin.py:151} INFO - [2026-05-03T12:22:23.263+0000] {dag.py:2915} INFO - Sync 1 DAGs
[2026-05-03T12:22:23.275+0000] {logging_mixin.py:151} INFO - [2026-05-03T12:22:23.275+0000] {dag.py:3696} INFO - Setting next_dagrun for retail_pipeline to 2026-05-03T00:30:00+00:00, run_after=2026-05-04T00:30:00+00:00
[2026-05-03T12:22:23.284+0000] {processor.py:179} INFO - Processing /opt/airflow/dags/retail_pipeline_dag.py took 0.059 seconds
[2026-05-03T12:22:53.513+0000] {processor.py:157} INFO - Started process (PID=3823) to work on /opt/airflow/dags/retail_pipeline_dag.py
[2026-05-03T12:22:53.515+0000] {processor.py:829} INFO - Processing file /opt/airflow/dags/retail_pipeline_dag.py for tasks to queue
[2026-05-03T12:22:53.519+0000] {logging_mixin.py:151} INFO - [2026-05-03T12:22:53.518+0000] {dagbag.py:539} INFO - Filling up the DagBag from /opt/airflow/dags/retail_pipeline_dag.py
[2026-05-03T12:22:53.530+0000] {processor.py:839} INFO - DAG(s) dict_keys(['retail_pipeline']) retrieved from /opt/airflow/dags/retail_pipeline_dag.py
[2026-05-03T12:22:53.551+0000] {logging_mixin.py:151} INFO - [2026-05-03T12:22:53.551+0000] {dag.py:2915} INFO - Sync 1 DAGs
[2026-05-03T12:22:53.564+0000] {logging_mixin.py:151} INFO - [2026-05-03T12:22:53.564+0000] {dag.py:3696} INFO - Setting next_dagrun for retail_pipeline to 2026-05-03T00:30:00+00:00, run_after=2026-05-04T00:30:00+00:00
[2026-05-03T12:22:53.574+0000] {processor.py:179} INFO - Processing /opt/airflow/dags/retail_pipeline_dag.py took 0.064 seconds
[2026-05-03T12:23:23.762+0000] {processor.py:157} INFO - Started process (PID=3833) to work on /opt/airflow/dags/retail_pipeline_dag.py
[2026-05-03T12:23:23.763+0000] {processor.py:829} INFO - Processing file /opt/airflow/dags/retail_pipeline_dag.py for tasks to queue
[2026-05-03T12:23:23.765+0000] {logging_mixin.py:151} INFO - [2026-05-03T12:23:23.765+0000] {dagbag.py:539} INFO - Filling up the DagBag from /opt/airflow/dags/retail_pipeline_dag.py
[2026-05-03T12:23:23.777+0000] {processor.py:839} INFO - DAG(s) dict_keys(['retail_pipeline']) retrieved from /opt/airflow/dags/retail_pipeline_dag.py
[2026-05-03T12:23:23.799+0000] {logging_mixin.py:151} INFO - [2026-05-03T12:23:23.799+0000] {dag.py:2915} INFO - Sync 1 DAGs
[2026-05-03T12:23:23.812+0000] {logging_mixin.py:151} INFO - [2026-05-03T12:23:23.812+0000] {dag.py:3696} INFO - Setting next_dagrun for retail_pipeline to 2026-05-03T00:30:00+00:00, run_after=2026-05-04T00:30:00+00:00
[2026-05-03T12:23:23.820+0000] {processor.py:179} INFO - Processing /opt/airflow/dags/retail_pipeline_dag.py took 0.061 seconds
[2026-05-03T12:23:54.104+0000] {processor.py:157} INFO - Started process (PID=3843) to work on /opt/airflow/dags/retail_pipeline_dag.py
[2026-05-03T12:23:54.105+0000] {processor.py:829} INFO - Processing file /opt/airflow/dags/retail_pipeline_dag.py for tasks to queue
[2026-05-03T12:23:54.106+0000] {logging_mixin.py:151} INFO - [2026-05-03T12:23:54.106+0000] {dagbag.py:539} INFO - Filling up the DagBag from /opt/airflow/dags/retail_pipeline_dag.py
[2026-05-03T12:23:54.121+0000] {processor.py:839} INFO - DAG(s) dict_keys(['retail_pipeline']) retrieved from /opt/airflow/dags/retail_pipeline_dag.py
[2026-05-03T12:23:54.146+0000] {logging_mixin.py:151} INFO - [2026-05-03T12:23:54.146+0000] {dag.py:2915} INFO - Sync 1 DAGs
[2026-05-03T12:23:54.159+0000] {logging_mixin.py:151} INFO - [2026-05-03T12:23:54.159+0000] {dag.py:3696} INFO - Setting next_dagrun for retail_pipeline to 2026-05-03T00:30:00+00:00, run_after=2026-05-04T00:30:00+00:00
[2026-05-03T12:23:54.168+0000] {processor.py:179} INFO - Processing /opt/airflow/dags/retail_pipeline_dag.py took 0.068 seconds
[2026-05-03T12:24:24.315+0000] {processor.py:157} INFO - Started process (PID=3853) to work on /opt/airflow/dags/retail_pipeline_dag.py
[2026-05-03T12:24:24.316+0000] {processor.py:829} INFO - Processing file /opt/airflow/dags/retail_pipeline_dag.py for tasks to queue
[2026-05-03T12:24:24.317+0000] {logging_mixin.py:151} INFO - [2026-05-03T12:24:24.317+0000] {dagbag.py:539} INFO - Filling up the DagBag from /opt/airflow/dags/retail_pipeline_dag.py
[2026-05-03T12:24:24.332+0000] {processor.py:839} INFO - DAG(s) dict_keys(['retail_pipeline']) retrieved from /opt/airflow/dags/retail_pipeline_dag.py
[2026-05-03T12:24:24.352+0000] {logging_mixin.py:151} INFO - [2026-05-03T12:24:24.351+0000] {dag.py:2915} INFO - Sync 1 DAGs
[2026-05-03T12:24:24.365+0000] {logging_mixin.py:151} INFO - [2026-05-03T12:24:24.365+0000] {dag.py:3696} INFO - Setting next_dagrun for retail_pipeline to 2026-05-03T00:30:00+00:00, run_after=2026-05-04T00:30:00+00:00
[2026-05-03T12:24:24.374+0000] {processor.py:179} INFO - Processing /opt/airflow/dags/retail_pipeline_dag.py took 0.063 seconds
[2026-05-03T12:24:54.626+0000] {processor.py:157} INFO - Started process (PID=3863) to work on /opt/airflow/dags/retail_pipeline_dag.py
[2026-05-03T12:24:54.628+0000] {processor.py:829} INFO - Processing file /opt/airflow/dags/retail_pipeline_dag.py for tasks to queue
[2026-05-03T12:24:54.628+0000] {logging_mixin.py:151} INFO - [2026-05-03T12:24:54.628+0000] {dagbag.py:539} INFO - Filling up the DagBag from /opt/airflow/dags/retail_pipeline_dag.py
[2026-05-03T12:24:54.644+0000] {processor.py:839} INFO - DAG(s) dict_keys(['retail_pipeline']) retrieved from /opt/airflow/dags/retail_pipeline_dag.py
[2026-05-03T12:24:54.666+0000] {logging_mixin.py:151} INFO - [2026-05-03T12:24:54.666+0000] {dag.py:2915} INFO - Sync 1 DAGs
[2026-05-03T12:24:54.680+0000] {logging_mixin.py:151} INFO - [2026-05-03T12:24:54.680+0000] {dag.py:3696} INFO - Setting next_dagrun for retail_pipeline to 2026-05-03T00:30:00+00:00, run_after=2026-05-04T00:30:00+00:00
[2026-05-03T12:24:54.692+0000] {processor.py:179} INFO - Processing /opt/airflow/dags/retail_pipeline_dag.py took 0.069 seconds
[2026-05-03T12:25:24.931+0000] {processor.py:157} INFO - Started process (PID=3873) to work on /opt/airflow/dags/retail_pipeline_dag.py
[2026-05-03T12:25:24.934+0000] {processor.py:829} INFO - Processing file /opt/airflow/dags/retail_pipeline_dag.py for tasks to queue
[2026-05-03T12:25:24.935+0000] {logging_mixin.py:151} INFO - [2026-05-03T12:25:24.935+0000] {dagbag.py:539} INFO - Filling up the DagBag from /opt/airflow/dags/retail_pipeline_dag.py
[2026-05-03T12:25:24.944+0000] {processor.py:839} INFO - DAG(s) dict_keys(['retail_pipeline']) retrieved from /opt/airflow/dags/retail_pipeline_dag.py
[2026-05-03T12:25:24.965+0000] {logging_mixin.py:151} INFO - [2026-05-03T12:25:24.965+0000] {dag.py:2915} INFO - Sync 1 DAGs
[2026-05-03T12:25:24.976+0000] {logging_mixin.py:151} INFO - [2026-05-03T12:25:24.976+0000] {dag.py:3696} INFO - Setting next_dagrun for retail_pipeline to 2026-05-03T00:30:00+00:00, run_after=2026-05-04T00:30:00+00:00
[2026-05-03T12:25:24.986+0000] {processor.py:179} INFO - Processing /opt/airflow/dags/retail_pipeline_dag.py took 0.058 seconds
[2026-05-03T12:25:55.232+0000] {processor.py:157} INFO - Started process (PID=3881) to work on /opt/airflow/dags/retail_pipeline_dag.py
[2026-05-03T12:25:55.233+0000] {processor.py:829} INFO - Processing file /opt/airflow/dags/retail_pipeline_dag.py for tasks to queue
[2026-05-03T12:25:55.234+0000] {logging_mixin.py:151} INFO - [2026-05-03T12:25:55.234+0000] {dagbag.py:539} INFO - Filling up the DagBag from /opt/airflow/dags/retail_pipeline_dag.py
[2026-05-03T12:25:55.249+0000] {processor.py:839} INFO - DAG(s) dict_keys(['retail_pipeline']) retrieved from /opt/airflow/dags/retail_pipeline_dag.py
[2026-05-03T12:25:55.273+0000] {logging_mixin.py:151} INFO - [2026-05-03T12:25:55.273+0000] {dag.py:2915} INFO - Sync 1 DAGs
[2026-05-03T12:25:55.284+0000] {logging_mixin.py:151} INFO - [2026-05-03T12:25:55.284+0000] {dag.py:3696} INFO - Setting next_dagrun for retail_pipeline to 2026-05-03T00:30:00+00:00, run_after=2026-05-04T00:30:00+00:00
[2026-05-03T12:25:55.293+0000] {processor.py:179} INFO - Processing /opt/airflow/dags/retail_pipeline_dag.py took 0.066 seconds
[2026-05-03T12:26:25.512+0000] {processor.py:157} INFO - Started process (PID=3893) to work on /opt/airflow/dags/retail_pipeline_dag.py
[2026-05-03T12:26:25.514+0000] {processor.py:829} INFO - Processing file /opt/airflow/dags/retail_pipeline_dag.py for tasks to queue
[2026-05-03T12:26:25.515+0000] {logging_mixin.py:151} INFO - [2026-05-03T12:26:25.515+0000] {dagbag.py:539} INFO - Filling up the DagBag from /opt/airflow/dags/retail_pipeline_dag.py
[2026-05-03T12:26:25.526+0000] {processor.py:839} INFO - DAG(s) dict_keys(['retail_pipeline']) retrieved from /opt/airflow/dags/retail_pipeline_dag.py
[2026-05-03T12:26:25.548+0000] {logging_mixin.py:151} INFO - [2026-05-03T12:26:25.548+0000] {dag.py:2915} INFO - Sync 1 DAGs
[2026-05-03T12:26:25.559+0000] {logging_mixin.py:151} INFO - [2026-05-03T12:26:25.559+0000] {dag.py:3696} INFO - Setting next_dagrun for retail_pipeline to 2026-05-03T00:30:00+00:00, run_after=2026-05-04T00:30:00+00:00
[2026-05-03T12:26:25.567+0000] {processor.py:179} INFO - Processing /opt/airflow/dags/retail_pipeline_dag.py took 0.057 seconds
[2026-05-03T12:26:55.782+0000] {processor.py:157} INFO - Started process (PID=3903) to work on /opt/airflow/dags/retail_pipeline_dag.py
[2026-05-03T12:26:55.783+0000] {processor.py:829} INFO - Processing file /opt/airflow/dags/retail_pipeline_dag.py for tasks to queue
[2026-05-03T12:26:55.786+0000] {logging_mixin.py:151} INFO - [2026-05-03T12:26:55.786+0000] {dagbag.py:539} INFO - Filling up the DagBag from /opt/airflow/dags/retail_pipeline_dag.py
[2026-05-03T12:26:55.795+0000] {processor.py:839} INFO - DAG(s) dict_keys(['retail_pipeline']) retrieved from /opt/airflow/dags/retail_pipeline_dag.py
[2026-05-03T12:26:55.813+0000] {logging_mixin.py:151} INFO - [2026-05-03T12:26:55.813+0000] {dag.py:2915} INFO - Sync 1 DAGs
[2026-05-03T12:26:55.825+0000] {logging_mixin.py:151} INFO - [2026-05-03T12:26:55.825+0000] {dag.py:3696} INFO - Setting next_dagrun for retail_pipeline to 2026-05-03T00:30:00+00:00, run_after=2026-05-04T00:30:00+00:00
[2026-05-03T12:26:55.833+0000] {processor.py:179} INFO - Processing /opt/airflow/dags/retail_pipeline_dag.py took 0.053 seconds
[2026-05-03T12:27:25.983+0000] {processor.py:157} INFO - Started process (PID=3913) to work on /opt/airflow/dags/retail_pipeline_dag.py
[2026-05-03T12:27:25.984+0000] {processor.py:829} INFO - Processing file /opt/airflow/dags/retail_pipeline_dag.py for tasks to queue
[2026-05-03T12:27:25.986+0000] {logging_mixin.py:151} INFO - [2026-05-03T12:27:25.985+0000] {dagbag.py:539} INFO - Filling up the DagBag from /opt/airflow/dags/retail_pipeline_dag.py
[2026-05-03T12:27:25.999+0000] {processor.py:839} INFO - DAG(s) dict_keys(['retail_pipeline']) retrieved from /opt/airflow/dags/retail_pipeline_dag.py
[2026-05-03T12:27:26.021+0000] {logging_mixin.py:151} INFO - [2026-05-03T12:27:26.021+0000] {dag.py:2915} INFO - Sync 1 DAGs
[2026-05-03T12:27:26.031+0000] {logging_mixin.py:151} INFO - [2026-05-03T12:27:26.031+0000] {dag.py:3696} INFO - Setting next_dagrun for retail_pipeline to 2026-05-03T00:30:00+00:00, run_after=2026-05-04T00:30:00+00:00
[2026-05-03T12:27:26.039+0000] {processor.py:179} INFO - Processing /opt/airflow/dags/retail_pipeline_dag.py took 0.060 seconds
[2026-05-03T12:27:56.295+0000] {processor.py:157} INFO - Started process (PID=3923) to work on /opt/airflow/dags/retail_pipeline_dag.py
[2026-05-03T12:27:56.297+0000] {processor.py:829} INFO - Processing file /opt/airflow/dags/retail_pipeline_dag.py for tasks to queue
[2026-05-03T12:27:56.300+0000] {logging_mixin.py:151} INFO - [2026-05-03T12:27:56.300+0000] {dagbag.py:539} INFO - Filling up the DagBag from /opt/airflow/dags/retail_pipeline_dag.py
[2026-05-03T12:27:56.316+0000] {processor.py:839} INFO - DAG(s) dict_keys(['retail_pipeline']) retrieved from /opt/airflow/dags/retail_pipeline_dag.py
[2026-05-03T12:27:56.340+0000] {logging_mixin.py:151} INFO - [2026-05-03T12:27:56.340+0000] {dag.py:2915} INFO - Sync 1 DAGs
[2026-05-03T12:27:56.353+0000] {logging_mixin.py:151} INFO - [2026-05-03T12:27:56.353+0000] {dag.py:3696} INFO - Setting next_dagrun for retail_pipeline to 2026-05-03T00:30:00+00:00, run_after=2026-05-04T00:30:00+00:00
[2026-05-03T12:27:56.365+0000] {processor.py:179} INFO - Processing /opt/airflow/dags/retail_pipeline_dag.py took 0.073 seconds
[2026-05-03T12:28:26.613+0000] {processor.py:157} INFO - Started process (PID=3933) to work on /opt/airflow/dags/retail_pipeline_dag.py
[2026-05-03T12:28:26.614+0000] {processor.py:829} INFO - Processing file /opt/airflow/dags/retail_pipeline_dag.py for tasks to queue
[2026-05-03T12:28:26.616+0000] {logging_mixin.py:151} INFO - [2026-05-03T12:28:26.615+0000] {dagbag.py:539} INFO - Filling up the DagBag from /opt/airflow/dags/retail_pipeline_dag.py
[2026-05-03T12:28:26.630+0000] {processor.py:839} INFO - DAG(s) dict_keys(['retail_pipeline']) retrieved from /opt/airflow/dags/retail_pipeline_dag.py
[2026-05-03T12:28:26.654+0000] {logging_mixin.py:151} INFO - [2026-05-03T12:28:26.654+0000] {dag.py:2915} INFO - Sync 1 DAGs
[2026-05-03T12:28:26.667+0000] {logging_mixin.py:151} INFO - [2026-05-03T12:28:26.667+0000] {dag.py:3696} INFO - Setting next_dagrun for retail_pipeline to 2026-05-03T00:30:00+00:00, run_after=2026-05-04T00:30:00+00:00
[2026-05-03T12:28:26.680+0000] {processor.py:179} INFO - Processing /opt/airflow/dags/retail_pipeline_dag.py took 0.071 seconds
[2026-05-03T12:28:56.842+0000] {processor.py:157} INFO - Started process (PID=3943) to work on /opt/airflow/dags/retail_pipeline_dag.py
[2026-05-03T12:28:56.843+0000] {processor.py:829} INFO - Processing file /opt/airflow/dags/retail_pipeline_dag.py for tasks to queue
[2026-05-03T12:28:56.845+0000] {logging_mixin.py:151} INFO - [2026-05-03T12:28:56.844+0000] {dagbag.py:539} INFO - Filling up the DagBag from /opt/airflow/dags/retail_pipeline_dag.py
[2026-05-03T12:28:56.859+0000] {processor.py:839} INFO - DAG(s) dict_keys(['retail_pipeline']) retrieved from /opt/airflow/dags/retail_pipeline_dag.py
[2026-05-03T12:28:56.885+0000] {logging_mixin.py:151} INFO - [2026-05-03T12:28:56.885+0000] {dag.py:2915} INFO - Sync 1 DAGs
[2026-05-03T12:28:56.909+0000] {logging_mixin.py:151} INFO - [2026-05-03T12:28:56.909+0000] {dag.py:3696} INFO - Setting next_dagrun for retail_pipeline to 2026-05-03T00:30:00+00:00, run_after=2026-05-04T00:30:00+00:00
[2026-05-03T12:28:56.921+0000] {processor.py:179} INFO - Processing /opt/airflow/dags/retail_pipeline_dag.py took 0.083 seconds
[2026-05-03T12:29:27.180+0000] {processor.py:157} INFO - Started process (PID=3953) to work on /opt/airflow/dags/retail_pipeline_dag.py
[2026-05-03T12:29:27.181+0000] {processor.py:829} INFO - Processing file /opt/airflow/dags/retail_pipeline_dag.py for tasks to queue
[2026-05-03T12:29:27.182+0000] {logging_mixin.py:151} INFO - [2026-05-03T12:29:27.182+0000] {dagbag.py:539} INFO - Filling up the DagBag from /opt/airflow/dags/retail_pipeline_dag.py
[2026-05-03T12:29:27.198+0000] {processor.py:839} INFO - DAG(s) dict_keys(['retail_pipeline']) retrieved from /opt/airflow/dags/retail_pipeline_dag.py
[2026-05-03T12:29:27.224+0000] {logging_mixin.py:151} INFO - [2026-05-03T12:29:27.224+0000] {dag.py:2915} INFO - Sync 1 DAGs
[2026-05-03T12:29:27.238+0000] {logging_mixin.py:151} INFO - [2026-05-03T12:29:27.237+0000] {dag.py:3696} INFO - Setting next_dagrun for retail_pipeline to 2026-05-03T00:30:00+00:00, run_after=2026-05-04T00:30:00+00:00
[2026-05-03T12:29:27.247+0000] {processor.py:179} INFO - Processing /opt/airflow/dags/retail_pipeline_dag.py took 0.070 seconds
[2026-05-03T12:29:57.461+0000] {processor.py:157} INFO - Started process (PID=3963) to work on /opt/airflow/dags/retail_pipeline_dag.py
[2026-05-03T12:29:57.462+0000] {processor.py:829} INFO - Processing file /opt/airflow/dags/retail_pipeline_dag.py for tasks to queue
[2026-05-03T12:29:57.463+0000] {logging_mixin.py:151} INFO - [2026-05-03T12:29:57.463+0000] {dagbag.py:539} INFO - Filling up the DagBag from /opt/airflow/dags/retail_pipeline_dag.py
[2026-05-03T12:29:57.473+0000] {processor.py:839} INFO - DAG(s) dict_keys(['retail_pipeline']) retrieved from /opt/airflow/dags/retail_pipeline_dag.py
[2026-05-03T12:29:57.495+0000] {logging_mixin.py:151} INFO - [2026-05-03T12:29:57.495+0000] {dag.py:2915} INFO - Sync 1 DAGs
[2026-05-03T12:29:57.507+0000] {logging_mixin.py:151} INFO - [2026-05-03T12:29:57.507+0000] {dag.py:3696} INFO - Setting next_dagrun for retail_pipeline to 2026-05-03T00:30:00+00:00, run_after=2026-05-04T00:30:00+00:00
[2026-05-03T12:29:57.517+0000] {processor.py:179} INFO - Processing /opt/airflow/dags/retail_pipeline_dag.py took 0.061 seconds
[2026-05-03T12:30:27.760+0000] {processor.py:157} INFO - Started process (PID=3973) to work on /opt/airflow/dags/retail_pipeline_dag.py
[2026-05-03T12:30:27.761+0000] {processor.py:829} INFO - Processing file /opt/airflow/dags/retail_pipeline_dag.py for tasks to queue
[2026-05-03T12:30:27.762+0000] {logging_mixin.py:151} INFO - [2026-05-03T12:30:27.762+0000] {dagbag.py:539} INFO - Filling up the DagBag from /opt/airflow/dags/retail_pipeline_dag.py
[2026-05-03T12:30:27.788+0000] {processor.py:839} INFO - DAG(s) dict_keys(['retail_pipeline']) retrieved from /opt/airflow/dags/retail_pipeline_dag.py
[2026-05-03T12:30:27.818+0000] {logging_mixin.py:151} INFO - [2026-05-03T12:30:27.817+0000] {dag.py:2915} INFO - Sync 1 DAGs
[2026-05-03T12:30:27.836+0000] {logging_mixin.py:151} INFO - [2026-05-03T12:30:27.836+0000] {dag.py:3696} INFO - Setting next_dagrun for retail_pipeline to 2026-05-03T00:30:00+00:00, run_after=2026-05-04T00:30:00+00:00
[2026-05-03T12:30:27.847+0000] {processor.py:179} INFO - Processing /opt/airflow/dags/retail_pipeline_dag.py took 0.091 seconds
[2026-05-03T12:30:58.145+0000] {processor.py:157} INFO - Started process (PID=3983) to work on /opt/airflow/dags/retail_pipeline_dag.py
[2026-05-03T12:30:58.148+0000] {processor.py:829} INFO - Processing file /opt/airflow/dags/retail_pipeline_dag.py for tasks to queue
[2026-05-03T12:30:58.149+0000] {logging_mixin.py:151} INFO - [2026-05-03T12:30:58.149+0000] {dagbag.py:539} INFO - Filling up the DagBag from /opt/airflow/dags/retail_pipeline_dag.py
[2026-05-03T12:30:58.173+0000] {processor.py:839} INFO - DAG(s) dict_keys(['retail_pipeline']) retrieved from /opt/airflow/dags/retail_pipeline_dag.py
[2026-05-03T12:30:58.214+0000] {logging_mixin.py:151} INFO - [2026-05-03T12:30:58.214+0000] {dag.py:2915} INFO - Sync 1 DAGs
[2026-05-03T12:30:58.230+0000] {logging_mixin.py:151} INFO - [2026-05-03T12:30:58.230+0000] {dag.py:3696} INFO - Setting next_dagrun for retail_pipeline to 2026-05-03T00:30:00+00:00, run_after=2026-05-04T00:30:00+00:00
[2026-05-03T12:30:58.243+0000] {processor.py:179} INFO - Processing /opt/airflow/dags/retail_pipeline_dag.py took 0.103 seconds
[2026-05-03T12:31:28.484+0000] {processor.py:157} INFO - Started process (PID=3993) to work on /opt/airflow/dags/retail_pipeline_dag.py
[2026-05-03T12:31:28.485+0000] {processor.py:829} INFO - Processing file /opt/airflow/dags/retail_pipeline_dag.py for tasks to queue
[2026-05-03T12:31:28.486+0000] {logging_mixin.py:151} INFO - [2026-05-03T12:31:28.486+0000] {dagbag.py:539} INFO - Filling up the DagBag from /opt/airflow/dags/retail_pipeline_dag.py
[2026-05-03T12:31:28.497+0000] {processor.py:839} INFO - DAG(s) dict_keys(['retail_pipeline']) retrieved from /opt/airflow/dags/retail_pipeline_dag.py
[2026-05-03T12:31:28.517+0000] {logging_mixin.py:151} INFO - [2026-05-03T12:31:28.516+0000] {dag.py:2915} INFO - Sync 1 DAGs
[2026-05-03T12:31:28.528+0000] {logging_mixin.py:151} INFO - [2026-05-03T12:31:28.528+0000] {dag.py:3696} INFO - Setting next_dagrun for retail_pipeline to 2026-05-03T00:30:00+00:00, run_after=2026-05-04T00:30:00+00:00
[2026-05-03T12:31:28.540+0000] {processor.py:179} INFO - Processing /opt/airflow/dags/retail_pipeline_dag.py took 0.061 seconds
[2026-05-03T12:31:58.795+0000] {processor.py:157} INFO - Started process (PID=4003) to work on /opt/airflow/dags/retail_pipeline_dag.py
[2026-05-03T12:31:58.796+0000] {processor.py:829} INFO - Processing file /opt/airflow/dags/retail_pipeline_dag.py for tasks to queue
[2026-05-03T12:31:58.797+0000] {logging_mixin.py:151} INFO - [2026-05-03T12:31:58.797+0000] {dagbag.py:539} INFO - Filling up the DagBag from /opt/airflow/dags/retail_pipeline_dag.py
[2026-05-03T12:31:58.822+0000] {processor.py:839} INFO - DAG(s) dict_keys(['retail_pipeline']) retrieved from /opt/airflow/dags/retail_pipeline_dag.py
[2026-05-03T12:31:58.864+0000] {logging_mixin.py:151} INFO - [2026-05-03T12:31:58.864+0000] {dag.py:2915} INFO - Sync 1 DAGs
[2026-05-03T12:31:58.882+0000] {logging_mixin.py:151} INFO - [2026-05-03T12:31:58.882+0000] {dag.py:3696} INFO - Setting next_dagrun for retail_pipeline to 2026-05-03T00:30:00+00:00, run_after=2026-05-04T00:30:00+00:00
[2026-05-03T12:31:58.892+0000] {processor.py:179} INFO - Processing /opt/airflow/dags/retail_pipeline_dag.py took 0.101 seconds
[2026-05-03T12:32:29.149+0000] {processor.py:157} INFO - Started process (PID=4013) to work on /opt/airflow/dags/retail_pipeline_dag.py
[2026-05-03T12:32:29.150+0000] {processor.py:829} INFO - Processing file /opt/airflow/dags/retail_pipeline_dag.py for tasks to queue
[2026-05-03T12:32:29.152+0000] {logging_mixin.py:151} INFO - [2026-05-03T12:32:29.152+0000] {dagbag.py:539} INFO - Filling up the DagBag from /opt/airflow/dags/retail_pipeline_dag.py
[2026-05-03T12:32:29.169+0000] {processor.py:839} INFO - DAG(s) dict_keys(['retail_pipeline']) retrieved from /opt/airflow/dags/retail_pipeline_dag.py
[2026-05-03T12:32:29.193+0000] {logging_mixin.py:151} INFO - [2026-05-03T12:32:29.193+0000] {dag.py:2915} INFO - Sync 1 DAGs
[2026-05-03T12:32:29.206+0000] {logging_mixin.py:151} INFO - [2026-05-03T12:32:29.206+0000] {dag.py:3696} INFO - Setting next_dagrun for retail_pipeline to 2026-05-03T00:30:00+00:00, run_after=2026-05-04T00:30:00+00:00
[2026-05-03T12:32:29.217+0000] {processor.py:179} INFO - Processing /opt/airflow/dags/retail_pipeline_dag.py took 0.072 seconds
[2026-05-03T12:32:59.367+0000] {processor.py:157} INFO - Started process (PID=4023) to work on /opt/airflow/dags/retail_pipeline_dag.py
[2026-05-03T12:32:59.368+0000] {processor.py:829} INFO - Processing file /opt/airflow/dags/retail_pipeline_dag.py for tasks to queue
[2026-05-03T12:32:59.369+0000] {logging_mixin.py:151} INFO - [2026-05-03T12:32:59.369+0000] {dagbag.py:539} INFO - Filling up the DagBag from /opt/airflow/dags/retail_pipeline_dag.py
[2026-05-03T12:32:59.384+0000] {processor.py:839} INFO - DAG(s) dict_keys(['retail_pipeline']) retrieved from /opt/airflow/dags/retail_pipeline_dag.py
[2026-05-03T12:32:59.405+0000] {logging_mixin.py:151} INFO - [2026-05-03T12:32:59.404+0000] {dag.py:2915} INFO - Sync 1 DAGs
[2026-05-03T12:32:59.420+0000] {logging_mixin.py:151} INFO - [2026-05-03T12:32:59.419+0000] {dag.py:3696} INFO - Setting next_dagrun for retail_pipeline to 2026-05-03T00:30:00+00:00, run_after=2026-05-04T00:30:00+00:00
[2026-05-03T12:32:59.429+0000] {processor.py:179} INFO - Processing /opt/airflow/dags/retail_pipeline_dag.py took 0.067 seconds
[2026-05-03T12:33:29.673+0000] {processor.py:157} INFO - Started process (PID=4033) to work on /opt/airflow/dags/retail_pipeline_dag.py
[2026-05-03T12:33:29.675+0000] {processor.py:829} INFO - Processing file /opt/airflow/dags/retail_pipeline_dag.py for tasks to queue
[2026-05-03T12:33:29.675+0000] {logging_mixin.py:151} INFO - [2026-05-03T12:33:29.675+0000] {dagbag.py:539} INFO - Filling up the DagBag from /opt/airflow/dags/retail_pipeline_dag.py
[2026-05-03T12:33:29.690+0000] {processor.py:839} INFO - DAG(s) dict_keys(['retail_pipeline']) retrieved from /opt/airflow/dags/retail_pipeline_dag.py
[2026-05-03T12:33:29.715+0000] {logging_mixin.py:151} INFO - [2026-05-03T12:33:29.715+0000] {dag.py:2915} INFO - Sync 1 DAGs
[2026-05-03T12:33:29.727+0000] {logging_mixin.py:151} INFO - [2026-05-03T12:33:29.727+0000] {dag.py:3696} INFO - Setting next_dagrun for retail_pipeline to 2026-05-03T00:30:00+00:00, run_after=2026-05-04T00:30:00+00:00
[2026-05-03T12:33:29.736+0000] {processor.py:179} INFO - Processing /opt/airflow/dags/retail_pipeline_dag.py took 0.066 seconds
[2026-05-03T12:33:59.992+0000] {processor.py:157} INFO - Started process (PID=4043) to work on /opt/airflow/dags/retail_pipeline_dag.py
[2026-05-03T12:33:59.994+0000] {processor.py:829} INFO - Processing file /opt/airflow/dags/retail_pipeline_dag.py for tasks to queue
[2026-05-03T12:33:59.995+0000] {logging_mixin.py:151} INFO - [2026-05-03T12:33:59.995+0000] {dagbag.py:539} INFO - Filling up the DagBag from /opt/airflow/dags/retail_pipeline_dag.py
[2026-05-03T12:34:00.011+0000] {processor.py:839} INFO - DAG(s) dict_keys(['retail_pipeline']) retrieved from /opt/airflow/dags/retail_pipeline_dag.py
[2026-05-03T12:34:00.033+0000] {logging_mixin.py:151} INFO - [2026-05-03T12:34:00.033+0000] {dag.py:2915} INFO - Sync 1 DAGs
[2026-05-03T12:34:00.046+0000] {logging_mixin.py:151} INFO - [2026-05-03T12:34:00.046+0000] {dag.py:3696} INFO - Setting next_dagrun for retail_pipeline to 2026-05-03T00:30:00+00:00, run_after=2026-05-04T00:30:00+00:00
[2026-05-03T12:34:00.056+0000] {processor.py:179} INFO - Processing /opt/airflow/dags/retail_pipeline_dag.py took 0.068 seconds
[2026-05-03T12:34:30.298+0000] {processor.py:157} INFO - Started process (PID=4053) to work on /opt/airflow/dags/retail_pipeline_dag.py
[2026-05-03T12:34:30.298+0000] {processor.py:829} INFO - Processing file /opt/airflow/dags/retail_pipeline_dag.py for tasks to queue
[2026-05-03T12:34:30.299+0000] {logging_mixin.py:151} INFO - [2026-05-03T12:34:30.299+0000] {dagbag.py:539} INFO - Filling up the DagBag from /opt/airflow/dags/retail_pipeline_dag.py
[2026-05-03T12:34:30.311+0000] {processor.py:839} INFO - DAG(s) dict_keys(['retail_pipeline']) retrieved from /opt/airflow/dags/retail_pipeline_dag.py
[2026-05-03T12:34:30.333+0000] {logging_mixin.py:151} INFO - [2026-05-03T12:34:30.333+0000] {dag.py:2915} INFO - Sync 1 DAGs
[2026-05-03T12:34:30.348+0000] {logging_mixin.py:151} INFO - [2026-05-03T12:34:30.348+0000] {dag.py:3696} INFO - Setting next_dagrun for retail_pipeline to 2026-05-03T00:30:00+00:00, run_after=2026-05-04T00:30:00+00:00
[2026-05-03T12:34:30.357+0000] {processor.py:179} INFO - Processing /opt/airflow/dags/retail_pipeline_dag.py took 0.062 seconds
[2026-05-03T12:35:00.598+0000] {processor.py:157} INFO - Started process (PID=4063) to work on /opt/airflow/dags/retail_pipeline_dag.py
[2026-05-03T12:35:00.600+0000] {processor.py:829} INFO - Processing file /opt/airflow/dags/retail_pipeline_dag.py for tasks to queue
[2026-05-03T12:35:00.604+0000] {logging_mixin.py:151} INFO - [2026-05-03T12:35:00.604+0000] {dagbag.py:539} INFO - Filling up the DagBag from /opt/airflow/dags/retail_pipeline_dag.py
[2026-05-03T12:35:00.610+0000] {processor.py:839} INFO - DAG(s) dict_keys(['retail_pipeline']) retrieved from /opt/airflow/dags/retail_pipeline_dag.py
[2026-05-03T12:35:00.630+0000] {logging_mixin.py:151} INFO - [2026-05-03T12:35:00.630+0000] {dag.py:2915} INFO - Sync 1 DAGs
[2026-05-03T12:35:00.642+0000] {logging_mixin.py:151} INFO - [2026-05-03T12:35:00.642+0000] {dag.py:3696} INFO - Setting next_dagrun for retail_pipeline to 2026-05-03T00:30:00+00:00, run_after=2026-05-04T00:30:00+00:00
[2026-05-03T12:35:00.653+0000] {processor.py:179} INFO - Processing /opt/airflow/dags/retail_pipeline_dag.py took 0.057 seconds
[2026-05-03T12:35:30.909+0000] {processor.py:157} INFO - Started process (PID=4073) to work on /opt/airflow/dags/retail_pipeline_dag.py
[2026-05-03T12:35:30.912+0000] {processor.py:829} INFO - Processing file /opt/airflow/dags/retail_pipeline_dag.py for tasks to queue
[2026-05-03T12:35:30.913+0000] {logging_mixin.py:151} INFO - [2026-05-03T12:35:30.912+0000] {dagbag.py:539} INFO - Filling up the DagBag from /opt/airflow/dags/retail_pipeline_dag.py
[2026-05-03T12:35:30.922+0000] {processor.py:839} INFO - DAG(s) dict_keys(['retail_pipeline']) retrieved from /opt/airflow/dags/retail_pipeline_dag.py
[2026-05-03T12:35:30.943+0000] {logging_mixin.py:151} INFO - [2026-05-03T12:35:30.943+0000] {dag.py:2915} INFO - Sync 1 DAGs
[2026-05-03T12:35:30.956+0000] {logging_mixin.py:151} INFO - [2026-05-03T12:35:30.956+0000] {dag.py:3696} INFO - Setting next_dagrun for retail_pipeline to 2026-05-03T00:30:00+00:00, run_after=2026-05-04T00:30:00+00:00
[2026-05-03T12:35:30.967+0000] {processor.py:179} INFO - Processing /opt/airflow/dags/retail_pipeline_dag.py took 0.061 seconds
[2026-05-03T12:36:01.148+0000] {processor.py:157} INFO - Started process (PID=4083) to work on /opt/airflow/dags/retail_pipeline_dag.py
[2026-05-03T12:36:01.151+0000] {processor.py:829} INFO - Processing file /opt/airflow/dags/retail_pipeline_dag.py for tasks to queue
[2026-05-03T12:36:01.153+0000] {logging_mixin.py:151} INFO - [2026-05-03T12:36:01.152+0000] {dagbag.py:539} INFO - Filling up the DagBag from /opt/airflow/dags/retail_pipeline_dag.py
[2026-05-03T12:36:01.169+0000] {processor.py:839} INFO - DAG(s) dict_keys(['retail_pipeline']) retrieved from /opt/airflow/dags/retail_pipeline_dag.py
[2026-05-03T12:36:01.193+0000] {logging_mixin.py:151} INFO - [2026-05-03T12:36:01.193+0000] {dag.py:2915} INFO - Sync 1 DAGs
[2026-05-03T12:36:01.204+0000] {logging_mixin.py:151} INFO - [2026-05-03T12:36:01.204+0000] {dag.py:3696} INFO - Setting next_dagrun for retail_pipeline to 2026-05-03T00:30:00+00:00, run_after=2026-05-04T00:30:00+00:00
[2026-05-03T12:36:01.217+0000] {processor.py:179} INFO - Processing /opt/airflow/dags/retail_pipeline_dag.py took 0.073 seconds
[2026-05-03T12:36:31.467+0000] {processor.py:157} INFO - Started process (PID=4093) to work on /opt/airflow/dags/retail_pipeline_dag.py
[2026-05-03T12:36:31.468+0000] {processor.py:829} INFO - Processing file /opt/airflow/dags/retail_pipeline_dag.py for tasks to queue
[2026-05-03T12:36:31.470+0000] {logging_mixin.py:151} INFO - [2026-05-03T12:36:31.470+0000] {dagbag.py:539} INFO - Filling up the DagBag from /opt/airflow/dags/retail_pipeline_dag.py
[2026-05-03T12:36:31.483+0000] {processor.py:839} INFO - DAG(s) dict_keys(['retail_pipeline']) retrieved from /opt/airflow/dags/retail_pipeline_dag.py
[2026-05-03T12:36:31.503+0000] {logging_mixin.py:151} INFO - [2026-05-03T12:36:31.503+0000] {dag.py:2915} INFO - Sync 1 DAGs
[2026-05-03T12:36:31.513+0000] {logging_mixin.py:151} INFO - [2026-05-03T12:36:31.513+0000] {dag.py:3696} INFO - Setting next_dagrun for retail_pipeline to 2026-05-03T00:30:00+00:00, run_after=2026-05-04T00:30:00+00:00
[2026-05-03T12:36:31.523+0000] {processor.py:179} INFO - Processing /opt/airflow/dags/retail_pipeline_dag.py took 0.060 seconds
[2026-05-03T12:37:01.767+0000] {processor.py:157} INFO - Started process (PID=4103) to work on /opt/airflow/dags/retail_pipeline_dag.py
[2026-05-03T12:37:01.767+0000] {processor.py:829} INFO - Processing file /opt/airflow/dags/retail_pipeline_dag.py for tasks to queue
[2026-05-03T12:37:01.768+0000] {logging_mixin.py:151} INFO - [2026-05-03T12:37:01.768+0000] {dagbag.py:539} INFO - Filling up the DagBag from /opt/airflow/dags/retail_pipeline_dag.py
[2026-05-03T12:37:01.784+0000] {processor.py:839} INFO - DAG(s) dict_keys(['retail_pipeline']) retrieved from /opt/airflow/dags/retail_pipeline_dag.py
[2026-05-03T12:37:01.808+0000] {logging_mixin.py:151} INFO - [2026-05-03T12:37:01.808+0000] {dag.py:2915} INFO - Sync 1 DAGs
[2026-05-03T12:37:01.824+0000] {logging_mixin.py:151} INFO - [2026-05-03T12:37:01.824+0000] {dag.py:3696} INFO - Setting next_dagrun for retail_pipeline to 2026-05-03T00:30:00+00:00, run_after=2026-05-04T00:30:00+00:00
[2026-05-03T12:37:01.835+0000] {processor.py:179} INFO - Processing /opt/airflow/dags/retail_pipeline_dag.py took 0.072 seconds
[2026-05-03T12:37:32.006+0000] {processor.py:157} INFO - Started process (PID=4113) to work on /opt/airflow/dags/retail_pipeline_dag.py
[2026-05-03T12:37:32.007+0000] {processor.py:829} INFO - Processing file /opt/airflow/dags/retail_pipeline_dag.py for tasks to queue
[2026-05-03T12:37:32.009+0000] {logging_mixin.py:151} INFO - [2026-05-03T12:37:32.009+0000] {dagbag.py:539} INFO - Filling up the DagBag from /opt/airflow/dags/retail_pipeline_dag.py
[2026-05-03T12:37:32.022+0000] {processor.py:839} INFO - DAG(s) dict_keys(['retail_pipeline']) retrieved from /opt/airflow/dags/retail_pipeline_dag.py
[2026-05-03T12:37:32.042+0000] {logging_mixin.py:151} INFO - [2026-05-03T12:37:32.042+0000] {dag.py:2915} INFO - Sync 1 DAGs
[2026-05-03T12:37:32.054+0000] {logging_mixin.py:151} INFO - [2026-05-03T12:37:32.053+0000] {dag.py:3696} INFO - Setting next_dagrun for retail_pipeline to 2026-05-03T00:30:00+00:00, run_after=2026-05-04T00:30:00+00:00
[2026-05-03T12:37:32.064+0000] {processor.py:179} INFO - Processing /opt/airflow/dags/retail_pipeline_dag.py took 0.062 seconds
[2026-05-03T12:38:02.339+0000] {processor.py:157} INFO - Started process (PID=4123) to work on /opt/airflow/dags/retail_pipeline_dag.py
[2026-05-03T12:38:02.340+0000] {processor.py:829} INFO - Processing file /opt/airflow/dags/retail_pipeline_dag.py for tasks to queue
[2026-05-03T12:38:02.341+0000] {logging_mixin.py:151} INFO - [2026-05-03T12:38:02.341+0000] {dagbag.py:539} INFO - Filling up the DagBag from /opt/airflow/dags/retail_pipeline_dag.py
[2026-05-03T12:38:02.351+0000] {processor.py:839} INFO - DAG(s) dict_keys(['retail_pipeline']) retrieved from /opt/airflow/dags/retail_pipeline_dag.py
[2026-05-03T12:38:02.370+0000] {logging_mixin.py:151} INFO - [2026-05-03T12:38:02.370+0000] {dag.py:2915} INFO - Sync 1 DAGs
[2026-05-03T12:38:02.382+0000] {logging_mixin.py:151} INFO - [2026-05-03T12:38:02.382+0000] {dag.py:3696} INFO - Setting next_dagrun for retail_pipeline to 2026-05-03T00:30:00+00:00, run_after=2026-05-04T00:30:00+00:00
[2026-05-03T12:38:02.393+0000] {processor.py:179} INFO - Processing /opt/airflow/dags/retail_pipeline_dag.py took 0.057 seconds
[2026-05-03T12:38:32.640+0000] {processor.py:157} INFO - Started process (PID=4133) to work on /opt/airflow/dags/retail_pipeline_dag.py
[2026-05-03T12:38:32.641+0000] {processor.py:829} INFO - Processing file /opt/airflow/dags/retail_pipeline_dag.py for tasks to queue
[2026-05-03T12:38:32.642+0000] {logging_mixin.py:151} INFO - [2026-05-03T12:38:32.642+0000] {dagbag.py:539} INFO - Filling up the DagBag from /opt/airflow/dags/retail_pipeline_dag.py
[2026-05-03T12:38:32.655+0000] {processor.py:839} INFO - DAG(s) dict_keys(['retail_pipeline']) retrieved from /opt/airflow/dags/retail_pipeline_dag.py
[2026-05-03T12:38:32.676+0000] {logging_mixin.py:151} INFO - [2026-05-03T12:38:32.676+0000] {dag.py:2915} INFO - Sync 1 DAGs
[2026-05-03T12:38:32.685+0000] {logging_mixin.py:151} INFO - [2026-05-03T12:38:32.685+0000] {dag.py:3696} INFO - Setting next_dagrun for retail_pipeline to 2026-05-03T00:30:00+00:00, run_after=2026-05-04T00:30:00+00:00
[2026-05-03T12:38:32.696+0000] {processor.py:179} INFO - Processing /opt/airflow/dags/retail_pipeline_dag.py took 0.059 seconds
[2026-05-03T12:39:02.948+0000] {processor.py:157} INFO - Started process (PID=4143) to work on /opt/airflow/dags/retail_pipeline_dag.py
[2026-05-03T12:39:02.949+0000] {processor.py:829} INFO - Processing file /opt/airflow/dags/retail_pipeline_dag.py for tasks to queue
[2026-05-03T12:39:02.950+0000] {logging_mixin.py:151} INFO - [2026-05-03T12:39:02.949+0000] {dagbag.py:539} INFO - Filling up the DagBag from /opt/airflow/dags/retail_pipeline_dag.py
[2026-05-03T12:39:02.964+0000] {processor.py:839} INFO - DAG(s) dict_keys(['retail_pipeline']) retrieved from /opt/airflow/dags/retail_pipeline_dag.py
[2026-05-03T12:39:02.987+0000] {logging_mixin.py:151} INFO - [2026-05-03T12:39:02.987+0000] {dag.py:2915} INFO - Sync 1 DAGs
[2026-05-03T12:39:03.001+0000] {logging_mixin.py:151} INFO - [2026-05-03T12:39:03.001+0000] {dag.py:3696} INFO - Setting next_dagrun for retail_pipeline to 2026-05-03T00:30:00+00:00, run_after=2026-05-04T00:30:00+00:00
[2026-05-03T12:39:03.010+0000] {processor.py:179} INFO - Processing /opt/airflow/dags/retail_pipeline_dag.py took 0.066 seconds
[2026-05-03T12:39:33.175+0000] {processor.py:157} INFO - Started process (PID=4153) to work on /opt/airflow/dags/retail_pipeline_dag.py
[2026-05-03T12:39:33.177+0000] {processor.py:829} INFO - Processing file /opt/airflow/dags/retail_pipeline_dag.py for tasks to queue
[2026-05-03T12:39:33.180+0000] {logging_mixin.py:151} INFO - [2026-05-03T12:39:33.179+0000] {dagbag.py:539} INFO - Filling up the DagBag from /opt/airflow/dags/retail_pipeline_dag.py
[2026-05-03T12:39:33.191+0000] {processor.py:839} INFO - DAG(s) dict_keys(['retail_pipeline']) retrieved from /opt/airflow/dags/retail_pipeline_dag.py
[2026-05-03T12:39:33.213+0000] {logging_mixin.py:151} INFO - [2026-05-03T12:39:33.212+0000] {dag.py:2915} INFO - Sync 1 DAGs
[2026-05-03T12:39:33.226+0000] {logging_mixin.py:151} INFO - [2026-05-03T12:39:33.225+0000] {dag.py:3696} INFO - Setting next_dagrun for retail_pipeline to 2026-05-03T00:30:00+00:00, run_after=2026-05-04T00:30:00+00:00
[2026-05-03T12:39:33.234+0000] {processor.py:179} INFO - Processing /opt/airflow/dags/retail_pipeline_dag.py took 0.063 seconds
[2026-05-03T12:40:03.509+0000] {processor.py:157} INFO - Started process (PID=4163) to work on /opt/airflow/dags/retail_pipeline_dag.py
[2026-05-03T12:40:03.510+0000] {processor.py:829} INFO - Processing file /opt/airflow/dags/retail_pipeline_dag.py for tasks to queue
[2026-05-03T12:40:03.514+0000] {logging_mixin.py:151} INFO - [2026-05-03T12:40:03.514+0000] {dagbag.py:539} INFO - Filling up the DagBag from /opt/airflow/dags/retail_pipeline_dag.py
[2026-05-03T12:40:03.526+0000] {processor.py:839} INFO - DAG(s) dict_keys(['retail_pipeline']) retrieved from /opt/airflow/dags/retail_pipeline_dag.py
[2026-05-03T12:40:03.551+0000] {logging_mixin.py:151} INFO - [2026-05-03T12:40:03.551+0000] {dag.py:2915} INFO - Sync 1 DAGs
[2026-05-03T12:40:03.561+0000] {logging_mixin.py:151} INFO - [2026-05-03T12:40:03.561+0000] {dag.py:3696} INFO - Setting next_dagrun for retail_pipeline to 2026-05-03T00:30:00+00:00, run_after=2026-05-04T00:30:00+00:00
[2026-05-03T12:40:03.572+0000] {processor.py:179} INFO - Processing /opt/airflow/dags/retail_pipeline_dag.py took 0.066 seconds
[2026-05-03T12:40:33.865+0000] {processor.py:157} INFO - Started process (PID=4173) to work on /opt/airflow/dags/retail_pipeline_dag.py
[2026-05-03T12:40:33.868+0000] {processor.py:829} INFO - Processing file /opt/airflow/dags/retail_pipeline_dag.py for tasks to queue
[2026-05-03T12:40:33.868+0000] {logging_mixin.py:151} INFO - [2026-05-03T12:40:33.868+0000] {dagbag.py:539} INFO - Filling up the DagBag from /opt/airflow/dags/retail_pipeline_dag.py
[2026-05-03T12:40:33.876+0000] {processor.py:839} INFO - DAG(s) dict_keys(['retail_pipeline']) retrieved from /opt/airflow/dags/retail_pipeline_dag.py
[2026-05-03T12:40:33.898+0000] {logging_mixin.py:151} INFO - [2026-05-03T12:40:33.898+0000] {dag.py:2915} INFO - Sync 1 DAGs
[2026-05-03T12:40:33.910+0000] {logging_mixin.py:151} INFO - [2026-05-03T12:40:33.910+0000] {dag.py:3696} INFO - Setting next_dagrun for retail_pipeline to 2026-05-03T00:30:00+00:00, run_after=2026-05-04T00:30:00+00:00
[2026-05-03T12:40:33.918+0000] {processor.py:179} INFO - Processing /opt/airflow/dags/retail_pipeline_dag.py took 0.057 seconds
[2026-05-03T12:41:04.214+0000] {processor.py:157} INFO - Started process (PID=4183) to work on /opt/airflow/dags/retail_pipeline_dag.py
[2026-05-03T12:41:04.215+0000] {processor.py:829} INFO - Processing file /opt/airflow/dags/retail_pipeline_dag.py for tasks to queue
[2026-05-03T12:41:04.216+0000] {logging_mixin.py:151} INFO - [2026-05-03T12:41:04.215+0000] {dagbag.py:539} INFO - Filling up the DagBag from /opt/airflow/dags/retail_pipeline_dag.py
[2026-05-03T12:41:04.233+0000] {processor.py:839} INFO - DAG(s) dict_keys(['retail_pipeline']) retrieved from /opt/airflow/dags/retail_pipeline_dag.py
[2026-05-03T12:41:04.254+0000] {logging_mixin.py:151} INFO - [2026-05-03T12:41:04.254+0000] {dag.py:2915} INFO - Sync 1 DAGs
[2026-05-03T12:41:04.270+0000] {logging_mixin.py:151} INFO - [2026-05-03T12:41:04.270+0000] {dag.py:3696} INFO - Setting next_dagrun for retail_pipeline to 2026-05-03T00:30:00+00:00, run_after=2026-05-04T00:30:00+00:00
[2026-05-03T12:41:04.280+0000] {processor.py:179} INFO - Processing /opt/airflow/dags/retail_pipeline_dag.py took 0.070 seconds
[2026-05-03T12:41:34.455+0000] {processor.py:157} INFO - Started process (PID=4193) to work on /opt/airflow/dags/retail_pipeline_dag.py
[2026-05-03T12:41:34.458+0000] {processor.py:829} INFO - Processing file /opt/airflow/dags/retail_pipeline_dag.py for tasks to queue
[2026-05-03T12:41:34.458+0000] {logging_mixin.py:151} INFO - [2026-05-03T12:41:34.458+0000] {dagbag.py:539} INFO - Filling up the DagBag from /opt/airflow/dags/retail_pipeline_dag.py
[2026-05-03T12:41:34.469+0000] {processor.py:839} INFO - DAG(s) dict_keys(['retail_pipeline']) retrieved from /opt/airflow/dags/retail_pipeline_dag.py
[2026-05-03T12:41:34.494+0000] {logging_mixin.py:151} INFO - [2026-05-03T12:41:34.494+0000] {dag.py:2915} INFO - Sync 1 DAGs
[2026-05-03T12:41:34.508+0000] {logging_mixin.py:151} INFO - [2026-05-03T12:41:34.508+0000] {dag.py:3696} INFO - Setting next_dagrun for retail_pipeline to 2026-05-03T00:30:00+00:00, run_after=2026-05-04T00:30:00+00:00
[2026-05-03T12:41:34.517+0000] {processor.py:179} INFO - Processing /opt/airflow/dags/retail_pipeline_dag.py took 0.065 seconds
[2026-05-03T12:42:04.799+0000] {processor.py:157} INFO - Started process (PID=4203) to work on /opt/airflow/dags/retail_pipeline_dag.py
[2026-05-03T12:42:04.801+0000] {processor.py:829} INFO - Processing file /opt/airflow/dags/retail_pipeline_dag.py for tasks to queue
[2026-05-03T12:42:04.802+0000] {logging_mixin.py:151} INFO - [2026-05-03T12:42:04.802+0000] {dagbag.py:539} INFO - Filling up the DagBag from /opt/airflow/dags/retail_pipeline_dag.py
[2026-05-03T12:42:04.816+0000] {processor.py:839} INFO - DAG(s) dict_keys(['retail_pipeline']) retrieved from /opt/airflow/dags/retail_pipeline_dag.py
[2026-05-03T12:42:04.839+0000] {logging_mixin.py:151} INFO - [2026-05-03T12:42:04.839+0000] {dag.py:2915} INFO - Sync 1 DAGs
[2026-05-03T12:42:04.850+0000] {logging_mixin.py:151} INFO - [2026-05-03T12:42:04.850+0000] {dag.py:3696} INFO - Setting next_dagrun for retail_pipeline to 2026-05-03T00:30:00+00:00, run_after=2026-05-04T00:30:00+00:00
[2026-05-03T12:42:04.859+0000] {processor.py:179} INFO - Processing /opt/airflow/dags/retail_pipeline_dag.py took 0.064 seconds
[2026-05-03T12:42:35.113+0000] {processor.py:157} INFO - Started process (PID=4213) to work on /opt/airflow/dags/retail_pipeline_dag.py
[2026-05-03T12:42:35.114+0000] {processor.py:829} INFO - Processing file /opt/airflow/dags/retail_pipeline_dag.py for tasks to queue
[2026-05-03T12:42:35.115+0000] {logging_mixin.py:151} INFO - [2026-05-03T12:42:35.115+0000] {dagbag.py:539} INFO - Filling up the DagBag from /opt/airflow/dags/retail_pipeline_dag.py
[2026-05-03T12:42:35.133+0000] {processor.py:839} INFO - DAG(s) dict_keys(['retail_pipeline']) retrieved from /opt/airflow/dags/retail_pipeline_dag.py
[2026-05-03T12:42:35.159+0000] {logging_mixin.py:151} INFO - [2026-05-03T12:42:35.158+0000] {dag.py:2915} INFO - Sync 1 DAGs
[2026-05-03T12:42:35.174+0000] {logging_mixin.py:151} INFO - [2026-05-03T12:42:35.174+0000] {dag.py:3696} INFO - Setting next_dagrun for retail_pipeline to 2026-05-03T00:30:00+00:00, run_after=2026-05-04T00:30:00+00:00
[2026-05-03T12:42:35.185+0000] {processor.py:179} INFO - Processing /opt/airflow/dags/retail_pipeline_dag.py took 0.076 seconds
[2026-05-03T12:43:05.441+0000] {processor.py:157} INFO - Started process (PID=4223) to work on /opt/airflow/dags/retail_pipeline_dag.py
[2026-05-03T12:43:05.442+0000] {processor.py:829} INFO - Processing file /opt/airflow/dags/retail_pipeline_dag.py for tasks to queue
[2026-05-03T12:43:05.444+0000] {logging_mixin.py:151} INFO - [2026-05-03T12:43:05.443+0000] {dagbag.py:539} INFO - Filling up the DagBag from /opt/airflow/dags/retail_pipeline_dag.py
[2026-05-03T12:43:05.455+0000] {processor.py:839} INFO - DAG(s) dict_keys(['retail_pipeline']) retrieved from /opt/airflow/dags/retail_pipeline_dag.py
[2026-05-03T12:43:05.475+0000] {logging_mixin.py:151} INFO - [2026-05-03T12:43:05.475+0000] {dag.py:2915} INFO - Sync 1 DAGs
[2026-05-03T12:43:05.487+0000] {logging_mixin.py:151} INFO - [2026-05-03T12:43:05.486+0000] {dag.py:3696} INFO - Setting next_dagrun for retail_pipeline to 2026-05-03T00:30:00+00:00, run_after=2026-05-04T00:30:00+00:00
[2026-05-03T12:43:05.497+0000] {processor.py:179} INFO - Processing /opt/airflow/dags/retail_pipeline_dag.py took 0.060 seconds
[2026-05-03T12:43:35.769+0000] {processor.py:157} INFO - Started process (PID=4233) to work on /opt/airflow/dags/retail_pipeline_dag.py
[2026-05-03T12:43:35.770+0000] {processor.py:829} INFO - Processing file /opt/airflow/dags/retail_pipeline_dag.py for tasks to queue
[2026-05-03T12:43:35.771+0000] {logging_mixin.py:151} INFO - [2026-05-03T12:43:35.770+0000] {dagbag.py:539} INFO - Filling up the DagBag from /opt/airflow/dags/retail_pipeline_dag.py
[2026-05-03T12:43:35.784+0000] {processor.py:839} INFO - DAG(s) dict_keys(['retail_pipeline']) retrieved from /opt/airflow/dags/retail_pipeline_dag.py
[2026-05-03T12:43:35.808+0000] {logging_mixin.py:151} INFO - [2026-05-03T12:43:35.808+0000] {dag.py:2915} INFO - Sync 1 DAGs
[2026-05-03T12:43:35.822+0000] {logging_mixin.py:151} INFO - [2026-05-03T12:43:35.822+0000] {dag.py:3696} INFO - Setting next_dagrun for retail_pipeline to 2026-05-03T00:30:00+00:00, run_after=2026-05-04T00:30:00+00:00
[2026-05-03T12:43:35.832+0000] {processor.py:179} INFO - Processing /opt/airflow/dags/retail_pipeline_dag.py took 0.067 seconds
[2026-05-03T12:44:06.119+0000] {processor.py:157} INFO - Started process (PID=4243) to work on /opt/airflow/dags/retail_pipeline_dag.py
[2026-05-03T12:44:06.121+0000] {processor.py:829} INFO - Processing file /opt/airflow/dags/retail_pipeline_dag.py for tasks to queue
[2026-05-03T12:44:06.122+0000] {logging_mixin.py:151} INFO - [2026-05-03T12:44:06.121+0000] {dagbag.py:539} INFO - Filling up the DagBag from /opt/airflow/dags/retail_pipeline_dag.py
[2026-05-03T12:44:06.136+0000] {processor.py:839} INFO - DAG(s) dict_keys(['retail_pipeline']) retrieved from /opt/airflow/dags/retail_pipeline_dag.py
[2026-05-03T12:44:06.161+0000] {logging_mixin.py:151} INFO - [2026-05-03T12:44:06.160+0000] {dag.py:2915} INFO - Sync 1 DAGs
[2026-05-03T12:44:06.172+0000] {logging_mixin.py:151} INFO - [2026-05-03T12:44:06.172+0000] {dag.py:3696} INFO - Setting next_dagrun for retail_pipeline to 2026-05-03T00:30:00+00:00, run_after=2026-05-04T00:30:00+00:00
[2026-05-03T12:44:06.183+0000] {processor.py:179} INFO - Processing /opt/airflow/dags/retail_pipeline_dag.py took 0.069 seconds
[2026-05-03T12:44:36.423+0000] {processor.py:157} INFO - Started process (PID=4253) to work on /opt/airflow/dags/retail_pipeline_dag.py
[2026-05-03T12:44:36.424+0000] {processor.py:829} INFO - Processing file /opt/airflow/dags/retail_pipeline_dag.py for tasks to queue
[2026-05-03T12:44:36.428+0000] {logging_mixin.py:151} INFO - [2026-05-03T12:44:36.428+0000] {dagbag.py:539} INFO - Filling up the DagBag from /opt/airflow/dags/retail_pipeline_dag.py
[2026-05-03T12:44:36.440+0000] {processor.py:839} INFO - DAG(s) dict_keys(['retail_pipeline']) retrieved from /opt/airflow/dags/retail_pipeline_dag.py
[2026-05-03T12:44:36.461+0000] {logging_mixin.py:151} INFO - [2026-05-03T12:44:36.461+0000] {dag.py:2915} INFO - Sync 1 DAGs
[2026-05-03T12:44:36.472+0000] {logging_mixin.py:151} INFO - [2026-05-03T12:44:36.472+0000] {dag.py:3696} INFO - Setting next_dagrun for retail_pipeline to 2026-05-03T00:30:00+00:00, run_after=2026-05-04T00:30:00+00:00
[2026-05-03T12:44:36.482+0000] {processor.py:179} INFO - Processing /opt/airflow/dags/retail_pipeline_dag.py took 0.062 seconds
[2026-05-03T12:45:06.736+0000] {processor.py:157} INFO - Started process (PID=4263) to work on /opt/airflow/dags/retail_pipeline_dag.py
[2026-05-03T12:45:06.737+0000] {processor.py:829} INFO - Processing file /opt/airflow/dags/retail_pipeline_dag.py for tasks to queue
[2026-05-03T12:45:06.738+0000] {logging_mixin.py:151} INFO - [2026-05-03T12:45:06.738+0000] {dagbag.py:539} INFO - Filling up the DagBag from /opt/airflow/dags/retail_pipeline_dag.py
[2026-05-03T12:45:06.752+0000] {processor.py:839} INFO - DAG(s) dict_keys(['retail_pipeline']) retrieved from /opt/airflow/dags/retail_pipeline_dag.py
[2026-05-03T12:45:06.775+0000] {logging_mixin.py:151} INFO - [2026-05-03T12:45:06.775+0000] {dag.py:2915} INFO - Sync 1 DAGs
[2026-05-03T12:45:06.790+0000] {logging_mixin.py:151} INFO - [2026-05-03T12:45:06.790+0000] {dag.py:3696} INFO - Setting next_dagrun for retail_pipeline to 2026-05-03T00:30:00+00:00, run_after=2026-05-04T00:30:00+00:00
[2026-05-03T12:45:06.799+0000] {processor.py:179} INFO - Processing /opt/airflow/dags/retail_pipeline_dag.py took 0.066 seconds
[2026-05-03T12:45:37.041+0000] {processor.py:157} INFO - Started process (PID=4273) to work on /opt/airflow/dags/retail_pipeline_dag.py
[2026-05-03T12:45:37.042+0000] {processor.py:829} INFO - Processing file /opt/airflow/dags/retail_pipeline_dag.py for tasks to queue
[2026-05-03T12:45:37.043+0000] {logging_mixin.py:151} INFO - [2026-05-03T12:45:37.043+0000] {dagbag.py:539} INFO - Filling up the DagBag from /opt/airflow/dags/retail_pipeline_dag.py
[2026-05-03T12:45:37.056+0000] {processor.py:839} INFO - DAG(s) dict_keys(['retail_pipeline']) retrieved from /opt/airflow/dags/retail_pipeline_dag.py
[2026-05-03T12:45:37.077+0000] {logging_mixin.py:151} INFO - [2026-05-03T12:45:37.077+0000] {dag.py:2915} INFO - Sync 1 DAGs
[2026-05-03T12:45:37.093+0000] {logging_mixin.py:151} INFO - [2026-05-03T12:45:37.093+0000] {dag.py:3696} INFO - Setting next_dagrun for retail_pipeline to 2026-05-03T00:30:00+00:00, run_after=2026-05-04T00:30:00+00:00
[2026-05-03T12:45:37.102+0000] {processor.py:179} INFO - Processing /opt/airflow/dags/retail_pipeline_dag.py took 0.066 seconds
[2026-05-03T12:46:07.361+0000] {processor.py:157} INFO - Started process (PID=4283) to work on /opt/airflow/dags/retail_pipeline_dag.py
[2026-05-03T12:46:07.362+0000] {processor.py:829} INFO - Processing file /opt/airflow/dags/retail_pipeline_dag.py for tasks to queue
[2026-05-03T12:46:07.365+0000] {logging_mixin.py:151} INFO - [2026-05-03T12:46:07.364+0000] {dagbag.py:539} INFO - Filling up the DagBag from /opt/airflow/dags/retail_pipeline_dag.py
[2026-05-03T12:46:07.378+0000] {processor.py:839} INFO - DAG(s) dict_keys(['retail_pipeline']) retrieved from /opt/airflow/dags/retail_pipeline_dag.py
[2026-05-03T12:46:07.398+0000] {logging_mixin.py:151} INFO - [2026-05-03T12:46:07.398+0000] {dag.py:2915} INFO - Sync 1 DAGs
[2026-05-03T12:46:07.413+0000] {logging_mixin.py:151} INFO - [2026-05-03T12:46:07.413+0000] {dag.py:3696} INFO - Setting next_dagrun for retail_pipeline to 2026-05-03T00:30:00+00:00, run_after=2026-05-04T00:30:00+00:00
[2026-05-03T12:46:07.422+0000] {processor.py:179} INFO - Processing /opt/airflow/dags/retail_pipeline_dag.py took 0.065 seconds
[2026-05-03T12:46:37.734+0000] {processor.py:157} INFO - Started process (PID=4293) to work on /opt/airflow/dags/retail_pipeline_dag.py
[2026-05-03T12:46:37.735+0000] {processor.py:829} INFO - Processing file /opt/airflow/dags/retail_pipeline_dag.py for tasks to queue
[2026-05-03T12:46:37.736+0000] {logging_mixin.py:151} INFO - [2026-05-03T12:46:37.736+0000] {dagbag.py:539} INFO - Filling up the DagBag from /opt/airflow/dags/retail_pipeline_dag.py
[2026-05-03T12:46:37.761+0000] {processor.py:839} INFO - DAG(s) dict_keys(['retail_pipeline']) retrieved from /opt/airflow/dags/retail_pipeline_dag.py
[2026-05-03T12:46:37.791+0000] {logging_mixin.py:151} INFO - [2026-05-03T12:46:37.791+0000] {dag.py:2915} INFO - Sync 1 DAGs
[2026-05-03T12:46:37.809+0000] {logging_mixin.py:151} INFO - [2026-05-03T12:46:37.808+0000] {dag.py:3696} INFO - Setting next_dagrun for retail_pipeline to 2026-05-03T00:30:00+00:00, run_after=2026-05-04T00:30:00+00:00
[2026-05-03T12:46:37.821+0000] {processor.py:179} INFO - Processing /opt/airflow/dags/retail_pipeline_dag.py took 0.092 seconds
[2026-05-03T12:47:07.977+0000] {processor.py:157} INFO - Started process (PID=4303) to work on /opt/airflow/dags/retail_pipeline_dag.py
[2026-05-03T12:47:07.978+0000] {processor.py:829} INFO - Processing file /opt/airflow/dags/retail_pipeline_dag.py for tasks to queue
[2026-05-03T12:47:07.979+0000] {logging_mixin.py:151} INFO - [2026-05-03T12:47:07.979+0000] {dagbag.py:539} INFO - Filling up the DagBag from /opt/airflow/dags/retail_pipeline_dag.py
[2026-05-03T12:47:07.995+0000] {processor.py:839} INFO - DAG(s) dict_keys(['retail_pipeline']) retrieved from /opt/airflow/dags/retail_pipeline_dag.py
[2026-05-03T12:47:08.019+0000] {logging_mixin.py:151} INFO - [2026-05-03T12:47:08.019+0000] {dag.py:2915} INFO - Sync 1 DAGs
[2026-05-03T12:47:08.043+0000] {logging_mixin.py:151} INFO - [2026-05-03T12:47:08.043+0000] {dag.py:3696} INFO - Setting next_dagrun for retail_pipeline to 2026-05-03T00:30:00+00:00, run_after=2026-05-04T00:30:00+00:00
[2026-05-03T12:47:08.053+0000] {processor.py:179} INFO - Processing /opt/airflow/dags/retail_pipeline_dag.py took 0.080 seconds
[2026-05-03T12:47:38.335+0000] {processor.py:157} INFO - Started process (PID=4313) to work on /opt/airflow/dags/retail_pipeline_dag.py
[2026-05-03T12:47:38.335+0000] {processor.py:829} INFO - Processing file /opt/airflow/dags/retail_pipeline_dag.py for tasks to queue
[2026-05-03T12:47:38.336+0000] {logging_mixin.py:151} INFO - [2026-05-03T12:47:38.336+0000] {dagbag.py:539} INFO - Filling up the DagBag from /opt/airflow/dags/retail_pipeline_dag.py
[2026-05-03T12:47:38.351+0000] {processor.py:839} INFO - DAG(s) dict_keys(['retail_pipeline']) retrieved from /opt/airflow/dags/retail_pipeline_dag.py
[2026-05-03T12:47:38.374+0000] {logging_mixin.py:151} INFO - [2026-05-03T12:47:38.374+0000] {dag.py:2915} INFO - Sync 1 DAGs
[2026-05-03T12:47:38.390+0000] {logging_mixin.py:151} INFO - [2026-05-03T12:47:38.390+0000] {dag.py:3696} INFO - Setting next_dagrun for retail_pipeline to 2026-05-03T00:30:00+00:00, run_after=2026-05-04T00:30:00+00:00
[2026-05-03T12:47:38.405+0000] {processor.py:179} INFO - Processing /opt/airflow/dags/retail_pipeline_dag.py took 0.074 seconds
[2026-05-03T12:48:08.657+0000] {processor.py:157} INFO - Started process (PID=4323) to work on /opt/airflow/dags/retail_pipeline_dag.py
[2026-05-03T12:48:08.658+0000] {processor.py:829} INFO - Processing file /opt/airflow/dags/retail_pipeline_dag.py for tasks to queue
[2026-05-03T12:48:08.659+0000] {logging_mixin.py:151} INFO - [2026-05-03T12:48:08.659+0000] {dagbag.py:539} INFO - Filling up the DagBag from /opt/airflow/dags/retail_pipeline_dag.py
[2026-05-03T12:48:08.669+0000] {processor.py:839} INFO - DAG(s) dict_keys(['retail_pipeline']) retrieved from /opt/airflow/dags/retail_pipeline_dag.py
[2026-05-03T12:48:08.693+0000] {logging_mixin.py:151} INFO - [2026-05-03T12:48:08.693+0000] {dag.py:2915} INFO - Sync 1 DAGs
[2026-05-03T12:48:08.709+0000] {logging_mixin.py:151} INFO - [2026-05-03T12:48:08.709+0000] {dag.py:3696} INFO - Setting next_dagrun for retail_pipeline to 2026-05-03T00:30:00+00:00, run_after=2026-05-04T00:30:00+00:00
[2026-05-03T12:48:08.721+0000] {processor.py:179} INFO - Processing /opt/airflow/dags/retail_pipeline_dag.py took 0.069 seconds
[2026-05-03T12:48:38.910+0000] {processor.py:157} INFO - Started process (PID=4333) to work on /opt/airflow/dags/retail_pipeline_dag.py
[2026-05-03T12:48:38.911+0000] {processor.py:829} INFO - Processing file /opt/airflow/dags/retail_pipeline_dag.py for tasks to queue
[2026-05-03T12:48:38.912+0000] {logging_mixin.py:151} INFO - [2026-05-03T12:48:38.911+0000] {dagbag.py:539} INFO - Filling up the DagBag from /opt/airflow/dags/retail_pipeline_dag.py
[2026-05-03T12:48:38.926+0000] {processor.py:839} INFO - DAG(s) dict_keys(['retail_pipeline']) retrieved from /opt/airflow/dags/retail_pipeline_dag.py
[2026-05-03T12:48:38.949+0000] {logging_mixin.py:151} INFO - [2026-05-03T12:48:38.949+0000] {dag.py:2915} INFO - Sync 1 DAGs
[2026-05-03T12:48:38.963+0000] {logging_mixin.py:151} INFO - [2026-05-03T12:48:38.963+0000] {dag.py:3696} INFO - Setting next_dagrun for retail_pipeline to 2026-05-03T00:30:00+00:00, run_after=2026-05-04T00:30:00+00:00
[2026-05-03T12:48:38.975+0000] {processor.py:179} INFO - Processing /opt/airflow/dags/retail_pipeline_dag.py took 0.068 seconds
[2026-05-03T12:49:09.231+0000] {processor.py:157} INFO - Started process (PID=4343) to work on /opt/airflow/dags/retail_pipeline_dag.py
[2026-05-03T12:49:09.233+0000] {processor.py:829} INFO - Processing file /opt/airflow/dags/retail_pipeline_dag.py for tasks to queue
[2026-05-03T12:49:09.235+0000] {logging_mixin.py:151} INFO - [2026-05-03T12:49:09.235+0000] {dagbag.py:539} INFO - Filling up the DagBag from /opt/airflow/dags/retail_pipeline_dag.py
[2026-05-03T12:49:09.247+0000] {processor.py:839} INFO - DAG(s) dict_keys(['retail_pipeline']) retrieved from /opt/airflow/dags/retail_pipeline_dag.py
[2026-05-03T12:49:09.264+0000] {logging_mixin.py:151} INFO - [2026-05-03T12:49:09.264+0000] {dag.py:2915} INFO - Sync 1 DAGs
[2026-05-03T12:49:09.276+0000] {logging_mixin.py:151} INFO - [2026-05-03T12:49:09.276+0000] {dag.py:3696} INFO - Setting next_dagrun for retail_pipeline to 2026-05-03T00:30:00+00:00, run_after=2026-05-04T00:30:00+00:00
[2026-05-03T12:49:09.286+0000] {processor.py:179} INFO - Processing /opt/airflow/dags/retail_pipeline_dag.py took 0.058 seconds
[2026-05-03T12:49:39.567+0000] {processor.py:157} INFO - Started process (PID=4353) to work on /opt/airflow/dags/retail_pipeline_dag.py
[2026-05-03T12:49:39.570+0000] {processor.py:829} INFO - Processing file /opt/airflow/dags/retail_pipeline_dag.py for tasks to queue
[2026-05-03T12:49:39.573+0000] {logging_mixin.py:151} INFO - [2026-05-03T12:49:39.572+0000] {dagbag.py:539} INFO - Filling up the DagBag from /opt/airflow/dags/retail_pipeline_dag.py
[2026-05-03T12:49:39.593+0000] {processor.py:839} INFO - DAG(s) dict_keys(['retail_pipeline']) retrieved from /opt/airflow/dags/retail_pipeline_dag.py
[2026-05-03T12:49:39.625+0000] {logging_mixin.py:151} INFO - [2026-05-03T12:49:39.625+0000] {dag.py:2915} INFO - Sync 1 DAGs
[2026-05-03T12:49:39.645+0000] {logging_mixin.py:151} INFO - [2026-05-03T12:49:39.645+0000] {dag.py:3696} INFO - Setting next_dagrun for retail_pipeline to 2026-05-03T00:30:00+00:00, run_after=2026-05-04T00:30:00+00:00
[2026-05-03T12:49:39.659+0000] {processor.py:179} INFO - Processing /opt/airflow/dags/retail_pipeline_dag.py took 0.096 seconds
[2026-05-03T12:50:09.922+0000] {processor.py:157} INFO - Started process (PID=4363) to work on /opt/airflow/dags/retail_pipeline_dag.py
[2026-05-03T12:50:09.923+0000] {processor.py:829} INFO - Processing file /opt/airflow/dags/retail_pipeline_dag.py for tasks to queue
[2026-05-03T12:50:09.925+0000] {logging_mixin.py:151} INFO - [2026-05-03T12:50:09.925+0000] {dagbag.py:539} INFO - Filling up the DagBag from /opt/airflow/dags/retail_pipeline_dag.py
[2026-05-03T12:50:09.938+0000] {processor.py:839} INFO - DAG(s) dict_keys(['retail_pipeline']) retrieved from /opt/airflow/dags/retail_pipeline_dag.py
[2026-05-03T12:50:09.960+0000] {logging_mixin.py:151} INFO - [2026-05-03T12:50:09.960+0000] {dag.py:2915} INFO - Sync 1 DAGs
[2026-05-03T12:50:09.969+0000] {logging_mixin.py:151} INFO - [2026-05-03T12:50:09.969+0000] {dag.py:3696} INFO - Setting next_dagrun for retail_pipeline to 2026-05-03T00:30:00+00:00, run_after=2026-05-04T00:30:00+00:00
[2026-05-03T12:50:09.978+0000] {processor.py:179} INFO - Processing /opt/airflow/dags/retail_pipeline_dag.py took 0.059 seconds
[2026-05-03T12:50:40.212+0000] {processor.py:157} INFO - Started process (PID=4373) to work on /opt/airflow/dags/retail_pipeline_dag.py
[2026-05-03T12:50:40.213+0000] {processor.py:829} INFO - Processing file /opt/airflow/dags/retail_pipeline_dag.py for tasks to queue
[2026-05-03T12:50:40.215+0000] {logging_mixin.py:151} INFO - [2026-05-03T12:50:40.215+0000] {dagbag.py:539} INFO - Filling up the DagBag from /opt/airflow/dags/retail_pipeline_dag.py
[2026-05-03T12:50:40.231+0000] {processor.py:839} INFO - DAG(s) dict_keys(['retail_pipeline']) retrieved from /opt/airflow/dags/retail_pipeline_dag.py
[2026-05-03T12:50:40.254+0000] {logging_mixin.py:151} INFO - [2026-05-03T12:50:40.254+0000] {dag.py:2915} INFO - Sync 1 DAGs
[2026-05-03T12:50:40.269+0000] {logging_mixin.py:151} INFO - [2026-05-03T12:50:40.268+0000] {dag.py:3696} INFO - Setting next_dagrun for retail_pipeline to 2026-05-03T00:30:00+00:00, run_after=2026-05-04T00:30:00+00:00
[2026-05-03T12:50:40.280+0000] {processor.py:179} INFO - Processing /opt/airflow/dags/retail_pipeline_dag.py took 0.072 seconds
[2026-05-03T12:51:10.564+0000] {processor.py:157} INFO - Started process (PID=4382) to work on /opt/airflow/dags/retail_pipeline_dag.py
[2026-05-03T12:51:10.567+0000] {processor.py:829} INFO - Processing file /opt/airflow/dags/retail_pipeline_dag.py for tasks to queue
[2026-05-03T12:51:10.569+0000] {logging_mixin.py:151} INFO - [2026-05-03T12:51:10.568+0000] {dagbag.py:539} INFO - Filling up the DagBag from /opt/airflow/dags/retail_pipeline_dag.py
[2026-05-03T12:51:10.593+0000] {processor.py:839} INFO - DAG(s) dict_keys(['retail_pipeline']) retrieved from /opt/airflow/dags/retail_pipeline_dag.py
[2026-05-03T12:51:10.627+0000] {logging_mixin.py:151} INFO - [2026-05-03T12:51:10.627+0000] {dag.py:2915} INFO - Sync 1 DAGs
[2026-05-03T12:51:10.643+0000] {logging_mixin.py:151} INFO - [2026-05-03T12:51:10.643+0000] {dag.py:3696} INFO - Setting next_dagrun for retail_pipeline to 2026-05-03T00:30:00+00:00, run_after=2026-05-04T00:30:00+00:00
[2026-05-03T12:51:10.656+0000] {processor.py:179} INFO - Processing /opt/airflow/dags/retail_pipeline_dag.py took 0.098 seconds
[2026-05-03T12:51:40.788+0000] {processor.py:157} INFO - Started process (PID=4393) to work on /opt/airflow/dags/retail_pipeline_dag.py
[2026-05-03T12:51:40.789+0000] {processor.py:829} INFO - Processing file /opt/airflow/dags/retail_pipeline_dag.py for tasks to queue
[2026-05-03T12:51:40.793+0000] {logging_mixin.py:151} INFO - [2026-05-03T12:51:40.793+0000] {dagbag.py:539} INFO - Filling up the DagBag from /opt/airflow/dags/retail_pipeline_dag.py
[2026-05-03T12:51:40.803+0000] {processor.py:839} INFO - DAG(s) dict_keys(['retail_pipeline']) retrieved from /opt/airflow/dags/retail_pipeline_dag.py
[2026-05-03T12:51:40.823+0000] {logging_mixin.py:151} INFO - [2026-05-03T12:51:40.823+0000] {dag.py:2915} INFO - Sync 1 DAGs
[2026-05-03T12:51:40.837+0000] {logging_mixin.py:151} INFO - [2026-05-03T12:51:40.837+0000] {dag.py:3696} INFO - Setting next_dagrun for retail_pipeline to 2026-05-03T00:30:00+00:00, run_after=2026-05-04T00:30:00+00:00
[2026-05-03T12:51:40.846+0000] {processor.py:179} INFO - Processing /opt/airflow/dags/retail_pipeline_dag.py took 0.061 seconds
[2026-05-03T12:52:11.078+0000] {processor.py:157} INFO - Started process (PID=4403) to work on /opt/airflow/dags/retail_pipeline_dag.py
[2026-05-03T12:52:11.079+0000] {processor.py:829} INFO - Processing file /opt/airflow/dags/retail_pipeline_dag.py for tasks to queue
[2026-05-03T12:52:11.081+0000] {logging_mixin.py:151} INFO - [2026-05-03T12:52:11.081+0000] {dagbag.py:539} INFO - Filling up the DagBag from /opt/airflow/dags/retail_pipeline_dag.py
[2026-05-03T12:52:11.098+0000] {processor.py:839} INFO - DAG(s) dict_keys(['retail_pipeline']) retrieved from /opt/airflow/dags/retail_pipeline_dag.py
[2026-05-03T12:52:11.125+0000] {logging_mixin.py:151} INFO - [2026-05-03T12:52:11.125+0000] {dag.py:2915} INFO - Sync 1 DAGs
[2026-05-03T12:52:11.142+0000] {logging_mixin.py:151} INFO - [2026-05-03T12:52:11.142+0000] {dag.py:3696} INFO - Setting next_dagrun for retail_pipeline to 2026-05-03T00:30:00+00:00, run_after=2026-05-04T00:30:00+00:00
[2026-05-03T12:52:11.152+0000] {processor.py:179} INFO - Processing /opt/airflow/dags/retail_pipeline_dag.py took 0.077 seconds
[2026-05-03T12:52:41.419+0000] {processor.py:157} INFO - Started process (PID=4413) to work on /opt/airflow/dags/retail_pipeline_dag.py
[2026-05-03T12:52:41.420+0000] {processor.py:829} INFO - Processing file /opt/airflow/dags/retail_pipeline_dag.py for tasks to queue
[2026-05-03T12:52:41.421+0000] {logging_mixin.py:151} INFO - [2026-05-03T12:52:41.421+0000] {dagbag.py:539} INFO - Filling up the DagBag from /opt/airflow/dags/retail_pipeline_dag.py
[2026-05-03T12:52:41.441+0000] {processor.py:839} INFO - DAG(s) dict_keys(['retail_pipeline']) retrieved from /opt/airflow/dags/retail_pipeline_dag.py
[2026-05-03T12:52:41.478+0000] {logging_mixin.py:151} INFO - [2026-05-03T12:52:41.478+0000] {dag.py:2915} INFO - Sync 1 DAGs
[2026-05-03T12:52:41.492+0000] {logging_mixin.py:151} INFO - [2026-05-03T12:52:41.492+0000] {dag.py:3696} INFO - Setting next_dagrun for retail_pipeline to 2026-05-03T00:30:00+00:00, run_after=2026-05-04T00:30:00+00:00
[2026-05-03T12:52:41.503+0000] {processor.py:179} INFO - Processing /opt/airflow/dags/retail_pipeline_dag.py took 0.089 seconds
[2026-05-03T12:53:11.737+0000] {processor.py:157} INFO - Started process (PID=4423) to work on /opt/airflow/dags/retail_pipeline_dag.py
[2026-05-03T12:53:11.738+0000] {processor.py:829} INFO - Processing file /opt/airflow/dags/retail_pipeline_dag.py for tasks to queue
[2026-05-03T12:53:11.740+0000] {logging_mixin.py:151} INFO - [2026-05-03T12:53:11.740+0000] {dagbag.py:539} INFO - Filling up the DagBag from /opt/airflow/dags/retail_pipeline_dag.py
[2026-05-03T12:53:11.753+0000] {processor.py:839} INFO - DAG(s) dict_keys(['retail_pipeline']) retrieved from /opt/airflow/dags/retail_pipeline_dag.py
[2026-05-03T12:53:11.774+0000] {logging_mixin.py:151} INFO - [2026-05-03T12:53:11.773+0000] {dag.py:2915} INFO - Sync 1 DAGs
[2026-05-03T12:53:11.786+0000] {logging_mixin.py:151} INFO - [2026-05-03T12:53:11.786+0000] {dag.py:3696} INFO - Setting next_dagrun for retail_pipeline to 2026-05-03T00:30:00+00:00, run_after=2026-05-04T00:30:00+00:00
[2026-05-03T12:53:11.797+0000] {processor.py:179} INFO - Processing /opt/airflow/dags/retail_pipeline_dag.py took 0.064 seconds
[2026-05-03T12:53:42.032+0000] {processor.py:157} INFO - Started process (PID=4433) to work on /opt/airflow/dags/retail_pipeline_dag.py
[2026-05-03T12:53:42.033+0000] {processor.py:829} INFO - Processing file /opt/airflow/dags/retail_pipeline_dag.py for tasks to queue
[2026-05-03T12:53:42.034+0000] {logging_mixin.py:151} INFO - [2026-05-03T12:53:42.034+0000] {dagbag.py:539} INFO - Filling up the DagBag from /opt/airflow/dags/retail_pipeline_dag.py
[2026-05-03T12:53:42.051+0000] {processor.py:839} INFO - DAG(s) dict_keys(['retail_pipeline']) retrieved from /opt/airflow/dags/retail_pipeline_dag.py
[2026-05-03T12:53:42.075+0000] {logging_mixin.py:151} INFO - [2026-05-03T12:53:42.075+0000] {dag.py:2915} INFO - Sync 1 DAGs
[2026-05-03T12:53:42.087+0000] {logging_mixin.py:151} INFO - [2026-05-03T12:53:42.087+0000] {dag.py:3696} INFO - Setting next_dagrun for retail_pipeline to 2026-05-03T00:30:00+00:00, run_after=2026-05-04T00:30:00+00:00
[2026-05-03T12:53:42.097+0000] {processor.py:179} INFO - Processing /opt/airflow/dags/retail_pipeline_dag.py took 0.070 seconds
[2026-05-03T12:54:12.309+0000] {processor.py:157} INFO - Started process (PID=4443) to work on /opt/airflow/dags/retail_pipeline_dag.py
[2026-05-03T12:54:12.313+0000] {processor.py:829} INFO - Processing file /opt/airflow/dags/retail_pipeline_dag.py for tasks to queue
[2026-05-03T12:54:12.313+0000] {logging_mixin.py:151} INFO - [2026-05-03T12:54:12.313+0000] {dagbag.py:539} INFO - Filling up the DagBag from /opt/airflow/dags/retail_pipeline_dag.py
[2026-05-03T12:54:12.322+0000] {processor.py:839} INFO - DAG(s) dict_keys(['retail_pipeline']) retrieved from /opt/airflow/dags/retail_pipeline_dag.py
[2026-05-03T12:54:12.340+0000] {logging_mixin.py:151} INFO - [2026-05-03T12:54:12.340+0000] {dag.py:2915} INFO - Sync 1 DAGs
[2026-05-03T12:54:12.353+0000] {logging_mixin.py:151} INFO - [2026-05-03T12:54:12.353+0000] {dag.py:3696} INFO - Setting next_dagrun for retail_pipeline to 2026-05-03T00:30:00+00:00, run_after=2026-05-04T00:30:00+00:00
[2026-05-03T12:54:12.365+0000] {processor.py:179} INFO - Processing /opt/airflow/dags/retail_pipeline_dag.py took 0.059 seconds
[2026-05-03T12:54:42.643+0000] {processor.py:157} INFO - Started process (PID=4453) to work on /opt/airflow/dags/retail_pipeline_dag.py
[2026-05-03T12:54:42.645+0000] {processor.py:829} INFO - Processing file /opt/airflow/dags/retail_pipeline_dag.py for tasks to queue
[2026-05-03T12:54:42.648+0000] {logging_mixin.py:151} INFO - [2026-05-03T12:54:42.647+0000] {dagbag.py:539} INFO - Filling up the DagBag from /opt/airflow/dags/retail_pipeline_dag.py
[2026-05-03T12:54:42.669+0000] {processor.py:839} INFO - DAG(s) dict_keys(['retail_pipeline']) retrieved from /opt/airflow/dags/retail_pipeline_dag.py
[2026-05-03T12:54:42.712+0000] {logging_mixin.py:151} INFO - [2026-05-03T12:54:42.712+0000] {dag.py:2915} INFO - Sync 1 DAGs
[2026-05-03T12:54:42.735+0000] {logging_mixin.py:151} INFO - [2026-05-03T12:54:42.735+0000] {dag.py:3696} INFO - Setting next_dagrun for retail_pipeline to 2026-05-03T00:30:00+00:00, run_after=2026-05-04T00:30:00+00:00
[2026-05-03T12:54:42.749+0000] {processor.py:179} INFO - Processing /opt/airflow/dags/retail_pipeline_dag.py took 0.109 seconds
[2026-05-03T12:55:12.998+0000] {processor.py:157} INFO - Started process (PID=4463) to work on /opt/airflow/dags/retail_pipeline_dag.py
[2026-05-03T12:55:12.999+0000] {processor.py:829} INFO - Processing file /opt/airflow/dags/retail_pipeline_dag.py for tasks to queue
[2026-05-03T12:55:13.001+0000] {logging_mixin.py:151} INFO - [2026-05-03T12:55:13.001+0000] {dagbag.py:539} INFO - Filling up the DagBag from /opt/airflow/dags/retail_pipeline_dag.py
[2026-05-03T12:55:13.011+0000] {processor.py:839} INFO - DAG(s) dict_keys(['retail_pipeline']) retrieved from /opt/airflow/dags/retail_pipeline_dag.py
[2026-05-03T12:55:13.034+0000] {logging_mixin.py:151} INFO - [2026-05-03T12:55:13.034+0000] {dag.py:2915} INFO - Sync 1 DAGs
[2026-05-03T12:55:13.044+0000] {logging_mixin.py:151} INFO - [2026-05-03T12:55:13.044+0000] {dag.py:3696} INFO - Setting next_dagrun for retail_pipeline to 2026-05-03T00:30:00+00:00, run_after=2026-05-04T00:30:00+00:00
[2026-05-03T12:55:13.052+0000] {processor.py:179} INFO - Processing /opt/airflow/dags/retail_pipeline_dag.py took 0.056 seconds
[2026-05-03T12:55:43.292+0000] {processor.py:157} INFO - Started process (PID=4473) to work on /opt/airflow/dags/retail_pipeline_dag.py
[2026-05-03T12:55:43.293+0000] {processor.py:829} INFO - Processing file /opt/airflow/dags/retail_pipeline_dag.py for tasks to queue
[2026-05-03T12:55:43.296+0000] {logging_mixin.py:151} INFO - [2026-05-03T12:55:43.296+0000] {dagbag.py:539} INFO - Filling up the DagBag from /opt/airflow/dags/retail_pipeline_dag.py
[2026-05-03T12:55:43.304+0000] {processor.py:839} INFO - DAG(s) dict_keys(['retail_pipeline']) retrieved from /opt/airflow/dags/retail_pipeline_dag.py
[2026-05-03T12:55:43.326+0000] {logging_mixin.py:151} INFO - [2026-05-03T12:55:43.326+0000] {dag.py:2915} INFO - Sync 1 DAGs
[2026-05-03T12:55:43.337+0000] {logging_mixin.py:151} INFO - [2026-05-03T12:55:43.337+0000] {dag.py:3696} INFO - Setting next_dagrun for retail_pipeline to 2026-05-03T00:30:00+00:00, run_after=2026-05-04T00:30:00+00:00
[2026-05-03T12:55:43.347+0000] {processor.py:179} INFO - Processing /opt/airflow/dags/retail_pipeline_dag.py took 0.058 seconds
[2026-05-03T12:56:13.524+0000] {processor.py:157} INFO - Started process (PID=4483) to work on /opt/airflow/dags/retail_pipeline_dag.py
[2026-05-03T12:56:13.525+0000] {processor.py:829} INFO - Processing file /opt/airflow/dags/retail_pipeline_dag.py for tasks to queue
[2026-05-03T12:56:13.526+0000] {logging_mixin.py:151} INFO - [2026-05-03T12:56:13.526+0000] {dagbag.py:539} INFO - Filling up the DagBag from /opt/airflow/dags/retail_pipeline_dag.py
[2026-05-03T12:56:13.545+0000] {processor.py:839} INFO - DAG(s) dict_keys(['retail_pipeline']) retrieved from /opt/airflow/dags/retail_pipeline_dag.py
[2026-05-03T12:56:13.570+0000] {logging_mixin.py:151} INFO - [2026-05-03T12:56:13.570+0000] {dag.py:2915} INFO - Sync 1 DAGs
[2026-05-03T12:56:13.584+0000] {logging_mixin.py:151} INFO - [2026-05-03T12:56:13.584+0000] {dag.py:3696} INFO - Setting next_dagrun for retail_pipeline to 2026-05-03T00:30:00+00:00, run_after=2026-05-04T00:30:00+00:00
[2026-05-03T12:56:13.596+0000] {processor.py:179} INFO - Processing /opt/airflow/dags/retail_pipeline_dag.py took 0.075 seconds
[2026-05-03T12:56:43.811+0000] {processor.py:157} INFO - Started process (PID=4493) to work on /opt/airflow/dags/retail_pipeline_dag.py
[2026-05-03T12:56:43.813+0000] {processor.py:829} INFO - Processing file /opt/airflow/dags/retail_pipeline_dag.py for tasks to queue
[2026-05-03T12:56:43.816+0000] {logging_mixin.py:151} INFO - [2026-05-03T12:56:43.815+0000] {dagbag.py:539} INFO - Filling up the DagBag from /opt/airflow/dags/retail_pipeline_dag.py
[2026-05-03T12:56:43.826+0000] {processor.py:839} INFO - DAG(s) dict_keys(['retail_pipeline']) retrieved from /opt/airflow/dags/retail_pipeline_dag.py
[2026-05-03T12:56:43.849+0000] {logging_mixin.py:151} INFO - [2026-05-03T12:56:43.849+0000] {dag.py:2915} INFO - Sync 1 DAGs
[2026-05-03T12:56:43.863+0000] {logging_mixin.py:151} INFO - [2026-05-03T12:56:43.863+0000] {dag.py:3696} INFO - Setting next_dagrun for retail_pipeline to 2026-05-03T00:30:00+00:00, run_after=2026-05-04T00:30:00+00:00
[2026-05-03T12:56:43.872+0000] {processor.py:179} INFO - Processing /opt/airflow/dags/retail_pipeline_dag.py took 0.063 seconds
[2026-05-03T12:57:14.114+0000] {processor.py:157} INFO - Started process (PID=4503) to work on /opt/airflow/dags/retail_pipeline_dag.py
[2026-05-03T12:57:14.116+0000] {processor.py:829} INFO - Processing file /opt/airflow/dags/retail_pipeline_dag.py for tasks to queue
[2026-05-03T12:57:14.117+0000] {logging_mixin.py:151} INFO - [2026-05-03T12:57:14.116+0000] {dagbag.py:539} INFO - Filling up the DagBag from /opt/airflow/dags/retail_pipeline_dag.py
[2026-05-03T12:57:14.130+0000] {processor.py:839} INFO - DAG(s) dict_keys(['retail_pipeline']) retrieved from /opt/airflow/dags/retail_pipeline_dag.py
[2026-05-03T12:57:14.151+0000] {logging_mixin.py:151} INFO - [2026-05-03T12:57:14.150+0000] {dag.py:2915} INFO - Sync 1 DAGs
[2026-05-03T12:57:14.163+0000] {logging_mixin.py:151} INFO - [2026-05-03T12:57:14.163+0000] {dag.py:3696} INFO - Setting next_dagrun for retail_pipeline to 2026-05-03T00:30:00+00:00, run_after=2026-05-04T00:30:00+00:00
[2026-05-03T12:57:14.171+0000] {processor.py:179} INFO - Processing /opt/airflow/dags/retail_pipeline_dag.py took 0.059 seconds
[2026-05-03T12:57:44.387+0000] {processor.py:157} INFO - Started process (PID=4513) to work on /opt/airflow/dags/retail_pipeline_dag.py
[2026-05-03T12:57:44.388+0000] {processor.py:829} INFO - Processing file /opt/airflow/dags/retail_pipeline_dag.py for tasks to queue
[2026-05-03T12:57:44.392+0000] {logging_mixin.py:151} INFO - [2026-05-03T12:57:44.392+0000] {dagbag.py:539} INFO - Filling up the DagBag from /opt/airflow/dags/retail_pipeline_dag.py
[2026-05-03T12:57:44.404+0000] {processor.py:839} INFO - DAG(s) dict_keys(['retail_pipeline']) retrieved from /opt/airflow/dags/retail_pipeline_dag.py
[2026-05-03T12:57:44.424+0000] {logging_mixin.py:151} INFO - [2026-05-03T12:57:44.424+0000] {dag.py:2915} INFO - Sync 1 DAGs
[2026-05-03T12:57:44.436+0000] {logging_mixin.py:151} INFO - [2026-05-03T12:57:44.436+0000] {dag.py:3696} INFO - Setting next_dagrun for retail_pipeline to 2026-05-03T00:30:00+00:00, run_after=2026-05-04T00:30:00+00:00
[2026-05-03T12:57:44.445+0000] {processor.py:179} INFO - Processing /opt/airflow/dags/retail_pipeline_dag.py took 0.060 seconds
[2026-05-03T12:58:14.685+0000] {processor.py:157} INFO - Started process (PID=4523) to work on /opt/airflow/dags/retail_pipeline_dag.py
[2026-05-03T12:58:14.686+0000] {processor.py:829} INFO - Processing file /opt/airflow/dags/retail_pipeline_dag.py for tasks to queue
[2026-05-03T12:58:14.687+0000] {logging_mixin.py:151} INFO - [2026-05-03T12:58:14.687+0000] {dagbag.py:539} INFO - Filling up the DagBag from /opt/airflow/dags/retail_pipeline_dag.py
[2026-05-03T12:58:14.701+0000] {processor.py:839} INFO - DAG(s) dict_keys(['retail_pipeline']) retrieved from /opt/airflow/dags/retail_pipeline_dag.py
[2026-05-03T12:58:14.724+0000] {logging_mixin.py:151} INFO - [2026-05-03T12:58:14.724+0000] {dag.py:2915} INFO - Sync 1 DAGs
[2026-05-03T12:58:14.737+0000] {logging_mixin.py:151} INFO - [2026-05-03T12:58:14.737+0000] {dag.py:3696} INFO - Setting next_dagrun for retail_pipeline to 2026-05-03T00:30:00+00:00, run_after=2026-05-04T00:30:00+00:00
[2026-05-03T12:58:14.748+0000] {processor.py:179} INFO - Processing /opt/airflow/dags/retail_pipeline_dag.py took 0.066 seconds
[2026-05-03T12:58:44.940+0000] {processor.py:157} INFO - Started process (PID=4533) to work on /opt/airflow/dags/retail_pipeline_dag.py
[2026-05-03T12:58:44.942+0000] {processor.py:829} INFO - Processing file /opt/airflow/dags/retail_pipeline_dag.py for tasks to queue
[2026-05-03T12:58:44.943+0000] {logging_mixin.py:151} INFO - [2026-05-03T12:58:44.943+0000] {dagbag.py:539} INFO - Filling up the DagBag from /opt/airflow/dags/retail_pipeline_dag.py
[2026-05-03T12:58:44.961+0000] {processor.py:839} INFO - DAG(s) dict_keys(['retail_pipeline']) retrieved from /opt/airflow/dags/retail_pipeline_dag.py
[2026-05-03T12:58:44.984+0000] {logging_mixin.py:151} INFO - [2026-05-03T12:58:44.983+0000] {dag.py:2915} INFO - Sync 1 DAGs
[2026-05-03T12:58:44.998+0000] {logging_mixin.py:151} INFO - [2026-05-03T12:58:44.998+0000] {dag.py:3696} INFO - Setting next_dagrun for retail_pipeline to 2026-05-03T00:30:00+00:00, run_after=2026-05-04T00:30:00+00:00
[2026-05-03T12:58:45.009+0000] {processor.py:179} INFO - Processing /opt/airflow/dags/retail_pipeline_dag.py took 0.080 seconds
[2026-05-03T12:59:15.243+0000] {processor.py:157} INFO - Started process (PID=4543) to work on /opt/airflow/dags/retail_pipeline_dag.py
[2026-05-03T12:59:15.245+0000] {processor.py:829} INFO - Processing file /opt/airflow/dags/retail_pipeline_dag.py for tasks to queue
[2026-05-03T12:59:15.246+0000] {logging_mixin.py:151} INFO - [2026-05-03T12:59:15.246+0000] {dagbag.py:539} INFO - Filling up the DagBag from /opt/airflow/dags/retail_pipeline_dag.py
[2026-05-03T12:59:15.260+0000] {processor.py:839} INFO - DAG(s) dict_keys(['retail_pipeline']) retrieved from /opt/airflow/dags/retail_pipeline_dag.py
[2026-05-03T12:59:15.280+0000] {logging_mixin.py:151} INFO - [2026-05-03T12:59:15.280+0000] {dag.py:2915} INFO - Sync 1 DAGs
[2026-05-03T12:59:15.300+0000] {logging_mixin.py:151} INFO - [2026-05-03T12:59:15.300+0000] {dag.py:3696} INFO - Setting next_dagrun for retail_pipeline to 2026-05-03T00:30:00+00:00, run_after=2026-05-04T00:30:00+00:00
[2026-05-03T12:59:15.310+0000] {processor.py:179} INFO - Processing /opt/airflow/dags/retail_pipeline_dag.py took 0.070 seconds
[2026-05-03T12:59:45.528+0000] {processor.py:157} INFO - Started process (PID=4553) to work on /opt/airflow/dags/retail_pipeline_dag.py
[2026-05-03T12:59:45.529+0000] {processor.py:829} INFO - Processing file /opt/airflow/dags/retail_pipeline_dag.py for tasks to queue
[2026-05-03T12:59:45.531+0000] {logging_mixin.py:151} INFO - [2026-05-03T12:59:45.531+0000] {dagbag.py:539} INFO - Filling up the DagBag from /opt/airflow/dags/retail_pipeline_dag.py
[2026-05-03T12:59:45.547+0000] {processor.py:839} INFO - DAG(s) dict_keys(['retail_pipeline']) retrieved from /opt/airflow/dags/retail_pipeline_dag.py
[2026-05-03T12:59:45.569+0000] {logging_mixin.py:151} INFO - [2026-05-03T12:59:45.569+0000] {dag.py:2915} INFO - Sync 1 DAGs
[2026-05-03T12:59:45.580+0000] {logging_mixin.py:151} INFO - [2026-05-03T12:59:45.580+0000] {dag.py:3696} INFO - Setting next_dagrun for retail_pipeline to 2026-05-03T00:30:00+00:00, run_after=2026-05-04T00:30:00+00:00
[2026-05-03T12:59:45.589+0000] {processor.py:179} INFO - Processing /opt/airflow/dags/retail_pipeline_dag.py took 0.064 seconds
[2026-05-03T13:00:15.821+0000] {processor.py:157} INFO - Started process (PID=4606) to work on /opt/airflow/dags/retail_pipeline_dag.py
[2026-05-03T13:00:15.822+0000] {processor.py:829} INFO - Processing file /opt/airflow/dags/retail_pipeline_dag.py for tasks to queue
[2026-05-03T13:00:15.823+0000] {logging_mixin.py:151} INFO - [2026-05-03T13:00:15.823+0000] {dagbag.py:539} INFO - Filling up the DagBag from /opt/airflow/dags/retail_pipeline_dag.py
[2026-05-03T13:00:15.841+0000] {processor.py:839} INFO - DAG(s) dict_keys(['retail_pipeline']) retrieved from /opt/airflow/dags/retail_pipeline_dag.py
[2026-05-03T13:00:15.872+0000] {logging_mixin.py:151} INFO - [2026-05-03T13:00:15.871+0000] {dag.py:2915} INFO - Sync 1 DAGs
[2026-05-03T13:00:15.890+0000] {logging_mixin.py:151} INFO - [2026-05-03T13:00:15.890+0000] {dag.py:3696} INFO - Setting next_dagrun for retail_pipeline to 2026-05-03T00:30:00+00:00, run_after=2026-05-04T00:30:00+00:00
[2026-05-03T13:00:15.897+0000] {processor.py:179} INFO - Processing /opt/airflow/dags/retail_pipeline_dag.py took 0.081 seconds
[2026-05-03T13:00:45.971+0000] {processor.py:157} INFO - Started process (PID=4640) to work on /opt/airflow/dags/retail_pipeline_dag.py
[2026-05-03T13:00:45.972+0000] {processor.py:829} INFO - Processing file /opt/airflow/dags/retail_pipeline_dag.py for tasks to queue
[2026-05-03T13:00:45.972+0000] {logging_mixin.py:151} INFO - [2026-05-03T13:00:45.972+0000] {dagbag.py:539} INFO - Filling up the DagBag from /opt/airflow/dags/retail_pipeline_dag.py
[2026-05-03T13:00:45.983+0000] {processor.py:839} INFO - DAG(s) dict_keys(['retail_pipeline']) retrieved from /opt/airflow/dags/retail_pipeline_dag.py
[2026-05-03T13:00:46.009+0000] {logging_mixin.py:151} INFO - [2026-05-03T13:00:46.009+0000] {dag.py:2915} INFO - Sync 1 DAGs
[2026-05-03T13:00:46.023+0000] {logging_mixin.py:151} INFO - [2026-05-03T13:00:46.023+0000] {dag.py:3696} INFO - Setting next_dagrun for retail_pipeline to 2026-05-03T00:30:00+00:00, run_after=2026-05-04T00:30:00+00:00
[2026-05-03T13:00:46.030+0000] {processor.py:179} INFO - Processing /opt/airflow/dags/retail_pipeline_dag.py took 0.060 seconds
[2026-05-03T13:01:16.198+0000] {processor.py:157} INFO - Started process (PID=4663) to work on /opt/airflow/dags/retail_pipeline_dag.py
[2026-05-03T13:01:16.200+0000] {processor.py:829} INFO - Processing file /opt/airflow/dags/retail_pipeline_dag.py for tasks to queue
[2026-05-03T13:01:16.201+0000] {logging_mixin.py:151} INFO - [2026-05-03T13:01:16.201+0000] {dagbag.py:539} INFO - Filling up the DagBag from /opt/airflow/dags/retail_pipeline_dag.py
[2026-05-03T13:01:16.218+0000] {processor.py:839} INFO - DAG(s) dict_keys(['retail_pipeline']) retrieved from /opt/airflow/dags/retail_pipeline_dag.py
[2026-05-03T13:01:16.239+0000] {logging_mixin.py:151} INFO - [2026-05-03T13:01:16.239+0000] {dag.py:2915} INFO - Sync 1 DAGs
[2026-05-03T13:01:16.251+0000] {logging_mixin.py:151} INFO - [2026-05-03T13:01:16.251+0000] {dag.py:3696} INFO - Setting next_dagrun for retail_pipeline to 2026-05-03T00:30:00+00:00, run_after=2026-05-04T00:30:00+00:00
[2026-05-03T13:01:16.261+0000] {processor.py:179} INFO - Processing /opt/airflow/dags/retail_pipeline_dag.py took 0.066 seconds
[2026-05-03T13:01:46.506+0000] {processor.py:157} INFO - Started process (PID=4673) to work on /opt/airflow/dags/retail_pipeline_dag.py
[2026-05-03T13:01:46.508+0000] {processor.py:829} INFO - Processing file /opt/airflow/dags/retail_pipeline_dag.py for tasks to queue
[2026-05-03T13:01:46.509+0000] {logging_mixin.py:151} INFO - [2026-05-03T13:01:46.509+0000] {dagbag.py:539} INFO - Filling up the DagBag from /opt/airflow/dags/retail_pipeline_dag.py
[2026-05-03T13:01:46.523+0000] {processor.py:839} INFO - DAG(s) dict_keys(['retail_pipeline']) retrieved from /opt/airflow/dags/retail_pipeline_dag.py
[2026-05-03T13:01:46.545+0000] {logging_mixin.py:151} INFO - [2026-05-03T13:01:46.545+0000] {dag.py:2915} INFO - Sync 1 DAGs
[2026-05-03T13:01:46.558+0000] {logging_mixin.py:151} INFO - [2026-05-03T13:01:46.558+0000] {dag.py:3696} INFO - Setting next_dagrun for retail_pipeline to 2026-05-03T00:30:00+00:00, run_after=2026-05-04T00:30:00+00:00
[2026-05-03T13:01:46.568+0000] {processor.py:179} INFO - Processing /opt/airflow/dags/retail_pipeline_dag.py took 0.066 seconds
[2026-05-03T13:02:16.791+0000] {processor.py:157} INFO - Started process (PID=4683) to work on /opt/airflow/dags/retail_pipeline_dag.py
[2026-05-03T13:02:16.793+0000] {processor.py:829} INFO - Processing file /opt/airflow/dags/retail_pipeline_dag.py for tasks to queue
[2026-05-03T13:02:16.797+0000] {logging_mixin.py:151} INFO - [2026-05-03T13:02:16.797+0000] {dagbag.py:539} INFO - Filling up the DagBag from /opt/airflow/dags/retail_pipeline_dag.py
[2026-05-03T13:02:16.807+0000] {processor.py:839} INFO - DAG(s) dict_keys(['retail_pipeline']) retrieved from /opt/airflow/dags/retail_pipeline_dag.py
[2026-05-03T13:02:16.828+0000] {logging_mixin.py:151} INFO - [2026-05-03T13:02:16.827+0000] {dag.py:2915} INFO - Sync 1 DAGs
[2026-05-03T13:02:16.842+0000] {logging_mixin.py:151} INFO - [2026-05-03T13:02:16.842+0000] {dag.py:3696} INFO - Setting next_dagrun for retail_pipeline to 2026-05-03T00:30:00+00:00, run_after=2026-05-04T00:30:00+00:00
[2026-05-03T13:02:16.855+0000] {processor.py:179} INFO - Processing /opt/airflow/dags/retail_pipeline_dag.py took 0.067 seconds
[2026-05-03T13:02:47.019+0000] {processor.py:157} INFO - Started process (PID=4693) to work on /opt/airflow/dags/retail_pipeline_dag.py
[2026-05-03T13:02:47.020+0000] {processor.py:829} INFO - Processing file /opt/airflow/dags/retail_pipeline_dag.py for tasks to queue
[2026-05-03T13:02:47.020+0000] {logging_mixin.py:151} INFO - [2026-05-03T13:02:47.020+0000] {dagbag.py:539} INFO - Filling up the DagBag from /opt/airflow/dags/retail_pipeline_dag.py
[2026-05-03T13:02:47.034+0000] {processor.py:839} INFO - DAG(s) dict_keys(['retail_pipeline']) retrieved from /opt/airflow/dags/retail_pipeline_dag.py
[2026-05-03T13:02:47.058+0000] {logging_mixin.py:151} INFO - [2026-05-03T13:02:47.058+0000] {dag.py:2915} INFO - Sync 1 DAGs
[2026-05-03T13:02:47.071+0000] {logging_mixin.py:151} INFO - [2026-05-03T13:02:47.070+0000] {dag.py:3696} INFO - Setting next_dagrun for retail_pipeline to 2026-05-03T00:30:00+00:00, run_after=2026-05-04T00:30:00+00:00
[2026-05-03T13:02:47.082+0000] {processor.py:179} INFO - Processing /opt/airflow/dags/retail_pipeline_dag.py took 0.066 seconds
[2026-05-03T13:03:17.348+0000] {processor.py:157} INFO - Started process (PID=4703) to work on /opt/airflow/dags/retail_pipeline_dag.py
[2026-05-03T13:03:17.349+0000] {processor.py:829} INFO - Processing file /opt/airflow/dags/retail_pipeline_dag.py for tasks to queue
[2026-05-03T13:03:17.351+0000] {logging_mixin.py:151} INFO - [2026-05-03T13:03:17.350+0000] {dagbag.py:539} INFO - Filling up the DagBag from /opt/airflow/dags/retail_pipeline_dag.py
[2026-05-03T13:03:17.364+0000] {processor.py:839} INFO - DAG(s) dict_keys(['retail_pipeline']) retrieved from /opt/airflow/dags/retail_pipeline_dag.py
[2026-05-03T13:03:17.385+0000] {logging_mixin.py:151} INFO - [2026-05-03T13:03:17.385+0000] {dag.py:2915} INFO - Sync 1 DAGs
[2026-05-03T13:03:17.397+0000] {logging_mixin.py:151} INFO - [2026-05-03T13:03:17.397+0000] {dag.py:3696} INFO - Setting next_dagrun for retail_pipeline to 2026-05-03T00:30:00+00:00, run_after=2026-05-04T00:30:00+00:00
[2026-05-03T13:03:17.406+0000] {processor.py:179} INFO - Processing /opt/airflow/dags/retail_pipeline_dag.py took 0.061 seconds
[2026-05-03T13:03:47.679+0000] {processor.py:157} INFO - Started process (PID=4713) to work on /opt/airflow/dags/retail_pipeline_dag.py
[2026-05-03T13:03:47.680+0000] {processor.py:829} INFO - Processing file /opt/airflow/dags/retail_pipeline_dag.py for tasks to queue
[2026-05-03T13:03:47.682+0000] {logging_mixin.py:151} INFO - [2026-05-03T13:03:47.682+0000] {dagbag.py:539} INFO - Filling up the DagBag from /opt/airflow/dags/retail_pipeline_dag.py
[2026-05-03T13:03:47.692+0000] {processor.py:839} INFO - DAG(s) dict_keys(['retail_pipeline']) retrieved from /opt/airflow/dags/retail_pipeline_dag.py
[2026-05-03T13:03:47.713+0000] {logging_mixin.py:151} INFO - [2026-05-03T13:03:47.713+0000] {dag.py:2915} INFO - Sync 1 DAGs
[2026-05-03T13:03:47.725+0000] {logging_mixin.py:151} INFO - [2026-05-03T13:03:47.725+0000] {dag.py:3696} INFO - Setting next_dagrun for retail_pipeline to 2026-05-03T00:30:00+00:00, run_after=2026-05-04T00:30:00+00:00
[2026-05-03T13:03:47.736+0000] {processor.py:179} INFO - Processing /opt/airflow/dags/retail_pipeline_dag.py took 0.061 seconds
[2026-05-03T13:04:17.985+0000] {processor.py:157} INFO - Started process (PID=4723) to work on /opt/airflow/dags/retail_pipeline_dag.py
[2026-05-03T13:04:17.986+0000] {processor.py:829} INFO - Processing file /opt/airflow/dags/retail_pipeline_dag.py for tasks to queue
[2026-05-03T13:04:17.987+0000] {logging_mixin.py:151} INFO - [2026-05-03T13:04:17.987+0000] {dagbag.py:539} INFO - Filling up the DagBag from /opt/airflow/dags/retail_pipeline_dag.py
[2026-05-03T13:04:18.001+0000] {processor.py:839} INFO - DAG(s) dict_keys(['retail_pipeline']) retrieved from /opt/airflow/dags/retail_pipeline_dag.py
[2026-05-03T13:04:18.034+0000] {logging_mixin.py:151} INFO - [2026-05-03T13:04:18.034+0000] {dag.py:2915} INFO - Sync 1 DAGs
[2026-05-03T13:04:18.048+0000] {logging_mixin.py:151} INFO - [2026-05-03T13:04:18.048+0000] {dag.py:3696} INFO - Setting next_dagrun for retail_pipeline to 2026-05-03T00:30:00+00:00, run_after=2026-05-04T00:30:00+00:00
[2026-05-03T13:04:18.060+0000] {processor.py:179} INFO - Processing /opt/airflow/dags/retail_pipeline_dag.py took 0.078 seconds
[2026-05-03T13:04:48.220+0000] {processor.py:157} INFO - Started process (PID=4733) to work on /opt/airflow/dags/retail_pipeline_dag.py
[2026-05-03T13:04:48.225+0000] {processor.py:829} INFO - Processing file /opt/airflow/dags/retail_pipeline_dag.py for tasks to queue
[2026-05-03T13:04:48.226+0000] {logging_mixin.py:151} INFO - [2026-05-03T13:04:48.225+0000] {dagbag.py:539} INFO - Filling up the DagBag from /opt/airflow/dags/retail_pipeline_dag.py
[2026-05-03T13:04:48.242+0000] {processor.py:839} INFO - DAG(s) dict_keys(['retail_pipeline']) retrieved from /opt/airflow/dags/retail_pipeline_dag.py
[2026-05-03T13:04:48.273+0000] {logging_mixin.py:151} INFO - [2026-05-03T13:04:48.273+0000] {dag.py:2915} INFO - Sync 1 DAGs
[2026-05-03T13:04:48.288+0000] {logging_mixin.py:151} INFO - [2026-05-03T13:04:48.287+0000] {dag.py:3696} INFO - Setting next_dagrun for retail_pipeline to 2026-05-03T00:30:00+00:00, run_after=2026-05-04T00:30:00+00:00
[2026-05-03T13:04:48.297+0000] {processor.py:179} INFO - Processing /opt/airflow/dags/retail_pipeline_dag.py took 0.081 seconds
[2026-05-03T13:05:18.532+0000] {processor.py:157} INFO - Started process (PID=4743) to work on /opt/airflow/dags/retail_pipeline_dag.py
[2026-05-03T13:05:18.532+0000] {processor.py:829} INFO - Processing file /opt/airflow/dags/retail_pipeline_dag.py for tasks to queue
[2026-05-03T13:05:18.534+0000] {logging_mixin.py:151} INFO - [2026-05-03T13:05:18.534+0000] {dagbag.py:539} INFO - Filling up the DagBag from /opt/airflow/dags/retail_pipeline_dag.py
[2026-05-03T13:05:18.549+0000] {processor.py:839} INFO - DAG(s) dict_keys(['retail_pipeline']) retrieved from /opt/airflow/dags/retail_pipeline_dag.py
[2026-05-03T13:05:18.568+0000] {logging_mixin.py:151} INFO - [2026-05-03T13:05:18.568+0000] {dag.py:2915} INFO - Sync 1 DAGs
[2026-05-03T13:05:18.582+0000] {logging_mixin.py:151} INFO - [2026-05-03T13:05:18.582+0000] {dag.py:3696} INFO - Setting next_dagrun for retail_pipeline to 2026-05-03T00:30:00+00:00, run_after=2026-05-04T00:30:00+00:00
[2026-05-03T13:05:18.590+0000] {processor.py:179} INFO - Processing /opt/airflow/dags/retail_pipeline_dag.py took 0.062 seconds
[2026-05-03T13:05:48.830+0000] {processor.py:157} INFO - Started process (PID=4753) to work on /opt/airflow/dags/retail_pipeline_dag.py
[2026-05-03T13:05:48.832+0000] {processor.py:829} INFO - Processing file /opt/airflow/dags/retail_pipeline_dag.py for tasks to queue
[2026-05-03T13:05:48.836+0000] {logging_mixin.py:151} INFO - [2026-05-03T13:05:48.835+0000] {dagbag.py:539} INFO - Filling up the DagBag from /opt/airflow/dags/retail_pipeline_dag.py
[2026-05-03T13:05:48.857+0000] {processor.py:839} INFO - DAG(s) dict_keys(['retail_pipeline']) retrieved from /opt/airflow/dags/retail_pipeline_dag.py
[2026-05-03T13:05:48.892+0000] {logging_mixin.py:151} INFO - [2026-05-03T13:05:48.892+0000] {dag.py:2915} INFO - Sync 1 DAGs
[2026-05-03T13:05:48.905+0000] {logging_mixin.py:151} INFO - [2026-05-03T13:05:48.905+0000] {dag.py:3696} INFO - Setting next_dagrun for retail_pipeline to 2026-05-03T00:30:00+00:00, run_after=2026-05-04T00:30:00+00:00
[2026-05-03T13:05:48.917+0000] {processor.py:179} INFO - Processing /opt/airflow/dags/retail_pipeline_dag.py took 0.092 seconds
[2026-05-03T13:06:19.148+0000] {processor.py:157} INFO - Started process (PID=4763) to work on /opt/airflow/dags/retail_pipeline_dag.py
[2026-05-03T13:06:19.149+0000] {processor.py:829} INFO - Processing file /opt/airflow/dags/retail_pipeline_dag.py for tasks to queue
[2026-05-03T13:06:19.151+0000] {logging_mixin.py:151} INFO - [2026-05-03T13:06:19.151+0000] {dagbag.py:539} INFO - Filling up the DagBag from /opt/airflow/dags/retail_pipeline_dag.py
[2026-05-03T13:06:19.163+0000] {processor.py:839} INFO - DAG(s) dict_keys(['retail_pipeline']) retrieved from /opt/airflow/dags/retail_pipeline_dag.py
[2026-05-03T13:06:19.190+0000] {logging_mixin.py:151} INFO - [2026-05-03T13:06:19.190+0000] {dag.py:2915} INFO - Sync 1 DAGs
[2026-05-03T13:06:19.203+0000] {logging_mixin.py:151} INFO - [2026-05-03T13:06:19.203+0000] {dag.py:3696} INFO - Setting next_dagrun for retail_pipeline to 2026-05-03T00:30:00+00:00, run_after=2026-05-04T00:30:00+00:00
[2026-05-03T13:06:19.212+0000] {processor.py:179} INFO - Processing /opt/airflow/dags/retail_pipeline_dag.py took 0.067 seconds
[2026-05-03T13:06:49.398+0000] {processor.py:157} INFO - Started process (PID=4773) to work on /opt/airflow/dags/retail_pipeline_dag.py
[2026-05-03T13:06:49.399+0000] {processor.py:829} INFO - Processing file /opt/airflow/dags/retail_pipeline_dag.py for tasks to queue
[2026-05-03T13:06:49.401+0000] {logging_mixin.py:151} INFO - [2026-05-03T13:06:49.401+0000] {dagbag.py:539} INFO - Filling up the DagBag from /opt/airflow/dags/retail_pipeline_dag.py
[2026-05-03T13:06:49.427+0000] {processor.py:839} INFO - DAG(s) dict_keys(['retail_pipeline']) retrieved from /opt/airflow/dags/retail_pipeline_dag.py
[2026-05-03T13:06:49.476+0000] {logging_mixin.py:151} INFO - [2026-05-03T13:06:49.476+0000] {dag.py:2915} INFO - Sync 1 DAGs
[2026-05-03T13:06:49.496+0000] {logging_mixin.py:151} INFO - [2026-05-03T13:06:49.496+0000] {dag.py:3696} INFO - Setting next_dagrun for retail_pipeline to 2026-05-03T00:30:00+00:00, run_after=2026-05-04T00:30:00+00:00
[2026-05-03T13:06:49.510+0000] {processor.py:179} INFO - Processing /opt/airflow/dags/retail_pipeline_dag.py took 0.117 seconds
[2026-05-03T13:07:19.767+0000] {processor.py:157} INFO - Started process (PID=4783) to work on /opt/airflow/dags/retail_pipeline_dag.py
[2026-05-03T13:07:19.768+0000] {processor.py:829} INFO - Processing file /opt/airflow/dags/retail_pipeline_dag.py for tasks to queue
[2026-05-03T13:07:19.769+0000] {logging_mixin.py:151} INFO - [2026-05-03T13:07:19.768+0000] {dagbag.py:539} INFO - Filling up the DagBag from /opt/airflow/dags/retail_pipeline_dag.py
[2026-05-03T13:07:19.783+0000] {processor.py:839} INFO - DAG(s) dict_keys(['retail_pipeline']) retrieved from /opt/airflow/dags/retail_pipeline_dag.py
[2026-05-03T13:07:19.809+0000] {logging_mixin.py:151} INFO - [2026-05-03T13:07:19.809+0000] {dag.py:2915} INFO - Sync 1 DAGs
[2026-05-03T13:07:19.822+0000] {logging_mixin.py:151} INFO - [2026-05-03T13:07:19.822+0000] {dag.py:3696} INFO - Setting next_dagrun for retail_pipeline to 2026-05-03T00:30:00+00:00, run_after=2026-05-04T00:30:00+00:00
[2026-05-03T13:07:19.832+0000] {processor.py:179} INFO - Processing /opt/airflow/dags/retail_pipeline_dag.py took 0.069 seconds
[2026-05-03T13:07:50.095+0000] {processor.py:157} INFO - Started process (PID=4793) to work on /opt/airflow/dags/retail_pipeline_dag.py
[2026-05-03T13:07:50.096+0000] {processor.py:829} INFO - Processing file /opt/airflow/dags/retail_pipeline_dag.py for tasks to queue
[2026-05-03T13:07:50.098+0000] {logging_mixin.py:151} INFO - [2026-05-03T13:07:50.097+0000] {dagbag.py:539} INFO - Filling up the DagBag from /opt/airflow/dags/retail_pipeline_dag.py
[2026-05-03T13:07:50.115+0000] {processor.py:839} INFO - DAG(s) dict_keys(['retail_pipeline']) retrieved from /opt/airflow/dags/retail_pipeline_dag.py
[2026-05-03T13:07:50.147+0000] {logging_mixin.py:151} INFO - [2026-05-03T13:07:50.147+0000] {dag.py:2915} INFO - Sync 1 DAGs
[2026-05-03T13:07:50.164+0000] {logging_mixin.py:151} INFO - [2026-05-03T13:07:50.163+0000] {dag.py:3696} INFO - Setting next_dagrun for retail_pipeline to 2026-05-03T00:30:00+00:00, run_after=2026-05-04T00:30:00+00:00
[2026-05-03T13:07:50.174+0000] {processor.py:179} INFO - Processing /opt/airflow/dags/retail_pipeline_dag.py took 0.085 seconds
[2026-05-03T13:08:20.336+0000] {processor.py:157} INFO - Started process (PID=4803) to work on /opt/airflow/dags/retail_pipeline_dag.py
[2026-05-03T13:08:20.337+0000] {processor.py:829} INFO - Processing file /opt/airflow/dags/retail_pipeline_dag.py for tasks to queue
[2026-05-03T13:08:20.339+0000] {logging_mixin.py:151} INFO - [2026-05-03T13:08:20.339+0000] {dagbag.py:539} INFO - Filling up the DagBag from /opt/airflow/dags/retail_pipeline_dag.py
[2026-05-03T13:08:20.352+0000] {processor.py:839} INFO - DAG(s) dict_keys(['retail_pipeline']) retrieved from /opt/airflow/dags/retail_pipeline_dag.py
[2026-05-03T13:08:20.374+0000] {logging_mixin.py:151} INFO - [2026-05-03T13:08:20.374+0000] {dag.py:2915} INFO - Sync 1 DAGs
[2026-05-03T13:08:20.386+0000] {logging_mixin.py:151} INFO - [2026-05-03T13:08:20.385+0000] {dag.py:3696} INFO - Setting next_dagrun for retail_pipeline to 2026-05-03T00:30:00+00:00, run_after=2026-05-04T00:30:00+00:00
[2026-05-03T13:08:20.397+0000] {processor.py:179} INFO - Processing /opt/airflow/dags/retail_pipeline_dag.py took 0.069 seconds
[2026-05-03T13:08:50.632+0000] {processor.py:157} INFO - Started process (PID=4813) to work on /opt/airflow/dags/retail_pipeline_dag.py
[2026-05-03T13:08:50.633+0000] {processor.py:829} INFO - Processing file /opt/airflow/dags/retail_pipeline_dag.py for tasks to queue
[2026-05-03T13:08:50.634+0000] {logging_mixin.py:151} INFO - [2026-05-03T13:08:50.634+0000] {dagbag.py:539} INFO - Filling up the DagBag from /opt/airflow/dags/retail_pipeline_dag.py
[2026-05-03T13:08:50.653+0000] {processor.py:839} INFO - DAG(s) dict_keys(['retail_pipeline']) retrieved from /opt/airflow/dags/retail_pipeline_dag.py
[2026-05-03T13:08:50.682+0000] {logging_mixin.py:151} INFO - [2026-05-03T13:08:50.682+0000] {dag.py:2915} INFO - Sync 1 DAGs
[2026-05-03T13:08:50.701+0000] {logging_mixin.py:151} INFO - [2026-05-03T13:08:50.701+0000] {dag.py:3696} INFO - Setting next_dagrun for retail_pipeline to 2026-05-03T00:30:00+00:00, run_after=2026-05-04T00:30:00+00:00
[2026-05-03T13:08:50.711+0000] {processor.py:179} INFO - Processing /opt/airflow/dags/retail_pipeline_dag.py took 0.084 seconds
[2026-05-03T13:09:20.882+0000] {processor.py:157} INFO - Started process (PID=4823) to work on /opt/airflow/dags/retail_pipeline_dag.py
[2026-05-03T13:09:20.883+0000] {processor.py:829} INFO - Processing file /opt/airflow/dags/retail_pipeline_dag.py for tasks to queue
[2026-05-03T13:09:20.884+0000] {logging_mixin.py:151} INFO - [2026-05-03T13:09:20.883+0000] {dagbag.py:539} INFO - Filling up the DagBag from /opt/airflow/dags/retail_pipeline_dag.py
[2026-05-03T13:09:20.901+0000] {processor.py:839} INFO - DAG(s) dict_keys(['retail_pipeline']) retrieved from /opt/airflow/dags/retail_pipeline_dag.py
[2026-05-03T13:09:20.928+0000] {logging_mixin.py:151} INFO - [2026-05-03T13:09:20.928+0000] {dag.py:2915} INFO - Sync 1 DAGs
[2026-05-03T13:09:20.941+0000] {logging_mixin.py:151} INFO - [2026-05-03T13:09:20.941+0000] {dag.py:3696} INFO - Setting next_dagrun for retail_pipeline to 2026-05-03T00:30:00+00:00, run_after=2026-05-04T00:30:00+00:00
[2026-05-03T13:09:20.952+0000] {processor.py:179} INFO - Processing /opt/airflow/dags/retail_pipeline_dag.py took 0.075 seconds
[2026-05-03T13:09:51.130+0000] {processor.py:157} INFO - Started process (PID=4833) to work on /opt/airflow/dags/retail_pipeline_dag.py
[2026-05-03T13:09:51.132+0000] {processor.py:829} INFO - Processing file /opt/airflow/dags/retail_pipeline_dag.py for tasks to queue
[2026-05-03T13:09:51.134+0000] {logging_mixin.py:151} INFO - [2026-05-03T13:09:51.133+0000] {dagbag.py:539} INFO - Filling up the DagBag from /opt/airflow/dags/retail_pipeline_dag.py
[2026-05-03T13:09:51.163+0000] {processor.py:839} INFO - DAG(s) dict_keys(['retail_pipeline']) retrieved from /opt/airflow/dags/retail_pipeline_dag.py
[2026-05-03T13:09:51.205+0000] {logging_mixin.py:151} INFO - [2026-05-03T13:09:51.205+0000] {dag.py:2915} INFO - Sync 1 DAGs
[2026-05-03T13:09:51.224+0000] {logging_mixin.py:151} INFO - [2026-05-03T13:09:51.224+0000] {dag.py:3696} INFO - Setting next_dagrun for retail_pipeline to 2026-05-03T00:30:00+00:00, run_after=2026-05-04T00:30:00+00:00
[2026-05-03T13:09:51.237+0000] {processor.py:179} INFO - Processing /opt/airflow/dags/retail_pipeline_dag.py took 0.111 seconds
[2026-05-03T13:10:21.518+0000] {processor.py:157} INFO - Started process (PID=4843) to work on /opt/airflow/dags/retail_pipeline_dag.py
[2026-05-03T13:10:21.520+0000] {processor.py:829} INFO - Processing file /opt/airflow/dags/retail_pipeline_dag.py for tasks to queue
[2026-05-03T13:10:21.520+0000] {logging_mixin.py:151} INFO - [2026-05-03T13:10:21.520+0000] {dagbag.py:539} INFO - Filling up the DagBag from /opt/airflow/dags/retail_pipeline_dag.py
[2026-05-03T13:10:21.538+0000] {processor.py:839} INFO - DAG(s) dict_keys(['retail_pipeline']) retrieved from /opt/airflow/dags/retail_pipeline_dag.py
[2026-05-03T13:10:21.583+0000] {logging_mixin.py:151} INFO - [2026-05-03T13:10:21.583+0000] {dag.py:2915} INFO - Sync 1 DAGs
[2026-05-03T13:10:21.606+0000] {logging_mixin.py:151} INFO - [2026-05-03T13:10:21.606+0000] {dag.py:3696} INFO - Setting next_dagrun for retail_pipeline to 2026-05-03T00:30:00+00:00, run_after=2026-05-04T00:30:00+00:00
[2026-05-03T13:10:21.620+0000] {processor.py:179} INFO - Processing /opt/airflow/dags/retail_pipeline_dag.py took 0.109 seconds
[2026-05-03T13:10:51.844+0000] {processor.py:157} INFO - Started process (PID=4853) to work on /opt/airflow/dags/retail_pipeline_dag.py
[2026-05-03T13:10:51.845+0000] {processor.py:829} INFO - Processing file /opt/airflow/dags/retail_pipeline_dag.py for tasks to queue
[2026-05-03T13:10:51.848+0000] {logging_mixin.py:151} INFO - [2026-05-03T13:10:51.847+0000] {dagbag.py:539} INFO - Filling up the DagBag from /opt/airflow/dags/retail_pipeline_dag.py
[2026-05-03T13:10:51.868+0000] {processor.py:839} INFO - DAG(s) dict_keys(['retail_pipeline']) retrieved from /opt/airflow/dags/retail_pipeline_dag.py
[2026-05-03T13:10:51.910+0000] {logging_mixin.py:151} INFO - [2026-05-03T13:10:51.910+0000] {dag.py:2915} INFO - Sync 1 DAGs
[2026-05-03T13:10:51.930+0000] {logging_mixin.py:151} INFO - [2026-05-03T13:10:51.929+0000] {dag.py:3696} INFO - Setting next_dagrun for retail_pipeline to 2026-05-03T00:30:00+00:00, run_after=2026-05-04T00:30:00+00:00
[2026-05-03T13:10:51.967+0000] {processor.py:179} INFO - Processing /opt/airflow/dags/retail_pipeline_dag.py took 0.128 seconds
[2026-05-03T13:11:22.228+0000] {processor.py:157} INFO - Started process (PID=4863) to work on /opt/airflow/dags/retail_pipeline_dag.py
[2026-05-03T13:11:22.229+0000] {processor.py:829} INFO - Processing file /opt/airflow/dags/retail_pipeline_dag.py for tasks to queue
[2026-05-03T13:11:22.230+0000] {logging_mixin.py:151} INFO - [2026-05-03T13:11:22.230+0000] {dagbag.py:539} INFO - Filling up the DagBag from /opt/airflow/dags/retail_pipeline_dag.py
[2026-05-03T13:11:22.250+0000] {processor.py:839} INFO - DAG(s) dict_keys(['retail_pipeline']) retrieved from /opt/airflow/dags/retail_pipeline_dag.py
[2026-05-03T13:11:22.282+0000] {logging_mixin.py:151} INFO - [2026-05-03T13:11:22.282+0000] {dag.py:2915} INFO - Sync 1 DAGs
[2026-05-03T13:11:22.298+0000] {logging_mixin.py:151} INFO - [2026-05-03T13:11:22.298+0000] {dag.py:3696} INFO - Setting next_dagrun for retail_pipeline to 2026-05-03T00:30:00+00:00, run_after=2026-05-04T00:30:00+00:00
[2026-05-03T13:11:22.312+0000] {processor.py:179} INFO - Processing /opt/airflow/dags/retail_pipeline_dag.py took 0.088 seconds
[2026-05-03T13:11:52.577+0000] {processor.py:157} INFO - Started process (PID=4873) to work on /opt/airflow/dags/retail_pipeline_dag.py
[2026-05-03T13:11:52.578+0000] {processor.py:829} INFO - Processing file /opt/airflow/dags/retail_pipeline_dag.py for tasks to queue
[2026-05-03T13:11:52.579+0000] {logging_mixin.py:151} INFO - [2026-05-03T13:11:52.579+0000] {dagbag.py:539} INFO - Filling up the DagBag from /opt/airflow/dags/retail_pipeline_dag.py
[2026-05-03T13:11:52.597+0000] {processor.py:839} INFO - DAG(s) dict_keys(['retail_pipeline']) retrieved from /opt/airflow/dags/retail_pipeline_dag.py
[2026-05-03T13:11:52.627+0000] {logging_mixin.py:151} INFO - [2026-05-03T13:11:52.627+0000] {dag.py:2915} INFO - Sync 1 DAGs
[2026-05-03T13:11:52.646+0000] {logging_mixin.py:151} INFO - [2026-05-03T13:11:52.646+0000] {dag.py:3696} INFO - Setting next_dagrun for retail_pipeline to 2026-05-03T00:30:00+00:00, run_after=2026-05-04T00:30:00+00:00
[2026-05-03T13:11:52.657+0000] {processor.py:179} INFO - Processing /opt/airflow/dags/retail_pipeline_dag.py took 0.084 seconds
[2026-05-03T13:12:22.930+0000] {processor.py:157} INFO - Started process (PID=4883) to work on /opt/airflow/dags/retail_pipeline_dag.py
[2026-05-03T13:12:22.933+0000] {processor.py:829} INFO - Processing file /opt/airflow/dags/retail_pipeline_dag.py for tasks to queue
[2026-05-03T13:12:22.937+0000] {logging_mixin.py:151} INFO - [2026-05-03T13:12:22.936+0000] {dagbag.py:539} INFO - Filling up the DagBag from /opt/airflow/dags/retail_pipeline_dag.py
[2026-05-03T13:12:22.965+0000] {processor.py:839} INFO - DAG(s) dict_keys(['retail_pipeline']) retrieved from /opt/airflow/dags/retail_pipeline_dag.py
[2026-05-03T13:12:22.996+0000] {logging_mixin.py:151} INFO - [2026-05-03T13:12:22.996+0000] {dag.py:2915} INFO - Sync 1 DAGs
[2026-05-03T13:12:23.017+0000] {logging_mixin.py:151} INFO - [2026-05-03T13:12:23.017+0000] {dag.py:3696} INFO - Setting next_dagrun for retail_pipeline to 2026-05-03T00:30:00+00:00, run_after=2026-05-04T00:30:00+00:00
[2026-05-03T13:12:23.030+0000] {processor.py:179} INFO - Processing /opt/airflow/dags/retail_pipeline_dag.py took 0.110 seconds
[2026-05-03T13:12:53.188+0000] {processor.py:157} INFO - Started process (PID=4893) to work on /opt/airflow/dags/retail_pipeline_dag.py
[2026-05-03T13:12:53.189+0000] {processor.py:829} INFO - Processing file /opt/airflow/dags/retail_pipeline_dag.py for tasks to queue
[2026-05-03T13:12:53.190+0000] {logging_mixin.py:151} INFO - [2026-05-03T13:12:53.190+0000] {dagbag.py:539} INFO - Filling up the DagBag from /opt/airflow/dags/retail_pipeline_dag.py
[2026-05-03T13:12:53.220+0000] {processor.py:839} INFO - DAG(s) dict_keys(['retail_pipeline']) retrieved from /opt/airflow/dags/retail_pipeline_dag.py
[2026-05-03T13:12:53.261+0000] {logging_mixin.py:151} INFO - [2026-05-03T13:12:53.261+0000] {dag.py:2915} INFO - Sync 1 DAGs
[2026-05-03T13:12:53.288+0000] {logging_mixin.py:151} INFO - [2026-05-03T13:12:53.288+0000] {dag.py:3696} INFO - Setting next_dagrun for retail_pipeline to 2026-05-03T00:30:00+00:00, run_after=2026-05-04T00:30:00+00:00
[2026-05-03T13:12:53.300+0000] {processor.py:179} INFO - Processing /opt/airflow/dags/retail_pipeline_dag.py took 0.120 seconds
[2026-05-03T13:13:23.479+0000] {processor.py:157} INFO - Started process (PID=4903) to work on /opt/airflow/dags/retail_pipeline_dag.py
[2026-05-03T13:13:23.480+0000] {processor.py:829} INFO - Processing file /opt/airflow/dags/retail_pipeline_dag.py for tasks to queue
[2026-05-03T13:13:23.482+0000] {logging_mixin.py:151} INFO - [2026-05-03T13:13:23.481+0000] {dagbag.py:539} INFO - Filling up the DagBag from /opt/airflow/dags/retail_pipeline_dag.py
[2026-05-03T13:13:23.503+0000] {processor.py:839} INFO - DAG(s) dict_keys(['retail_pipeline']) retrieved from /opt/airflow/dags/retail_pipeline_dag.py
[2026-05-03T13:13:23.538+0000] {logging_mixin.py:151} INFO - [2026-05-03T13:13:23.538+0000] {dag.py:2915} INFO - Sync 1 DAGs
[2026-05-03T13:13:23.555+0000] {logging_mixin.py:151} INFO - [2026-05-03T13:13:23.555+0000] {dag.py:3696} INFO - Setting next_dagrun for retail_pipeline to 2026-05-03T00:30:00+00:00, run_after=2026-05-04T00:30:00+00:00
[2026-05-03T13:13:23.568+0000] {processor.py:179} INFO - Processing /opt/airflow/dags/retail_pipeline_dag.py took 0.095 seconds
[2026-05-03T13:13:53.796+0000] {processor.py:157} INFO - Started process (PID=4913) to work on /opt/airflow/dags/retail_pipeline_dag.py
[2026-05-03T13:13:53.798+0000] {processor.py:829} INFO - Processing file /opt/airflow/dags/retail_pipeline_dag.py for tasks to queue
[2026-05-03T13:13:53.799+0000] {logging_mixin.py:151} INFO - [2026-05-03T13:13:53.798+0000] {dagbag.py:539} INFO - Filling up the DagBag from /opt/airflow/dags/retail_pipeline_dag.py
[2026-05-03T13:13:53.822+0000] {processor.py:839} INFO - DAG(s) dict_keys(['retail_pipeline']) retrieved from /opt/airflow/dags/retail_pipeline_dag.py
[2026-05-03T13:13:53.874+0000] {logging_mixin.py:151} INFO - [2026-05-03T13:13:53.874+0000] {dag.py:2915} INFO - Sync 1 DAGs
[2026-05-03T13:13:53.893+0000] {logging_mixin.py:151} INFO - [2026-05-03T13:13:53.893+0000] {dag.py:3696} INFO - Setting next_dagrun for retail_pipeline to 2026-05-03T00:30:00+00:00, run_after=2026-05-04T00:30:00+00:00
[2026-05-03T13:13:53.907+0000] {processor.py:179} INFO - Processing /opt/airflow/dags/retail_pipeline_dag.py took 0.117 seconds
[2026-05-03T13:14:24.195+0000] {processor.py:157} INFO - Started process (PID=4923) to work on /opt/airflow/dags/retail_pipeline_dag.py
[2026-05-03T13:14:24.195+0000] {processor.py:829} INFO - Processing file /opt/airflow/dags/retail_pipeline_dag.py for tasks to queue
[2026-05-03T13:14:24.197+0000] {logging_mixin.py:151} INFO - [2026-05-03T13:14:24.196+0000] {dagbag.py:539} INFO - Filling up the DagBag from /opt/airflow/dags/retail_pipeline_dag.py
[2026-05-03T13:14:24.214+0000] {processor.py:839} INFO - DAG(s) dict_keys(['retail_pipeline']) retrieved from /opt/airflow/dags/retail_pipeline_dag.py
[2026-05-03T13:14:24.239+0000] {logging_mixin.py:151} INFO - [2026-05-03T13:14:24.238+0000] {dag.py:2915} INFO - Sync 1 DAGs
[2026-05-03T13:14:24.255+0000] {logging_mixin.py:151} INFO - [2026-05-03T13:14:24.255+0000] {dag.py:3696} INFO - Setting next_dagrun for retail_pipeline to 2026-05-03T00:30:00+00:00, run_after=2026-05-04T00:30:00+00:00
[2026-05-03T13:14:24.266+0000] {processor.py:179} INFO - Processing /opt/airflow/dags/retail_pipeline_dag.py took 0.075 seconds
[2026-05-03T13:14:54.453+0000] {processor.py:157} INFO - Started process (PID=4933) to work on /opt/airflow/dags/retail_pipeline_dag.py
[2026-05-03T13:14:54.455+0000] {processor.py:829} INFO - Processing file /opt/airflow/dags/retail_pipeline_dag.py for tasks to queue
[2026-05-03T13:14:54.455+0000] {logging_mixin.py:151} INFO - [2026-05-03T13:14:54.455+0000] {dagbag.py:539} INFO - Filling up the DagBag from /opt/airflow/dags/retail_pipeline_dag.py
[2026-05-03T13:14:54.469+0000] {processor.py:839} INFO - DAG(s) dict_keys(['retail_pipeline']) retrieved from /opt/airflow/dags/retail_pipeline_dag.py
[2026-05-03T13:14:54.495+0000] {logging_mixin.py:151} INFO - [2026-05-03T13:14:54.495+0000] {dag.py:2915} INFO - Sync 1 DAGs
[2026-05-03T13:14:54.509+0000] {logging_mixin.py:151} INFO - [2026-05-03T13:14:54.509+0000] {dag.py:3696} INFO - Setting next_dagrun for retail_pipeline to 2026-05-03T00:30:00+00:00, run_after=2026-05-04T00:30:00+00:00
[2026-05-03T13:14:54.520+0000] {processor.py:179} INFO - Processing /opt/airflow/dags/retail_pipeline_dag.py took 0.071 seconds
[2026-05-03T13:15:24.790+0000] {processor.py:157} INFO - Started process (PID=4943) to work on /opt/airflow/dags/retail_pipeline_dag.py
[2026-05-03T13:15:24.792+0000] {processor.py:829} INFO - Processing file /opt/airflow/dags/retail_pipeline_dag.py for tasks to queue
[2026-05-03T13:15:24.794+0000] {logging_mixin.py:151} INFO - [2026-05-03T13:15:24.794+0000] {dagbag.py:539} INFO - Filling up the DagBag from /opt/airflow/dags/retail_pipeline_dag.py
[2026-05-03T13:15:24.803+0000] {processor.py:839} INFO - DAG(s) dict_keys(['retail_pipeline']) retrieved from /opt/airflow/dags/retail_pipeline_dag.py
[2026-05-03T13:15:24.821+0000] {logging_mixin.py:151} INFO - [2026-05-03T13:15:24.821+0000] {dag.py:2915} INFO - Sync 1 DAGs
[2026-05-03T13:15:24.831+0000] {logging_mixin.py:151} INFO - [2026-05-03T13:15:24.831+0000] {dag.py:3696} INFO - Setting next_dagrun for retail_pipeline to 2026-05-03T00:30:00+00:00, run_after=2026-05-04T00:30:00+00:00
[2026-05-03T13:15:24.842+0000] {processor.py:179} INFO - Processing /opt/airflow/dags/retail_pipeline_dag.py took 0.054 seconds
[2026-05-03T13:15:55.027+0000] {processor.py:157} INFO - Started process (PID=4953) to work on /opt/airflow/dags/retail_pipeline_dag.py
[2026-05-03T13:15:55.028+0000] {processor.py:829} INFO - Processing file /opt/airflow/dags/retail_pipeline_dag.py for tasks to queue
[2026-05-03T13:15:55.030+0000] {logging_mixin.py:151} INFO - [2026-05-03T13:15:55.029+0000] {dagbag.py:539} INFO - Filling up the DagBag from /opt/airflow/dags/retail_pipeline_dag.py
[2026-05-03T13:15:55.046+0000] {processor.py:839} INFO - DAG(s) dict_keys(['retail_pipeline']) retrieved from /opt/airflow/dags/retail_pipeline_dag.py
[2026-05-03T13:15:55.072+0000] {logging_mixin.py:151} INFO - [2026-05-03T13:15:55.072+0000] {dag.py:2915} INFO - Sync 1 DAGs
[2026-05-03T13:15:55.086+0000] {logging_mixin.py:151} INFO - [2026-05-03T13:15:55.086+0000] {dag.py:3696} INFO - Setting next_dagrun for retail_pipeline to 2026-05-03T00:30:00+00:00, run_after=2026-05-04T00:30:00+00:00
[2026-05-03T13:15:55.096+0000] {processor.py:179} INFO - Processing /opt/airflow/dags/retail_pipeline_dag.py took 0.073 seconds
[2026-05-03T13:16:25.233+0000] {processor.py:157} INFO - Started process (PID=4963) to work on /opt/airflow/dags/retail_pipeline_dag.py
[2026-05-03T13:16:25.234+0000] {processor.py:829} INFO - Processing file /opt/airflow/dags/retail_pipeline_dag.py for tasks to queue
[2026-05-03T13:16:25.237+0000] {logging_mixin.py:151} INFO - [2026-05-03T13:16:25.236+0000] {dagbag.py:539} INFO - Filling up the DagBag from /opt/airflow/dags/retail_pipeline_dag.py
[2026-05-03T13:16:25.250+0000] {processor.py:839} INFO - DAG(s) dict_keys(['retail_pipeline']) retrieved from /opt/airflow/dags/retail_pipeline_dag.py
[2026-05-03T13:16:25.276+0000] {logging_mixin.py:151} INFO - [2026-05-03T13:16:25.276+0000] {dag.py:2915} INFO - Sync 1 DAGs
[2026-05-03T13:16:25.289+0000] {logging_mixin.py:151} INFO - [2026-05-03T13:16:25.289+0000] {dag.py:3696} INFO - Setting next_dagrun for retail_pipeline to 2026-05-03T00:30:00+00:00, run_after=2026-05-04T00:30:00+00:00
[2026-05-03T13:16:25.300+0000] {processor.py:179} INFO - Processing /opt/airflow/dags/retail_pipeline_dag.py took 0.071 seconds
[2026-05-03T13:16:55.554+0000] {processor.py:157} INFO - Started process (PID=4973) to work on /opt/airflow/dags/retail_pipeline_dag.py
[2026-05-03T13:16:55.556+0000] {processor.py:829} INFO - Processing file /opt/airflow/dags/retail_pipeline_dag.py for tasks to queue
[2026-05-03T13:16:55.557+0000] {logging_mixin.py:151} INFO - [2026-05-03T13:16:55.557+0000] {dagbag.py:539} INFO - Filling up the DagBag from /opt/airflow/dags/retail_pipeline_dag.py
[2026-05-03T13:16:55.569+0000] {processor.py:839} INFO - DAG(s) dict_keys(['retail_pipeline']) retrieved from /opt/airflow/dags/retail_pipeline_dag.py
[2026-05-03T13:16:55.591+0000] {logging_mixin.py:151} INFO - [2026-05-03T13:16:55.591+0000] {dag.py:2915} INFO - Sync 1 DAGs
[2026-05-03T13:16:55.603+0000] {logging_mixin.py:151} INFO - [2026-05-03T13:16:55.603+0000] {dag.py:3696} INFO - Setting next_dagrun for retail_pipeline to 2026-05-03T00:30:00+00:00, run_after=2026-05-04T00:30:00+00:00
[2026-05-03T13:16:55.614+0000] {processor.py:179} INFO - Processing /opt/airflow/dags/retail_pipeline_dag.py took 0.064 seconds
[2026-05-03T13:17:25.852+0000] {processor.py:157} INFO - Started process (PID=4983) to work on /opt/airflow/dags/retail_pipeline_dag.py
[2026-05-03T13:17:25.853+0000] {processor.py:829} INFO - Processing file /opt/airflow/dags/retail_pipeline_dag.py for tasks to queue
[2026-05-03T13:17:25.854+0000] {logging_mixin.py:151} INFO - [2026-05-03T13:17:25.853+0000] {dagbag.py:539} INFO - Filling up the DagBag from /opt/airflow/dags/retail_pipeline_dag.py
[2026-05-03T13:17:25.870+0000] {processor.py:839} INFO - DAG(s) dict_keys(['retail_pipeline']) retrieved from /opt/airflow/dags/retail_pipeline_dag.py
[2026-05-03T13:17:25.894+0000] {logging_mixin.py:151} INFO - [2026-05-03T13:17:25.894+0000] {dag.py:2915} INFO - Sync 1 DAGs
[2026-05-03T13:17:25.908+0000] {logging_mixin.py:151} INFO - [2026-05-03T13:17:25.908+0000] {dag.py:3696} INFO - Setting next_dagrun for retail_pipeline to 2026-05-03T00:30:00+00:00, run_after=2026-05-04T00:30:00+00:00
[2026-05-03T13:17:25.920+0000] {processor.py:179} INFO - Processing /opt/airflow/dags/retail_pipeline_dag.py took 0.072 seconds
[2026-05-03T13:17:56.076+0000] {processor.py:157} INFO - Started process (PID=4993) to work on /opt/airflow/dags/retail_pipeline_dag.py
[2026-05-03T13:17:56.077+0000] {processor.py:829} INFO - Processing file /opt/airflow/dags/retail_pipeline_dag.py for tasks to queue
[2026-05-03T13:17:56.079+0000] {logging_mixin.py:151} INFO - [2026-05-03T13:17:56.079+0000] {dagbag.py:539} INFO - Filling up the DagBag from /opt/airflow/dags/retail_pipeline_dag.py
[2026-05-03T13:17:56.094+0000] {processor.py:839} INFO - DAG(s) dict_keys(['retail_pipeline']) retrieved from /opt/airflow/dags/retail_pipeline_dag.py
[2026-05-03T13:17:56.116+0000] {logging_mixin.py:151} INFO - [2026-05-03T13:17:56.116+0000] {dag.py:2915} INFO - Sync 1 DAGs
[2026-05-03T13:17:56.132+0000] {logging_mixin.py:151} INFO - [2026-05-03T13:17:56.132+0000] {dag.py:3696} INFO - Setting next_dagrun for retail_pipeline to 2026-05-03T00:30:00+00:00, run_after=2026-05-04T00:30:00+00:00
[2026-05-03T13:17:56.141+0000] {processor.py:179} INFO - Processing /opt/airflow/dags/retail_pipeline_dag.py took 0.069 seconds
[2026-05-03T13:18:26.401+0000] {processor.py:157} INFO - Started process (PID=5003) to work on /opt/airflow/dags/retail_pipeline_dag.py
[2026-05-03T13:18:26.402+0000] {processor.py:829} INFO - Processing file /opt/airflow/dags/retail_pipeline_dag.py for tasks to queue
[2026-05-03T13:18:26.404+0000] {logging_mixin.py:151} INFO - [2026-05-03T13:18:26.404+0000] {dagbag.py:539} INFO - Filling up the DagBag from /opt/airflow/dags/retail_pipeline_dag.py
[2026-05-03T13:18:26.419+0000] {processor.py:839} INFO - DAG(s) dict_keys(['retail_pipeline']) retrieved from /opt/airflow/dags/retail_pipeline_dag.py
[2026-05-03T13:18:26.443+0000] {logging_mixin.py:151} INFO - [2026-05-03T13:18:26.443+0000] {dag.py:2915} INFO - Sync 1 DAGs
[2026-05-03T13:18:26.455+0000] {logging_mixin.py:151} INFO - [2026-05-03T13:18:26.455+0000] {dag.py:3696} INFO - Setting next_dagrun for retail_pipeline to 2026-05-03T00:30:00+00:00, run_after=2026-05-04T00:30:00+00:00
[2026-05-03T13:18:26.465+0000] {processor.py:179} INFO - Processing /opt/airflow/dags/retail_pipeline_dag.py took 0.067 seconds
[2026-05-03T13:18:56.697+0000] {processor.py:157} INFO - Started process (PID=5013) to work on /opt/airflow/dags/retail_pipeline_dag.py
[2026-05-03T13:18:56.698+0000] {processor.py:829} INFO - Processing file /opt/airflow/dags/retail_pipeline_dag.py for tasks to queue
[2026-05-03T13:18:56.699+0000] {logging_mixin.py:151} INFO - [2026-05-03T13:18:56.699+0000] {dagbag.py:539} INFO - Filling up the DagBag from /opt/airflow/dags/retail_pipeline_dag.py
[2026-05-03T13:18:56.714+0000] {processor.py:839} INFO - DAG(s) dict_keys(['retail_pipeline']) retrieved from /opt/airflow/dags/retail_pipeline_dag.py
[2026-05-03T13:18:56.736+0000] {logging_mixin.py:151} INFO - [2026-05-03T13:18:56.735+0000] {dag.py:2915} INFO - Sync 1 DAGs
[2026-05-03T13:18:56.748+0000] {logging_mixin.py:151} INFO - [2026-05-03T13:18:56.748+0000] {dag.py:3696} INFO - Setting next_dagrun for retail_pipeline to 2026-05-03T00:30:00+00:00, run_after=2026-05-04T00:30:00+00:00
[2026-05-03T13:18:56.757+0000] {processor.py:179} INFO - Processing /opt/airflow/dags/retail_pipeline_dag.py took 0.063 seconds
[2026-05-03T13:19:27.002+0000] {processor.py:157} INFO - Started process (PID=5022) to work on /opt/airflow/dags/retail_pipeline_dag.py
[2026-05-03T13:19:27.004+0000] {processor.py:829} INFO - Processing file /opt/airflow/dags/retail_pipeline_dag.py for tasks to queue
[2026-05-03T13:19:27.005+0000] {logging_mixin.py:151} INFO - [2026-05-03T13:19:27.004+0000] {dagbag.py:539} INFO - Filling up the DagBag from /opt/airflow/dags/retail_pipeline_dag.py
[2026-05-03T13:19:27.017+0000] {processor.py:839} INFO - DAG(s) dict_keys(['retail_pipeline']) retrieved from /opt/airflow/dags/retail_pipeline_dag.py
[2026-05-03T13:19:27.038+0000] {logging_mixin.py:151} INFO - [2026-05-03T13:19:27.037+0000] {dag.py:2915} INFO - Sync 1 DAGs
[2026-05-03T13:19:27.049+0000] {logging_mixin.py:151} INFO - [2026-05-03T13:19:27.049+0000] {dag.py:3696} INFO - Setting next_dagrun for retail_pipeline to 2026-05-03T00:30:00+00:00, run_after=2026-05-04T00:30:00+00:00
[2026-05-03T13:19:27.060+0000] {processor.py:179} INFO - Processing /opt/airflow/dags/retail_pipeline_dag.py took 0.062 seconds
[2026-05-03T13:19:57.335+0000] {processor.py:157} INFO - Started process (PID=5033) to work on /opt/airflow/dags/retail_pipeline_dag.py
[2026-05-03T13:19:57.337+0000] {processor.py:829} INFO - Processing file /opt/airflow/dags/retail_pipeline_dag.py for tasks to queue
[2026-05-03T13:19:57.337+0000] {logging_mixin.py:151} INFO - [2026-05-03T13:19:57.337+0000] {dagbag.py:539} INFO - Filling up the DagBag from /opt/airflow/dags/retail_pipeline_dag.py
[2026-05-03T13:19:57.361+0000] {processor.py:839} INFO - DAG(s) dict_keys(['retail_pipeline']) retrieved from /opt/airflow/dags/retail_pipeline_dag.py
[2026-05-03T13:19:57.389+0000] {logging_mixin.py:151} INFO - [2026-05-03T13:19:57.389+0000] {dag.py:2915} INFO - Sync 1 DAGs
[2026-05-03T13:19:57.402+0000] {logging_mixin.py:151} INFO - [2026-05-03T13:19:57.402+0000] {dag.py:3696} INFO - Setting next_dagrun for retail_pipeline to 2026-05-03T00:30:00+00:00, run_after=2026-05-04T00:30:00+00:00
[2026-05-03T13:19:57.414+0000] {processor.py:179} INFO - Processing /opt/airflow/dags/retail_pipeline_dag.py took 0.084 seconds
[2026-05-03T13:20:27.673+0000] {processor.py:157} INFO - Started process (PID=5043) to work on /opt/airflow/dags/retail_pipeline_dag.py
[2026-05-03T13:20:27.674+0000] {processor.py:829} INFO - Processing file /opt/airflow/dags/retail_pipeline_dag.py for tasks to queue
[2026-05-03T13:20:27.676+0000] {logging_mixin.py:151} INFO - [2026-05-03T13:20:27.676+0000] {dagbag.py:539} INFO - Filling up the DagBag from /opt/airflow/dags/retail_pipeline_dag.py
[2026-05-03T13:20:27.696+0000] {processor.py:839} INFO - DAG(s) dict_keys(['retail_pipeline']) retrieved from /opt/airflow/dags/retail_pipeline_dag.py
[2026-05-03T13:20:27.741+0000] {logging_mixin.py:151} INFO - [2026-05-03T13:20:27.741+0000] {dag.py:2915} INFO - Sync 1 DAGs
[2026-05-03T13:20:27.763+0000] {logging_mixin.py:151} INFO - [2026-05-03T13:20:27.763+0000] {dag.py:3696} INFO - Setting next_dagrun for retail_pipeline to 2026-05-03T00:30:00+00:00, run_after=2026-05-04T00:30:00+00:00
[2026-05-03T13:20:27.772+0000] {processor.py:179} INFO - Processing /opt/airflow/dags/retail_pipeline_dag.py took 0.104 seconds
[2026-05-03T13:20:58.037+0000] {processor.py:157} INFO - Started process (PID=5053) to work on /opt/airflow/dags/retail_pipeline_dag.py
[2026-05-03T13:20:58.037+0000] {processor.py:829} INFO - Processing file /opt/airflow/dags/retail_pipeline_dag.py for tasks to queue
[2026-05-03T13:20:58.039+0000] {logging_mixin.py:151} INFO - [2026-05-03T13:20:58.039+0000] {dagbag.py:539} INFO - Filling up the DagBag from /opt/airflow/dags/retail_pipeline_dag.py
[2026-05-03T13:20:58.054+0000] {processor.py:839} INFO - DAG(s) dict_keys(['retail_pipeline']) retrieved from /opt/airflow/dags/retail_pipeline_dag.py
[2026-05-03T13:20:58.082+0000] {logging_mixin.py:151} INFO - [2026-05-03T13:20:58.082+0000] {dag.py:2915} INFO - Sync 1 DAGs
[2026-05-03T13:20:58.096+0000] {logging_mixin.py:151} INFO - [2026-05-03T13:20:58.096+0000] {dag.py:3696} INFO - Setting next_dagrun for retail_pipeline to 2026-05-03T00:30:00+00:00, run_after=2026-05-04T00:30:00+00:00
[2026-05-03T13:20:58.106+0000] {processor.py:179} INFO - Processing /opt/airflow/dags/retail_pipeline_dag.py took 0.073 seconds
[2026-05-03T13:21:28.340+0000] {processor.py:157} INFO - Started process (PID=5062) to work on /opt/airflow/dags/retail_pipeline_dag.py
[2026-05-03T13:21:28.341+0000] {processor.py:829} INFO - Processing file /opt/airflow/dags/retail_pipeline_dag.py for tasks to queue
[2026-05-03T13:21:28.342+0000] {logging_mixin.py:151} INFO - [2026-05-03T13:21:28.342+0000] {dagbag.py:539} INFO - Filling up the DagBag from /opt/airflow/dags/retail_pipeline_dag.py
[2026-05-03T13:21:28.353+0000] {processor.py:839} INFO - DAG(s) dict_keys(['retail_pipeline']) retrieved from /opt/airflow/dags/retail_pipeline_dag.py
[2026-05-03T13:21:28.372+0000] {logging_mixin.py:151} INFO - [2026-05-03T13:21:28.372+0000] {dag.py:2915} INFO - Sync 1 DAGs
[2026-05-03T13:21:28.385+0000] {logging_mixin.py:151} INFO - [2026-05-03T13:21:28.385+0000] {dag.py:3696} INFO - Setting next_dagrun for retail_pipeline to 2026-05-03T00:30:00+00:00, run_after=2026-05-04T00:30:00+00:00
[2026-05-03T13:21:28.398+0000] {processor.py:179} INFO - Processing /opt/airflow/dags/retail_pipeline_dag.py took 0.060 seconds
[2026-05-03T13:21:58.623+0000] {processor.py:157} INFO - Started process (PID=5073) to work on /opt/airflow/dags/retail_pipeline_dag.py
[2026-05-03T13:21:58.623+0000] {processor.py:829} INFO - Processing file /opt/airflow/dags/retail_pipeline_dag.py for tasks to queue
[2026-05-03T13:21:58.624+0000] {logging_mixin.py:151} INFO - [2026-05-03T13:21:58.624+0000] {dagbag.py:539} INFO - Filling up the DagBag from /opt/airflow/dags/retail_pipeline_dag.py
[2026-05-03T13:21:58.655+0000] {processor.py:839} INFO - DAG(s) dict_keys(['retail_pipeline']) retrieved from /opt/airflow/dags/retail_pipeline_dag.py
[2026-05-03T13:21:58.693+0000] {logging_mixin.py:151} INFO - [2026-05-03T13:21:58.693+0000] {dag.py:2915} INFO - Sync 1 DAGs
[2026-05-03T13:21:58.710+0000] {logging_mixin.py:151} INFO - [2026-05-03T13:21:58.710+0000] {dag.py:3696} INFO - Setting next_dagrun for retail_pipeline to 2026-05-03T00:30:00+00:00, run_after=2026-05-04T00:30:00+00:00
[2026-05-03T13:21:58.726+0000] {processor.py:179} INFO - Processing /opt/airflow/dags/retail_pipeline_dag.py took 0.109 seconds
[2026-05-03T13:22:28.824+0000] {processor.py:157} INFO - Started process (PID=5083) to work on /opt/airflow/dags/retail_pipeline_dag.py
[2026-05-03T13:22:28.824+0000] {processor.py:829} INFO - Processing file /opt/airflow/dags/retail_pipeline_dag.py for tasks to queue
[2026-05-03T13:22:28.827+0000] {logging_mixin.py:151} INFO - [2026-05-03T13:22:28.827+0000] {dagbag.py:539} INFO - Filling up the DagBag from /opt/airflow/dags/retail_pipeline_dag.py
[2026-05-03T13:22:28.839+0000] {processor.py:839} INFO - DAG(s) dict_keys(['retail_pipeline']) retrieved from /opt/airflow/dags/retail_pipeline_dag.py
[2026-05-03T13:22:28.861+0000] {logging_mixin.py:151} INFO - [2026-05-03T13:22:28.861+0000] {dag.py:2915} INFO - Sync 1 DAGs
[2026-05-03T13:22:28.876+0000] {logging_mixin.py:151} INFO - [2026-05-03T13:22:28.876+0000] {dag.py:3696} INFO - Setting next_dagrun for retail_pipeline to 2026-05-03T00:30:00+00:00, run_after=2026-05-04T00:30:00+00:00
[2026-05-03T13:22:28.886+0000] {processor.py:179} INFO - Processing /opt/airflow/dags/retail_pipeline_dag.py took 0.066 seconds
[2026-05-03T13:22:59.138+0000] {processor.py:157} INFO - Started process (PID=5093) to work on /opt/airflow/dags/retail_pipeline_dag.py
[2026-05-03T13:22:59.139+0000] {processor.py:829} INFO - Processing file /opt/airflow/dags/retail_pipeline_dag.py for tasks to queue
[2026-05-03T13:22:59.142+0000] {logging_mixin.py:151} INFO - [2026-05-03T13:22:59.141+0000] {dagbag.py:539} INFO - Filling up the DagBag from /opt/airflow/dags/retail_pipeline_dag.py
[2026-05-03T13:22:59.167+0000] {processor.py:839} INFO - DAG(s) dict_keys(['retail_pipeline']) retrieved from /opt/airflow/dags/retail_pipeline_dag.py
[2026-05-03T13:22:59.206+0000] {logging_mixin.py:151} INFO - [2026-05-03T13:22:59.206+0000] {dag.py:2915} INFO - Sync 1 DAGs
[2026-05-03T13:22:59.224+0000] {logging_mixin.py:151} INFO - [2026-05-03T13:22:59.223+0000] {dag.py:3696} INFO - Setting next_dagrun for retail_pipeline to 2026-05-03T00:30:00+00:00, run_after=2026-05-04T00:30:00+00:00
[2026-05-03T13:22:59.240+0000] {processor.py:179} INFO - Processing /opt/airflow/dags/retail_pipeline_dag.py took 0.107 seconds
[2026-05-03T13:23:29.510+0000] {processor.py:157} INFO - Started process (PID=5103) to work on /opt/airflow/dags/retail_pipeline_dag.py
[2026-05-03T13:23:29.512+0000] {processor.py:829} INFO - Processing file /opt/airflow/dags/retail_pipeline_dag.py for tasks to queue
[2026-05-03T13:23:29.516+0000] {logging_mixin.py:151} INFO - [2026-05-03T13:23:29.516+0000] {dagbag.py:539} INFO - Filling up the DagBag from /opt/airflow/dags/retail_pipeline_dag.py
[2026-05-03T13:23:29.532+0000] {processor.py:839} INFO - DAG(s) dict_keys(['retail_pipeline']) retrieved from /opt/airflow/dags/retail_pipeline_dag.py
[2026-05-03T13:23:29.555+0000] {logging_mixin.py:151} INFO - [2026-05-03T13:23:29.555+0000] {dag.py:2915} INFO - Sync 1 DAGs
[2026-05-03T13:23:29.567+0000] {logging_mixin.py:151} INFO - [2026-05-03T13:23:29.567+0000] {dag.py:3696} INFO - Setting next_dagrun for retail_pipeline to 2026-05-03T00:30:00+00:00, run_after=2026-05-04T00:30:00+00:00
[2026-05-03T13:23:29.576+0000] {processor.py:179} INFO - Processing /opt/airflow/dags/retail_pipeline_dag.py took 0.071 seconds
[2026-05-03T13:23:59.819+0000] {processor.py:157} INFO - Started process (PID=5113) to work on /opt/airflow/dags/retail_pipeline_dag.py
[2026-05-03T13:23:59.821+0000] {processor.py:829} INFO - Processing file /opt/airflow/dags/retail_pipeline_dag.py for tasks to queue
[2026-05-03T13:23:59.822+0000] {logging_mixin.py:151} INFO - [2026-05-03T13:23:59.822+0000] {dagbag.py:539} INFO - Filling up the DagBag from /opt/airflow/dags/retail_pipeline_dag.py
[2026-05-03T13:23:59.836+0000] {processor.py:839} INFO - DAG(s) dict_keys(['retail_pipeline']) retrieved from /opt/airflow/dags/retail_pipeline_dag.py
[2026-05-03T13:23:59.859+0000] {logging_mixin.py:151} INFO - [2026-05-03T13:23:59.859+0000] {dag.py:2915} INFO - Sync 1 DAGs
[2026-05-03T13:23:59.874+0000] {logging_mixin.py:151} INFO - [2026-05-03T13:23:59.874+0000] {dag.py:3696} INFO - Setting next_dagrun for retail_pipeline to 2026-05-03T00:30:00+00:00, run_after=2026-05-04T00:30:00+00:00
[2026-05-03T13:23:59.883+0000] {processor.py:179} INFO - Processing /opt/airflow/dags/retail_pipeline_dag.py took 0.069 seconds
[2026-05-03T13:24:30.035+0000] {processor.py:157} INFO - Started process (PID=5123) to work on /opt/airflow/dags/retail_pipeline_dag.py
[2026-05-03T13:24:30.036+0000] {processor.py:829} INFO - Processing file /opt/airflow/dags/retail_pipeline_dag.py for tasks to queue
[2026-05-03T13:24:30.037+0000] {logging_mixin.py:151} INFO - [2026-05-03T13:24:30.037+0000] {dagbag.py:539} INFO - Filling up the DagBag from /opt/airflow/dags/retail_pipeline_dag.py
[2026-05-03T13:24:30.052+0000] {processor.py:839} INFO - DAG(s) dict_keys(['retail_pipeline']) retrieved from /opt/airflow/dags/retail_pipeline_dag.py
[2026-05-03T13:24:30.072+0000] {logging_mixin.py:151} INFO - [2026-05-03T13:24:30.072+0000] {dag.py:2915} INFO - Sync 1 DAGs
[2026-05-03T13:24:30.091+0000] {logging_mixin.py:151} INFO - [2026-05-03T13:24:30.091+0000] {dag.py:3696} INFO - Setting next_dagrun for retail_pipeline to 2026-05-03T00:30:00+00:00, run_after=2026-05-04T00:30:00+00:00
[2026-05-03T13:24:30.101+0000] {processor.py:179} INFO - Processing /opt/airflow/dags/retail_pipeline_dag.py took 0.070 seconds
[2026-05-03T13:25:00.363+0000] {processor.py:157} INFO - Started process (PID=5133) to work on /opt/airflow/dags/retail_pipeline_dag.py
[2026-05-03T13:25:00.369+0000] {processor.py:829} INFO - Processing file /opt/airflow/dags/retail_pipeline_dag.py for tasks to queue
[2026-05-03T13:25:00.372+0000] {logging_mixin.py:151} INFO - [2026-05-03T13:25:00.372+0000] {dagbag.py:539} INFO - Filling up the DagBag from /opt/airflow/dags/retail_pipeline_dag.py
[2026-05-03T13:25:00.391+0000] {processor.py:839} INFO - DAG(s) dict_keys(['retail_pipeline']) retrieved from /opt/airflow/dags/retail_pipeline_dag.py
[2026-05-03T13:25:00.423+0000] {logging_mixin.py:151} INFO - [2026-05-03T13:25:00.423+0000] {dag.py:2915} INFO - Sync 1 DAGs
[2026-05-03T13:25:00.435+0000] {logging_mixin.py:151} INFO - [2026-05-03T13:25:00.435+0000] {dag.py:3696} INFO - Setting next_dagrun for retail_pipeline to 2026-05-03T00:30:00+00:00, run_after=2026-05-04T00:30:00+00:00
[2026-05-03T13:25:00.448+0000] {processor.py:179} INFO - Processing /opt/airflow/dags/retail_pipeline_dag.py took 0.089 seconds
[2026-05-03T13:25:30.704+0000] {processor.py:157} INFO - Started process (PID=5143) to work on /opt/airflow/dags/retail_pipeline_dag.py
[2026-05-03T13:25:30.706+0000] {processor.py:829} INFO - Processing file /opt/airflow/dags/retail_pipeline_dag.py for tasks to queue
[2026-05-03T13:25:30.707+0000] {logging_mixin.py:151} INFO - [2026-05-03T13:25:30.707+0000] {dagbag.py:539} INFO - Filling up the DagBag from /opt/airflow/dags/retail_pipeline_dag.py
[2026-05-03T13:25:30.719+0000] {processor.py:839} INFO - DAG(s) dict_keys(['retail_pipeline']) retrieved from /opt/airflow/dags/retail_pipeline_dag.py
[2026-05-03T13:25:30.741+0000] {logging_mixin.py:151} INFO - [2026-05-03T13:25:30.741+0000] {dag.py:2915} INFO - Sync 1 DAGs
[2026-05-03T13:25:30.750+0000] {logging_mixin.py:151} INFO - [2026-05-03T13:25:30.750+0000] {dag.py:3696} INFO - Setting next_dagrun for retail_pipeline to 2026-05-03T00:30:00+00:00, run_after=2026-05-04T00:30:00+00:00
[2026-05-03T13:25:30.760+0000] {processor.py:179} INFO - Processing /opt/airflow/dags/retail_pipeline_dag.py took 0.058 seconds
[2026-05-03T13:26:00.994+0000] {processor.py:157} INFO - Started process (PID=5153) to work on /opt/airflow/dags/retail_pipeline_dag.py
[2026-05-03T13:26:00.995+0000] {processor.py:829} INFO - Processing file /opt/airflow/dags/retail_pipeline_dag.py for tasks to queue
[2026-05-03T13:26:00.997+0000] {logging_mixin.py:151} INFO - [2026-05-03T13:26:00.996+0000] {dagbag.py:539} INFO - Filling up the DagBag from /opt/airflow/dags/retail_pipeline_dag.py
[2026-05-03T13:26:01.007+0000] {processor.py:839} INFO - DAG(s) dict_keys(['retail_pipeline']) retrieved from /opt/airflow/dags/retail_pipeline_dag.py
[2026-05-03T13:26:01.028+0000] {logging_mixin.py:151} INFO - [2026-05-03T13:26:01.028+0000] {dag.py:2915} INFO - Sync 1 DAGs
[2026-05-03T13:26:01.041+0000] {logging_mixin.py:151} INFO - [2026-05-03T13:26:01.041+0000] {dag.py:3696} INFO - Setting next_dagrun for retail_pipeline to 2026-05-03T00:30:00+00:00, run_after=2026-05-04T00:30:00+00:00
[2026-05-03T13:26:01.049+0000] {processor.py:179} INFO - Processing /opt/airflow/dags/retail_pipeline_dag.py took 0.059 seconds
[2026-05-03T13:26:31.291+0000] {processor.py:157} INFO - Started process (PID=5163) to work on /opt/airflow/dags/retail_pipeline_dag.py
[2026-05-03T13:26:31.292+0000] {processor.py:829} INFO - Processing file /opt/airflow/dags/retail_pipeline_dag.py for tasks to queue
[2026-05-03T13:26:31.293+0000] {logging_mixin.py:151} INFO - [2026-05-03T13:26:31.293+0000] {dagbag.py:539} INFO - Filling up the DagBag from /opt/airflow/dags/retail_pipeline_dag.py
[2026-05-03T13:26:31.306+0000] {processor.py:839} INFO - DAG(s) dict_keys(['retail_pipeline']) retrieved from /opt/airflow/dags/retail_pipeline_dag.py
[2026-05-03T13:26:31.325+0000] {logging_mixin.py:151} INFO - [2026-05-03T13:26:31.325+0000] {dag.py:2915} INFO - Sync 1 DAGs
[2026-05-03T13:26:31.337+0000] {logging_mixin.py:151} INFO - [2026-05-03T13:26:31.337+0000] {dag.py:3696} INFO - Setting next_dagrun for retail_pipeline to 2026-05-03T00:30:00+00:00, run_after=2026-05-04T00:30:00+00:00
[2026-05-03T13:26:31.348+0000] {processor.py:179} INFO - Processing /opt/airflow/dags/retail_pipeline_dag.py took 0.059 seconds
[2026-05-03T13:27:01.593+0000] {processor.py:157} INFO - Started process (PID=5173) to work on /opt/airflow/dags/retail_pipeline_dag.py
[2026-05-03T13:27:01.595+0000] {processor.py:829} INFO - Processing file /opt/airflow/dags/retail_pipeline_dag.py for tasks to queue
[2026-05-03T13:27:01.596+0000] {logging_mixin.py:151} INFO - [2026-05-03T13:27:01.596+0000] {dagbag.py:539} INFO - Filling up the DagBag from /opt/airflow/dags/retail_pipeline_dag.py
[2026-05-03T13:27:01.611+0000] {processor.py:839} INFO - DAG(s) dict_keys(['retail_pipeline']) retrieved from /opt/airflow/dags/retail_pipeline_dag.py
[2026-05-03T13:27:01.636+0000] {logging_mixin.py:151} INFO - [2026-05-03T13:27:01.636+0000] {dag.py:2915} INFO - Sync 1 DAGs
[2026-05-03T13:27:01.649+0000] {logging_mixin.py:151} INFO - [2026-05-03T13:27:01.649+0000] {dag.py:3696} INFO - Setting next_dagrun for retail_pipeline to 2026-05-03T00:30:00+00:00, run_after=2026-05-04T00:30:00+00:00
[2026-05-03T13:27:01.658+0000] {processor.py:179} INFO - Processing /opt/airflow/dags/retail_pipeline_dag.py took 0.069 seconds
[2026-05-03T13:27:31.860+0000] {processor.py:157} INFO - Started process (PID=5183) to work on /opt/airflow/dags/retail_pipeline_dag.py
[2026-05-03T13:27:31.863+0000] {processor.py:829} INFO - Processing file /opt/airflow/dags/retail_pipeline_dag.py for tasks to queue
[2026-05-03T13:27:31.863+0000] {logging_mixin.py:151} INFO - [2026-05-03T13:27:31.863+0000] {dagbag.py:539} INFO - Filling up the DagBag from /opt/airflow/dags/retail_pipeline_dag.py
[2026-05-03T13:27:31.874+0000] {processor.py:839} INFO - DAG(s) dict_keys(['retail_pipeline']) retrieved from /opt/airflow/dags/retail_pipeline_dag.py
[2026-05-03T13:27:31.891+0000] {logging_mixin.py:151} INFO - [2026-05-03T13:27:31.891+0000] {dag.py:2915} INFO - Sync 1 DAGs
[2026-05-03T13:27:31.904+0000] {logging_mixin.py:151} INFO - [2026-05-03T13:27:31.904+0000] {dag.py:3696} INFO - Setting next_dagrun for retail_pipeline to 2026-05-03T00:30:00+00:00, run_after=2026-05-04T00:30:00+00:00
[2026-05-03T13:27:31.914+0000] {processor.py:179} INFO - Processing /opt/airflow/dags/retail_pipeline_dag.py took 0.058 seconds
[2026-05-03T13:28:02.094+0000] {processor.py:157} INFO - Started process (PID=5193) to work on /opt/airflow/dags/retail_pipeline_dag.py
[2026-05-03T13:28:02.095+0000] {processor.py:829} INFO - Processing file /opt/airflow/dags/retail_pipeline_dag.py for tasks to queue
[2026-05-03T13:28:02.095+0000] {logging_mixin.py:151} INFO - [2026-05-03T13:28:02.095+0000] {dagbag.py:539} INFO - Filling up the DagBag from /opt/airflow/dags/retail_pipeline_dag.py
[2026-05-03T13:28:02.111+0000] {processor.py:839} INFO - DAG(s) dict_keys(['retail_pipeline']) retrieved from /opt/airflow/dags/retail_pipeline_dag.py
[2026-05-03T13:28:02.138+0000] {logging_mixin.py:151} INFO - [2026-05-03T13:28:02.138+0000] {dag.py:2915} INFO - Sync 1 DAGs
[2026-05-03T13:28:02.155+0000] {logging_mixin.py:151} INFO - [2026-05-03T13:28:02.155+0000] {dag.py:3696} INFO - Setting next_dagrun for retail_pipeline to 2026-05-03T00:30:00+00:00, run_after=2026-05-04T00:30:00+00:00
[2026-05-03T13:28:02.169+0000] {processor.py:179} INFO - Processing /opt/airflow/dags/retail_pipeline_dag.py took 0.078 seconds
[2026-05-03T13:28:32.428+0000] {processor.py:157} INFO - Started process (PID=5203) to work on /opt/airflow/dags/retail_pipeline_dag.py
[2026-05-03T13:28:32.430+0000] {processor.py:829} INFO - Processing file /opt/airflow/dags/retail_pipeline_dag.py for tasks to queue
[2026-05-03T13:28:32.431+0000] {logging_mixin.py:151} INFO - [2026-05-03T13:28:32.431+0000] {dagbag.py:539} INFO - Filling up the DagBag from /opt/airflow/dags/retail_pipeline_dag.py
[2026-05-03T13:28:32.444+0000] {processor.py:839} INFO - DAG(s) dict_keys(['retail_pipeline']) retrieved from /opt/airflow/dags/retail_pipeline_dag.py
[2026-05-03T13:28:32.465+0000] {logging_mixin.py:151} INFO - [2026-05-03T13:28:32.465+0000] {dag.py:2915} INFO - Sync 1 DAGs
[2026-05-03T13:28:32.478+0000] {logging_mixin.py:151} INFO - [2026-05-03T13:28:32.477+0000] {dag.py:3696} INFO - Setting next_dagrun for retail_pipeline to 2026-05-03T00:30:00+00:00, run_after=2026-05-04T00:30:00+00:00
[2026-05-03T13:28:32.487+0000] {processor.py:179} INFO - Processing /opt/airflow/dags/retail_pipeline_dag.py took 0.062 seconds
[2026-05-03T13:29:02.706+0000] {processor.py:157} INFO - Started process (PID=5213) to work on /opt/airflow/dags/retail_pipeline_dag.py
[2026-05-03T13:29:02.707+0000] {processor.py:829} INFO - Processing file /opt/airflow/dags/retail_pipeline_dag.py for tasks to queue
[2026-05-03T13:29:02.708+0000] {logging_mixin.py:151} INFO - [2026-05-03T13:29:02.708+0000] {dagbag.py:539} INFO - Filling up the DagBag from /opt/airflow/dags/retail_pipeline_dag.py
[2026-05-03T13:29:02.724+0000] {processor.py:839} INFO - DAG(s) dict_keys(['retail_pipeline']) retrieved from /opt/airflow/dags/retail_pipeline_dag.py
[2026-05-03T13:29:02.752+0000] {logging_mixin.py:151} INFO - [2026-05-03T13:29:02.752+0000] {dag.py:2915} INFO - Sync 1 DAGs
[2026-05-03T13:29:02.772+0000] {logging_mixin.py:151} INFO - [2026-05-03T13:29:02.772+0000] {dag.py:3696} INFO - Setting next_dagrun for retail_pipeline to 2026-05-03T00:30:00+00:00, run_after=2026-05-04T00:30:00+00:00
[2026-05-03T13:29:02.784+0000] {processor.py:179} INFO - Processing /opt/airflow/dags/retail_pipeline_dag.py took 0.084 seconds
[2026-05-03T13:29:32.934+0000] {processor.py:157} INFO - Started process (PID=5223) to work on /opt/airflow/dags/retail_pipeline_dag.py
[2026-05-03T13:29:32.935+0000] {processor.py:829} INFO - Processing file /opt/airflow/dags/retail_pipeline_dag.py for tasks to queue
[2026-05-03T13:29:32.935+0000] {logging_mixin.py:151} INFO - [2026-05-03T13:29:32.935+0000] {dagbag.py:539} INFO - Filling up the DagBag from /opt/airflow/dags/retail_pipeline_dag.py
[2026-05-03T13:29:32.959+0000] {processor.py:839} INFO - DAG(s) dict_keys(['retail_pipeline']) retrieved from /opt/airflow/dags/retail_pipeline_dag.py
[2026-05-03T13:29:32.992+0000] {logging_mixin.py:151} INFO - [2026-05-03T13:29:32.992+0000] {dag.py:2915} INFO - Sync 1 DAGs
[2026-05-03T13:29:33.008+0000] {logging_mixin.py:151} INFO - [2026-05-03T13:29:33.008+0000] {dag.py:3696} INFO - Setting next_dagrun for retail_pipeline to 2026-05-03T00:30:00+00:00, run_after=2026-05-04T00:30:00+00:00
[2026-05-03T13:29:33.019+0000] {processor.py:179} INFO - Processing /opt/airflow/dags/retail_pipeline_dag.py took 0.088 seconds
[2026-05-03T13:30:03.164+0000] {processor.py:157} INFO - Started process (PID=5233) to work on /opt/airflow/dags/retail_pipeline_dag.py
[2026-05-03T13:30:03.165+0000] {processor.py:829} INFO - Processing file /opt/airflow/dags/retail_pipeline_dag.py for tasks to queue
[2026-05-03T13:30:03.167+0000] {logging_mixin.py:151} INFO - [2026-05-03T13:30:03.166+0000] {dagbag.py:539} INFO - Filling up the DagBag from /opt/airflow/dags/retail_pipeline_dag.py
[2026-05-03T13:30:03.184+0000] {processor.py:839} INFO - DAG(s) dict_keys(['retail_pipeline']) retrieved from /opt/airflow/dags/retail_pipeline_dag.py
[2026-05-03T13:30:03.212+0000] {logging_mixin.py:151} INFO - [2026-05-03T13:30:03.212+0000] {dag.py:2915} INFO - Sync 1 DAGs
[2026-05-03T13:30:03.229+0000] {logging_mixin.py:151} INFO - [2026-05-03T13:30:03.229+0000] {dag.py:3696} INFO - Setting next_dagrun for retail_pipeline to 2026-05-03T00:30:00+00:00, run_after=2026-05-04T00:30:00+00:00
[2026-05-03T13:30:03.236+0000] {processor.py:179} INFO - Processing /opt/airflow/dags/retail_pipeline_dag.py took 0.075 seconds
[2026-05-03T13:30:33.406+0000] {processor.py:157} INFO - Started process (PID=5243) to work on /opt/airflow/dags/retail_pipeline_dag.py
[2026-05-03T13:30:33.406+0000] {processor.py:829} INFO - Processing file /opt/airflow/dags/retail_pipeline_dag.py for tasks to queue
[2026-05-03T13:30:33.407+0000] {logging_mixin.py:151} INFO - [2026-05-03T13:30:33.407+0000] {dagbag.py:539} INFO - Filling up the DagBag from /opt/airflow/dags/retail_pipeline_dag.py
[2026-05-03T13:30:33.424+0000] {processor.py:839} INFO - DAG(s) dict_keys(['retail_pipeline']) retrieved from /opt/airflow/dags/retail_pipeline_dag.py
[2026-05-03T13:30:33.453+0000] {logging_mixin.py:151} INFO - [2026-05-03T13:30:33.453+0000] {dag.py:2915} INFO - Sync 1 DAGs
[2026-05-03T13:30:33.466+0000] {logging_mixin.py:151} INFO - [2026-05-03T13:30:33.466+0000] {dag.py:3696} INFO - Setting next_dagrun for retail_pipeline to 2026-05-03T00:30:00+00:00, run_after=2026-05-04T00:30:00+00:00
[2026-05-03T13:30:33.474+0000] {processor.py:179} INFO - Processing /opt/airflow/dags/retail_pipeline_dag.py took 0.072 seconds
[2026-05-03T13:31:03.659+0000] {processor.py:157} INFO - Started process (PID=5253) to work on /opt/airflow/dags/retail_pipeline_dag.py
[2026-05-03T13:31:03.660+0000] {processor.py:829} INFO - Processing file /opt/airflow/dags/retail_pipeline_dag.py for tasks to queue
[2026-05-03T13:31:03.661+0000] {logging_mixin.py:151} INFO - [2026-05-03T13:31:03.661+0000] {dagbag.py:539} INFO - Filling up the DagBag from /opt/airflow/dags/retail_pipeline_dag.py
[2026-05-03T13:31:03.682+0000] {processor.py:839} INFO - DAG(s) dict_keys(['retail_pipeline']) retrieved from /opt/airflow/dags/retail_pipeline_dag.py
[2026-05-03T13:31:03.717+0000] {logging_mixin.py:151} INFO - [2026-05-03T13:31:03.717+0000] {dag.py:2915} INFO - Sync 1 DAGs
[2026-05-03T13:31:03.733+0000] {logging_mixin.py:151} INFO - [2026-05-03T13:31:03.733+0000] {dag.py:3696} INFO - Setting next_dagrun for retail_pipeline to 2026-05-03T00:30:00+00:00, run_after=2026-05-04T00:30:00+00:00
[2026-05-03T13:31:03.743+0000] {processor.py:179} INFO - Processing /opt/airflow/dags/retail_pipeline_dag.py took 0.088 seconds
[2026-05-03T13:31:33.883+0000] {processor.py:157} INFO - Started process (PID=5263) to work on /opt/airflow/dags/retail_pipeline_dag.py
[2026-05-03T13:31:33.885+0000] {processor.py:829} INFO - Processing file /opt/airflow/dags/retail_pipeline_dag.py for tasks to queue
[2026-05-03T13:31:33.886+0000] {logging_mixin.py:151} INFO - [2026-05-03T13:31:33.886+0000] {dagbag.py:539} INFO - Filling up the DagBag from /opt/airflow/dags/retail_pipeline_dag.py
[2026-05-03T13:31:33.905+0000] {processor.py:839} INFO - DAG(s) dict_keys(['retail_pipeline']) retrieved from /opt/airflow/dags/retail_pipeline_dag.py
[2026-05-03T13:31:33.941+0000] {logging_mixin.py:151} INFO - [2026-05-03T13:31:33.941+0000] {dag.py:2915} INFO - Sync 1 DAGs
[2026-05-03T13:31:33.957+0000] {logging_mixin.py:151} INFO - [2026-05-03T13:31:33.957+0000] {dag.py:3696} INFO - Setting next_dagrun for retail_pipeline to 2026-05-03T00:30:00+00:00, run_after=2026-05-04T00:30:00+00:00
[2026-05-03T13:31:33.965+0000] {processor.py:179} INFO - Processing /opt/airflow/dags/retail_pipeline_dag.py took 0.088 seconds
[2026-05-03T13:32:04.183+0000] {processor.py:157} INFO - Started process (PID=5273) to work on /opt/airflow/dags/retail_pipeline_dag.py
[2026-05-03T13:32:04.185+0000] {processor.py:829} INFO - Processing file /opt/airflow/dags/retail_pipeline_dag.py for tasks to queue
[2026-05-03T13:32:04.185+0000] {logging_mixin.py:151} INFO - [2026-05-03T13:32:04.185+0000] {dagbag.py:539} INFO - Filling up the DagBag from /opt/airflow/dags/retail_pipeline_dag.py
[2026-05-03T13:32:04.207+0000] {processor.py:839} INFO - DAG(s) dict_keys(['retail_pipeline']) retrieved from /opt/airflow/dags/retail_pipeline_dag.py
[2026-05-03T13:32:04.234+0000] {logging_mixin.py:151} INFO - [2026-05-03T13:32:04.234+0000] {dag.py:2915} INFO - Sync 1 DAGs
[2026-05-03T13:32:04.246+0000] {logging_mixin.py:151} INFO - [2026-05-03T13:32:04.246+0000] {dag.py:3696} INFO - Setting next_dagrun for retail_pipeline to 2026-05-03T00:30:00+00:00, run_after=2026-05-04T00:30:00+00:00
[2026-05-03T13:32:04.252+0000] {processor.py:179} INFO - Processing /opt/airflow/dags/retail_pipeline_dag.py took 0.073 seconds
[2026-05-03T13:32:34.416+0000] {processor.py:157} INFO - Started process (PID=5283) to work on /opt/airflow/dags/retail_pipeline_dag.py
[2026-05-03T13:32:34.418+0000] {processor.py:829} INFO - Processing file /opt/airflow/dags/retail_pipeline_dag.py for tasks to queue
[2026-05-03T13:32:34.419+0000] {logging_mixin.py:151} INFO - [2026-05-03T13:32:34.419+0000] {dagbag.py:539} INFO - Filling up the DagBag from /opt/airflow/dags/retail_pipeline_dag.py
[2026-05-03T13:32:34.431+0000] {processor.py:839} INFO - DAG(s) dict_keys(['retail_pipeline']) retrieved from /opt/airflow/dags/retail_pipeline_dag.py
[2026-05-03T13:32:34.447+0000] {logging_mixin.py:151} INFO - [2026-05-03T13:32:34.447+0000] {dag.py:2915} INFO - Sync 1 DAGs
[2026-05-03T13:32:34.457+0000] {logging_mixin.py:151} INFO - [2026-05-03T13:32:34.457+0000] {dag.py:3696} INFO - Setting next_dagrun for retail_pipeline to 2026-05-03T00:30:00+00:00, run_after=2026-05-04T00:30:00+00:00
[2026-05-03T13:32:34.463+0000] {processor.py:179} INFO - Processing /opt/airflow/dags/retail_pipeline_dag.py took 0.051 seconds
[2026-05-03T13:33:04.726+0000] {processor.py:157} INFO - Started process (PID=5293) to work on /opt/airflow/dags/retail_pipeline_dag.py
[2026-05-03T13:33:04.727+0000] {processor.py:829} INFO - Processing file /opt/airflow/dags/retail_pipeline_dag.py for tasks to queue
[2026-05-03T13:33:04.729+0000] {logging_mixin.py:151} INFO - [2026-05-03T13:33:04.728+0000] {dagbag.py:539} INFO - Filling up the DagBag from /opt/airflow/dags/retail_pipeline_dag.py
[2026-05-03T13:33:04.755+0000] {processor.py:839} INFO - DAG(s) dict_keys(['retail_pipeline']) retrieved from /opt/airflow/dags/retail_pipeline_dag.py
[2026-05-03T13:33:04.795+0000] {logging_mixin.py:151} INFO - [2026-05-03T13:33:04.795+0000] {dag.py:2915} INFO - Sync 1 DAGs
[2026-05-03T13:33:04.808+0000] {logging_mixin.py:151} INFO - [2026-05-03T13:33:04.808+0000] {dag.py:3696} INFO - Setting next_dagrun for retail_pipeline to 2026-05-03T00:30:00+00:00, run_after=2026-05-04T00:30:00+00:00
[2026-05-03T13:33:04.816+0000] {processor.py:179} INFO - Processing /opt/airflow/dags/retail_pipeline_dag.py took 0.095 seconds
[2026-05-03T13:33:34.954+0000] {processor.py:157} INFO - Started process (PID=5303) to work on /opt/airflow/dags/retail_pipeline_dag.py
[2026-05-03T13:33:34.957+0000] {processor.py:829} INFO - Processing file /opt/airflow/dags/retail_pipeline_dag.py for tasks to queue
[2026-05-03T13:33:34.957+0000] {logging_mixin.py:151} INFO - [2026-05-03T13:33:34.957+0000] {dagbag.py:539} INFO - Filling up the DagBag from /opt/airflow/dags/retail_pipeline_dag.py
[2026-05-03T13:33:34.971+0000] {processor.py:839} INFO - DAG(s) dict_keys(['retail_pipeline']) retrieved from /opt/airflow/dags/retail_pipeline_dag.py
[2026-05-03T13:33:34.992+0000] {logging_mixin.py:151} INFO - [2026-05-03T13:33:34.992+0000] {dag.py:2915} INFO - Sync 1 DAGs
[2026-05-03T13:33:35.004+0000] {logging_mixin.py:151} INFO - [2026-05-03T13:33:35.004+0000] {dag.py:3696} INFO - Setting next_dagrun for retail_pipeline to 2026-05-03T00:30:00+00:00, run_after=2026-05-04T00:30:00+00:00
[2026-05-03T13:33:35.011+0000] {processor.py:179} INFO - Processing /opt/airflow/dags/retail_pipeline_dag.py took 0.060 seconds
[2026-05-03T13:34:05.262+0000] {processor.py:157} INFO - Started process (PID=5313) to work on /opt/airflow/dags/retail_pipeline_dag.py
[2026-05-03T13:34:05.263+0000] {processor.py:829} INFO - Processing file /opt/airflow/dags/retail_pipeline_dag.py for tasks to queue
[2026-05-03T13:34:05.264+0000] {logging_mixin.py:151} INFO - [2026-05-03T13:34:05.264+0000] {dagbag.py:539} INFO - Filling up the DagBag from /opt/airflow/dags/retail_pipeline_dag.py
[2026-05-03T13:34:05.282+0000] {processor.py:839} INFO - DAG(s) dict_keys(['retail_pipeline']) retrieved from /opt/airflow/dags/retail_pipeline_dag.py
[2026-05-03T13:34:05.313+0000] {logging_mixin.py:151} INFO - [2026-05-03T13:34:05.313+0000] {dag.py:2915} INFO - Sync 1 DAGs
[2026-05-03T13:34:05.329+0000] {logging_mixin.py:151} INFO - [2026-05-03T13:34:05.329+0000] {dag.py:3696} INFO - Setting next_dagrun for retail_pipeline to 2026-05-03T00:30:00+00:00, run_after=2026-05-04T00:30:00+00:00
[2026-05-03T13:34:05.340+0000] {processor.py:179} INFO - Processing /opt/airflow/dags/retail_pipeline_dag.py took 0.087 seconds
[2026-05-03T13:34:35.519+0000] {processor.py:157} INFO - Started process (PID=5323) to work on /opt/airflow/dags/retail_pipeline_dag.py
[2026-05-03T13:34:35.522+0000] {processor.py:829} INFO - Processing file /opt/airflow/dags/retail_pipeline_dag.py for tasks to queue
[2026-05-03T13:34:35.523+0000] {logging_mixin.py:151} INFO - [2026-05-03T13:34:35.523+0000] {dagbag.py:539} INFO - Filling up the DagBag from /opt/airflow/dags/retail_pipeline_dag.py
[2026-05-03T13:34:35.543+0000] {processor.py:839} INFO - DAG(s) dict_keys(['retail_pipeline']) retrieved from /opt/airflow/dags/retail_pipeline_dag.py
[2026-05-03T13:34:35.578+0000] {logging_mixin.py:151} INFO - [2026-05-03T13:34:35.578+0000] {dag.py:2915} INFO - Sync 1 DAGs
[2026-05-03T13:34:35.597+0000] {logging_mixin.py:151} INFO - [2026-05-03T13:34:35.597+0000] {dag.py:3696} INFO - Setting next_dagrun for retail_pipeline to 2026-05-03T00:30:00+00:00, run_after=2026-05-04T00:30:00+00:00
[2026-05-03T13:34:35.605+0000] {processor.py:179} INFO - Processing /opt/airflow/dags/retail_pipeline_dag.py took 0.095 seconds
[2026-05-03T13:35:05.779+0000] {processor.py:157} INFO - Started process (PID=5333) to work on /opt/airflow/dags/retail_pipeline_dag.py
[2026-05-03T13:35:05.782+0000] {processor.py:829} INFO - Processing file /opt/airflow/dags/retail_pipeline_dag.py for tasks to queue
[2026-05-03T13:35:05.783+0000] {logging_mixin.py:151} INFO - [2026-05-03T13:35:05.783+0000] {dagbag.py:539} INFO - Filling up the DagBag from /opt/airflow/dags/retail_pipeline_dag.py
[2026-05-03T13:35:05.797+0000] {processor.py:839} INFO - DAG(s) dict_keys(['retail_pipeline']) retrieved from /opt/airflow/dags/retail_pipeline_dag.py
[2026-05-03T13:35:05.827+0000] {logging_mixin.py:151} INFO - [2026-05-03T13:35:05.827+0000] {dag.py:2915} INFO - Sync 1 DAGs
[2026-05-03T13:35:05.841+0000] {logging_mixin.py:151} INFO - [2026-05-03T13:35:05.841+0000] {dag.py:3696} INFO - Setting next_dagrun for retail_pipeline to 2026-05-03T00:30:00+00:00, run_after=2026-05-04T00:30:00+00:00
[2026-05-03T13:35:05.848+0000] {processor.py:179} INFO - Processing /opt/airflow/dags/retail_pipeline_dag.py took 0.079 seconds
[2026-05-03T13:35:36.011+0000] {processor.py:157} INFO - Started process (PID=5343) to work on /opt/airflow/dags/retail_pipeline_dag.py
[2026-05-03T13:35:36.013+0000] {processor.py:829} INFO - Processing file /opt/airflow/dags/retail_pipeline_dag.py for tasks to queue
[2026-05-03T13:35:36.014+0000] {logging_mixin.py:151} INFO - [2026-05-03T13:35:36.014+0000] {dagbag.py:539} INFO - Filling up the DagBag from /opt/airflow/dags/retail_pipeline_dag.py
[2026-05-03T13:35:36.027+0000] {processor.py:839} INFO - DAG(s) dict_keys(['retail_pipeline']) retrieved from /opt/airflow/dags/retail_pipeline_dag.py
[2026-05-03T13:35:36.043+0000] {logging_mixin.py:151} INFO - [2026-05-03T13:35:36.043+0000] {dag.py:2915} INFO - Sync 1 DAGs
[2026-05-03T13:35:36.054+0000] {logging_mixin.py:151} INFO - [2026-05-03T13:35:36.054+0000] {dag.py:3696} INFO - Setting next_dagrun for retail_pipeline to 2026-05-03T00:30:00+00:00, run_after=2026-05-04T00:30:00+00:00
[2026-05-03T13:35:36.061+0000] {processor.py:179} INFO - Processing /opt/airflow/dags/retail_pipeline_dag.py took 0.053 seconds
[2026-05-03T13:36:06.313+0000] {processor.py:157} INFO - Started process (PID=5353) to work on /opt/airflow/dags/retail_pipeline_dag.py
[2026-05-03T13:36:06.314+0000] {processor.py:829} INFO - Processing file /opt/airflow/dags/retail_pipeline_dag.py for tasks to queue
[2026-05-03T13:36:06.315+0000] {logging_mixin.py:151} INFO - [2026-05-03T13:36:06.315+0000] {dagbag.py:539} INFO - Filling up the DagBag from /opt/airflow/dags/retail_pipeline_dag.py
[2026-05-03T13:36:06.330+0000] {processor.py:839} INFO - DAG(s) dict_keys(['retail_pipeline']) retrieved from /opt/airflow/dags/retail_pipeline_dag.py
[2026-05-03T13:36:06.356+0000] {logging_mixin.py:151} INFO - [2026-05-03T13:36:06.356+0000] {dag.py:2915} INFO - Sync 1 DAGs
[2026-05-03T13:36:06.370+0000] {logging_mixin.py:151} INFO - [2026-05-03T13:36:06.370+0000] {dag.py:3696} INFO - Setting next_dagrun for retail_pipeline to 2026-05-03T00:30:00+00:00, run_after=2026-05-04T00:30:00+00:00
[2026-05-03T13:36:06.378+0000] {processor.py:179} INFO - Processing /opt/airflow/dags/retail_pipeline_dag.py took 0.068 seconds
[2026-05-03T13:36:36.551+0000] {processor.py:157} INFO - Started process (PID=5363) to work on /opt/airflow/dags/retail_pipeline_dag.py
[2026-05-03T13:36:36.552+0000] {processor.py:829} INFO - Processing file /opt/airflow/dags/retail_pipeline_dag.py for tasks to queue
[2026-05-03T13:36:36.552+0000] {logging_mixin.py:151} INFO - [2026-05-03T13:36:36.552+0000] {dagbag.py:539} INFO - Filling up the DagBag from /opt/airflow/dags/retail_pipeline_dag.py
[2026-05-03T13:36:36.562+0000] {processor.py:839} INFO - DAG(s) dict_keys(['retail_pipeline']) retrieved from /opt/airflow/dags/retail_pipeline_dag.py
[2026-05-03T13:36:36.578+0000] {logging_mixin.py:151} INFO - [2026-05-03T13:36:36.578+0000] {dag.py:2915} INFO - Sync 1 DAGs
[2026-05-03T13:36:36.588+0000] {logging_mixin.py:151} INFO - [2026-05-03T13:36:36.588+0000] {dag.py:3696} INFO - Setting next_dagrun for retail_pipeline to 2026-05-03T00:30:00+00:00, run_after=2026-05-04T00:30:00+00:00
[2026-05-03T13:36:36.595+0000] {processor.py:179} INFO - Processing /opt/airflow/dags/retail_pipeline_dag.py took 0.046 seconds
[2026-05-03T13:37:06.834+0000] {processor.py:157} INFO - Started process (PID=5373) to work on /opt/airflow/dags/retail_pipeline_dag.py
[2026-05-03T13:37:06.835+0000] {processor.py:829} INFO - Processing file /opt/airflow/dags/retail_pipeline_dag.py for tasks to queue
[2026-05-03T13:37:06.836+0000] {logging_mixin.py:151} INFO - [2026-05-03T13:37:06.835+0000] {dagbag.py:539} INFO - Filling up the DagBag from /opt/airflow/dags/retail_pipeline_dag.py
[2026-05-03T13:37:06.850+0000] {processor.py:839} INFO - DAG(s) dict_keys(['retail_pipeline']) retrieved from /opt/airflow/dags/retail_pipeline_dag.py
[2026-05-03T13:37:06.882+0000] {logging_mixin.py:151} INFO - [2026-05-03T13:37:06.881+0000] {dag.py:2915} INFO - Sync 1 DAGs
[2026-05-03T13:37:06.896+0000] {logging_mixin.py:151} INFO - [2026-05-03T13:37:06.896+0000] {dag.py:3696} INFO - Setting next_dagrun for retail_pipeline to 2026-05-03T00:30:00+00:00, run_after=2026-05-04T00:30:00+00:00
[2026-05-03T13:37:06.903+0000] {processor.py:179} INFO - Processing /opt/airflow/dags/retail_pipeline_dag.py took 0.072 seconds
[2026-05-03T13:37:37.100+0000] {processor.py:157} INFO - Started process (PID=5383) to work on /opt/airflow/dags/retail_pipeline_dag.py
[2026-05-03T13:37:37.100+0000] {processor.py:829} INFO - Processing file /opt/airflow/dags/retail_pipeline_dag.py for tasks to queue
[2026-05-03T13:37:37.102+0000] {logging_mixin.py:151} INFO - [2026-05-03T13:37:37.101+0000] {dagbag.py:539} INFO - Filling up the DagBag from /opt/airflow/dags/retail_pipeline_dag.py
[2026-05-03T13:37:37.120+0000] {processor.py:839} INFO - DAG(s) dict_keys(['retail_pipeline']) retrieved from /opt/airflow/dags/retail_pipeline_dag.py
[2026-05-03T13:37:37.156+0000] {logging_mixin.py:151} INFO - [2026-05-03T13:37:37.155+0000] {dag.py:2915} INFO - Sync 1 DAGs
[2026-05-03T13:37:37.168+0000] {logging_mixin.py:151} INFO - [2026-05-03T13:37:37.168+0000] {dag.py:3696} INFO - Setting next_dagrun for retail_pipeline to 2026-05-03T00:30:00+00:00, run_after=2026-05-04T00:30:00+00:00
[2026-05-03T13:37:37.175+0000] {processor.py:179} INFO - Processing /opt/airflow/dags/retail_pipeline_dag.py took 0.079 seconds
[2026-05-03T13:38:07.383+0000] {processor.py:157} INFO - Started process (PID=5393) to work on /opt/airflow/dags/retail_pipeline_dag.py
[2026-05-03T13:38:07.384+0000] {processor.py:829} INFO - Processing file /opt/airflow/dags/retail_pipeline_dag.py for tasks to queue
[2026-05-03T13:38:07.385+0000] {logging_mixin.py:151} INFO - [2026-05-03T13:38:07.385+0000] {dagbag.py:539} INFO - Filling up the DagBag from /opt/airflow/dags/retail_pipeline_dag.py
[2026-05-03T13:38:07.405+0000] {processor.py:839} INFO - DAG(s) dict_keys(['retail_pipeline']) retrieved from /opt/airflow/dags/retail_pipeline_dag.py
[2026-05-03T13:38:07.439+0000] {logging_mixin.py:151} INFO - [2026-05-03T13:38:07.438+0000] {dag.py:2915} INFO - Sync 1 DAGs
[2026-05-03T13:38:07.460+0000] {logging_mixin.py:151} INFO - [2026-05-03T13:38:07.459+0000] {dag.py:3696} INFO - Setting next_dagrun for retail_pipeline to 2026-05-03T00:30:00+00:00, run_after=2026-05-04T00:30:00+00:00
[2026-05-03T13:38:07.474+0000] {processor.py:179} INFO - Processing /opt/airflow/dags/retail_pipeline_dag.py took 0.096 seconds
[2026-05-03T13:38:37.738+0000] {processor.py:157} INFO - Started process (PID=5403) to work on /opt/airflow/dags/retail_pipeline_dag.py
[2026-05-03T13:38:37.739+0000] {processor.py:829} INFO - Processing file /opt/airflow/dags/retail_pipeline_dag.py for tasks to queue
[2026-05-03T13:38:37.743+0000] {logging_mixin.py:151} INFO - [2026-05-03T13:38:37.741+0000] {dagbag.py:539} INFO - Filling up the DagBag from /opt/airflow/dags/retail_pipeline_dag.py
[2026-05-03T13:38:37.761+0000] {processor.py:839} INFO - DAG(s) dict_keys(['retail_pipeline']) retrieved from /opt/airflow/dags/retail_pipeline_dag.py
[2026-05-03T13:38:37.801+0000] {logging_mixin.py:151} INFO - [2026-05-03T13:38:37.800+0000] {dag.py:2915} INFO - Sync 1 DAGs
[2026-05-03T13:38:37.815+0000] {logging_mixin.py:151} INFO - [2026-05-03T13:38:37.814+0000] {dag.py:3696} INFO - Setting next_dagrun for retail_pipeline to 2026-05-03T00:30:00+00:00, run_after=2026-05-04T00:30:00+00:00
[2026-05-03T13:38:37.822+0000] {processor.py:179} INFO - Processing /opt/airflow/dags/retail_pipeline_dag.py took 0.093 seconds
[2026-05-03T13:39:08.010+0000] {processor.py:157} INFO - Started process (PID=5413) to work on /opt/airflow/dags/retail_pipeline_dag.py
[2026-05-03T13:39:08.011+0000] {processor.py:829} INFO - Processing file /opt/airflow/dags/retail_pipeline_dag.py for tasks to queue
[2026-05-03T13:39:08.012+0000] {logging_mixin.py:151} INFO - [2026-05-03T13:39:08.011+0000] {dagbag.py:539} INFO - Filling up the DagBag from /opt/airflow/dags/retail_pipeline_dag.py
[2026-05-03T13:39:08.031+0000] {processor.py:839} INFO - DAG(s) dict_keys(['retail_pipeline']) retrieved from /opt/airflow/dags/retail_pipeline_dag.py
[2026-05-03T13:39:08.065+0000] {logging_mixin.py:151} INFO - [2026-05-03T13:39:08.065+0000] {dag.py:2915} INFO - Sync 1 DAGs
[2026-05-03T13:39:08.078+0000] {logging_mixin.py:151} INFO - [2026-05-03T13:39:08.078+0000] {dag.py:3696} INFO - Setting next_dagrun for retail_pipeline to 2026-05-03T00:30:00+00:00, run_after=2026-05-04T00:30:00+00:00
[2026-05-03T13:39:08.085+0000] {processor.py:179} INFO - Processing /opt/airflow/dags/retail_pipeline_dag.py took 0.080 seconds
[2026-05-03T13:39:38.262+0000] {processor.py:157} INFO - Started process (PID=5423) to work on /opt/airflow/dags/retail_pipeline_dag.py
[2026-05-03T13:39:38.263+0000] {processor.py:829} INFO - Processing file /opt/airflow/dags/retail_pipeline_dag.py for tasks to queue
[2026-05-03T13:39:38.263+0000] {logging_mixin.py:151} INFO - [2026-05-03T13:39:38.263+0000] {dagbag.py:539} INFO - Filling up the DagBag from /opt/airflow/dags/retail_pipeline_dag.py
[2026-05-03T13:39:38.273+0000] {processor.py:839} INFO - DAG(s) dict_keys(['retail_pipeline']) retrieved from /opt/airflow/dags/retail_pipeline_dag.py
[2026-05-03T13:39:38.291+0000] {logging_mixin.py:151} INFO - [2026-05-03T13:39:38.291+0000] {dag.py:2915} INFO - Sync 1 DAGs
[2026-05-03T13:39:38.300+0000] {logging_mixin.py:151} INFO - [2026-05-03T13:39:38.300+0000] {dag.py:3696} INFO - Setting next_dagrun for retail_pipeline to 2026-05-03T00:30:00+00:00, run_after=2026-05-04T00:30:00+00:00
[2026-05-03T13:39:38.307+0000] {processor.py:179} INFO - Processing /opt/airflow/dags/retail_pipeline_dag.py took 0.048 seconds
[2026-05-03T13:40:08.556+0000] {processor.py:157} INFO - Started process (PID=5433) to work on /opt/airflow/dags/retail_pipeline_dag.py
[2026-05-03T13:40:08.557+0000] {processor.py:829} INFO - Processing file /opt/airflow/dags/retail_pipeline_dag.py for tasks to queue
[2026-05-03T13:40:08.558+0000] {logging_mixin.py:151} INFO - [2026-05-03T13:40:08.558+0000] {dagbag.py:539} INFO - Filling up the DagBag from /opt/airflow/dags/retail_pipeline_dag.py
[2026-05-03T13:40:08.579+0000] {processor.py:839} INFO - DAG(s) dict_keys(['retail_pipeline']) retrieved from /opt/airflow/dags/retail_pipeline_dag.py
[2026-05-03T13:40:08.614+0000] {logging_mixin.py:151} INFO - [2026-05-03T13:40:08.614+0000] {dag.py:2915} INFO - Sync 1 DAGs
[2026-05-03T13:40:08.631+0000] {logging_mixin.py:151} INFO - [2026-05-03T13:40:08.631+0000] {dag.py:3696} INFO - Setting next_dagrun for retail_pipeline to 2026-05-03T00:30:00+00:00, run_after=2026-05-04T00:30:00+00:00
[2026-05-03T13:40:08.640+0000] {processor.py:179} INFO - Processing /opt/airflow/dags/retail_pipeline_dag.py took 0.092 seconds
[2026-05-03T13:40:38.751+0000] {processor.py:157} INFO - Started process (PID=5443) to work on /opt/airflow/dags/retail_pipeline_dag.py
[2026-05-03T13:40:38.752+0000] {processor.py:829} INFO - Processing file /opt/airflow/dags/retail_pipeline_dag.py for tasks to queue
[2026-05-03T13:40:38.753+0000] {logging_mixin.py:151} INFO - [2026-05-03T13:40:38.752+0000] {dagbag.py:539} INFO - Filling up the DagBag from /opt/airflow/dags/retail_pipeline_dag.py
[2026-05-03T13:40:38.768+0000] {processor.py:839} INFO - DAG(s) dict_keys(['retail_pipeline']) retrieved from /opt/airflow/dags/retail_pipeline_dag.py
[2026-05-03T13:40:38.795+0000] {logging_mixin.py:151} INFO - [2026-05-03T13:40:38.795+0000] {dag.py:2915} INFO - Sync 1 DAGs
[2026-05-03T13:40:38.814+0000] {logging_mixin.py:151} INFO - [2026-05-03T13:40:38.814+0000] {dag.py:3696} INFO - Setting next_dagrun for retail_pipeline to 2026-05-03T00:30:00+00:00, run_after=2026-05-04T00:30:00+00:00
[2026-05-03T13:40:38.824+0000] {processor.py:179} INFO - Processing /opt/airflow/dags/retail_pipeline_dag.py took 0.078 seconds
[2026-05-03T13:41:08.996+0000] {processor.py:157} INFO - Started process (PID=5453) to work on /opt/airflow/dags/retail_pipeline_dag.py
[2026-05-03T13:41:08.998+0000] {processor.py:829} INFO - Processing file /opt/airflow/dags/retail_pipeline_dag.py for tasks to queue
[2026-05-03T13:41:08.999+0000] {logging_mixin.py:151} INFO - [2026-05-03T13:41:08.999+0000] {dagbag.py:539} INFO - Filling up the DagBag from /opt/airflow/dags/retail_pipeline_dag.py
[2026-05-03T13:41:09.021+0000] {processor.py:839} INFO - DAG(s) dict_keys(['retail_pipeline']) retrieved from /opt/airflow/dags/retail_pipeline_dag.py
[2026-05-03T13:41:09.050+0000] {logging_mixin.py:151} INFO - [2026-05-03T13:41:09.050+0000] {dag.py:2915} INFO - Sync 1 DAGs
[2026-05-03T13:41:09.064+0000] {logging_mixin.py:151} INFO - [2026-05-03T13:41:09.063+0000] {dag.py:3696} INFO - Setting next_dagrun for retail_pipeline to 2026-05-03T00:30:00+00:00, run_after=2026-05-04T00:30:00+00:00
[2026-05-03T13:41:09.073+0000] {processor.py:179} INFO - Processing /opt/airflow/dags/retail_pipeline_dag.py took 0.082 seconds
[2026-05-03T13:41:39.246+0000] {processor.py:157} INFO - Started process (PID=5463) to work on /opt/airflow/dags/retail_pipeline_dag.py
[2026-05-03T13:41:39.248+0000] {processor.py:829} INFO - Processing file /opt/airflow/dags/retail_pipeline_dag.py for tasks to queue
[2026-05-03T13:41:39.248+0000] {logging_mixin.py:151} INFO - [2026-05-03T13:41:39.248+0000] {dagbag.py:539} INFO - Filling up the DagBag from /opt/airflow/dags/retail_pipeline_dag.py
[2026-05-03T13:41:39.261+0000] {processor.py:839} INFO - DAG(s) dict_keys(['retail_pipeline']) retrieved from /opt/airflow/dags/retail_pipeline_dag.py
[2026-05-03T13:41:39.278+0000] {logging_mixin.py:151} INFO - [2026-05-03T13:41:39.278+0000] {dag.py:2915} INFO - Sync 1 DAGs
[2026-05-03T13:41:39.288+0000] {logging_mixin.py:151} INFO - [2026-05-03T13:41:39.288+0000] {dag.py:3696} INFO - Setting next_dagrun for retail_pipeline to 2026-05-03T00:30:00+00:00, run_after=2026-05-04T00:30:00+00:00
[2026-05-03T13:41:39.294+0000] {processor.py:179} INFO - Processing /opt/airflow/dags/retail_pipeline_dag.py took 0.053 seconds
[2026-05-03T13:42:09.539+0000] {processor.py:157} INFO - Started process (PID=5473) to work on /opt/airflow/dags/retail_pipeline_dag.py
[2026-05-03T13:42:09.540+0000] {processor.py:829} INFO - Processing file /opt/airflow/dags/retail_pipeline_dag.py for tasks to queue
[2026-05-03T13:42:09.541+0000] {logging_mixin.py:151} INFO - [2026-05-03T13:42:09.540+0000] {dagbag.py:539} INFO - Filling up the DagBag from /opt/airflow/dags/retail_pipeline_dag.py
[2026-05-03T13:42:09.554+0000] {processor.py:839} INFO - DAG(s) dict_keys(['retail_pipeline']) retrieved from /opt/airflow/dags/retail_pipeline_dag.py
[2026-05-03T13:42:09.583+0000] {logging_mixin.py:151} INFO - [2026-05-03T13:42:09.583+0000] {dag.py:2915} INFO - Sync 1 DAGs
[2026-05-03T13:42:09.595+0000] {logging_mixin.py:151} INFO - [2026-05-03T13:42:09.595+0000] {dag.py:3696} INFO - Setting next_dagrun for retail_pipeline to 2026-05-03T00:30:00+00:00, run_after=2026-05-04T00:30:00+00:00
[2026-05-03T13:42:09.601+0000] {processor.py:179} INFO - Processing /opt/airflow/dags/retail_pipeline_dag.py took 0.066 seconds
[2026-05-03T13:42:39.786+0000] {processor.py:157} INFO - Started process (PID=5483) to work on /opt/airflow/dags/retail_pipeline_dag.py
[2026-05-03T13:42:39.787+0000] {processor.py:829} INFO - Processing file /opt/airflow/dags/retail_pipeline_dag.py for tasks to queue
[2026-05-03T13:42:39.789+0000] {logging_mixin.py:151} INFO - [2026-05-03T13:42:39.789+0000] {dagbag.py:539} INFO - Filling up the DagBag from /opt/airflow/dags/retail_pipeline_dag.py
[2026-05-03T13:42:39.802+0000] {processor.py:839} INFO - DAG(s) dict_keys(['retail_pipeline']) retrieved from /opt/airflow/dags/retail_pipeline_dag.py
[2026-05-03T13:42:39.818+0000] {logging_mixin.py:151} INFO - [2026-05-03T13:42:39.817+0000] {dag.py:2915} INFO - Sync 1 DAGs
[2026-05-03T13:42:39.827+0000] {logging_mixin.py:151} INFO - [2026-05-03T13:42:39.827+0000] {dag.py:3696} INFO - Setting next_dagrun for retail_pipeline to 2026-05-03T00:30:00+00:00, run_after=2026-05-04T00:30:00+00:00
[2026-05-03T13:42:39.834+0000] {processor.py:179} INFO - Processing /opt/airflow/dags/retail_pipeline_dag.py took 0.052 seconds
[2026-05-03T13:43:10.018+0000] {processor.py:157} INFO - Started process (PID=5493) to work on /opt/airflow/dags/retail_pipeline_dag.py
[2026-05-03T13:43:10.018+0000] {processor.py:829} INFO - Processing file /opt/airflow/dags/retail_pipeline_dag.py for tasks to queue
[2026-05-03T13:43:10.019+0000] {logging_mixin.py:151} INFO - [2026-05-03T13:43:10.019+0000] {dagbag.py:539} INFO - Filling up the DagBag from /opt/airflow/dags/retail_pipeline_dag.py
[2026-05-03T13:43:10.031+0000] {processor.py:839} INFO - DAG(s) dict_keys(['retail_pipeline']) retrieved from /opt/airflow/dags/retail_pipeline_dag.py
[2026-05-03T13:43:10.053+0000] {logging_mixin.py:151} INFO - [2026-05-03T13:43:10.053+0000] {dag.py:2915} INFO - Sync 1 DAGs
[2026-05-03T13:43:10.064+0000] {logging_mixin.py:151} INFO - [2026-05-03T13:43:10.064+0000] {dag.py:3696} INFO - Setting next_dagrun for retail_pipeline to 2026-05-03T00:30:00+00:00, run_after=2026-05-04T00:30:00+00:00
[2026-05-03T13:43:10.071+0000] {processor.py:179} INFO - Processing /opt/airflow/dags/retail_pipeline_dag.py took 0.056 seconds
[2026-05-03T13:43:40.256+0000] {processor.py:157} INFO - Started process (PID=5503) to work on /opt/airflow/dags/retail_pipeline_dag.py
[2026-05-03T13:43:40.257+0000] {processor.py:829} INFO - Processing file /opt/airflow/dags/retail_pipeline_dag.py for tasks to queue
[2026-05-03T13:43:40.258+0000] {logging_mixin.py:151} INFO - [2026-05-03T13:43:40.257+0000] {dagbag.py:539} INFO - Filling up the DagBag from /opt/airflow/dags/retail_pipeline_dag.py
[2026-05-03T13:43:40.267+0000] {processor.py:839} INFO - DAG(s) dict_keys(['retail_pipeline']) retrieved from /opt/airflow/dags/retail_pipeline_dag.py
[2026-05-03T13:43:40.284+0000] {logging_mixin.py:151} INFO - [2026-05-03T13:43:40.284+0000] {dag.py:2915} INFO - Sync 1 DAGs
[2026-05-03T13:43:40.295+0000] {logging_mixin.py:151} INFO - [2026-05-03T13:43:40.295+0000] {dag.py:3696} INFO - Setting next_dagrun for retail_pipeline to 2026-05-03T00:30:00+00:00, run_after=2026-05-04T00:30:00+00:00
[2026-05-03T13:43:40.301+0000] {processor.py:179} INFO - Processing /opt/airflow/dags/retail_pipeline_dag.py took 0.049 seconds
[2026-05-03T13:44:10.540+0000] {processor.py:157} INFO - Started process (PID=5513) to work on /opt/airflow/dags/retail_pipeline_dag.py
[2026-05-03T13:44:10.541+0000] {processor.py:829} INFO - Processing file /opt/airflow/dags/retail_pipeline_dag.py for tasks to queue
[2026-05-03T13:44:10.541+0000] {logging_mixin.py:151} INFO - [2026-05-03T13:44:10.541+0000] {dagbag.py:539} INFO - Filling up the DagBag from /opt/airflow/dags/retail_pipeline_dag.py
[2026-05-03T13:44:10.558+0000] {processor.py:839} INFO - DAG(s) dict_keys(['retail_pipeline']) retrieved from /opt/airflow/dags/retail_pipeline_dag.py
[2026-05-03T13:44:10.589+0000] {logging_mixin.py:151} INFO - [2026-05-03T13:44:10.589+0000] {dag.py:2915} INFO - Sync 1 DAGs
[2026-05-03T13:44:10.601+0000] {logging_mixin.py:151} INFO - [2026-05-03T13:44:10.601+0000] {dag.py:3696} INFO - Setting next_dagrun for retail_pipeline to 2026-05-03T00:30:00+00:00, run_after=2026-05-04T00:30:00+00:00
[2026-05-03T13:44:10.609+0000] {processor.py:179} INFO - Processing /opt/airflow/dags/retail_pipeline_dag.py took 0.075 seconds
[2026-05-03T13:44:40.788+0000] {processor.py:157} INFO - Started process (PID=5523) to work on /opt/airflow/dags/retail_pipeline_dag.py
[2026-05-03T13:44:40.791+0000] {processor.py:829} INFO - Processing file /opt/airflow/dags/retail_pipeline_dag.py for tasks to queue
[2026-05-03T13:44:40.792+0000] {logging_mixin.py:151} INFO - [2026-05-03T13:44:40.791+0000] {dagbag.py:539} INFO - Filling up the DagBag from /opt/airflow/dags/retail_pipeline_dag.py
[2026-05-03T13:44:40.806+0000] {processor.py:839} INFO - DAG(s) dict_keys(['retail_pipeline']) retrieved from /opt/airflow/dags/retail_pipeline_dag.py
[2026-05-03T13:44:40.829+0000] {logging_mixin.py:151} INFO - [2026-05-03T13:44:40.829+0000] {dag.py:2915} INFO - Sync 1 DAGs
[2026-05-03T13:44:40.840+0000] {logging_mixin.py:151} INFO - [2026-05-03T13:44:40.840+0000] {dag.py:3696} INFO - Setting next_dagrun for retail_pipeline to 2026-05-03T00:30:00+00:00, run_after=2026-05-04T00:30:00+00:00
[2026-05-03T13:44:40.847+0000] {processor.py:179} INFO - Processing /opt/airflow/dags/retail_pipeline_dag.py took 0.063 seconds
[2026-05-03T13:45:11.022+0000] {processor.py:157} INFO - Started process (PID=5533) to work on /opt/airflow/dags/retail_pipeline_dag.py
[2026-05-03T13:45:11.023+0000] {processor.py:829} INFO - Processing file /opt/airflow/dags/retail_pipeline_dag.py for tasks to queue
[2026-05-03T13:45:11.023+0000] {logging_mixin.py:151} INFO - [2026-05-03T13:45:11.023+0000] {dagbag.py:539} INFO - Filling up the DagBag from /opt/airflow/dags/retail_pipeline_dag.py
[2026-05-03T13:45:11.035+0000] {processor.py:839} INFO - DAG(s) dict_keys(['retail_pipeline']) retrieved from /opt/airflow/dags/retail_pipeline_dag.py
[2026-05-03T13:45:11.051+0000] {logging_mixin.py:151} INFO - [2026-05-03T13:45:11.051+0000] {dag.py:2915} INFO - Sync 1 DAGs
[2026-05-03T13:45:11.063+0000] {logging_mixin.py:151} INFO - [2026-05-03T13:45:11.062+0000] {dag.py:3696} INFO - Setting next_dagrun for retail_pipeline to 2026-05-03T00:30:00+00:00, run_after=2026-05-04T00:30:00+00:00
[2026-05-03T13:45:11.069+0000] {processor.py:179} INFO - Processing /opt/airflow/dags/retail_pipeline_dag.py took 0.051 seconds
[2026-05-03T13:45:41.298+0000] {processor.py:157} INFO - Started process (PID=5543) to work on /opt/airflow/dags/retail_pipeline_dag.py
[2026-05-03T13:45:41.299+0000] {processor.py:829} INFO - Processing file /opt/airflow/dags/retail_pipeline_dag.py for tasks to queue
[2026-05-03T13:45:41.300+0000] {logging_mixin.py:151} INFO - [2026-05-03T13:45:41.300+0000] {dagbag.py:539} INFO - Filling up the DagBag from /opt/airflow/dags/retail_pipeline_dag.py
[2026-05-03T13:45:41.316+0000] {processor.py:839} INFO - DAG(s) dict_keys(['retail_pipeline']) retrieved from /opt/airflow/dags/retail_pipeline_dag.py
[2026-05-03T13:45:41.342+0000] {logging_mixin.py:151} INFO - [2026-05-03T13:45:41.341+0000] {dag.py:2915} INFO - Sync 1 DAGs
[2026-05-03T13:45:41.352+0000] {logging_mixin.py:151} INFO - [2026-05-03T13:45:41.352+0000] {dag.py:3696} INFO - Setting next_dagrun for retail_pipeline to 2026-05-03T00:30:00+00:00, run_after=2026-05-04T00:30:00+00:00
[2026-05-03T13:45:41.360+0000] {processor.py:179} INFO - Processing /opt/airflow/dags/retail_pipeline_dag.py took 0.066 seconds
[2026-05-03T13:46:11.549+0000] {processor.py:157} INFO - Started process (PID=5553) to work on /opt/airflow/dags/retail_pipeline_dag.py
[2026-05-03T13:46:11.551+0000] {processor.py:829} INFO - Processing file /opt/airflow/dags/retail_pipeline_dag.py for tasks to queue
[2026-05-03T13:46:11.552+0000] {logging_mixin.py:151} INFO - [2026-05-03T13:46:11.552+0000] {dagbag.py:539} INFO - Filling up the DagBag from /opt/airflow/dags/retail_pipeline_dag.py
[2026-05-03T13:46:11.561+0000] {processor.py:839} INFO - DAG(s) dict_keys(['retail_pipeline']) retrieved from /opt/airflow/dags/retail_pipeline_dag.py
[2026-05-03T13:46:11.577+0000] {logging_mixin.py:151} INFO - [2026-05-03T13:46:11.577+0000] {dag.py:2915} INFO - Sync 1 DAGs
[2026-05-03T13:46:11.589+0000] {logging_mixin.py:151} INFO - [2026-05-03T13:46:11.589+0000] {dag.py:3696} INFO - Setting next_dagrun for retail_pipeline to 2026-05-03T00:30:00+00:00, run_after=2026-05-04T00:30:00+00:00
[2026-05-03T13:46:11.596+0000] {processor.py:179} INFO - Processing /opt/airflow/dags/retail_pipeline_dag.py took 0.050 seconds
[2026-05-03T13:46:41.801+0000] {processor.py:157} INFO - Started process (PID=5563) to work on /opt/airflow/dags/retail_pipeline_dag.py
[2026-05-03T13:46:41.802+0000] {processor.py:829} INFO - Processing file /opt/airflow/dags/retail_pipeline_dag.py for tasks to queue
[2026-05-03T13:46:41.803+0000] {logging_mixin.py:151} INFO - [2026-05-03T13:46:41.802+0000] {dagbag.py:539} INFO - Filling up the DagBag from /opt/airflow/dags/retail_pipeline_dag.py
[2026-05-03T13:46:41.830+0000] {processor.py:839} INFO - DAG(s) dict_keys(['retail_pipeline']) retrieved from /opt/airflow/dags/retail_pipeline_dag.py
[2026-05-03T13:46:41.865+0000] {logging_mixin.py:151} INFO - [2026-05-03T13:46:41.865+0000] {dag.py:2915} INFO - Sync 1 DAGs
[2026-05-03T13:46:41.880+0000] {logging_mixin.py:151} INFO - [2026-05-03T13:46:41.879+0000] {dag.py:3696} INFO - Setting next_dagrun for retail_pipeline to 2026-05-03T00:30:00+00:00, run_after=2026-05-04T00:30:00+00:00
[2026-05-03T13:46:41.888+0000] {processor.py:179} INFO - Processing /opt/airflow/dags/retail_pipeline_dag.py took 0.092 seconds
[2026-05-03T13:47:12.061+0000] {processor.py:157} INFO - Started process (PID=5573) to work on /opt/airflow/dags/retail_pipeline_dag.py
[2026-05-03T13:47:12.065+0000] {processor.py:829} INFO - Processing file /opt/airflow/dags/retail_pipeline_dag.py for tasks to queue
[2026-05-03T13:47:12.067+0000] {logging_mixin.py:151} INFO - [2026-05-03T13:47:12.066+0000] {dagbag.py:539} INFO - Filling up the DagBag from /opt/airflow/dags/retail_pipeline_dag.py
[2026-05-03T13:47:12.091+0000] {processor.py:839} INFO - DAG(s) dict_keys(['retail_pipeline']) retrieved from /opt/airflow/dags/retail_pipeline_dag.py
[2026-05-03T13:47:12.129+0000] {logging_mixin.py:151} INFO - [2026-05-03T13:47:12.129+0000] {dag.py:2915} INFO - Sync 1 DAGs
[2026-05-03T13:47:12.152+0000] {logging_mixin.py:151} INFO - [2026-05-03T13:47:12.152+0000] {dag.py:3696} INFO - Setting next_dagrun for retail_pipeline to 2026-05-03T00:30:00+00:00, run_after=2026-05-04T00:30:00+00:00
[2026-05-03T13:47:12.160+0000] {processor.py:179} INFO - Processing /opt/airflow/dags/retail_pipeline_dag.py took 0.108 seconds
[2026-05-03T13:47:42.343+0000] {processor.py:157} INFO - Started process (PID=5583) to work on /opt/airflow/dags/retail_pipeline_dag.py
[2026-05-03T13:47:42.344+0000] {processor.py:829} INFO - Processing file /opt/airflow/dags/retail_pipeline_dag.py for tasks to queue
[2026-05-03T13:47:42.345+0000] {logging_mixin.py:151} INFO - [2026-05-03T13:47:42.345+0000] {dagbag.py:539} INFO - Filling up the DagBag from /opt/airflow/dags/retail_pipeline_dag.py
[2026-05-03T13:47:42.365+0000] {processor.py:839} INFO - DAG(s) dict_keys(['retail_pipeline']) retrieved from /opt/airflow/dags/retail_pipeline_dag.py
[2026-05-03T13:47:42.391+0000] {logging_mixin.py:151} INFO - [2026-05-03T13:47:42.391+0000] {dag.py:2915} INFO - Sync 1 DAGs
[2026-05-03T13:47:42.402+0000] {logging_mixin.py:151} INFO - [2026-05-03T13:47:42.402+0000] {dag.py:3696} INFO - Setting next_dagrun for retail_pipeline to 2026-05-03T00:30:00+00:00, run_after=2026-05-04T00:30:00+00:00
[2026-05-03T13:47:42.409+0000] {processor.py:179} INFO - Processing /opt/airflow/dags/retail_pipeline_dag.py took 0.072 seconds
[2026-05-03T13:48:12.634+0000] {processor.py:157} INFO - Started process (PID=5593) to work on /opt/airflow/dags/retail_pipeline_dag.py
[2026-05-03T13:48:12.635+0000] {processor.py:829} INFO - Processing file /opt/airflow/dags/retail_pipeline_dag.py for tasks to queue
[2026-05-03T13:48:12.637+0000] {logging_mixin.py:151} INFO - [2026-05-03T13:48:12.637+0000] {dagbag.py:539} INFO - Filling up the DagBag from /opt/airflow/dags/retail_pipeline_dag.py
[2026-05-03T13:48:12.658+0000] {processor.py:839} INFO - DAG(s) dict_keys(['retail_pipeline']) retrieved from /opt/airflow/dags/retail_pipeline_dag.py
[2026-05-03T13:48:12.687+0000] {logging_mixin.py:151} INFO - [2026-05-03T13:48:12.686+0000] {dag.py:2915} INFO - Sync 1 DAGs
[2026-05-03T13:48:12.698+0000] {logging_mixin.py:151} INFO - [2026-05-03T13:48:12.698+0000] {dag.py:3696} INFO - Setting next_dagrun for retail_pipeline to 2026-05-03T00:30:00+00:00, run_after=2026-05-04T00:30:00+00:00
[2026-05-03T13:48:12.708+0000] {processor.py:179} INFO - Processing /opt/airflow/dags/retail_pipeline_dag.py took 0.078 seconds
[2026-05-03T13:48:42.888+0000] {processor.py:157} INFO - Started process (PID=5603) to work on /opt/airflow/dags/retail_pipeline_dag.py
[2026-05-03T13:48:42.890+0000] {processor.py:829} INFO - Processing file /opt/airflow/dags/retail_pipeline_dag.py for tasks to queue
[2026-05-03T13:48:42.891+0000] {logging_mixin.py:151} INFO - [2026-05-03T13:48:42.891+0000] {dagbag.py:539} INFO - Filling up the DagBag from /opt/airflow/dags/retail_pipeline_dag.py
[2026-05-03T13:48:42.909+0000] {processor.py:839} INFO - DAG(s) dict_keys(['retail_pipeline']) retrieved from /opt/airflow/dags/retail_pipeline_dag.py
[2026-05-03T13:48:42.936+0000] {logging_mixin.py:151} INFO - [2026-05-03T13:48:42.936+0000] {dag.py:2915} INFO - Sync 1 DAGs
[2026-05-03T13:48:42.950+0000] {logging_mixin.py:151} INFO - [2026-05-03T13:48:42.950+0000] {dag.py:3696} INFO - Setting next_dagrun for retail_pipeline to 2026-05-03T00:30:00+00:00, run_after=2026-05-04T00:30:00+00:00
[2026-05-03T13:48:42.957+0000] {processor.py:179} INFO - Processing /opt/airflow/dags/retail_pipeline_dag.py took 0.073 seconds
[2026-05-03T13:49:13.131+0000] {processor.py:157} INFO - Started process (PID=5613) to work on /opt/airflow/dags/retail_pipeline_dag.py
[2026-05-03T13:49:13.132+0000] {processor.py:829} INFO - Processing file /opt/airflow/dags/retail_pipeline_dag.py for tasks to queue
[2026-05-03T13:49:13.134+0000] {logging_mixin.py:151} INFO - [2026-05-03T13:49:13.133+0000] {dagbag.py:539} INFO - Filling up the DagBag from /opt/airflow/dags/retail_pipeline_dag.py
[2026-05-03T13:49:13.148+0000] {processor.py:839} INFO - DAG(s) dict_keys(['retail_pipeline']) retrieved from /opt/airflow/dags/retail_pipeline_dag.py
[2026-05-03T13:49:13.168+0000] {logging_mixin.py:151} INFO - [2026-05-03T13:49:13.168+0000] {dag.py:2915} INFO - Sync 1 DAGs
[2026-05-03T13:49:13.180+0000] {logging_mixin.py:151} INFO - [2026-05-03T13:49:13.180+0000] {dag.py:3696} INFO - Setting next_dagrun for retail_pipeline to 2026-05-03T00:30:00+00:00, run_after=2026-05-04T00:30:00+00:00
[2026-05-03T13:49:13.187+0000] {processor.py:179} INFO - Processing /opt/airflow/dags/retail_pipeline_dag.py took 0.060 seconds
[2026-05-03T13:49:43.370+0000] {processor.py:157} INFO - Started process (PID=5623) to work on /opt/airflow/dags/retail_pipeline_dag.py
[2026-05-03T13:49:43.371+0000] {processor.py:829} INFO - Processing file /opt/airflow/dags/retail_pipeline_dag.py for tasks to queue
[2026-05-03T13:49:43.372+0000] {logging_mixin.py:151} INFO - [2026-05-03T13:49:43.372+0000] {dagbag.py:539} INFO - Filling up the DagBag from /opt/airflow/dags/retail_pipeline_dag.py
[2026-05-03T13:49:43.381+0000] {processor.py:839} INFO - DAG(s) dict_keys(['retail_pipeline']) retrieved from /opt/airflow/dags/retail_pipeline_dag.py
[2026-05-03T13:49:43.401+0000] {logging_mixin.py:151} INFO - [2026-05-03T13:49:43.401+0000] {dag.py:2915} INFO - Sync 1 DAGs
[2026-05-03T13:49:43.411+0000] {logging_mixin.py:151} INFO - [2026-05-03T13:49:43.410+0000] {dag.py:3696} INFO - Setting next_dagrun for retail_pipeline to 2026-05-03T00:30:00+00:00, run_after=2026-05-04T00:30:00+00:00
[2026-05-03T13:49:43.417+0000] {processor.py:179} INFO - Processing /opt/airflow/dags/retail_pipeline_dag.py took 0.049 seconds
[2026-05-03T13:50:13.640+0000] {processor.py:157} INFO - Started process (PID=5633) to work on /opt/airflow/dags/retail_pipeline_dag.py
[2026-05-03T13:50:13.641+0000] {processor.py:829} INFO - Processing file /opt/airflow/dags/retail_pipeline_dag.py for tasks to queue
[2026-05-03T13:50:13.642+0000] {logging_mixin.py:151} INFO - [2026-05-03T13:50:13.642+0000] {dagbag.py:539} INFO - Filling up the DagBag from /opt/airflow/dags/retail_pipeline_dag.py
[2026-05-03T13:50:13.655+0000] {processor.py:839} INFO - DAG(s) dict_keys(['retail_pipeline']) retrieved from /opt/airflow/dags/retail_pipeline_dag.py
[2026-05-03T13:50:13.678+0000] {logging_mixin.py:151} INFO - [2026-05-03T13:50:13.678+0000] {dag.py:2915} INFO - Sync 1 DAGs
[2026-05-03T13:50:13.691+0000] {logging_mixin.py:151} INFO - [2026-05-03T13:50:13.691+0000] {dag.py:3696} INFO - Setting next_dagrun for retail_pipeline to 2026-05-03T00:30:00+00:00, run_after=2026-05-04T00:30:00+00:00
[2026-05-03T13:50:13.699+0000] {processor.py:179} INFO - Processing /opt/airflow/dags/retail_pipeline_dag.py took 0.063 seconds
[2026-05-03T13:50:43.907+0000] {processor.py:157} INFO - Started process (PID=5643) to work on /opt/airflow/dags/retail_pipeline_dag.py
[2026-05-03T13:50:43.908+0000] {processor.py:829} INFO - Processing file /opt/airflow/dags/retail_pipeline_dag.py for tasks to queue
[2026-05-03T13:50:43.909+0000] {logging_mixin.py:151} INFO - [2026-05-03T13:50:43.909+0000] {dagbag.py:539} INFO - Filling up the DagBag from /opt/airflow/dags/retail_pipeline_dag.py
[2026-05-03T13:50:43.932+0000] {processor.py:839} INFO - DAG(s) dict_keys(['retail_pipeline']) retrieved from /opt/airflow/dags/retail_pipeline_dag.py
[2026-05-03T13:50:43.954+0000] {logging_mixin.py:151} INFO - [2026-05-03T13:50:43.954+0000] {dag.py:2915} INFO - Sync 1 DAGs
[2026-05-03T13:50:43.965+0000] {logging_mixin.py:151} INFO - [2026-05-03T13:50:43.965+0000] {dag.py:3696} INFO - Setting next_dagrun for retail_pipeline to 2026-05-03T00:30:00+00:00, run_after=2026-05-04T00:30:00+00:00
[2026-05-03T13:50:43.972+0000] {processor.py:179} INFO - Processing /opt/airflow/dags/retail_pipeline_dag.py took 0.071 seconds
[2026-05-03T13:51:14.141+0000] {processor.py:157} INFO - Started process (PID=5653) to work on /opt/airflow/dags/retail_pipeline_dag.py
[2026-05-03T13:51:14.142+0000] {processor.py:829} INFO - Processing file /opt/airflow/dags/retail_pipeline_dag.py for tasks to queue
[2026-05-03T13:51:14.142+0000] {logging_mixin.py:151} INFO - [2026-05-03T13:51:14.142+0000] {dagbag.py:539} INFO - Filling up the DagBag from /opt/airflow/dags/retail_pipeline_dag.py
[2026-05-03T13:51:14.152+0000] {processor.py:839} INFO - DAG(s) dict_keys(['retail_pipeline']) retrieved from /opt/airflow/dags/retail_pipeline_dag.py
[2026-05-03T13:51:14.169+0000] {logging_mixin.py:151} INFO - [2026-05-03T13:51:14.168+0000] {dag.py:2915} INFO - Sync 1 DAGs
[2026-05-03T13:51:14.179+0000] {logging_mixin.py:151} INFO - [2026-05-03T13:51:14.179+0000] {dag.py:3696} INFO - Setting next_dagrun for retail_pipeline to 2026-05-03T00:30:00+00:00, run_after=2026-05-04T00:30:00+00:00
[2026-05-03T13:51:14.186+0000] {processor.py:179} INFO - Processing /opt/airflow/dags/retail_pipeline_dag.py took 0.047 seconds
[2026-05-03T13:51:44.399+0000] {processor.py:157} INFO - Started process (PID=5663) to work on /opt/airflow/dags/retail_pipeline_dag.py
[2026-05-03T13:51:44.400+0000] {processor.py:829} INFO - Processing file /opt/airflow/dags/retail_pipeline_dag.py for tasks to queue
[2026-05-03T13:51:44.400+0000] {logging_mixin.py:151} INFO - [2026-05-03T13:51:44.400+0000] {dagbag.py:539} INFO - Filling up the DagBag from /opt/airflow/dags/retail_pipeline_dag.py
[2026-05-03T13:51:44.413+0000] {processor.py:839} INFO - DAG(s) dict_keys(['retail_pipeline']) retrieved from /opt/airflow/dags/retail_pipeline_dag.py
[2026-05-03T13:51:44.433+0000] {logging_mixin.py:151} INFO - [2026-05-03T13:51:44.433+0000] {dag.py:2915} INFO - Sync 1 DAGs
[2026-05-03T13:51:44.445+0000] {logging_mixin.py:151} INFO - [2026-05-03T13:51:44.445+0000] {dag.py:3696} INFO - Setting next_dagrun for retail_pipeline to 2026-05-03T00:30:00+00:00, run_after=2026-05-04T00:30:00+00:00
[2026-05-03T13:51:44.452+0000] {processor.py:179} INFO - Processing /opt/airflow/dags/retail_pipeline_dag.py took 0.056 seconds
[2026-05-03T13:52:14.668+0000] {processor.py:157} INFO - Started process (PID=5673) to work on /opt/airflow/dags/retail_pipeline_dag.py
[2026-05-03T13:52:14.669+0000] {processor.py:829} INFO - Processing file /opt/airflow/dags/retail_pipeline_dag.py for tasks to queue
[2026-05-03T13:52:14.670+0000] {logging_mixin.py:151} INFO - [2026-05-03T13:52:14.670+0000] {dagbag.py:539} INFO - Filling up the DagBag from /opt/airflow/dags/retail_pipeline_dag.py
[2026-05-03T13:52:14.685+0000] {processor.py:839} INFO - DAG(s) dict_keys(['retail_pipeline']) retrieved from /opt/airflow/dags/retail_pipeline_dag.py
[2026-05-03T13:52:14.711+0000] {logging_mixin.py:151} INFO - [2026-05-03T13:52:14.711+0000] {dag.py:2915} INFO - Sync 1 DAGs
[2026-05-03T13:52:14.723+0000] {logging_mixin.py:151} INFO - [2026-05-03T13:52:14.723+0000] {dag.py:3696} INFO - Setting next_dagrun for retail_pipeline to 2026-05-03T00:30:00+00:00, run_after=2026-05-04T00:30:00+00:00
[2026-05-03T13:52:14.730+0000] {processor.py:179} INFO - Processing /opt/airflow/dags/retail_pipeline_dag.py took 0.066 seconds
[2026-05-03T13:52:44.885+0000] {processor.py:157} INFO - Started process (PID=5683) to work on /opt/airflow/dags/retail_pipeline_dag.py
[2026-05-03T13:52:44.886+0000] {processor.py:829} INFO - Processing file /opt/airflow/dags/retail_pipeline_dag.py for tasks to queue
[2026-05-03T13:52:44.888+0000] {logging_mixin.py:151} INFO - [2026-05-03T13:52:44.887+0000] {dagbag.py:539} INFO - Filling up the DagBag from /opt/airflow/dags/retail_pipeline_dag.py
[2026-05-03T13:52:44.900+0000] {processor.py:839} INFO - DAG(s) dict_keys(['retail_pipeline']) retrieved from /opt/airflow/dags/retail_pipeline_dag.py
[2026-05-03T13:52:44.919+0000] {logging_mixin.py:151} INFO - [2026-05-03T13:52:44.919+0000] {dag.py:2915} INFO - Sync 1 DAGs
[2026-05-03T13:52:44.931+0000] {logging_mixin.py:151} INFO - [2026-05-03T13:52:44.931+0000] {dag.py:3696} INFO - Setting next_dagrun for retail_pipeline to 2026-05-03T00:30:00+00:00, run_after=2026-05-04T00:30:00+00:00
[2026-05-03T13:52:44.937+0000] {processor.py:179} INFO - Processing /opt/airflow/dags/retail_pipeline_dag.py took 0.056 seconds
[2026-05-03T13:53:15.139+0000] {processor.py:157} INFO - Started process (PID=5693) to work on /opt/airflow/dags/retail_pipeline_dag.py
[2026-05-03T13:53:15.140+0000] {processor.py:829} INFO - Processing file /opt/airflow/dags/retail_pipeline_dag.py for tasks to queue
[2026-05-03T13:53:15.141+0000] {logging_mixin.py:151} INFO - [2026-05-03T13:53:15.141+0000] {dagbag.py:539} INFO - Filling up the DagBag from /opt/airflow/dags/retail_pipeline_dag.py
[2026-05-03T13:53:15.150+0000] {processor.py:839} INFO - DAG(s) dict_keys(['retail_pipeline']) retrieved from /opt/airflow/dags/retail_pipeline_dag.py
[2026-05-03T13:53:15.167+0000] {logging_mixin.py:151} INFO - [2026-05-03T13:53:15.167+0000] {dag.py:2915} INFO - Sync 1 DAGs
[2026-05-03T13:53:15.177+0000] {logging_mixin.py:151} INFO - [2026-05-03T13:53:15.176+0000] {dag.py:3696} INFO - Setting next_dagrun for retail_pipeline to 2026-05-03T00:30:00+00:00, run_after=2026-05-04T00:30:00+00:00
[2026-05-03T13:53:15.183+0000] {processor.py:179} INFO - Processing /opt/airflow/dags/retail_pipeline_dag.py took 0.047 seconds
[2026-05-03T13:53:45.384+0000] {processor.py:157} INFO - Started process (PID=5703) to work on /opt/airflow/dags/retail_pipeline_dag.py
[2026-05-03T13:53:45.385+0000] {processor.py:829} INFO - Processing file /opt/airflow/dags/retail_pipeline_dag.py for tasks to queue
[2026-05-03T13:53:45.385+0000] {logging_mixin.py:151} INFO - [2026-05-03T13:53:45.385+0000] {dagbag.py:539} INFO - Filling up the DagBag from /opt/airflow/dags/retail_pipeline_dag.py
[2026-05-03T13:53:45.398+0000] {processor.py:839} INFO - DAG(s) dict_keys(['retail_pipeline']) retrieved from /opt/airflow/dags/retail_pipeline_dag.py
[2026-05-03T13:53:45.416+0000] {logging_mixin.py:151} INFO - [2026-05-03T13:53:45.416+0000] {dag.py:2915} INFO - Sync 1 DAGs
[2026-05-03T13:53:45.426+0000] {logging_mixin.py:151} INFO - [2026-05-03T13:53:45.426+0000] {dag.py:3696} INFO - Setting next_dagrun for retail_pipeline to 2026-05-03T00:30:00+00:00, run_after=2026-05-04T00:30:00+00:00
[2026-05-03T13:53:45.432+0000] {processor.py:179} INFO - Processing /opt/airflow/dags/retail_pipeline_dag.py took 0.051 seconds
[2026-05-03T13:54:15.618+0000] {processor.py:157} INFO - Started process (PID=5713) to work on /opt/airflow/dags/retail_pipeline_dag.py
[2026-05-03T13:54:15.619+0000] {processor.py:829} INFO - Processing file /opt/airflow/dags/retail_pipeline_dag.py for tasks to queue
[2026-05-03T13:54:15.620+0000] {logging_mixin.py:151} INFO - [2026-05-03T13:54:15.619+0000] {dagbag.py:539} INFO - Filling up the DagBag from /opt/airflow/dags/retail_pipeline_dag.py
[2026-05-03T13:54:15.629+0000] {processor.py:839} INFO - DAG(s) dict_keys(['retail_pipeline']) retrieved from /opt/airflow/dags/retail_pipeline_dag.py
[2026-05-03T13:54:15.650+0000] {logging_mixin.py:151} INFO - [2026-05-03T13:54:15.650+0000] {dag.py:2915} INFO - Sync 1 DAGs
[2026-05-03T13:54:15.661+0000] {logging_mixin.py:151} INFO - [2026-05-03T13:54:15.661+0000] {dag.py:3696} INFO - Setting next_dagrun for retail_pipeline to 2026-05-03T00:30:00+00:00, run_after=2026-05-04T00:30:00+00:00
[2026-05-03T13:54:15.668+0000] {processor.py:179} INFO - Processing /opt/airflow/dags/retail_pipeline_dag.py took 0.054 seconds
[2026-05-03T13:54:45.845+0000] {processor.py:157} INFO - Started process (PID=5723) to work on /opt/airflow/dags/retail_pipeline_dag.py
[2026-05-03T13:54:45.846+0000] {processor.py:829} INFO - Processing file /opt/airflow/dags/retail_pipeline_dag.py for tasks to queue
[2026-05-03T13:54:45.847+0000] {logging_mixin.py:151} INFO - [2026-05-03T13:54:45.846+0000] {dagbag.py:539} INFO - Filling up the DagBag from /opt/airflow/dags/retail_pipeline_dag.py
[2026-05-03T13:54:45.856+0000] {processor.py:839} INFO - DAG(s) dict_keys(['retail_pipeline']) retrieved from /opt/airflow/dags/retail_pipeline_dag.py
[2026-05-03T13:54:45.874+0000] {logging_mixin.py:151} INFO - [2026-05-03T13:54:45.874+0000] {dag.py:2915} INFO - Sync 1 DAGs
[2026-05-03T13:54:45.884+0000] {logging_mixin.py:151} INFO - [2026-05-03T13:54:45.884+0000] {dag.py:3696} INFO - Setting next_dagrun for retail_pipeline to 2026-05-03T00:30:00+00:00, run_after=2026-05-04T00:30:00+00:00
[2026-05-03T13:54:45.890+0000] {processor.py:179} INFO - Processing /opt/airflow/dags/retail_pipeline_dag.py took 0.048 seconds
[2026-05-03T13:55:16.076+0000] {processor.py:157} INFO - Started process (PID=5733) to work on /opt/airflow/dags/retail_pipeline_dag.py
[2026-05-03T13:55:16.077+0000] {processor.py:829} INFO - Processing file /opt/airflow/dags/retail_pipeline_dag.py for tasks to queue
[2026-05-03T13:55:16.078+0000] {logging_mixin.py:151} INFO - [2026-05-03T13:55:16.078+0000] {dagbag.py:539} INFO - Filling up the DagBag from /opt/airflow/dags/retail_pipeline_dag.py
[2026-05-03T13:55:16.090+0000] {processor.py:839} INFO - DAG(s) dict_keys(['retail_pipeline']) retrieved from /opt/airflow/dags/retail_pipeline_dag.py
[2026-05-03T13:55:16.108+0000] {logging_mixin.py:151} INFO - [2026-05-03T13:55:16.108+0000] {dag.py:2915} INFO - Sync 1 DAGs
[2026-05-03T13:55:16.119+0000] {logging_mixin.py:151} INFO - [2026-05-03T13:55:16.119+0000] {dag.py:3696} INFO - Setting next_dagrun for retail_pipeline to 2026-05-03T00:30:00+00:00, run_after=2026-05-04T00:30:00+00:00
[2026-05-03T13:55:16.125+0000] {processor.py:179} INFO - Processing /opt/airflow/dags/retail_pipeline_dag.py took 0.053 seconds
[2026-05-03T13:55:46.309+0000] {processor.py:157} INFO - Started process (PID=5743) to work on /opt/airflow/dags/retail_pipeline_dag.py
[2026-05-03T13:55:46.311+0000] {processor.py:829} INFO - Processing file /opt/airflow/dags/retail_pipeline_dag.py for tasks to queue
[2026-05-03T13:55:46.312+0000] {logging_mixin.py:151} INFO - [2026-05-03T13:55:46.311+0000] {dagbag.py:539} INFO - Filling up the DagBag from /opt/airflow/dags/retail_pipeline_dag.py
[2026-05-03T13:55:46.328+0000] {processor.py:839} INFO - DAG(s) dict_keys(['retail_pipeline']) retrieved from /opt/airflow/dags/retail_pipeline_dag.py
[2026-05-03T13:55:46.344+0000] {logging_mixin.py:151} INFO - [2026-05-03T13:55:46.344+0000] {dag.py:2915} INFO - Sync 1 DAGs
[2026-05-03T13:55:46.353+0000] {logging_mixin.py:151} INFO - [2026-05-03T13:55:46.353+0000] {dag.py:3696} INFO - Setting next_dagrun for retail_pipeline to 2026-05-03T00:30:00+00:00, run_after=2026-05-04T00:30:00+00:00
[2026-05-03T13:55:46.359+0000] {processor.py:179} INFO - Processing /opt/airflow/dags/retail_pipeline_dag.py took 0.053 seconds
[2026-05-03T13:56:16.552+0000] {processor.py:157} INFO - Started process (PID=5753) to work on /opt/airflow/dags/retail_pipeline_dag.py
[2026-05-03T13:56:16.553+0000] {processor.py:829} INFO - Processing file /opt/airflow/dags/retail_pipeline_dag.py for tasks to queue
[2026-05-03T13:56:16.554+0000] {logging_mixin.py:151} INFO - [2026-05-03T13:56:16.553+0000] {dagbag.py:539} INFO - Filling up the DagBag from /opt/airflow/dags/retail_pipeline_dag.py
[2026-05-03T13:56:16.563+0000] {processor.py:839} INFO - DAG(s) dict_keys(['retail_pipeline']) retrieved from /opt/airflow/dags/retail_pipeline_dag.py
[2026-05-03T13:56:16.584+0000] {logging_mixin.py:151} INFO - [2026-05-03T13:56:16.583+0000] {dag.py:2915} INFO - Sync 1 DAGs
[2026-05-03T13:56:16.595+0000] {logging_mixin.py:151} INFO - [2026-05-03T13:56:16.595+0000] {dag.py:3696} INFO - Setting next_dagrun for retail_pipeline to 2026-05-03T00:30:00+00:00, run_after=2026-05-04T00:30:00+00:00
[2026-05-03T13:56:16.602+0000] {processor.py:179} INFO - Processing /opt/airflow/dags/retail_pipeline_dag.py took 0.053 seconds
[2026-05-03T13:56:46.799+0000] {processor.py:157} INFO - Started process (PID=5763) to work on /opt/airflow/dags/retail_pipeline_dag.py
[2026-05-03T13:56:46.802+0000] {processor.py:829} INFO - Processing file /opt/airflow/dags/retail_pipeline_dag.py for tasks to queue
[2026-05-03T13:56:46.803+0000] {logging_mixin.py:151} INFO - [2026-05-03T13:56:46.803+0000] {dagbag.py:539} INFO - Filling up the DagBag from /opt/airflow/dags/retail_pipeline_dag.py
[2026-05-03T13:56:46.813+0000] {processor.py:839} INFO - DAG(s) dict_keys(['retail_pipeline']) retrieved from /opt/airflow/dags/retail_pipeline_dag.py
[2026-05-03T13:56:46.828+0000] {logging_mixin.py:151} INFO - [2026-05-03T13:56:46.828+0000] {dag.py:2915} INFO - Sync 1 DAGs
[2026-05-03T13:56:46.838+0000] {logging_mixin.py:151} INFO - [2026-05-03T13:56:46.838+0000] {dag.py:3696} INFO - Setting next_dagrun for retail_pipeline to 2026-05-03T00:30:00+00:00, run_after=2026-05-04T00:30:00+00:00
[2026-05-03T13:56:46.844+0000] {processor.py:179} INFO - Processing /opt/airflow/dags/retail_pipeline_dag.py took 0.049 seconds
[2026-05-03T13:57:17.057+0000] {processor.py:157} INFO - Started process (PID=5773) to work on /opt/airflow/dags/retail_pipeline_dag.py
[2026-05-03T13:57:17.057+0000] {processor.py:829} INFO - Processing file /opt/airflow/dags/retail_pipeline_dag.py for tasks to queue
[2026-05-03T13:57:17.058+0000] {logging_mixin.py:151} INFO - [2026-05-03T13:57:17.058+0000] {dagbag.py:539} INFO - Filling up the DagBag from /opt/airflow/dags/retail_pipeline_dag.py
[2026-05-03T13:57:17.072+0000] {processor.py:839} INFO - DAG(s) dict_keys(['retail_pipeline']) retrieved from /opt/airflow/dags/retail_pipeline_dag.py
[2026-05-03T13:57:17.089+0000] {logging_mixin.py:151} INFO - [2026-05-03T13:57:17.089+0000] {dag.py:2915} INFO - Sync 1 DAGs
[2026-05-03T13:57:17.099+0000] {logging_mixin.py:151} INFO - [2026-05-03T13:57:17.099+0000] {dag.py:3696} INFO - Setting next_dagrun for retail_pipeline to 2026-05-03T00:30:00+00:00, run_after=2026-05-04T00:30:00+00:00
[2026-05-03T13:57:17.106+0000] {processor.py:179} INFO - Processing /opt/airflow/dags/retail_pipeline_dag.py took 0.052 seconds
[2026-05-03T13:57:47.299+0000] {processor.py:157} INFO - Started process (PID=5783) to work on /opt/airflow/dags/retail_pipeline_dag.py
[2026-05-03T13:57:47.300+0000] {processor.py:829} INFO - Processing file /opt/airflow/dags/retail_pipeline_dag.py for tasks to queue
[2026-05-03T13:57:47.304+0000] {logging_mixin.py:151} INFO - [2026-05-03T13:57:47.303+0000] {dagbag.py:539} INFO - Filling up the DagBag from /opt/airflow/dags/retail_pipeline_dag.py
[2026-05-03T13:57:47.318+0000] {processor.py:839} INFO - DAG(s) dict_keys(['retail_pipeline']) retrieved from /opt/airflow/dags/retail_pipeline_dag.py
[2026-05-03T13:57:47.337+0000] {logging_mixin.py:151} INFO - [2026-05-03T13:57:47.337+0000] {dag.py:2915} INFO - Sync 1 DAGs
[2026-05-03T13:57:47.348+0000] {logging_mixin.py:151} INFO - [2026-05-03T13:57:47.348+0000] {dag.py:3696} INFO - Setting next_dagrun for retail_pipeline to 2026-05-03T00:30:00+00:00, run_after=2026-05-04T00:30:00+00:00
[2026-05-03T13:57:47.355+0000] {processor.py:179} INFO - Processing /opt/airflow/dags/retail_pipeline_dag.py took 0.059 seconds
[2026-05-03T13:58:17.538+0000] {processor.py:157} INFO - Started process (PID=5793) to work on /opt/airflow/dags/retail_pipeline_dag.py
[2026-05-03T13:58:17.539+0000] {processor.py:829} INFO - Processing file /opt/airflow/dags/retail_pipeline_dag.py for tasks to queue
[2026-05-03T13:58:17.539+0000] {logging_mixin.py:151} INFO - [2026-05-03T13:58:17.539+0000] {dagbag.py:539} INFO - Filling up the DagBag from /opt/airflow/dags/retail_pipeline_dag.py
[2026-05-03T13:58:17.548+0000] {processor.py:839} INFO - DAG(s) dict_keys(['retail_pipeline']) retrieved from /opt/airflow/dags/retail_pipeline_dag.py
[2026-05-03T13:58:17.564+0000] {logging_mixin.py:151} INFO - [2026-05-03T13:58:17.564+0000] {dag.py:2915} INFO - Sync 1 DAGs
[2026-05-03T13:58:17.573+0000] {logging_mixin.py:151} INFO - [2026-05-03T13:58:17.573+0000] {dag.py:3696} INFO - Setting next_dagrun for retail_pipeline to 2026-05-03T00:30:00+00:00, run_after=2026-05-04T00:30:00+00:00
[2026-05-03T13:58:17.580+0000] {processor.py:179} INFO - Processing /opt/airflow/dags/retail_pipeline_dag.py took 0.044 seconds
[2026-05-03T13:58:47.772+0000] {processor.py:157} INFO - Started process (PID=5803) to work on /opt/airflow/dags/retail_pipeline_dag.py
[2026-05-03T13:58:47.774+0000] {processor.py:829} INFO - Processing file /opt/airflow/dags/retail_pipeline_dag.py for tasks to queue
[2026-05-03T13:58:47.774+0000] {logging_mixin.py:151} INFO - [2026-05-03T13:58:47.774+0000] {dagbag.py:539} INFO - Filling up the DagBag from /opt/airflow/dags/retail_pipeline_dag.py
[2026-05-03T13:58:47.790+0000] {processor.py:839} INFO - DAG(s) dict_keys(['retail_pipeline']) retrieved from /opt/airflow/dags/retail_pipeline_dag.py
[2026-05-03T13:58:47.809+0000] {logging_mixin.py:151} INFO - [2026-05-03T13:58:47.809+0000] {dag.py:2915} INFO - Sync 1 DAGs
[2026-05-03T13:58:47.821+0000] {logging_mixin.py:151} INFO - [2026-05-03T13:58:47.821+0000] {dag.py:3696} INFO - Setting next_dagrun for retail_pipeline to 2026-05-03T00:30:00+00:00, run_after=2026-05-04T00:30:00+00:00
[2026-05-03T13:58:47.827+0000] {processor.py:179} INFO - Processing /opt/airflow/dags/retail_pipeline_dag.py took 0.059 seconds
[2026-05-03T13:59:18.079+0000] {processor.py:157} INFO - Started process (PID=5813) to work on /opt/airflow/dags/retail_pipeline_dag.py
[2026-05-03T13:59:18.079+0000] {processor.py:829} INFO - Processing file /opt/airflow/dags/retail_pipeline_dag.py for tasks to queue
[2026-05-03T13:59:18.080+0000] {logging_mixin.py:151} INFO - [2026-05-03T13:59:18.080+0000] {dagbag.py:539} INFO - Filling up the DagBag from /opt/airflow/dags/retail_pipeline_dag.py
[2026-05-03T13:59:18.093+0000] {processor.py:839} INFO - DAG(s) dict_keys(['retail_pipeline']) retrieved from /opt/airflow/dags/retail_pipeline_dag.py
[2026-05-03T13:59:18.113+0000] {logging_mixin.py:151} INFO - [2026-05-03T13:59:18.113+0000] {dag.py:2915} INFO - Sync 1 DAGs
[2026-05-03T13:59:18.122+0000] {logging_mixin.py:151} INFO - [2026-05-03T13:59:18.122+0000] {dag.py:3696} INFO - Setting next_dagrun for retail_pipeline to 2026-05-03T00:30:00+00:00, run_after=2026-05-04T00:30:00+00:00
[2026-05-03T13:59:18.128+0000] {processor.py:179} INFO - Processing /opt/airflow/dags/retail_pipeline_dag.py took 0.053 seconds
[2026-05-03T13:59:48.334+0000] {processor.py:157} INFO - Started process (PID=5823) to work on /opt/airflow/dags/retail_pipeline_dag.py
[2026-05-03T13:59:48.335+0000] {processor.py:829} INFO - Processing file /opt/airflow/dags/retail_pipeline_dag.py for tasks to queue
[2026-05-03T13:59:48.336+0000] {logging_mixin.py:151} INFO - [2026-05-03T13:59:48.336+0000] {dagbag.py:539} INFO - Filling up the DagBag from /opt/airflow/dags/retail_pipeline_dag.py
[2026-05-03T13:59:48.350+0000] {processor.py:839} INFO - DAG(s) dict_keys(['retail_pipeline']) retrieved from /opt/airflow/dags/retail_pipeline_dag.py
[2026-05-03T13:59:48.368+0000] {logging_mixin.py:151} INFO - [2026-05-03T13:59:48.368+0000] {dag.py:2915} INFO - Sync 1 DAGs
[2026-05-03T13:59:48.383+0000] {logging_mixin.py:151} INFO - [2026-05-03T13:59:48.383+0000] {dag.py:3696} INFO - Setting next_dagrun for retail_pipeline to 2026-05-03T00:30:00+00:00, run_after=2026-05-04T00:30:00+00:00
[2026-05-03T13:59:48.390+0000] {processor.py:179} INFO - Processing /opt/airflow/dags/retail_pipeline_dag.py took 0.060 seconds
[2026-05-03T14:00:18.539+0000] {processor.py:157} INFO - Started process (PID=5902) to work on /opt/airflow/dags/retail_pipeline_dag.py
[2026-05-03T14:00:18.540+0000] {processor.py:829} INFO - Processing file /opt/airflow/dags/retail_pipeline_dag.py for tasks to queue
[2026-05-03T14:00:18.541+0000] {logging_mixin.py:151} INFO - [2026-05-03T14:00:18.541+0000] {dagbag.py:539} INFO - Filling up the DagBag from /opt/airflow/dags/retail_pipeline_dag.py
[2026-05-03T14:00:18.551+0000] {processor.py:839} INFO - DAG(s) dict_keys(['retail_pipeline']) retrieved from /opt/airflow/dags/retail_pipeline_dag.py
[2026-05-03T14:00:18.570+0000] {logging_mixin.py:151} INFO - [2026-05-03T14:00:18.569+0000] {dag.py:2915} INFO - Sync 1 DAGs
[2026-05-03T14:00:18.581+0000] {logging_mixin.py:151} INFO - [2026-05-03T14:00:18.581+0000] {dag.py:3696} INFO - Setting next_dagrun for retail_pipeline to 2026-05-03T00:30:00+00:00, run_after=2026-05-04T00:30:00+00:00
[2026-05-03T14:00:18.587+0000] {processor.py:179} INFO - Processing /opt/airflow/dags/retail_pipeline_dag.py took 0.051 seconds
[2026-05-03T14:00:48.796+0000] {processor.py:157} INFO - Started process (PID=5925) to work on /opt/airflow/dags/retail_pipeline_dag.py
[2026-05-03T14:00:48.797+0000] {processor.py:829} INFO - Processing file /opt/airflow/dags/retail_pipeline_dag.py for tasks to queue
[2026-05-03T14:00:48.797+0000] {logging_mixin.py:151} INFO - [2026-05-03T14:00:48.797+0000] {dagbag.py:539} INFO - Filling up the DagBag from /opt/airflow/dags/retail_pipeline_dag.py
[2026-05-03T14:00:48.818+0000] {processor.py:839} INFO - DAG(s) dict_keys(['retail_pipeline']) retrieved from /opt/airflow/dags/retail_pipeline_dag.py
[2026-05-03T14:00:48.850+0000] {logging_mixin.py:151} INFO - [2026-05-03T14:00:48.850+0000] {dag.py:2915} INFO - Sync 1 DAGs
[2026-05-03T14:00:48.862+0000] {logging_mixin.py:151} INFO - [2026-05-03T14:00:48.862+0000] {dag.py:3696} INFO - Setting next_dagrun for retail_pipeline to 2026-05-03T00:30:00+00:00, run_after=2026-05-04T00:30:00+00:00
[2026-05-03T14:00:48.873+0000] {processor.py:179} INFO - Processing /opt/airflow/dags/retail_pipeline_dag.py took 0.083 seconds
[2026-05-03T14:01:19.095+0000] {processor.py:157} INFO - Started process (PID=5935) to work on /opt/airflow/dags/retail_pipeline_dag.py
[2026-05-03T14:01:19.096+0000] {processor.py:829} INFO - Processing file /opt/airflow/dags/retail_pipeline_dag.py for tasks to queue
[2026-05-03T14:01:19.097+0000] {logging_mixin.py:151} INFO - [2026-05-03T14:01:19.097+0000] {dagbag.py:539} INFO - Filling up the DagBag from /opt/airflow/dags/retail_pipeline_dag.py
[2026-05-03T14:01:19.110+0000] {processor.py:839} INFO - DAG(s) dict_keys(['retail_pipeline']) retrieved from /opt/airflow/dags/retail_pipeline_dag.py
[2026-05-03T14:01:19.130+0000] {logging_mixin.py:151} INFO - [2026-05-03T14:01:19.130+0000] {dag.py:2915} INFO - Sync 1 DAGs
[2026-05-03T14:01:19.143+0000] {logging_mixin.py:151} INFO - [2026-05-03T14:01:19.143+0000] {dag.py:3696} INFO - Setting next_dagrun for retail_pipeline to 2026-05-03T00:30:00+00:00, run_after=2026-05-04T00:30:00+00:00
[2026-05-03T14:01:19.150+0000] {processor.py:179} INFO - Processing /opt/airflow/dags/retail_pipeline_dag.py took 0.060 seconds
[2026-05-03T14:01:49.421+0000] {processor.py:157} INFO - Started process (PID=5945) to work on /opt/airflow/dags/retail_pipeline_dag.py
[2026-05-03T14:01:49.422+0000] {processor.py:829} INFO - Processing file /opt/airflow/dags/retail_pipeline_dag.py for tasks to queue
[2026-05-03T14:01:49.423+0000] {logging_mixin.py:151} INFO - [2026-05-03T14:01:49.422+0000] {dagbag.py:539} INFO - Filling up the DagBag from /opt/airflow/dags/retail_pipeline_dag.py
[2026-05-03T14:01:49.442+0000] {processor.py:839} INFO - DAG(s) dict_keys(['retail_pipeline']) retrieved from /opt/airflow/dags/retail_pipeline_dag.py
[2026-05-03T14:01:49.472+0000] {logging_mixin.py:151} INFO - [2026-05-03T14:01:49.472+0000] {dag.py:2915} INFO - Sync 1 DAGs
[2026-05-03T14:01:49.486+0000] {logging_mixin.py:151} INFO - [2026-05-03T14:01:49.486+0000] {dag.py:3696} INFO - Setting next_dagrun for retail_pipeline to 2026-05-03T00:30:00+00:00, run_after=2026-05-04T00:30:00+00:00
[2026-05-03T14:01:49.497+0000] {processor.py:179} INFO - Processing /opt/airflow/dags/retail_pipeline_dag.py took 0.079 seconds
[2026-05-03T14:02:19.710+0000] {processor.py:157} INFO - Started process (PID=5955) to work on /opt/airflow/dags/retail_pipeline_dag.py
[2026-05-03T14:02:19.711+0000] {processor.py:829} INFO - Processing file /opt/airflow/dags/retail_pipeline_dag.py for tasks to queue
[2026-05-03T14:02:19.712+0000] {logging_mixin.py:151} INFO - [2026-05-03T14:02:19.712+0000] {dagbag.py:539} INFO - Filling up the DagBag from /opt/airflow/dags/retail_pipeline_dag.py
[2026-05-03T14:02:19.724+0000] {processor.py:839} INFO - DAG(s) dict_keys(['retail_pipeline']) retrieved from /opt/airflow/dags/retail_pipeline_dag.py
[2026-05-03T14:02:19.741+0000] {logging_mixin.py:151} INFO - [2026-05-03T14:02:19.741+0000] {dag.py:2915} INFO - Sync 1 DAGs
[2026-05-03T14:02:19.751+0000] {logging_mixin.py:151} INFO - [2026-05-03T14:02:19.751+0000] {dag.py:3696} INFO - Setting next_dagrun for retail_pipeline to 2026-05-03T00:30:00+00:00, run_after=2026-05-04T00:30:00+00:00
[2026-05-03T14:02:19.758+0000] {processor.py:179} INFO - Processing /opt/airflow/dags/retail_pipeline_dag.py took 0.052 seconds
[2026-05-03T14:02:50.076+0000] {processor.py:157} INFO - Started process (PID=5965) to work on /opt/airflow/dags/retail_pipeline_dag.py
[2026-05-03T14:02:50.077+0000] {processor.py:829} INFO - Processing file /opt/airflow/dags/retail_pipeline_dag.py for tasks to queue
[2026-05-03T14:02:50.078+0000] {logging_mixin.py:151} INFO - [2026-05-03T14:02:50.077+0000] {dagbag.py:539} INFO - Filling up the DagBag from /opt/airflow/dags/retail_pipeline_dag.py
[2026-05-03T14:02:50.093+0000] {processor.py:839} INFO - DAG(s) dict_keys(['retail_pipeline']) retrieved from /opt/airflow/dags/retail_pipeline_dag.py
[2026-05-03T14:02:50.113+0000] {logging_mixin.py:151} INFO - [2026-05-03T14:02:50.113+0000] {dag.py:2915} INFO - Sync 1 DAGs
[2026-05-03T14:02:50.126+0000] {logging_mixin.py:151} INFO - [2026-05-03T14:02:50.126+0000] {dag.py:3696} INFO - Setting next_dagrun for retail_pipeline to 2026-05-03T00:30:00+00:00, run_after=2026-05-04T00:30:00+00:00
[2026-05-03T14:02:50.136+0000] {processor.py:179} INFO - Processing /opt/airflow/dags/retail_pipeline_dag.py took 0.063 seconds
[2026-05-03T14:03:20.361+0000] {processor.py:157} INFO - Started process (PID=5975) to work on /opt/airflow/dags/retail_pipeline_dag.py
[2026-05-03T14:03:20.362+0000] {processor.py:829} INFO - Processing file /opt/airflow/dags/retail_pipeline_dag.py for tasks to queue
[2026-05-03T14:03:20.363+0000] {logging_mixin.py:151} INFO - [2026-05-03T14:03:20.363+0000] {dagbag.py:539} INFO - Filling up the DagBag from /opt/airflow/dags/retail_pipeline_dag.py
[2026-05-03T14:03:20.371+0000] {processor.py:839} INFO - DAG(s) dict_keys(['retail_pipeline']) retrieved from /opt/airflow/dags/retail_pipeline_dag.py
[2026-05-03T14:03:20.390+0000] {logging_mixin.py:151} INFO - [2026-05-03T14:03:20.390+0000] {dag.py:2915} INFO - Sync 1 DAGs
[2026-05-03T14:03:20.404+0000] {logging_mixin.py:151} INFO - [2026-05-03T14:03:20.404+0000] {dag.py:3696} INFO - Setting next_dagrun for retail_pipeline to 2026-05-03T00:30:00+00:00, run_after=2026-05-04T00:30:00+00:00
[2026-05-03T14:03:20.413+0000] {processor.py:179} INFO - Processing /opt/airflow/dags/retail_pipeline_dag.py took 0.057 seconds
[2026-05-03T14:03:50.612+0000] {processor.py:157} INFO - Started process (PID=5985) to work on /opt/airflow/dags/retail_pipeline_dag.py
[2026-05-03T14:03:50.613+0000] {processor.py:829} INFO - Processing file /opt/airflow/dags/retail_pipeline_dag.py for tasks to queue
[2026-05-03T14:03:50.614+0000] {logging_mixin.py:151} INFO - [2026-05-03T14:03:50.614+0000] {dagbag.py:539} INFO - Filling up the DagBag from /opt/airflow/dags/retail_pipeline_dag.py
[2026-05-03T14:03:50.628+0000] {processor.py:839} INFO - DAG(s) dict_keys(['retail_pipeline']) retrieved from /opt/airflow/dags/retail_pipeline_dag.py
[2026-05-03T14:03:50.659+0000] {logging_mixin.py:151} INFO - [2026-05-03T14:03:50.659+0000] {dag.py:2915} INFO - Sync 1 DAGs
[2026-05-03T14:03:50.676+0000] {logging_mixin.py:151} INFO - [2026-05-03T14:03:50.676+0000] {dag.py:3696} INFO - Setting next_dagrun for retail_pipeline to 2026-05-03T00:30:00+00:00, run_after=2026-05-04T00:30:00+00:00
[2026-05-03T14:03:50.684+0000] {processor.py:179} INFO - Processing /opt/airflow/dags/retail_pipeline_dag.py took 0.080 seconds
[2026-05-03T14:04:20.845+0000] {processor.py:157} INFO - Started process (PID=5995) to work on /opt/airflow/dags/retail_pipeline_dag.py
[2026-05-03T14:04:20.846+0000] {processor.py:829} INFO - Processing file /opt/airflow/dags/retail_pipeline_dag.py for tasks to queue
[2026-05-03T14:04:20.847+0000] {logging_mixin.py:151} INFO - [2026-05-03T14:04:20.846+0000] {dagbag.py:539} INFO - Filling up the DagBag from /opt/airflow/dags/retail_pipeline_dag.py
[2026-05-03T14:04:20.858+0000] {processor.py:839} INFO - DAG(s) dict_keys(['retail_pipeline']) retrieved from /opt/airflow/dags/retail_pipeline_dag.py
[2026-05-03T14:04:20.882+0000] {logging_mixin.py:151} INFO - [2026-05-03T14:04:20.882+0000] {dag.py:2915} INFO - Sync 1 DAGs
[2026-05-03T14:04:20.900+0000] {logging_mixin.py:151} INFO - [2026-05-03T14:04:20.900+0000] {dag.py:3696} INFO - Setting next_dagrun for retail_pipeline to 2026-05-03T00:30:00+00:00, run_after=2026-05-04T00:30:00+00:00
[2026-05-03T14:04:20.908+0000] {processor.py:179} INFO - Processing /opt/airflow/dags/retail_pipeline_dag.py took 0.069 seconds
[2026-05-03T14:04:51.130+0000] {processor.py:157} INFO - Started process (PID=6005) to work on /opt/airflow/dags/retail_pipeline_dag.py
[2026-05-03T14:04:51.131+0000] {processor.py:829} INFO - Processing file /opt/airflow/dags/retail_pipeline_dag.py for tasks to queue
[2026-05-03T14:04:51.132+0000] {logging_mixin.py:151} INFO - [2026-05-03T14:04:51.131+0000] {dagbag.py:539} INFO - Filling up the DagBag from /opt/airflow/dags/retail_pipeline_dag.py
[2026-05-03T14:04:51.151+0000] {processor.py:839} INFO - DAG(s) dict_keys(['retail_pipeline']) retrieved from /opt/airflow/dags/retail_pipeline_dag.py
[2026-05-03T14:04:51.173+0000] {logging_mixin.py:151} INFO - [2026-05-03T14:04:51.173+0000] {dag.py:2915} INFO - Sync 1 DAGs
[2026-05-03T14:04:51.184+0000] {logging_mixin.py:151} INFO - [2026-05-03T14:04:51.184+0000] {dag.py:3696} INFO - Setting next_dagrun for retail_pipeline to 2026-05-03T00:30:00+00:00, run_after=2026-05-04T00:30:00+00:00
[2026-05-03T14:04:51.191+0000] {processor.py:179} INFO - Processing /opt/airflow/dags/retail_pipeline_dag.py took 0.064 seconds
[2026-05-03T14:05:21.296+0000] {processor.py:157} INFO - Started process (PID=6015) to work on /opt/airflow/dags/retail_pipeline_dag.py
[2026-05-03T14:05:21.297+0000] {processor.py:829} INFO - Processing file /opt/airflow/dags/retail_pipeline_dag.py for tasks to queue
[2026-05-03T14:05:21.298+0000] {logging_mixin.py:151} INFO - [2026-05-03T14:05:21.297+0000] {dagbag.py:539} INFO - Filling up the DagBag from /opt/airflow/dags/retail_pipeline_dag.py
[2026-05-03T14:05:21.312+0000] {processor.py:839} INFO - DAG(s) dict_keys(['retail_pipeline']) retrieved from /opt/airflow/dags/retail_pipeline_dag.py
[2026-05-03T14:05:21.336+0000] {logging_mixin.py:151} INFO - [2026-05-03T14:05:21.336+0000] {dag.py:2915} INFO - Sync 1 DAGs
[2026-05-03T14:05:21.352+0000] {logging_mixin.py:151} INFO - [2026-05-03T14:05:21.352+0000] {dag.py:3696} INFO - Setting next_dagrun for retail_pipeline to 2026-05-03T00:30:00+00:00, run_after=2026-05-04T00:30:00+00:00
[2026-05-03T14:05:21.361+0000] {processor.py:179} INFO - Processing /opt/airflow/dags/retail_pipeline_dag.py took 0.070 seconds
[2026-05-03T14:05:51.410+0000] {processor.py:157} INFO - Started process (PID=6025) to work on /opt/airflow/dags/retail_pipeline_dag.py
[2026-05-03T14:05:51.410+0000] {processor.py:829} INFO - Processing file /opt/airflow/dags/retail_pipeline_dag.py for tasks to queue
[2026-05-03T14:05:51.411+0000] {logging_mixin.py:151} INFO - [2026-05-03T14:05:51.411+0000] {dagbag.py:539} INFO - Filling up the DagBag from /opt/airflow/dags/retail_pipeline_dag.py
[2026-05-03T14:05:51.425+0000] {processor.py:839} INFO - DAG(s) dict_keys(['retail_pipeline']) retrieved from /opt/airflow/dags/retail_pipeline_dag.py
[2026-05-03T14:05:51.447+0000] {logging_mixin.py:151} INFO - [2026-05-03T14:05:51.447+0000] {dag.py:2915} INFO - Sync 1 DAGs
[2026-05-03T14:05:51.462+0000] {logging_mixin.py:151} INFO - [2026-05-03T14:05:51.462+0000] {dag.py:3696} INFO - Setting next_dagrun for retail_pipeline to 2026-05-03T00:30:00+00:00, run_after=2026-05-04T00:30:00+00:00
[2026-05-03T14:05:51.472+0000] {processor.py:179} INFO - Processing /opt/airflow/dags/retail_pipeline_dag.py took 0.063 seconds
[2026-05-03T14:06:21.565+0000] {processor.py:157} INFO - Started process (PID=6035) to work on /opt/airflow/dags/retail_pipeline_dag.py
[2026-05-03T14:06:21.566+0000] {processor.py:829} INFO - Processing file /opt/airflow/dags/retail_pipeline_dag.py for tasks to queue
[2026-05-03T14:06:21.567+0000] {logging_mixin.py:151} INFO - [2026-05-03T14:06:21.566+0000] {dagbag.py:539} INFO - Filling up the DagBag from /opt/airflow/dags/retail_pipeline_dag.py
[2026-05-03T14:06:21.579+0000] {processor.py:839} INFO - DAG(s) dict_keys(['retail_pipeline']) retrieved from /opt/airflow/dags/retail_pipeline_dag.py
[2026-05-03T14:06:21.601+0000] {logging_mixin.py:151} INFO - [2026-05-03T14:06:21.601+0000] {dag.py:2915} INFO - Sync 1 DAGs
[2026-05-03T14:06:21.615+0000] {logging_mixin.py:151} INFO - [2026-05-03T14:06:21.615+0000] {dag.py:3696} INFO - Setting next_dagrun for retail_pipeline to 2026-05-03T00:30:00+00:00, run_after=2026-05-04T00:30:00+00:00
[2026-05-03T14:06:21.624+0000] {processor.py:179} INFO - Processing /opt/airflow/dags/retail_pipeline_dag.py took 0.062 seconds
[2026-05-03T14:06:51.754+0000] {processor.py:157} INFO - Started process (PID=6045) to work on /opt/airflow/dags/retail_pipeline_dag.py
[2026-05-03T14:06:51.755+0000] {processor.py:829} INFO - Processing file /opt/airflow/dags/retail_pipeline_dag.py for tasks to queue
[2026-05-03T14:06:51.756+0000] {logging_mixin.py:151} INFO - [2026-05-03T14:06:51.756+0000] {dagbag.py:539} INFO - Filling up the DagBag from /opt/airflow/dags/retail_pipeline_dag.py
[2026-05-03T14:06:51.767+0000] {processor.py:839} INFO - DAG(s) dict_keys(['retail_pipeline']) retrieved from /opt/airflow/dags/retail_pipeline_dag.py
[2026-05-03T14:06:51.791+0000] {logging_mixin.py:151} INFO - [2026-05-03T14:06:51.791+0000] {dag.py:2915} INFO - Sync 1 DAGs
[2026-05-03T14:06:51.805+0000] {logging_mixin.py:151} INFO - [2026-05-03T14:06:51.805+0000] {dag.py:3696} INFO - Setting next_dagrun for retail_pipeline to 2026-05-03T00:30:00+00:00, run_after=2026-05-04T00:30:00+00:00
[2026-05-03T14:06:51.816+0000] {processor.py:179} INFO - Processing /opt/airflow/dags/retail_pipeline_dag.py took 0.064 seconds
[2026-05-03T14:07:21.880+0000] {processor.py:157} INFO - Started process (PID=6055) to work on /opt/airflow/dags/retail_pipeline_dag.py
[2026-05-03T14:07:21.882+0000] {processor.py:829} INFO - Processing file /opt/airflow/dags/retail_pipeline_dag.py for tasks to queue
[2026-05-03T14:07:21.883+0000] {logging_mixin.py:151} INFO - [2026-05-03T14:07:21.882+0000] {dagbag.py:539} INFO - Filling up the DagBag from /opt/airflow/dags/retail_pipeline_dag.py
[2026-05-03T14:07:21.913+0000] {processor.py:839} INFO - DAG(s) dict_keys(['retail_pipeline']) retrieved from /opt/airflow/dags/retail_pipeline_dag.py
[2026-05-03T14:07:21.944+0000] {logging_mixin.py:151} INFO - [2026-05-03T14:07:21.944+0000] {dag.py:2915} INFO - Sync 1 DAGs
[2026-05-03T14:07:21.958+0000] {logging_mixin.py:151} INFO - [2026-05-03T14:07:21.958+0000] {dag.py:3696} INFO - Setting next_dagrun for retail_pipeline to 2026-05-03T00:30:00+00:00, run_after=2026-05-04T00:30:00+00:00
[2026-05-03T14:07:21.967+0000] {processor.py:179} INFO - Processing /opt/airflow/dags/retail_pipeline_dag.py took 0.090 seconds
[2026-05-03T14:07:52.093+0000] {processor.py:157} INFO - Started process (PID=6065) to work on /opt/airflow/dags/retail_pipeline_dag.py
[2026-05-03T14:07:52.094+0000] {processor.py:829} INFO - Processing file /opt/airflow/dags/retail_pipeline_dag.py for tasks to queue
[2026-05-03T14:07:52.094+0000] {logging_mixin.py:151} INFO - [2026-05-03T14:07:52.094+0000] {dagbag.py:539} INFO - Filling up the DagBag from /opt/airflow/dags/retail_pipeline_dag.py
[2026-05-03T14:07:52.111+0000] {processor.py:839} INFO - DAG(s) dict_keys(['retail_pipeline']) retrieved from /opt/airflow/dags/retail_pipeline_dag.py
[2026-05-03T14:07:52.140+0000] {logging_mixin.py:151} INFO - [2026-05-03T14:07:52.140+0000] {dag.py:2915} INFO - Sync 1 DAGs
[2026-05-03T14:07:52.156+0000] {logging_mixin.py:151} INFO - [2026-05-03T14:07:52.155+0000] {dag.py:3696} INFO - Setting next_dagrun for retail_pipeline to 2026-05-03T00:30:00+00:00, run_after=2026-05-04T00:30:00+00:00
[2026-05-03T14:07:52.167+0000] {processor.py:179} INFO - Processing /opt/airflow/dags/retail_pipeline_dag.py took 0.076 seconds
[2026-05-03T14:08:22.323+0000] {processor.py:157} INFO - Started process (PID=6075) to work on /opt/airflow/dags/retail_pipeline_dag.py
[2026-05-03T14:08:22.323+0000] {processor.py:829} INFO - Processing file /opt/airflow/dags/retail_pipeline_dag.py for tasks to queue
[2026-05-03T14:08:22.324+0000] {logging_mixin.py:151} INFO - [2026-05-03T14:08:22.324+0000] {dagbag.py:539} INFO - Filling up the DagBag from /opt/airflow/dags/retail_pipeline_dag.py
[2026-05-03T14:08:22.335+0000] {processor.py:839} INFO - DAG(s) dict_keys(['retail_pipeline']) retrieved from /opt/airflow/dags/retail_pipeline_dag.py
[2026-05-03T14:08:22.382+0000] {logging_mixin.py:151} INFO - [2026-05-03T14:08:22.382+0000] {dag.py:2915} INFO - Sync 1 DAGs
[2026-05-03T14:08:22.409+0000] {logging_mixin.py:151} INFO - [2026-05-03T14:08:22.409+0000] {dag.py:3696} INFO - Setting next_dagrun for retail_pipeline to 2026-05-03T00:30:00+00:00, run_after=2026-05-04T00:30:00+00:00
[2026-05-03T14:08:22.422+0000] {processor.py:179} INFO - Processing /opt/airflow/dags/retail_pipeline_dag.py took 0.101 seconds
[2026-05-03T14:08:52.566+0000] {processor.py:157} INFO - Started process (PID=6084) to work on /opt/airflow/dags/retail_pipeline_dag.py
[2026-05-03T14:08:52.567+0000] {processor.py:829} INFO - Processing file /opt/airflow/dags/retail_pipeline_dag.py for tasks to queue
[2026-05-03T14:08:52.569+0000] {logging_mixin.py:151} INFO - [2026-05-03T14:08:52.568+0000] {dagbag.py:539} INFO - Filling up the DagBag from /opt/airflow/dags/retail_pipeline_dag.py
[2026-05-03T14:08:52.588+0000] {processor.py:839} INFO - DAG(s) dict_keys(['retail_pipeline']) retrieved from /opt/airflow/dags/retail_pipeline_dag.py
[2026-05-03T14:08:52.616+0000] {logging_mixin.py:151} INFO - [2026-05-03T14:08:52.616+0000] {dag.py:2915} INFO - Sync 1 DAGs
[2026-05-03T14:08:52.633+0000] {logging_mixin.py:151} INFO - [2026-05-03T14:08:52.633+0000] {dag.py:3696} INFO - Setting next_dagrun for retail_pipeline to 2026-05-03T00:30:00+00:00, run_after=2026-05-04T00:30:00+00:00
[2026-05-03T14:08:52.643+0000] {processor.py:179} INFO - Processing /opt/airflow/dags/retail_pipeline_dag.py took 0.081 seconds
[2026-05-03T14:09:22.701+0000] {processor.py:157} INFO - Started process (PID=6095) to work on /opt/airflow/dags/retail_pipeline_dag.py
[2026-05-03T14:09:22.701+0000] {processor.py:829} INFO - Processing file /opt/airflow/dags/retail_pipeline_dag.py for tasks to queue
[2026-05-03T14:09:22.702+0000] {logging_mixin.py:151} INFO - [2026-05-03T14:09:22.702+0000] {dagbag.py:539} INFO - Filling up the DagBag from /opt/airflow/dags/retail_pipeline_dag.py
[2026-05-03T14:09:22.713+0000] {processor.py:839} INFO - DAG(s) dict_keys(['retail_pipeline']) retrieved from /opt/airflow/dags/retail_pipeline_dag.py
[2026-05-03T14:09:22.741+0000] {logging_mixin.py:151} INFO - [2026-05-03T14:09:22.741+0000] {dag.py:2915} INFO - Sync 1 DAGs
[2026-05-03T14:09:22.755+0000] {logging_mixin.py:151} INFO - [2026-05-03T14:09:22.755+0000] {dag.py:3696} INFO - Setting next_dagrun for retail_pipeline to 2026-05-03T00:30:00+00:00, run_after=2026-05-04T00:30:00+00:00
[2026-05-03T14:09:22.764+0000] {processor.py:179} INFO - Processing /opt/airflow/dags/retail_pipeline_dag.py took 0.065 seconds
[2026-05-03T14:09:52.862+0000] {processor.py:157} INFO - Started process (PID=6104) to work on /opt/airflow/dags/retail_pipeline_dag.py
[2026-05-03T14:09:52.863+0000] {processor.py:829} INFO - Processing file /opt/airflow/dags/retail_pipeline_dag.py for tasks to queue
[2026-05-03T14:09:52.864+0000] {logging_mixin.py:151} INFO - [2026-05-03T14:09:52.863+0000] {dagbag.py:539} INFO - Filling up the DagBag from /opt/airflow/dags/retail_pipeline_dag.py
[2026-05-03T14:09:52.888+0000] {processor.py:839} INFO - DAG(s) dict_keys(['retail_pipeline']) retrieved from /opt/airflow/dags/retail_pipeline_dag.py
[2026-05-03T14:09:52.924+0000] {logging_mixin.py:151} INFO - [2026-05-03T14:09:52.924+0000] {dag.py:2915} INFO - Sync 1 DAGs
[2026-05-03T14:09:52.940+0000] {logging_mixin.py:151} INFO - [2026-05-03T14:09:52.940+0000] {dag.py:3696} INFO - Setting next_dagrun for retail_pipeline to 2026-05-03T00:30:00+00:00, run_after=2026-05-04T00:30:00+00:00
[2026-05-03T14:09:52.951+0000] {processor.py:179} INFO - Processing /opt/airflow/dags/retail_pipeline_dag.py took 0.093 seconds
[2026-05-03T14:10:23.096+0000] {processor.py:157} INFO - Started process (PID=6115) to work on /opt/airflow/dags/retail_pipeline_dag.py
[2026-05-03T14:10:23.097+0000] {processor.py:829} INFO - Processing file /opt/airflow/dags/retail_pipeline_dag.py for tasks to queue
[2026-05-03T14:10:23.098+0000] {logging_mixin.py:151} INFO - [2026-05-03T14:10:23.097+0000] {dagbag.py:539} INFO - Filling up the DagBag from /opt/airflow/dags/retail_pipeline_dag.py
[2026-05-03T14:10:23.110+0000] {processor.py:839} INFO - DAG(s) dict_keys(['retail_pipeline']) retrieved from /opt/airflow/dags/retail_pipeline_dag.py
[2026-05-03T14:10:23.142+0000] {logging_mixin.py:151} INFO - [2026-05-03T14:10:23.142+0000] {dag.py:2915} INFO - Sync 1 DAGs
[2026-05-03T14:10:23.161+0000] {logging_mixin.py:151} INFO - [2026-05-03T14:10:23.161+0000] {dag.py:3696} INFO - Setting next_dagrun for retail_pipeline to 2026-05-03T00:30:00+00:00, run_after=2026-05-04T00:30:00+00:00
[2026-05-03T14:10:23.178+0000] {processor.py:179} INFO - Processing /opt/airflow/dags/retail_pipeline_dag.py took 0.084 seconds
[2026-05-03T14:10:53.237+0000] {processor.py:157} INFO - Started process (PID=6125) to work on /opt/airflow/dags/retail_pipeline_dag.py
[2026-05-03T14:10:53.237+0000] {processor.py:829} INFO - Processing file /opt/airflow/dags/retail_pipeline_dag.py for tasks to queue
[2026-05-03T14:10:53.238+0000] {logging_mixin.py:151} INFO - [2026-05-03T14:10:53.238+0000] {dagbag.py:539} INFO - Filling up the DagBag from /opt/airflow/dags/retail_pipeline_dag.py
[2026-05-03T14:10:53.249+0000] {processor.py:839} INFO - DAG(s) dict_keys(['retail_pipeline']) retrieved from /opt/airflow/dags/retail_pipeline_dag.py
[2026-05-03T14:10:53.275+0000] {logging_mixin.py:151} INFO - [2026-05-03T14:10:53.275+0000] {dag.py:2915} INFO - Sync 1 DAGs
[2026-05-03T14:10:53.291+0000] {logging_mixin.py:151} INFO - [2026-05-03T14:10:53.290+0000] {dag.py:3696} INFO - Setting next_dagrun for retail_pipeline to 2026-05-03T00:30:00+00:00, run_after=2026-05-04T00:30:00+00:00
[2026-05-03T14:10:53.303+0000] {processor.py:179} INFO - Processing /opt/airflow/dags/retail_pipeline_dag.py took 0.069 seconds
[2026-05-03T14:11:23.377+0000] {processor.py:157} INFO - Started process (PID=6135) to work on /opt/airflow/dags/retail_pipeline_dag.py
[2026-05-03T14:11:23.379+0000] {processor.py:829} INFO - Processing file /opt/airflow/dags/retail_pipeline_dag.py for tasks to queue
[2026-05-03T14:11:23.380+0000] {logging_mixin.py:151} INFO - [2026-05-03T14:11:23.380+0000] {dagbag.py:539} INFO - Filling up the DagBag from /opt/airflow/dags/retail_pipeline_dag.py
[2026-05-03T14:11:23.391+0000] {processor.py:839} INFO - DAG(s) dict_keys(['retail_pipeline']) retrieved from /opt/airflow/dags/retail_pipeline_dag.py
[2026-05-03T14:11:23.412+0000] {logging_mixin.py:151} INFO - [2026-05-03T14:11:23.412+0000] {dag.py:2915} INFO - Sync 1 DAGs
[2026-05-03T14:11:23.432+0000] {logging_mixin.py:151} INFO - [2026-05-03T14:11:23.432+0000] {dag.py:3696} INFO - Setting next_dagrun for retail_pipeline to 2026-05-03T00:30:00+00:00, run_after=2026-05-04T00:30:00+00:00
[2026-05-03T14:11:23.443+0000] {processor.py:179} INFO - Processing /opt/airflow/dags/retail_pipeline_dag.py took 0.068 seconds
[2026-05-03T14:11:53.496+0000] {processor.py:157} INFO - Started process (PID=6145) to work on /opt/airflow/dags/retail_pipeline_dag.py
[2026-05-03T14:11:53.497+0000] {processor.py:829} INFO - Processing file /opt/airflow/dags/retail_pipeline_dag.py for tasks to queue
[2026-05-03T14:11:53.499+0000] {logging_mixin.py:151} INFO - [2026-05-03T14:11:53.499+0000] {dagbag.py:539} INFO - Filling up the DagBag from /opt/airflow/dags/retail_pipeline_dag.py
[2026-05-03T14:11:53.507+0000] {processor.py:839} INFO - DAG(s) dict_keys(['retail_pipeline']) retrieved from /opt/airflow/dags/retail_pipeline_dag.py
[2026-05-03T14:11:53.529+0000] {logging_mixin.py:151} INFO - [2026-05-03T14:11:53.529+0000] {dag.py:2915} INFO - Sync 1 DAGs
[2026-05-03T14:11:53.546+0000] {logging_mixin.py:151} INFO - [2026-05-03T14:11:53.546+0000] {dag.py:3696} INFO - Setting next_dagrun for retail_pipeline to 2026-05-03T00:30:00+00:00, run_after=2026-05-04T00:30:00+00:00
[2026-05-03T14:11:53.556+0000] {processor.py:179} INFO - Processing /opt/airflow/dags/retail_pipeline_dag.py took 0.061 seconds
[2026-05-03T14:12:23.750+0000] {processor.py:157} INFO - Started process (PID=6155) to work on /opt/airflow/dags/retail_pipeline_dag.py
[2026-05-03T14:12:23.751+0000] {processor.py:829} INFO - Processing file /opt/airflow/dags/retail_pipeline_dag.py for tasks to queue
[2026-05-03T14:12:23.752+0000] {logging_mixin.py:151} INFO - [2026-05-03T14:12:23.752+0000] {dagbag.py:539} INFO - Filling up the DagBag from /opt/airflow/dags/retail_pipeline_dag.py
[2026-05-03T14:12:23.765+0000] {processor.py:839} INFO - DAG(s) dict_keys(['retail_pipeline']) retrieved from /opt/airflow/dags/retail_pipeline_dag.py
[2026-05-03T14:12:23.792+0000] {logging_mixin.py:151} INFO - [2026-05-03T14:12:23.791+0000] {dag.py:2915} INFO - Sync 1 DAGs
[2026-05-03T14:12:23.808+0000] {logging_mixin.py:151} INFO - [2026-05-03T14:12:23.808+0000] {dag.py:3696} INFO - Setting next_dagrun for retail_pipeline to 2026-05-03T00:30:00+00:00, run_after=2026-05-04T00:30:00+00:00
[2026-05-03T14:12:23.820+0000] {processor.py:179} INFO - Processing /opt/airflow/dags/retail_pipeline_dag.py took 0.073 seconds
[2026-05-03T14:12:53.854+0000] {processor.py:157} INFO - Started process (PID=6165) to work on /opt/airflow/dags/retail_pipeline_dag.py
[2026-05-03T14:12:53.855+0000] {processor.py:829} INFO - Processing file /opt/airflow/dags/retail_pipeline_dag.py for tasks to queue
[2026-05-03T14:12:53.855+0000] {logging_mixin.py:151} INFO - [2026-05-03T14:12:53.855+0000] {dagbag.py:539} INFO - Filling up the DagBag from /opt/airflow/dags/retail_pipeline_dag.py
[2026-05-03T14:12:53.868+0000] {processor.py:839} INFO - DAG(s) dict_keys(['retail_pipeline']) retrieved from /opt/airflow/dags/retail_pipeline_dag.py
[2026-05-03T14:12:53.891+0000] {logging_mixin.py:151} INFO - [2026-05-03T14:12:53.891+0000] {dag.py:2915} INFO - Sync 1 DAGs
[2026-05-03T14:12:53.905+0000] {logging_mixin.py:151} INFO - [2026-05-03T14:12:53.904+0000] {dag.py:3696} INFO - Setting next_dagrun for retail_pipeline to 2026-05-03T00:30:00+00:00, run_after=2026-05-04T00:30:00+00:00
[2026-05-03T14:12:53.918+0000] {processor.py:179} INFO - Processing /opt/airflow/dags/retail_pipeline_dag.py took 0.065 seconds
[2026-05-03T14:13:24.052+0000] {processor.py:157} INFO - Started process (PID=6174) to work on /opt/airflow/dags/retail_pipeline_dag.py
[2026-05-03T14:13:24.052+0000] {processor.py:829} INFO - Processing file /opt/airflow/dags/retail_pipeline_dag.py for tasks to queue
[2026-05-03T14:13:24.053+0000] {logging_mixin.py:151} INFO - [2026-05-03T14:13:24.053+0000] {dagbag.py:539} INFO - Filling up the DagBag from /opt/airflow/dags/retail_pipeline_dag.py
[2026-05-03T14:13:24.063+0000] {processor.py:839} INFO - DAG(s) dict_keys(['retail_pipeline']) retrieved from /opt/airflow/dags/retail_pipeline_dag.py
[2026-05-03T14:13:24.083+0000] {logging_mixin.py:151} INFO - [2026-05-03T14:13:24.083+0000] {dag.py:2915} INFO - Sync 1 DAGs
[2026-05-03T14:13:24.095+0000] {logging_mixin.py:151} INFO - [2026-05-03T14:13:24.095+0000] {dag.py:3696} INFO - Setting next_dagrun for retail_pipeline to 2026-05-03T00:30:00+00:00, run_after=2026-05-04T00:30:00+00:00
[2026-05-03T14:13:24.104+0000] {processor.py:179} INFO - Processing /opt/airflow/dags/retail_pipeline_dag.py took 0.054 seconds
[2026-05-03T14:13:54.159+0000] {processor.py:157} INFO - Started process (PID=6185) to work on /opt/airflow/dags/retail_pipeline_dag.py
[2026-05-03T14:13:54.160+0000] {processor.py:829} INFO - Processing file /opt/airflow/dags/retail_pipeline_dag.py for tasks to queue
[2026-05-03T14:13:54.161+0000] {logging_mixin.py:151} INFO - [2026-05-03T14:13:54.161+0000] {dagbag.py:539} INFO - Filling up the DagBag from /opt/airflow/dags/retail_pipeline_dag.py
[2026-05-03T14:13:54.172+0000] {processor.py:839} INFO - DAG(s) dict_keys(['retail_pipeline']) retrieved from /opt/airflow/dags/retail_pipeline_dag.py
[2026-05-03T14:13:54.191+0000] {logging_mixin.py:151} INFO - [2026-05-03T14:13:54.191+0000] {dag.py:2915} INFO - Sync 1 DAGs
[2026-05-03T14:13:54.204+0000] {logging_mixin.py:151} INFO - [2026-05-03T14:13:54.204+0000] {dag.py:3696} INFO - Setting next_dagrun for retail_pipeline to 2026-05-03T00:30:00+00:00, run_after=2026-05-04T00:30:00+00:00
[2026-05-03T14:13:54.213+0000] {processor.py:179} INFO - Processing /opt/airflow/dags/retail_pipeline_dag.py took 0.056 seconds
[2026-05-03T14:14:24.500+0000] {processor.py:157} INFO - Started process (PID=6195) to work on /opt/airflow/dags/retail_pipeline_dag.py
[2026-05-03T14:14:24.501+0000] {processor.py:829} INFO - Processing file /opt/airflow/dags/retail_pipeline_dag.py for tasks to queue
[2026-05-03T14:14:24.502+0000] {logging_mixin.py:151} INFO - [2026-05-03T14:14:24.502+0000] {dagbag.py:539} INFO - Filling up the DagBag from /opt/airflow/dags/retail_pipeline_dag.py
[2026-05-03T14:14:24.519+0000] {processor.py:839} INFO - DAG(s) dict_keys(['retail_pipeline']) retrieved from /opt/airflow/dags/retail_pipeline_dag.py
[2026-05-03T14:14:24.548+0000] {logging_mixin.py:151} INFO - [2026-05-03T14:14:24.548+0000] {dag.py:2915} INFO - Sync 1 DAGs
[2026-05-03T14:14:24.561+0000] {logging_mixin.py:151} INFO - [2026-05-03T14:14:24.561+0000] {dag.py:3696} INFO - Setting next_dagrun for retail_pipeline to 2026-05-03T00:30:00+00:00, run_after=2026-05-04T00:30:00+00:00
[2026-05-03T14:14:24.571+0000] {processor.py:179} INFO - Processing /opt/airflow/dags/retail_pipeline_dag.py took 0.074 seconds
[2026-05-03T14:14:54.751+0000] {processor.py:157} INFO - Started process (PID=6205) to work on /opt/airflow/dags/retail_pipeline_dag.py
[2026-05-03T14:14:54.753+0000] {processor.py:829} INFO - Processing file /opt/airflow/dags/retail_pipeline_dag.py for tasks to queue
[2026-05-03T14:14:54.755+0000] {logging_mixin.py:151} INFO - [2026-05-03T14:14:54.754+0000] {dagbag.py:539} INFO - Filling up the DagBag from /opt/airflow/dags/retail_pipeline_dag.py
[2026-05-03T14:14:54.769+0000] {processor.py:839} INFO - DAG(s) dict_keys(['retail_pipeline']) retrieved from /opt/airflow/dags/retail_pipeline_dag.py
[2026-05-03T14:14:54.802+0000] {logging_mixin.py:151} INFO - [2026-05-03T14:14:54.802+0000] {dag.py:2915} INFO - Sync 1 DAGs
[2026-05-03T14:14:54.827+0000] {logging_mixin.py:151} INFO - [2026-05-03T14:14:54.827+0000] {dag.py:3696} INFO - Setting next_dagrun for retail_pipeline to 2026-05-03T00:30:00+00:00, run_after=2026-05-04T00:30:00+00:00
[2026-05-03T14:14:54.835+0000] {processor.py:179} INFO - Processing /opt/airflow/dags/retail_pipeline_dag.py took 0.088 seconds
[2026-05-03T14:15:24.990+0000] {processor.py:157} INFO - Started process (PID=6215) to work on /opt/airflow/dags/retail_pipeline_dag.py
[2026-05-03T14:15:24.991+0000] {processor.py:829} INFO - Processing file /opt/airflow/dags/retail_pipeline_dag.py for tasks to queue
[2026-05-03T14:15:24.992+0000] {logging_mixin.py:151} INFO - [2026-05-03T14:15:24.992+0000] {dagbag.py:539} INFO - Filling up the DagBag from /opt/airflow/dags/retail_pipeline_dag.py
[2026-05-03T14:15:25.007+0000] {processor.py:839} INFO - DAG(s) dict_keys(['retail_pipeline']) retrieved from /opt/airflow/dags/retail_pipeline_dag.py
[2026-05-03T14:15:25.032+0000] {logging_mixin.py:151} INFO - [2026-05-03T14:15:25.032+0000] {dag.py:2915} INFO - Sync 1 DAGs
[2026-05-03T14:15:25.044+0000] {logging_mixin.py:151} INFO - [2026-05-03T14:15:25.044+0000] {dag.py:3696} INFO - Setting next_dagrun for retail_pipeline to 2026-05-03T00:30:00+00:00, run_after=2026-05-04T00:30:00+00:00
[2026-05-03T14:15:25.051+0000] {processor.py:179} INFO - Processing /opt/airflow/dags/retail_pipeline_dag.py took 0.070 seconds
[2026-05-03T14:15:55.163+0000] {processor.py:157} INFO - Started process (PID=6224) to work on /opt/airflow/dags/retail_pipeline_dag.py
[2026-05-03T14:15:55.164+0000] {processor.py:829} INFO - Processing file /opt/airflow/dags/retail_pipeline_dag.py for tasks to queue
[2026-05-03T14:15:55.165+0000] {logging_mixin.py:151} INFO - [2026-05-03T14:15:55.165+0000] {dagbag.py:539} INFO - Filling up the DagBag from /opt/airflow/dags/retail_pipeline_dag.py
[2026-05-03T14:15:55.180+0000] {processor.py:839} INFO - DAG(s) dict_keys(['retail_pipeline']) retrieved from /opt/airflow/dags/retail_pipeline_dag.py
[2026-05-03T14:15:55.213+0000] {logging_mixin.py:151} INFO - [2026-05-03T14:15:55.212+0000] {dag.py:2915} INFO - Sync 1 DAGs
[2026-05-03T14:15:55.234+0000] {logging_mixin.py:151} INFO - [2026-05-03T14:15:55.234+0000] {dag.py:3696} INFO - Setting next_dagrun for retail_pipeline to 2026-05-03T00:30:00+00:00, run_after=2026-05-04T00:30:00+00:00
[2026-05-03T14:15:55.247+0000] {processor.py:179} INFO - Processing /opt/airflow/dags/retail_pipeline_dag.py took 0.087 seconds
[2026-05-03T14:16:25.420+0000] {processor.py:157} INFO - Started process (PID=6235) to work on /opt/airflow/dags/retail_pipeline_dag.py
[2026-05-03T14:16:25.421+0000] {processor.py:829} INFO - Processing file /opt/airflow/dags/retail_pipeline_dag.py for tasks to queue
[2026-05-03T14:16:25.422+0000] {logging_mixin.py:151} INFO - [2026-05-03T14:16:25.422+0000] {dagbag.py:539} INFO - Filling up the DagBag from /opt/airflow/dags/retail_pipeline_dag.py
[2026-05-03T14:16:25.444+0000] {processor.py:839} INFO - DAG(s) dict_keys(['retail_pipeline']) retrieved from /opt/airflow/dags/retail_pipeline_dag.py
[2026-05-03T14:16:25.481+0000] {logging_mixin.py:151} INFO - [2026-05-03T14:16:25.481+0000] {dag.py:2915} INFO - Sync 1 DAGs
[2026-05-03T14:16:25.502+0000] {logging_mixin.py:151} INFO - [2026-05-03T14:16:25.502+0000] {dag.py:3696} INFO - Setting next_dagrun for retail_pipeline to 2026-05-03T00:30:00+00:00, run_after=2026-05-04T00:30:00+00:00
[2026-05-03T14:16:25.518+0000] {processor.py:179} INFO - Processing /opt/airflow/dags/retail_pipeline_dag.py took 0.099 seconds
[2026-05-03T14:16:55.619+0000] {processor.py:157} INFO - Started process (PID=6245) to work on /opt/airflow/dags/retail_pipeline_dag.py
[2026-05-03T14:16:55.620+0000] {processor.py:829} INFO - Processing file /opt/airflow/dags/retail_pipeline_dag.py for tasks to queue
[2026-05-03T14:16:55.621+0000] {logging_mixin.py:151} INFO - [2026-05-03T14:16:55.621+0000] {dagbag.py:539} INFO - Filling up the DagBag from /opt/airflow/dags/retail_pipeline_dag.py
[2026-05-03T14:16:55.637+0000] {processor.py:839} INFO - DAG(s) dict_keys(['retail_pipeline']) retrieved from /opt/airflow/dags/retail_pipeline_dag.py
[2026-05-03T14:16:55.672+0000] {logging_mixin.py:151} INFO - [2026-05-03T14:16:55.672+0000] {dag.py:2915} INFO - Sync 1 DAGs
[2026-05-03T14:16:55.684+0000] {logging_mixin.py:151} INFO - [2026-05-03T14:16:55.684+0000] {dag.py:3696} INFO - Setting next_dagrun for retail_pipeline to 2026-05-03T00:30:00+00:00, run_after=2026-05-04T00:30:00+00:00
[2026-05-03T14:16:55.694+0000] {processor.py:179} INFO - Processing /opt/airflow/dags/retail_pipeline_dag.py took 0.077 seconds
[2026-05-03T14:17:25.751+0000] {processor.py:157} INFO - Started process (PID=6253) to work on /opt/airflow/dags/retail_pipeline_dag.py
[2026-05-03T14:17:25.754+0000] {processor.py:829} INFO - Processing file /opt/airflow/dags/retail_pipeline_dag.py for tasks to queue
[2026-05-03T14:17:25.755+0000] {logging_mixin.py:151} INFO - [2026-05-03T14:17:25.755+0000] {dagbag.py:539} INFO - Filling up the DagBag from /opt/airflow/dags/retail_pipeline_dag.py
[2026-05-03T14:17:25.768+0000] {processor.py:839} INFO - DAG(s) dict_keys(['retail_pipeline']) retrieved from /opt/airflow/dags/retail_pipeline_dag.py
[2026-05-03T14:17:25.793+0000] {logging_mixin.py:151} INFO - [2026-05-03T14:17:25.793+0000] {dag.py:2915} INFO - Sync 1 DAGs
[2026-05-03T14:17:25.809+0000] {logging_mixin.py:151} INFO - [2026-05-03T14:17:25.809+0000] {dag.py:3696} INFO - Setting next_dagrun for retail_pipeline to 2026-05-03T00:30:00+00:00, run_after=2026-05-04T00:30:00+00:00
[2026-05-03T14:17:25.819+0000] {processor.py:179} INFO - Processing /opt/airflow/dags/retail_pipeline_dag.py took 0.070 seconds
[2026-05-03T14:17:55.924+0000] {processor.py:157} INFO - Started process (PID=6265) to work on /opt/airflow/dags/retail_pipeline_dag.py
[2026-05-03T14:17:55.925+0000] {processor.py:829} INFO - Processing file /opt/airflow/dags/retail_pipeline_dag.py for tasks to queue
[2026-05-03T14:17:55.928+0000] {logging_mixin.py:151} INFO - [2026-05-03T14:17:55.928+0000] {dagbag.py:539} INFO - Filling up the DagBag from /opt/airflow/dags/retail_pipeline_dag.py
[2026-05-03T14:17:55.944+0000] {processor.py:839} INFO - DAG(s) dict_keys(['retail_pipeline']) retrieved from /opt/airflow/dags/retail_pipeline_dag.py
[2026-05-03T14:17:55.975+0000] {logging_mixin.py:151} INFO - [2026-05-03T14:17:55.975+0000] {dag.py:2915} INFO - Sync 1 DAGs
[2026-05-03T14:17:55.994+0000] {logging_mixin.py:151} INFO - [2026-05-03T14:17:55.994+0000] {dag.py:3696} INFO - Setting next_dagrun for retail_pipeline to 2026-05-03T00:30:00+00:00, run_after=2026-05-04T00:30:00+00:00
[2026-05-03T14:17:56.003+0000] {processor.py:179} INFO - Processing /opt/airflow/dags/retail_pipeline_dag.py took 0.083 seconds
[2026-05-03T14:18:26.191+0000] {processor.py:157} INFO - Started process (PID=6275) to work on /opt/airflow/dags/retail_pipeline_dag.py
[2026-05-03T14:18:26.192+0000] {processor.py:829} INFO - Processing file /opt/airflow/dags/retail_pipeline_dag.py for tasks to queue
[2026-05-03T14:18:26.192+0000] {logging_mixin.py:151} INFO - [2026-05-03T14:18:26.192+0000] {dagbag.py:539} INFO - Filling up the DagBag from /opt/airflow/dags/retail_pipeline_dag.py
[2026-05-03T14:18:26.202+0000] {processor.py:839} INFO - DAG(s) dict_keys(['retail_pipeline']) retrieved from /opt/airflow/dags/retail_pipeline_dag.py
[2026-05-03T14:18:26.232+0000] {logging_mixin.py:151} INFO - [2026-05-03T14:18:26.232+0000] {dag.py:2915} INFO - Sync 1 DAGs
[2026-05-03T14:18:26.261+0000] {logging_mixin.py:151} INFO - [2026-05-03T14:18:26.260+0000] {dag.py:3696} INFO - Setting next_dagrun for retail_pipeline to 2026-05-03T00:30:00+00:00, run_after=2026-05-04T00:30:00+00:00
[2026-05-03T14:18:26.277+0000] {processor.py:179} INFO - Processing /opt/airflow/dags/retail_pipeline_dag.py took 0.090 seconds
[2026-05-03T14:18:56.342+0000] {processor.py:157} INFO - Started process (PID=6283) to work on /opt/airflow/dags/retail_pipeline_dag.py
[2026-05-03T14:18:56.343+0000] {processor.py:829} INFO - Processing file /opt/airflow/dags/retail_pipeline_dag.py for tasks to queue
[2026-05-03T14:18:56.345+0000] {logging_mixin.py:151} INFO - [2026-05-03T14:18:56.345+0000] {dagbag.py:539} INFO - Filling up the DagBag from /opt/airflow/dags/retail_pipeline_dag.py
[2026-05-03T14:18:56.361+0000] {processor.py:839} INFO - DAG(s) dict_keys(['retail_pipeline']) retrieved from /opt/airflow/dags/retail_pipeline_dag.py
[2026-05-03T14:18:56.398+0000] {logging_mixin.py:151} INFO - [2026-05-03T14:18:56.398+0000] {dag.py:2915} INFO - Sync 1 DAGs
[2026-05-03T14:18:56.427+0000] {logging_mixin.py:151} INFO - [2026-05-03T14:18:56.426+0000] {dag.py:3696} INFO - Setting next_dagrun for retail_pipeline to 2026-05-03T00:30:00+00:00, run_after=2026-05-04T00:30:00+00:00
[2026-05-03T14:18:56.445+0000] {processor.py:179} INFO - Processing /opt/airflow/dags/retail_pipeline_dag.py took 0.108 seconds
[2026-05-03T14:19:26.491+0000] {processor.py:157} INFO - Started process (PID=6293) to work on /opt/airflow/dags/retail_pipeline_dag.py
[2026-05-03T14:19:26.492+0000] {processor.py:829} INFO - Processing file /opt/airflow/dags/retail_pipeline_dag.py for tasks to queue
[2026-05-03T14:19:26.493+0000] {logging_mixin.py:151} INFO - [2026-05-03T14:19:26.493+0000] {dagbag.py:539} INFO - Filling up the DagBag from /opt/airflow/dags/retail_pipeline_dag.py
[2026-05-03T14:19:26.509+0000] {processor.py:839} INFO - DAG(s) dict_keys(['retail_pipeline']) retrieved from /opt/airflow/dags/retail_pipeline_dag.py
[2026-05-03T14:19:26.556+0000] {logging_mixin.py:151} INFO - [2026-05-03T14:19:26.556+0000] {dag.py:2915} INFO - Sync 1 DAGs
[2026-05-03T14:19:26.587+0000] {logging_mixin.py:151} INFO - [2026-05-03T14:19:26.586+0000] {dag.py:3696} INFO - Setting next_dagrun for retail_pipeline to 2026-05-03T00:30:00+00:00, run_after=2026-05-04T00:30:00+00:00
[2026-05-03T14:19:26.608+0000] {processor.py:179} INFO - Processing /opt/airflow/dags/retail_pipeline_dag.py took 0.122 seconds
[2026-05-03T14:19:56.742+0000] {processor.py:157} INFO - Started process (PID=6304) to work on /opt/airflow/dags/retail_pipeline_dag.py
[2026-05-03T14:19:56.743+0000] {processor.py:829} INFO - Processing file /opt/airflow/dags/retail_pipeline_dag.py for tasks to queue
[2026-05-03T14:19:56.745+0000] {logging_mixin.py:151} INFO - [2026-05-03T14:19:56.744+0000] {dagbag.py:539} INFO - Filling up the DagBag from /opt/airflow/dags/retail_pipeline_dag.py
[2026-05-03T14:19:56.770+0000] {processor.py:839} INFO - DAG(s) dict_keys(['retail_pipeline']) retrieved from /opt/airflow/dags/retail_pipeline_dag.py
[2026-05-03T14:19:56.819+0000] {logging_mixin.py:151} INFO - [2026-05-03T14:19:56.819+0000] {dag.py:2915} INFO - Sync 1 DAGs
[2026-05-03T14:19:56.847+0000] {logging_mixin.py:151} INFO - [2026-05-03T14:19:56.846+0000] {dag.py:3696} INFO - Setting next_dagrun for retail_pipeline to 2026-05-03T00:30:00+00:00, run_after=2026-05-04T00:30:00+00:00
[2026-05-03T14:19:56.866+0000] {processor.py:179} INFO - Processing /opt/airflow/dags/retail_pipeline_dag.py took 0.130 seconds
[2026-05-03T14:20:26.907+0000] {processor.py:157} INFO - Started process (PID=6314) to work on /opt/airflow/dags/retail_pipeline_dag.py
[2026-05-03T14:20:26.909+0000] {processor.py:829} INFO - Processing file /opt/airflow/dags/retail_pipeline_dag.py for tasks to queue
[2026-05-03T14:20:26.909+0000] {logging_mixin.py:151} INFO - [2026-05-03T14:20:26.909+0000] {dagbag.py:539} INFO - Filling up the DagBag from /opt/airflow/dags/retail_pipeline_dag.py
[2026-05-03T14:20:26.930+0000] {processor.py:839} INFO - DAG(s) dict_keys(['retail_pipeline']) retrieved from /opt/airflow/dags/retail_pipeline_dag.py
[2026-05-03T14:20:26.966+0000] {logging_mixin.py:151} INFO - [2026-05-03T14:20:26.966+0000] {dag.py:2915} INFO - Sync 1 DAGs
[2026-05-03T14:20:26.987+0000] {logging_mixin.py:151} INFO - [2026-05-03T14:20:26.987+0000] {dag.py:3696} INFO - Setting next_dagrun for retail_pipeline to 2026-05-03T00:30:00+00:00, run_after=2026-05-04T00:30:00+00:00
[2026-05-03T14:20:27.002+0000] {processor.py:179} INFO - Processing /opt/airflow/dags/retail_pipeline_dag.py took 0.099 seconds
[2026-05-03T14:20:57.140+0000] {processor.py:157} INFO - Started process (PID=6324) to work on /opt/airflow/dags/retail_pipeline_dag.py
[2026-05-03T14:20:57.142+0000] {processor.py:829} INFO - Processing file /opt/airflow/dags/retail_pipeline_dag.py for tasks to queue
[2026-05-03T14:20:57.143+0000] {logging_mixin.py:151} INFO - [2026-05-03T14:20:57.143+0000] {dagbag.py:539} INFO - Filling up the DagBag from /opt/airflow/dags/retail_pipeline_dag.py
[2026-05-03T14:20:57.160+0000] {processor.py:839} INFO - DAG(s) dict_keys(['retail_pipeline']) retrieved from /opt/airflow/dags/retail_pipeline_dag.py
[2026-05-03T14:20:57.188+0000] {logging_mixin.py:151} INFO - [2026-05-03T14:20:57.188+0000] {dag.py:2915} INFO - Sync 1 DAGs
[2026-05-03T14:20:57.217+0000] {logging_mixin.py:151} INFO - [2026-05-03T14:20:57.217+0000] {dag.py:3696} INFO - Setting next_dagrun for retail_pipeline to 2026-05-03T00:30:00+00:00, run_after=2026-05-04T00:30:00+00:00
[2026-05-03T14:20:57.237+0000] {processor.py:179} INFO - Processing /opt/airflow/dags/retail_pipeline_dag.py took 0.101 seconds
[2026-05-03T14:21:27.301+0000] {processor.py:157} INFO - Started process (PID=6335) to work on /opt/airflow/dags/retail_pipeline_dag.py
[2026-05-03T14:21:27.303+0000] {processor.py:829} INFO - Processing file /opt/airflow/dags/retail_pipeline_dag.py for tasks to queue
[2026-05-03T14:21:27.305+0000] {logging_mixin.py:151} INFO - [2026-05-03T14:21:27.304+0000] {dagbag.py:539} INFO - Filling up the DagBag from /opt/airflow/dags/retail_pipeline_dag.py
[2026-05-03T14:21:27.326+0000] {processor.py:839} INFO - DAG(s) dict_keys(['retail_pipeline']) retrieved from /opt/airflow/dags/retail_pipeline_dag.py
[2026-05-03T14:21:27.371+0000] {logging_mixin.py:151} INFO - [2026-05-03T14:21:27.371+0000] {dag.py:2915} INFO - Sync 1 DAGs
[2026-05-03T14:21:27.399+0000] {logging_mixin.py:151} INFO - [2026-05-03T14:21:27.399+0000] {dag.py:3696} INFO - Setting next_dagrun for retail_pipeline to 2026-05-03T00:30:00+00:00, run_after=2026-05-04T00:30:00+00:00
[2026-05-03T14:21:27.415+0000] {processor.py:179} INFO - Processing /opt/airflow/dags/retail_pipeline_dag.py took 0.120 seconds
[2026-05-03T14:21:57.478+0000] {processor.py:157} INFO - Started process (PID=6344) to work on /opt/airflow/dags/retail_pipeline_dag.py
[2026-05-03T14:21:57.483+0000] {processor.py:829} INFO - Processing file /opt/airflow/dags/retail_pipeline_dag.py for tasks to queue
[2026-05-03T14:21:57.484+0000] {logging_mixin.py:151} INFO - [2026-05-03T14:21:57.483+0000] {dagbag.py:539} INFO - Filling up the DagBag from /opt/airflow/dags/retail_pipeline_dag.py
[2026-05-03T14:21:57.501+0000] {processor.py:839} INFO - DAG(s) dict_keys(['retail_pipeline']) retrieved from /opt/airflow/dags/retail_pipeline_dag.py
[2026-05-03T14:21:57.540+0000] {logging_mixin.py:151} INFO - [2026-05-03T14:21:57.539+0000] {dag.py:2915} INFO - Sync 1 DAGs
[2026-05-03T14:21:57.565+0000] {logging_mixin.py:151} INFO - [2026-05-03T14:21:57.565+0000] {dag.py:3696} INFO - Setting next_dagrun for retail_pipeline to 2026-05-03T00:30:00+00:00, run_after=2026-05-04T00:30:00+00:00
[2026-05-03T14:21:57.579+0000] {processor.py:179} INFO - Processing /opt/airflow/dags/retail_pipeline_dag.py took 0.103 seconds
[2026-05-03T14:22:27.638+0000] {processor.py:157} INFO - Started process (PID=6355) to work on /opt/airflow/dags/retail_pipeline_dag.py
[2026-05-03T14:22:27.640+0000] {processor.py:829} INFO - Processing file /opt/airflow/dags/retail_pipeline_dag.py for tasks to queue
[2026-05-03T14:22:27.641+0000] {logging_mixin.py:151} INFO - [2026-05-03T14:22:27.641+0000] {dagbag.py:539} INFO - Filling up the DagBag from /opt/airflow/dags/retail_pipeline_dag.py
[2026-05-03T14:22:27.656+0000] {processor.py:839} INFO - DAG(s) dict_keys(['retail_pipeline']) retrieved from /opt/airflow/dags/retail_pipeline_dag.py
[2026-05-03T14:22:27.683+0000] {logging_mixin.py:151} INFO - [2026-05-03T14:22:27.683+0000] {dag.py:2915} INFO - Sync 1 DAGs
[2026-05-03T14:22:27.701+0000] {logging_mixin.py:151} INFO - [2026-05-03T14:22:27.701+0000] {dag.py:3696} INFO - Setting next_dagrun for retail_pipeline to 2026-05-03T00:30:00+00:00, run_after=2026-05-04T00:30:00+00:00
[2026-05-03T14:22:27.712+0000] {processor.py:179} INFO - Processing /opt/airflow/dags/retail_pipeline_dag.py took 0.075 seconds
[2026-05-03T14:22:57.820+0000] {processor.py:157} INFO - Started process (PID=6364) to work on /opt/airflow/dags/retail_pipeline_dag.py
[2026-05-03T14:22:57.821+0000] {processor.py:829} INFO - Processing file /opt/airflow/dags/retail_pipeline_dag.py for tasks to queue
[2026-05-03T14:22:57.822+0000] {logging_mixin.py:151} INFO - [2026-05-03T14:22:57.822+0000] {dagbag.py:539} INFO - Filling up the DagBag from /opt/airflow/dags/retail_pipeline_dag.py
[2026-05-03T14:22:57.838+0000] {processor.py:839} INFO - DAG(s) dict_keys(['retail_pipeline']) retrieved from /opt/airflow/dags/retail_pipeline_dag.py
[2026-05-03T14:22:57.860+0000] {logging_mixin.py:151} INFO - [2026-05-03T14:22:57.860+0000] {dag.py:2915} INFO - Sync 1 DAGs
[2026-05-03T14:22:57.879+0000] {logging_mixin.py:151} INFO - [2026-05-03T14:22:57.879+0000] {dag.py:3696} INFO - Setting next_dagrun for retail_pipeline to 2026-05-03T00:30:00+00:00, run_after=2026-05-04T00:30:00+00:00
[2026-05-03T14:22:57.896+0000] {processor.py:179} INFO - Processing /opt/airflow/dags/retail_pipeline_dag.py took 0.078 seconds
[2026-05-03T14:23:27.981+0000] {processor.py:157} INFO - Started process (PID=6373) to work on /opt/airflow/dags/retail_pipeline_dag.py
[2026-05-03T14:23:27.985+0000] {processor.py:829} INFO - Processing file /opt/airflow/dags/retail_pipeline_dag.py for tasks to queue
[2026-05-03T14:23:27.988+0000] {logging_mixin.py:151} INFO - [2026-05-03T14:23:27.988+0000] {dagbag.py:539} INFO - Filling up the DagBag from /opt/airflow/dags/retail_pipeline_dag.py
[2026-05-03T14:23:28.002+0000] {processor.py:839} INFO - DAG(s) dict_keys(['retail_pipeline']) retrieved from /opt/airflow/dags/retail_pipeline_dag.py
[2026-05-03T14:23:28.027+0000] {logging_mixin.py:151} INFO - [2026-05-03T14:23:28.026+0000] {dag.py:2915} INFO - Sync 1 DAGs
[2026-05-03T14:23:28.044+0000] {logging_mixin.py:151} INFO - [2026-05-03T14:23:28.044+0000] {dag.py:3696} INFO - Setting next_dagrun for retail_pipeline to 2026-05-03T00:30:00+00:00, run_after=2026-05-04T00:30:00+00:00
[2026-05-03T14:23:28.059+0000] {processor.py:179} INFO - Processing /opt/airflow/dags/retail_pipeline_dag.py took 0.081 seconds
[2026-05-03T14:23:58.125+0000] {processor.py:157} INFO - Started process (PID=6384) to work on /opt/airflow/dags/retail_pipeline_dag.py
[2026-05-03T14:23:58.126+0000] {processor.py:829} INFO - Processing file /opt/airflow/dags/retail_pipeline_dag.py for tasks to queue
[2026-05-03T14:23:58.126+0000] {logging_mixin.py:151} INFO - [2026-05-03T14:23:58.126+0000] {dagbag.py:539} INFO - Filling up the DagBag from /opt/airflow/dags/retail_pipeline_dag.py
[2026-05-03T14:23:58.144+0000] {processor.py:839} INFO - DAG(s) dict_keys(['retail_pipeline']) retrieved from /opt/airflow/dags/retail_pipeline_dag.py
[2026-05-03T14:23:58.178+0000] {logging_mixin.py:151} INFO - [2026-05-03T14:23:58.177+0000] {dag.py:2915} INFO - Sync 1 DAGs
[2026-05-03T14:23:58.194+0000] {logging_mixin.py:151} INFO - [2026-05-03T14:23:58.194+0000] {dag.py:3696} INFO - Setting next_dagrun for retail_pipeline to 2026-05-03T00:30:00+00:00, run_after=2026-05-04T00:30:00+00:00
[2026-05-03T14:23:58.208+0000] {processor.py:179} INFO - Processing /opt/airflow/dags/retail_pipeline_dag.py took 0.089 seconds
[2026-05-03T14:24:28.271+0000] {processor.py:157} INFO - Started process (PID=6395) to work on /opt/airflow/dags/retail_pipeline_dag.py
[2026-05-03T14:24:28.274+0000] {processor.py:829} INFO - Processing file /opt/airflow/dags/retail_pipeline_dag.py for tasks to queue
[2026-05-03T14:24:28.276+0000] {logging_mixin.py:151} INFO - [2026-05-03T14:24:28.276+0000] {dagbag.py:539} INFO - Filling up the DagBag from /opt/airflow/dags/retail_pipeline_dag.py
[2026-05-03T14:24:28.296+0000] {processor.py:839} INFO - DAG(s) dict_keys(['retail_pipeline']) retrieved from /opt/airflow/dags/retail_pipeline_dag.py
[2026-05-03T14:24:28.342+0000] {logging_mixin.py:151} INFO - [2026-05-03T14:24:28.342+0000] {dag.py:2915} INFO - Sync 1 DAGs
[2026-05-03T14:24:28.360+0000] {logging_mixin.py:151} INFO - [2026-05-03T14:24:28.360+0000] {dag.py:3696} INFO - Setting next_dagrun for retail_pipeline to 2026-05-03T00:30:00+00:00, run_after=2026-05-04T00:30:00+00:00
[2026-05-03T14:24:28.375+0000] {processor.py:179} INFO - Processing /opt/airflow/dags/retail_pipeline_dag.py took 0.108 seconds
[2026-05-03T14:24:58.435+0000] {processor.py:157} INFO - Started process (PID=6404) to work on /opt/airflow/dags/retail_pipeline_dag.py
[2026-05-03T14:24:58.437+0000] {processor.py:829} INFO - Processing file /opt/airflow/dags/retail_pipeline_dag.py for tasks to queue
[2026-05-03T14:24:58.438+0000] {logging_mixin.py:151} INFO - [2026-05-03T14:24:58.438+0000] {dagbag.py:539} INFO - Filling up the DagBag from /opt/airflow/dags/retail_pipeline_dag.py
[2026-05-03T14:24:58.469+0000] {processor.py:839} INFO - DAG(s) dict_keys(['retail_pipeline']) retrieved from /opt/airflow/dags/retail_pipeline_dag.py
[2026-05-03T14:24:58.517+0000] {logging_mixin.py:151} INFO - [2026-05-03T14:24:58.517+0000] {dag.py:2915} INFO - Sync 1 DAGs
[2026-05-03T14:24:58.543+0000] {logging_mixin.py:151} INFO - [2026-05-03T14:24:58.543+0000] {dag.py:3696} INFO - Setting next_dagrun for retail_pipeline to 2026-05-03T00:30:00+00:00, run_after=2026-05-04T00:30:00+00:00
[2026-05-03T14:24:58.561+0000] {processor.py:179} INFO - Processing /opt/airflow/dags/retail_pipeline_dag.py took 0.135 seconds
[2026-05-03T14:25:28.590+0000] {processor.py:157} INFO - Started process (PID=6415) to work on /opt/airflow/dags/retail_pipeline_dag.py
[2026-05-03T14:25:28.591+0000] {processor.py:829} INFO - Processing file /opt/airflow/dags/retail_pipeline_dag.py for tasks to queue
[2026-05-03T14:25:28.594+0000] {logging_mixin.py:151} INFO - [2026-05-03T14:25:28.592+0000] {dagbag.py:539} INFO - Filling up the DagBag from /opt/airflow/dags/retail_pipeline_dag.py
[2026-05-03T14:25:28.608+0000] {processor.py:839} INFO - DAG(s) dict_keys(['retail_pipeline']) retrieved from /opt/airflow/dags/retail_pipeline_dag.py
[2026-05-03T14:25:28.642+0000] {logging_mixin.py:151} INFO - [2026-05-03T14:25:28.642+0000] {dag.py:2915} INFO - Sync 1 DAGs
[2026-05-03T14:25:28.659+0000] {logging_mixin.py:151} INFO - [2026-05-03T14:25:28.659+0000] {dag.py:3696} INFO - Setting next_dagrun for retail_pipeline to 2026-05-03T00:30:00+00:00, run_after=2026-05-04T00:30:00+00:00
[2026-05-03T14:25:28.668+0000] {processor.py:179} INFO - Processing /opt/airflow/dags/retail_pipeline_dag.py took 0.081 seconds
[2026-05-03T14:25:58.813+0000] {processor.py:157} INFO - Started process (PID=6425) to work on /opt/airflow/dags/retail_pipeline_dag.py
[2026-05-03T14:25:58.814+0000] {processor.py:829} INFO - Processing file /opt/airflow/dags/retail_pipeline_dag.py for tasks to queue
[2026-05-03T14:25:58.815+0000] {logging_mixin.py:151} INFO - [2026-05-03T14:25:58.814+0000] {dagbag.py:539} INFO - Filling up the DagBag from /opt/airflow/dags/retail_pipeline_dag.py
[2026-05-03T14:25:58.829+0000] {processor.py:839} INFO - DAG(s) dict_keys(['retail_pipeline']) retrieved from /opt/airflow/dags/retail_pipeline_dag.py
[2026-05-03T14:25:58.863+0000] {logging_mixin.py:151} INFO - [2026-05-03T14:25:58.863+0000] {dag.py:2915} INFO - Sync 1 DAGs
[2026-05-03T14:25:58.890+0000] {logging_mixin.py:151} INFO - [2026-05-03T14:25:58.890+0000] {dag.py:3696} INFO - Setting next_dagrun for retail_pipeline to 2026-05-03T00:30:00+00:00, run_after=2026-05-04T00:30:00+00:00
[2026-05-03T14:25:58.913+0000] {processor.py:179} INFO - Processing /opt/airflow/dags/retail_pipeline_dag.py took 0.104 seconds
[2026-05-03T14:26:28.957+0000] {processor.py:157} INFO - Started process (PID=6434) to work on /opt/airflow/dags/retail_pipeline_dag.py
[2026-05-03T14:26:28.958+0000] {processor.py:829} INFO - Processing file /opt/airflow/dags/retail_pipeline_dag.py for tasks to queue
[2026-05-03T14:26:28.959+0000] {logging_mixin.py:151} INFO - [2026-05-03T14:26:28.959+0000] {dagbag.py:539} INFO - Filling up the DagBag from /opt/airflow/dags/retail_pipeline_dag.py
[2026-05-03T14:26:28.980+0000] {processor.py:839} INFO - DAG(s) dict_keys(['retail_pipeline']) retrieved from /opt/airflow/dags/retail_pipeline_dag.py
[2026-05-03T14:26:29.014+0000] {logging_mixin.py:151} INFO - [2026-05-03T14:26:29.013+0000] {dag.py:2915} INFO - Sync 1 DAGs
[2026-05-03T14:26:29.036+0000] {logging_mixin.py:151} INFO - [2026-05-03T14:26:29.036+0000] {dag.py:3696} INFO - Setting next_dagrun for retail_pipeline to 2026-05-03T00:30:00+00:00, run_after=2026-05-04T00:30:00+00:00
[2026-05-03T14:26:29.062+0000] {processor.py:179} INFO - Processing /opt/airflow/dags/retail_pipeline_dag.py took 0.111 seconds
[2026-05-03T14:26:59.162+0000] {processor.py:157} INFO - Started process (PID=6444) to work on /opt/airflow/dags/retail_pipeline_dag.py
[2026-05-03T14:26:59.163+0000] {processor.py:829} INFO - Processing file /opt/airflow/dags/retail_pipeline_dag.py for tasks to queue
[2026-05-03T14:26:59.164+0000] {logging_mixin.py:151} INFO - [2026-05-03T14:26:59.163+0000] {dagbag.py:539} INFO - Filling up the DagBag from /opt/airflow/dags/retail_pipeline_dag.py
[2026-05-03T14:26:59.178+0000] {processor.py:839} INFO - DAG(s) dict_keys(['retail_pipeline']) retrieved from /opt/airflow/dags/retail_pipeline_dag.py
[2026-05-03T14:26:59.207+0000] {logging_mixin.py:151} INFO - [2026-05-03T14:26:59.207+0000] {dag.py:2915} INFO - Sync 1 DAGs
[2026-05-03T14:26:59.233+0000] {logging_mixin.py:151} INFO - [2026-05-03T14:26:59.233+0000] {dag.py:3696} INFO - Setting next_dagrun for retail_pipeline to 2026-05-03T00:30:00+00:00, run_after=2026-05-04T00:30:00+00:00
[2026-05-03T14:26:59.243+0000] {processor.py:179} INFO - Processing /opt/airflow/dags/retail_pipeline_dag.py took 0.084 seconds
[2026-05-03T14:27:29.346+0000] {processor.py:157} INFO - Started process (PID=6455) to work on /opt/airflow/dags/retail_pipeline_dag.py
[2026-05-03T14:27:29.347+0000] {processor.py:829} INFO - Processing file /opt/airflow/dags/retail_pipeline_dag.py for tasks to queue
[2026-05-03T14:27:29.348+0000] {logging_mixin.py:151} INFO - [2026-05-03T14:27:29.348+0000] {dagbag.py:539} INFO - Filling up the DagBag from /opt/airflow/dags/retail_pipeline_dag.py
[2026-05-03T14:27:29.370+0000] {processor.py:839} INFO - DAG(s) dict_keys(['retail_pipeline']) retrieved from /opt/airflow/dags/retail_pipeline_dag.py
[2026-05-03T14:27:29.397+0000] {logging_mixin.py:151} INFO - [2026-05-03T14:27:29.397+0000] {dag.py:2915} INFO - Sync 1 DAGs
[2026-05-03T14:27:29.412+0000] {logging_mixin.py:151} INFO - [2026-05-03T14:27:29.412+0000] {dag.py:3696} INFO - Setting next_dagrun for retail_pipeline to 2026-05-03T00:30:00+00:00, run_after=2026-05-04T00:30:00+00:00
[2026-05-03T14:27:29.422+0000] {processor.py:179} INFO - Processing /opt/airflow/dags/retail_pipeline_dag.py took 0.078 seconds
[2026-05-03T14:27:59.568+0000] {processor.py:157} INFO - Started process (PID=6465) to work on /opt/airflow/dags/retail_pipeline_dag.py
[2026-05-03T14:27:59.571+0000] {processor.py:829} INFO - Processing file /opt/airflow/dags/retail_pipeline_dag.py for tasks to queue
[2026-05-03T14:27:59.573+0000] {logging_mixin.py:151} INFO - [2026-05-03T14:27:59.572+0000] {dagbag.py:539} INFO - Filling up the DagBag from /opt/airflow/dags/retail_pipeline_dag.py
[2026-05-03T14:27:59.586+0000] {processor.py:839} INFO - DAG(s) dict_keys(['retail_pipeline']) retrieved from /opt/airflow/dags/retail_pipeline_dag.py
[2026-05-03T14:27:59.614+0000] {logging_mixin.py:151} INFO - [2026-05-03T14:27:59.614+0000] {dag.py:2915} INFO - Sync 1 DAGs
[2026-05-03T14:27:59.630+0000] {logging_mixin.py:151} INFO - [2026-05-03T14:27:59.630+0000] {dag.py:3696} INFO - Setting next_dagrun for retail_pipeline to 2026-05-03T00:30:00+00:00, run_after=2026-05-04T00:30:00+00:00
[2026-05-03T14:27:59.643+0000] {processor.py:179} INFO - Processing /opt/airflow/dags/retail_pipeline_dag.py took 0.078 seconds
[2026-05-03T14:28:29.717+0000] {processor.py:157} INFO - Started process (PID=6475) to work on /opt/airflow/dags/retail_pipeline_dag.py
[2026-05-03T14:28:29.720+0000] {processor.py:829} INFO - Processing file /opt/airflow/dags/retail_pipeline_dag.py for tasks to queue
[2026-05-03T14:28:29.721+0000] {logging_mixin.py:151} INFO - [2026-05-03T14:28:29.721+0000] {dagbag.py:539} INFO - Filling up the DagBag from /opt/airflow/dags/retail_pipeline_dag.py
[2026-05-03T14:28:29.741+0000] {processor.py:839} INFO - DAG(s) dict_keys(['retail_pipeline']) retrieved from /opt/airflow/dags/retail_pipeline_dag.py
[2026-05-03T14:28:29.771+0000] {logging_mixin.py:151} INFO - [2026-05-03T14:28:29.770+0000] {dag.py:2915} INFO - Sync 1 DAGs
[2026-05-03T14:28:29.787+0000] {logging_mixin.py:151} INFO - [2026-05-03T14:28:29.787+0000] {dag.py:3696} INFO - Setting next_dagrun for retail_pipeline to 2026-05-03T00:30:00+00:00, run_after=2026-05-04T00:30:00+00:00
[2026-05-03T14:28:29.805+0000] {processor.py:179} INFO - Processing /opt/airflow/dags/retail_pipeline_dag.py took 0.092 seconds
[2026-05-03T14:28:59.891+0000] {processor.py:157} INFO - Started process (PID=6483) to work on /opt/airflow/dags/retail_pipeline_dag.py
[2026-05-03T14:28:59.895+0000] {processor.py:829} INFO - Processing file /opt/airflow/dags/retail_pipeline_dag.py for tasks to queue
[2026-05-03T14:28:59.900+0000] {logging_mixin.py:151} INFO - [2026-05-03T14:28:59.900+0000] {dagbag.py:539} INFO - Filling up the DagBag from /opt/airflow/dags/retail_pipeline_dag.py
[2026-05-03T14:28:59.933+0000] {processor.py:839} INFO - DAG(s) dict_keys(['retail_pipeline']) retrieved from /opt/airflow/dags/retail_pipeline_dag.py
[2026-05-03T14:28:59.982+0000] {logging_mixin.py:151} INFO - [2026-05-03T14:28:59.982+0000] {dag.py:2915} INFO - Sync 1 DAGs
[2026-05-03T14:29:00.024+0000] {logging_mixin.py:151} INFO - [2026-05-03T14:29:00.024+0000] {dag.py:3696} INFO - Setting next_dagrun for retail_pipeline to 2026-05-03T00:30:00+00:00, run_after=2026-05-04T00:30:00+00:00
[2026-05-03T14:29:00.050+0000] {processor.py:179} INFO - Processing /opt/airflow/dags/retail_pipeline_dag.py took 0.165 seconds
[2026-05-03T14:29:30.191+0000] {processor.py:157} INFO - Started process (PID=6495) to work on /opt/airflow/dags/retail_pipeline_dag.py
[2026-05-03T14:29:30.191+0000] {processor.py:829} INFO - Processing file /opt/airflow/dags/retail_pipeline_dag.py for tasks to queue
[2026-05-03T14:29:30.192+0000] {logging_mixin.py:151} INFO - [2026-05-03T14:29:30.192+0000] {dagbag.py:539} INFO - Filling up the DagBag from /opt/airflow/dags/retail_pipeline_dag.py
[2026-05-03T14:29:30.211+0000] {processor.py:839} INFO - DAG(s) dict_keys(['retail_pipeline']) retrieved from /opt/airflow/dags/retail_pipeline_dag.py
[2026-05-03T14:29:30.245+0000] {logging_mixin.py:151} INFO - [2026-05-03T14:29:30.245+0000] {dag.py:2915} INFO - Sync 1 DAGs
[2026-05-03T14:29:30.269+0000] {logging_mixin.py:151} INFO - [2026-05-03T14:29:30.269+0000] {dag.py:3696} INFO - Setting next_dagrun for retail_pipeline to 2026-05-03T00:30:00+00:00, run_after=2026-05-04T00:30:00+00:00
[2026-05-03T14:29:30.295+0000] {processor.py:179} INFO - Processing /opt/airflow/dags/retail_pipeline_dag.py took 0.106 seconds
[2026-05-03T14:30:00.418+0000] {processor.py:157} INFO - Started process (PID=6507) to work on /opt/airflow/dags/retail_pipeline_dag.py
[2026-05-03T14:30:00.419+0000] {processor.py:829} INFO - Processing file /opt/airflow/dags/retail_pipeline_dag.py for tasks to queue
[2026-05-03T14:30:00.420+0000] {logging_mixin.py:151} INFO - [2026-05-03T14:30:00.419+0000] {dagbag.py:539} INFO - Filling up the DagBag from /opt/airflow/dags/retail_pipeline_dag.py
[2026-05-03T14:30:00.428+0000] {processor.py:839} INFO - DAG(s) dict_keys(['retail_pipeline']) retrieved from /opt/airflow/dags/retail_pipeline_dag.py
[2026-05-03T14:30:00.445+0000] {logging_mixin.py:151} INFO - [2026-05-03T14:30:00.445+0000] {dag.py:2915} INFO - Sync 1 DAGs
[2026-05-03T14:30:00.462+0000] {logging_mixin.py:151} INFO - [2026-05-03T14:30:00.462+0000] {dag.py:3696} INFO - Setting next_dagrun for retail_pipeline to 2026-05-03T00:30:00+00:00, run_after=2026-05-04T00:30:00+00:00
[2026-05-03T14:30:00.472+0000] {processor.py:179} INFO - Processing /opt/airflow/dags/retail_pipeline_dag.py took 0.056 seconds
[2026-05-03T14:30:30.719+0000] {processor.py:157} INFO - Started process (PID=6514) to work on /opt/airflow/dags/retail_pipeline_dag.py
[2026-05-03T14:30:30.723+0000] {processor.py:829} INFO - Processing file /opt/airflow/dags/retail_pipeline_dag.py for tasks to queue
[2026-05-03T14:30:30.724+0000] {logging_mixin.py:151} INFO - [2026-05-03T14:30:30.723+0000] {dagbag.py:539} INFO - Filling up the DagBag from /opt/airflow/dags/retail_pipeline_dag.py
[2026-05-03T14:30:30.749+0000] {processor.py:839} INFO - DAG(s) dict_keys(['retail_pipeline']) retrieved from /opt/airflow/dags/retail_pipeline_dag.py
[2026-05-03T14:30:30.784+0000] {logging_mixin.py:151} INFO - [2026-05-03T14:30:30.783+0000] {dag.py:2915} INFO - Sync 1 DAGs
[2026-05-03T14:30:30.803+0000] {logging_mixin.py:151} INFO - [2026-05-03T14:30:30.803+0000] {dag.py:3696} INFO - Setting next_dagrun for retail_pipeline to 2026-05-03T00:30:00+00:00, run_after=2026-05-04T00:30:00+00:00
[2026-05-03T14:30:30.814+0000] {processor.py:179} INFO - Processing /opt/airflow/dags/retail_pipeline_dag.py took 0.096 seconds
[2026-05-03T14:31:00.878+0000] {processor.py:157} INFO - Started process (PID=6525) to work on /opt/airflow/dags/retail_pipeline_dag.py
[2026-05-03T14:31:00.879+0000] {processor.py:829} INFO - Processing file /opt/airflow/dags/retail_pipeline_dag.py for tasks to queue
[2026-05-03T14:31:00.882+0000] {logging_mixin.py:151} INFO - [2026-05-03T14:31:00.881+0000] {dagbag.py:539} INFO - Filling up the DagBag from /opt/airflow/dags/retail_pipeline_dag.py
[2026-05-03T14:31:00.929+0000] {processor.py:839} INFO - DAG(s) dict_keys(['retail_pipeline']) retrieved from /opt/airflow/dags/retail_pipeline_dag.py
[2026-05-03T14:31:00.986+0000] {logging_mixin.py:151} INFO - [2026-05-03T14:31:00.986+0000] {dag.py:2915} INFO - Sync 1 DAGs
[2026-05-03T14:31:01.011+0000] {logging_mixin.py:151} INFO - [2026-05-03T14:31:01.011+0000] {dag.py:3696} INFO - Setting next_dagrun for retail_pipeline to 2026-05-03T00:30:00+00:00, run_after=2026-05-04T00:30:00+00:00
[2026-05-03T14:31:01.023+0000] {processor.py:179} INFO - Processing /opt/airflow/dags/retail_pipeline_dag.py took 0.150 seconds
[2026-05-03T14:31:31.198+0000] {processor.py:157} INFO - Started process (PID=6535) to work on /opt/airflow/dags/retail_pipeline_dag.py
[2026-05-03T14:31:31.200+0000] {processor.py:829} INFO - Processing file /opt/airflow/dags/retail_pipeline_dag.py for tasks to queue
[2026-05-03T14:31:31.203+0000] {logging_mixin.py:151} INFO - [2026-05-03T14:31:31.201+0000] {dagbag.py:539} INFO - Filling up the DagBag from /opt/airflow/dags/retail_pipeline_dag.py
[2026-05-03T14:31:31.261+0000] {processor.py:839} INFO - DAG(s) dict_keys(['retail_pipeline']) retrieved from /opt/airflow/dags/retail_pipeline_dag.py
[2026-05-03T14:31:31.308+0000] {logging_mixin.py:151} INFO - [2026-05-03T14:31:31.308+0000] {dag.py:2915} INFO - Sync 1 DAGs
[2026-05-03T14:31:31.337+0000] {logging_mixin.py:151} INFO - [2026-05-03T14:31:31.337+0000] {dag.py:3696} INFO - Setting next_dagrun for retail_pipeline to 2026-05-03T00:30:00+00:00, run_after=2026-05-04T00:30:00+00:00
[2026-05-03T14:31:31.351+0000] {processor.py:179} INFO - Processing /opt/airflow/dags/retail_pipeline_dag.py took 0.165 seconds
[2026-05-03T14:32:01.454+0000] {processor.py:157} INFO - Started process (PID=6545) to work on /opt/airflow/dags/retail_pipeline_dag.py
[2026-05-03T14:32:01.455+0000] {processor.py:829} INFO - Processing file /opt/airflow/dags/retail_pipeline_dag.py for tasks to queue
[2026-05-03T14:32:01.456+0000] {logging_mixin.py:151} INFO - [2026-05-03T14:32:01.456+0000] {dagbag.py:539} INFO - Filling up the DagBag from /opt/airflow/dags/retail_pipeline_dag.py
[2026-05-03T14:32:01.469+0000] {processor.py:839} INFO - DAG(s) dict_keys(['retail_pipeline']) retrieved from /opt/airflow/dags/retail_pipeline_dag.py
[2026-05-03T14:32:01.501+0000] {logging_mixin.py:151} INFO - [2026-05-03T14:32:01.501+0000] {dag.py:2915} INFO - Sync 1 DAGs
[2026-05-03T14:32:01.524+0000] {logging_mixin.py:151} INFO - [2026-05-03T14:32:01.523+0000] {dag.py:3696} INFO - Setting next_dagrun for retail_pipeline to 2026-05-03T00:30:00+00:00, run_after=2026-05-04T00:30:00+00:00
[2026-05-03T14:32:01.535+0000] {processor.py:179} INFO - Processing /opt/airflow/dags/retail_pipeline_dag.py took 0.085 seconds
[2026-05-03T14:32:31.601+0000] {processor.py:157} INFO - Started process (PID=6553) to work on /opt/airflow/dags/retail_pipeline_dag.py
[2026-05-03T14:32:31.604+0000] {processor.py:829} INFO - Processing file /opt/airflow/dags/retail_pipeline_dag.py for tasks to queue
[2026-05-03T14:32:31.605+0000] {logging_mixin.py:151} INFO - [2026-05-03T14:32:31.605+0000] {dagbag.py:539} INFO - Filling up the DagBag from /opt/airflow/dags/retail_pipeline_dag.py
[2026-05-03T14:32:31.624+0000] {processor.py:839} INFO - DAG(s) dict_keys(['retail_pipeline']) retrieved from /opt/airflow/dags/retail_pipeline_dag.py
[2026-05-03T14:32:31.659+0000] {logging_mixin.py:151} INFO - [2026-05-03T14:32:31.658+0000] {dag.py:2915} INFO - Sync 1 DAGs
[2026-05-03T14:32:31.679+0000] {logging_mixin.py:151} INFO - [2026-05-03T14:32:31.679+0000] {dag.py:3696} INFO - Setting next_dagrun for retail_pipeline to 2026-05-03T00:30:00+00:00, run_after=2026-05-04T00:30:00+00:00
[2026-05-03T14:32:31.690+0000] {processor.py:179} INFO - Processing /opt/airflow/dags/retail_pipeline_dag.py took 0.093 seconds
[2026-05-03T14:33:01.802+0000] {processor.py:157} INFO - Started process (PID=6565) to work on /opt/airflow/dags/retail_pipeline_dag.py
[2026-05-03T14:33:01.804+0000] {processor.py:829} INFO - Processing file /opt/airflow/dags/retail_pipeline_dag.py for tasks to queue
[2026-05-03T14:33:01.804+0000] {logging_mixin.py:151} INFO - [2026-05-03T14:33:01.804+0000] {dagbag.py:539} INFO - Filling up the DagBag from /opt/airflow/dags/retail_pipeline_dag.py
[2026-05-03T14:33:01.820+0000] {processor.py:839} INFO - DAG(s) dict_keys(['retail_pipeline']) retrieved from /opt/airflow/dags/retail_pipeline_dag.py
[2026-05-03T14:33:01.851+0000] {logging_mixin.py:151} INFO - [2026-05-03T14:33:01.851+0000] {dag.py:2915} INFO - Sync 1 DAGs
[2026-05-03T14:33:01.870+0000] {logging_mixin.py:151} INFO - [2026-05-03T14:33:01.869+0000] {dag.py:3696} INFO - Setting next_dagrun for retail_pipeline to 2026-05-03T00:30:00+00:00, run_after=2026-05-04T00:30:00+00:00
[2026-05-03T14:33:01.883+0000] {processor.py:179} INFO - Processing /opt/airflow/dags/retail_pipeline_dag.py took 0.084 seconds
[2026-05-03T14:33:31.947+0000] {processor.py:157} INFO - Started process (PID=6575) to work on /opt/airflow/dags/retail_pipeline_dag.py
[2026-05-03T14:33:31.948+0000] {processor.py:829} INFO - Processing file /opt/airflow/dags/retail_pipeline_dag.py for tasks to queue
[2026-05-03T14:33:31.949+0000] {logging_mixin.py:151} INFO - [2026-05-03T14:33:31.949+0000] {dagbag.py:539} INFO - Filling up the DagBag from /opt/airflow/dags/retail_pipeline_dag.py
[2026-05-03T14:33:31.960+0000] {processor.py:839} INFO - DAG(s) dict_keys(['retail_pipeline']) retrieved from /opt/airflow/dags/retail_pipeline_dag.py
[2026-05-03T14:33:31.982+0000] {logging_mixin.py:151} INFO - [2026-05-03T14:33:31.982+0000] {dag.py:2915} INFO - Sync 1 DAGs
[2026-05-03T14:33:31.995+0000] {logging_mixin.py:151} INFO - [2026-05-03T14:33:31.995+0000] {dag.py:3696} INFO - Setting next_dagrun for retail_pipeline to 2026-05-03T00:30:00+00:00, run_after=2026-05-04T00:30:00+00:00
[2026-05-03T14:33:32.004+0000] {processor.py:179} INFO - Processing /opt/airflow/dags/retail_pipeline_dag.py took 0.060 seconds
[2026-05-03T14:34:02.173+0000] {processor.py:157} INFO - Started process (PID=6585) to work on /opt/airflow/dags/retail_pipeline_dag.py
[2026-05-03T14:34:02.175+0000] {processor.py:829} INFO - Processing file /opt/airflow/dags/retail_pipeline_dag.py for tasks to queue
[2026-05-03T14:34:02.176+0000] {logging_mixin.py:151} INFO - [2026-05-03T14:34:02.175+0000] {dagbag.py:539} INFO - Filling up the DagBag from /opt/airflow/dags/retail_pipeline_dag.py
[2026-05-03T14:34:02.193+0000] {processor.py:839} INFO - DAG(s) dict_keys(['retail_pipeline']) retrieved from /opt/airflow/dags/retail_pipeline_dag.py
[2026-05-03T14:34:02.225+0000] {logging_mixin.py:151} INFO - [2026-05-03T14:34:02.225+0000] {dag.py:2915} INFO - Sync 1 DAGs
[2026-05-03T14:34:02.248+0000] {logging_mixin.py:151} INFO - [2026-05-03T14:34:02.248+0000] {dag.py:3696} INFO - Setting next_dagrun for retail_pipeline to 2026-05-03T00:30:00+00:00, run_after=2026-05-04T00:30:00+00:00
[2026-05-03T14:34:02.258+0000] {processor.py:179} INFO - Processing /opt/airflow/dags/retail_pipeline_dag.py took 0.087 seconds
[2026-05-03T14:34:32.430+0000] {processor.py:157} INFO - Started process (PID=6595) to work on /opt/airflow/dags/retail_pipeline_dag.py
[2026-05-03T14:34:32.431+0000] {processor.py:829} INFO - Processing file /opt/airflow/dags/retail_pipeline_dag.py for tasks to queue
[2026-05-03T14:34:32.433+0000] {logging_mixin.py:151} INFO - [2026-05-03T14:34:32.432+0000] {dagbag.py:539} INFO - Filling up the DagBag from /opt/airflow/dags/retail_pipeline_dag.py
[2026-05-03T14:34:32.454+0000] {processor.py:839} INFO - DAG(s) dict_keys(['retail_pipeline']) retrieved from /opt/airflow/dags/retail_pipeline_dag.py
[2026-05-03T14:34:32.483+0000] {logging_mixin.py:151} INFO - [2026-05-03T14:34:32.483+0000] {dag.py:2915} INFO - Sync 1 DAGs
[2026-05-03T14:34:32.503+0000] {logging_mixin.py:151} INFO - [2026-05-03T14:34:32.503+0000] {dag.py:3696} INFO - Setting next_dagrun for retail_pipeline to 2026-05-03T00:30:00+00:00, run_after=2026-05-04T00:30:00+00:00
[2026-05-03T14:34:32.514+0000] {processor.py:179} INFO - Processing /opt/airflow/dags/retail_pipeline_dag.py took 0.088 seconds
[2026-05-03T14:35:02.583+0000] {processor.py:157} INFO - Started process (PID=6604) to work on /opt/airflow/dags/retail_pipeline_dag.py
[2026-05-03T14:35:02.586+0000] {processor.py:829} INFO - Processing file /opt/airflow/dags/retail_pipeline_dag.py for tasks to queue
[2026-05-03T14:35:02.587+0000] {logging_mixin.py:151} INFO - [2026-05-03T14:35:02.587+0000] {dagbag.py:539} INFO - Filling up the DagBag from /opt/airflow/dags/retail_pipeline_dag.py
[2026-05-03T14:35:02.614+0000] {processor.py:839} INFO - DAG(s) dict_keys(['retail_pipeline']) retrieved from /opt/airflow/dags/retail_pipeline_dag.py
[2026-05-03T14:35:02.654+0000] {logging_mixin.py:151} INFO - [2026-05-03T14:35:02.653+0000] {dag.py:2915} INFO - Sync 1 DAGs
[2026-05-03T14:35:02.678+0000] {logging_mixin.py:151} INFO - [2026-05-03T14:35:02.678+0000] {dag.py:3696} INFO - Setting next_dagrun for retail_pipeline to 2026-05-03T00:30:00+00:00, run_after=2026-05-04T00:30:00+00:00
[2026-05-03T14:35:02.691+0000] {processor.py:179} INFO - Processing /opt/airflow/dags/retail_pipeline_dag.py took 0.113 seconds
[2026-05-03T14:35:32.940+0000] {processor.py:157} INFO - Started process (PID=6614) to work on /opt/airflow/dags/retail_pipeline_dag.py
[2026-05-03T14:35:32.943+0000] {processor.py:829} INFO - Processing file /opt/airflow/dags/retail_pipeline_dag.py for tasks to queue
[2026-05-03T14:35:32.944+0000] {logging_mixin.py:151} INFO - [2026-05-03T14:35:32.943+0000] {dagbag.py:539} INFO - Filling up the DagBag from /opt/airflow/dags/retail_pipeline_dag.py
[2026-05-03T14:35:32.965+0000] {processor.py:839} INFO - DAG(s) dict_keys(['retail_pipeline']) retrieved from /opt/airflow/dags/retail_pipeline_dag.py
[2026-05-03T14:35:32.995+0000] {logging_mixin.py:151} INFO - [2026-05-03T14:35:32.995+0000] {dag.py:2915} INFO - Sync 1 DAGs
[2026-05-03T14:35:33.011+0000] {logging_mixin.py:151} INFO - [2026-05-03T14:35:33.011+0000] {dag.py:3696} INFO - Setting next_dagrun for retail_pipeline to 2026-05-03T00:30:00+00:00, run_after=2026-05-04T00:30:00+00:00
[2026-05-03T14:35:33.029+0000] {processor.py:179} INFO - Processing /opt/airflow/dags/retail_pipeline_dag.py took 0.093 seconds
[2026-05-03T14:36:03.094+0000] {processor.py:157} INFO - Started process (PID=6624) to work on /opt/airflow/dags/retail_pipeline_dag.py
[2026-05-03T14:36:03.095+0000] {processor.py:829} INFO - Processing file /opt/airflow/dags/retail_pipeline_dag.py for tasks to queue
[2026-05-03T14:36:03.096+0000] {logging_mixin.py:151} INFO - [2026-05-03T14:36:03.096+0000] {dagbag.py:539} INFO - Filling up the DagBag from /opt/airflow/dags/retail_pipeline_dag.py
[2026-05-03T14:36:03.111+0000] {processor.py:839} INFO - DAG(s) dict_keys(['retail_pipeline']) retrieved from /opt/airflow/dags/retail_pipeline_dag.py
[2026-05-03T14:36:03.146+0000] {logging_mixin.py:151} INFO - [2026-05-03T14:36:03.146+0000] {dag.py:2915} INFO - Sync 1 DAGs
[2026-05-03T14:36:03.164+0000] {logging_mixin.py:151} INFO - [2026-05-03T14:36:03.164+0000] {dag.py:3696} INFO - Setting next_dagrun for retail_pipeline to 2026-05-03T00:30:00+00:00, run_after=2026-05-04T00:30:00+00:00
[2026-05-03T14:36:03.177+0000] {processor.py:179} INFO - Processing /opt/airflow/dags/retail_pipeline_dag.py took 0.087 seconds
[2026-05-03T14:36:33.255+0000] {processor.py:157} INFO - Started process (PID=6634) to work on /opt/airflow/dags/retail_pipeline_dag.py
[2026-05-03T14:36:33.257+0000] {processor.py:829} INFO - Processing file /opt/airflow/dags/retail_pipeline_dag.py for tasks to queue
[2026-05-03T14:36:33.261+0000] {logging_mixin.py:151} INFO - [2026-05-03T14:36:33.261+0000] {dagbag.py:539} INFO - Filling up the DagBag from /opt/airflow/dags/retail_pipeline_dag.py
[2026-05-03T14:36:33.279+0000] {processor.py:839} INFO - DAG(s) dict_keys(['retail_pipeline']) retrieved from /opt/airflow/dags/retail_pipeline_dag.py
[2026-05-03T14:36:33.304+0000] {logging_mixin.py:151} INFO - [2026-05-03T14:36:33.304+0000] {dag.py:2915} INFO - Sync 1 DAGs
[2026-05-03T14:36:33.319+0000] {logging_mixin.py:151} INFO - [2026-05-03T14:36:33.319+0000] {dag.py:3696} INFO - Setting next_dagrun for retail_pipeline to 2026-05-03T00:30:00+00:00, run_after=2026-05-04T00:30:00+00:00
[2026-05-03T14:36:33.327+0000] {processor.py:179} INFO - Processing /opt/airflow/dags/retail_pipeline_dag.py took 0.075 seconds
[2026-05-03T14:37:03.419+0000] {processor.py:157} INFO - Started process (PID=6643) to work on /opt/airflow/dags/retail_pipeline_dag.py
[2026-05-03T14:37:03.421+0000] {processor.py:829} INFO - Processing file /opt/airflow/dags/retail_pipeline_dag.py for tasks to queue
[2026-05-03T14:37:03.422+0000] {logging_mixin.py:151} INFO - [2026-05-03T14:37:03.421+0000] {dagbag.py:539} INFO - Filling up the DagBag from /opt/airflow/dags/retail_pipeline_dag.py
[2026-05-03T14:37:03.448+0000] {processor.py:839} INFO - DAG(s) dict_keys(['retail_pipeline']) retrieved from /opt/airflow/dags/retail_pipeline_dag.py
[2026-05-03T14:37:03.482+0000] {logging_mixin.py:151} INFO - [2026-05-03T14:37:03.482+0000] {dag.py:2915} INFO - Sync 1 DAGs
[2026-05-03T14:37:03.504+0000] {logging_mixin.py:151} INFO - [2026-05-03T14:37:03.504+0000] {dag.py:3696} INFO - Setting next_dagrun for retail_pipeline to 2026-05-03T00:30:00+00:00, run_after=2026-05-04T00:30:00+00:00
[2026-05-03T14:37:03.523+0000] {processor.py:179} INFO - Processing /opt/airflow/dags/retail_pipeline_dag.py took 0.110 seconds
[2026-05-03T14:37:33.619+0000] {processor.py:157} INFO - Started process (PID=6654) to work on /opt/airflow/dags/retail_pipeline_dag.py
[2026-05-03T14:37:33.620+0000] {processor.py:829} INFO - Processing file /opt/airflow/dags/retail_pipeline_dag.py for tasks to queue
[2026-05-03T14:37:33.621+0000] {logging_mixin.py:151} INFO - [2026-05-03T14:37:33.620+0000] {dagbag.py:539} INFO - Filling up the DagBag from /opt/airflow/dags/retail_pipeline_dag.py
[2026-05-03T14:37:33.639+0000] {processor.py:839} INFO - DAG(s) dict_keys(['retail_pipeline']) retrieved from /opt/airflow/dags/retail_pipeline_dag.py
[2026-05-03T14:37:33.674+0000] {logging_mixin.py:151} INFO - [2026-05-03T14:37:33.674+0000] {dag.py:2915} INFO - Sync 1 DAGs
[2026-05-03T14:37:33.711+0000] {logging_mixin.py:151} INFO - [2026-05-03T14:37:33.710+0000] {dag.py:3696} INFO - Setting next_dagrun for retail_pipeline to 2026-05-03T00:30:00+00:00, run_after=2026-05-04T00:30:00+00:00
[2026-05-03T14:37:33.730+0000] {processor.py:179} INFO - Processing /opt/airflow/dags/retail_pipeline_dag.py took 0.113 seconds
[2026-05-03T14:38:03.777+0000] {processor.py:157} INFO - Started process (PID=6665) to work on /opt/airflow/dags/retail_pipeline_dag.py
[2026-05-03T14:38:03.779+0000] {processor.py:829} INFO - Processing file /opt/airflow/dags/retail_pipeline_dag.py for tasks to queue
[2026-05-03T14:38:03.780+0000] {logging_mixin.py:151} INFO - [2026-05-03T14:38:03.780+0000] {dagbag.py:539} INFO - Filling up the DagBag from /opt/airflow/dags/retail_pipeline_dag.py
[2026-05-03T14:38:03.804+0000] {processor.py:839} INFO - DAG(s) dict_keys(['retail_pipeline']) retrieved from /opt/airflow/dags/retail_pipeline_dag.py
[2026-05-03T14:38:03.842+0000] {logging_mixin.py:151} INFO - [2026-05-03T14:38:03.842+0000] {dag.py:2915} INFO - Sync 1 DAGs
[2026-05-03T14:38:03.867+0000] {logging_mixin.py:151} INFO - [2026-05-03T14:38:03.866+0000] {dag.py:3696} INFO - Setting next_dagrun for retail_pipeline to 2026-05-03T00:30:00+00:00, run_after=2026-05-04T00:30:00+00:00
[2026-05-03T14:38:03.880+0000] {processor.py:179} INFO - Processing /opt/airflow/dags/retail_pipeline_dag.py took 0.111 seconds
[2026-05-03T14:38:34.144+0000] {processor.py:157} INFO - Started process (PID=6675) to work on /opt/airflow/dags/retail_pipeline_dag.py
[2026-05-03T14:38:34.146+0000] {processor.py:829} INFO - Processing file /opt/airflow/dags/retail_pipeline_dag.py for tasks to queue
[2026-05-03T14:38:34.147+0000] {logging_mixin.py:151} INFO - [2026-05-03T14:38:34.147+0000] {dagbag.py:539} INFO - Filling up the DagBag from /opt/airflow/dags/retail_pipeline_dag.py
[2026-05-03T14:38:34.164+0000] {processor.py:839} INFO - DAG(s) dict_keys(['retail_pipeline']) retrieved from /opt/airflow/dags/retail_pipeline_dag.py
[2026-05-03T14:38:34.194+0000] {logging_mixin.py:151} INFO - [2026-05-03T14:38:34.194+0000] {dag.py:2915} INFO - Sync 1 DAGs
[2026-05-03T14:38:34.215+0000] {logging_mixin.py:151} INFO - [2026-05-03T14:38:34.215+0000] {dag.py:3696} INFO - Setting next_dagrun for retail_pipeline to 2026-05-03T00:30:00+00:00, run_after=2026-05-04T00:30:00+00:00
[2026-05-03T14:38:34.229+0000] {processor.py:179} INFO - Processing /opt/airflow/dags/retail_pipeline_dag.py took 0.090 seconds
[2026-05-03T14:39:04.446+0000] {processor.py:157} INFO - Started process (PID=6684) to work on /opt/airflow/dags/retail_pipeline_dag.py
[2026-05-03T14:39:04.448+0000] {processor.py:829} INFO - Processing file /opt/airflow/dags/retail_pipeline_dag.py for tasks to queue
[2026-05-03T14:39:04.449+0000] {logging_mixin.py:151} INFO - [2026-05-03T14:39:04.449+0000] {dagbag.py:539} INFO - Filling up the DagBag from /opt/airflow/dags/retail_pipeline_dag.py
[2026-05-03T14:39:04.463+0000] {processor.py:839} INFO - DAG(s) dict_keys(['retail_pipeline']) retrieved from /opt/airflow/dags/retail_pipeline_dag.py
[2026-05-03T14:39:04.490+0000] {logging_mixin.py:151} INFO - [2026-05-03T14:39:04.490+0000] {dag.py:2915} INFO - Sync 1 DAGs
[2026-05-03T14:39:04.506+0000] {logging_mixin.py:151} INFO - [2026-05-03T14:39:04.506+0000] {dag.py:3696} INFO - Setting next_dagrun for retail_pipeline to 2026-05-03T00:30:00+00:00, run_after=2026-05-04T00:30:00+00:00
[2026-05-03T14:39:04.518+0000] {processor.py:179} INFO - Processing /opt/airflow/dags/retail_pipeline_dag.py took 0.076 seconds
[2026-05-03T14:39:34.617+0000] {processor.py:157} INFO - Started process (PID=6695) to work on /opt/airflow/dags/retail_pipeline_dag.py
[2026-05-03T14:39:34.617+0000] {processor.py:829} INFO - Processing file /opt/airflow/dags/retail_pipeline_dag.py for tasks to queue
[2026-05-03T14:39:34.618+0000] {logging_mixin.py:151} INFO - [2026-05-03T14:39:34.618+0000] {dagbag.py:539} INFO - Filling up the DagBag from /opt/airflow/dags/retail_pipeline_dag.py
[2026-05-03T14:39:34.633+0000] {processor.py:839} INFO - DAG(s) dict_keys(['retail_pipeline']) retrieved from /opt/airflow/dags/retail_pipeline_dag.py
[2026-05-03T14:39:34.667+0000] {logging_mixin.py:151} INFO - [2026-05-03T14:39:34.667+0000] {dag.py:2915} INFO - Sync 1 DAGs
[2026-05-03T14:39:34.687+0000] {logging_mixin.py:151} INFO - [2026-05-03T14:39:34.687+0000] {dag.py:3696} INFO - Setting next_dagrun for retail_pipeline to 2026-05-03T00:30:00+00:00, run_after=2026-05-04T00:30:00+00:00
[2026-05-03T14:39:34.702+0000] {processor.py:179} INFO - Processing /opt/airflow/dags/retail_pipeline_dag.py took 0.087 seconds
[2026-05-03T14:40:04.748+0000] {processor.py:157} INFO - Started process (PID=6705) to work on /opt/airflow/dags/retail_pipeline_dag.py
[2026-05-03T14:40:04.749+0000] {processor.py:829} INFO - Processing file /opt/airflow/dags/retail_pipeline_dag.py for tasks to queue
[2026-05-03T14:40:04.750+0000] {logging_mixin.py:151} INFO - [2026-05-03T14:40:04.750+0000] {dagbag.py:539} INFO - Filling up the DagBag from /opt/airflow/dags/retail_pipeline_dag.py
[2026-05-03T14:40:04.767+0000] {processor.py:839} INFO - DAG(s) dict_keys(['retail_pipeline']) retrieved from /opt/airflow/dags/retail_pipeline_dag.py
[2026-05-03T14:40:04.813+0000] {logging_mixin.py:151} INFO - [2026-05-03T14:40:04.812+0000] {dag.py:2915} INFO - Sync 1 DAGs
[2026-05-03T14:40:04.848+0000] {logging_mixin.py:151} INFO - [2026-05-03T14:40:04.848+0000] {dag.py:3696} INFO - Setting next_dagrun for retail_pipeline to 2026-05-03T00:30:00+00:00, run_after=2026-05-04T00:30:00+00:00
[2026-05-03T14:40:04.870+0000] {processor.py:179} INFO - Processing /opt/airflow/dags/retail_pipeline_dag.py took 0.124 seconds
[2026-05-03T14:40:35.006+0000] {processor.py:157} INFO - Started process (PID=6713) to work on /opt/airflow/dags/retail_pipeline_dag.py
[2026-05-03T14:40:35.008+0000] {processor.py:829} INFO - Processing file /opt/airflow/dags/retail_pipeline_dag.py for tasks to queue
[2026-05-03T14:40:35.010+0000] {logging_mixin.py:151} INFO - [2026-05-03T14:40:35.009+0000] {dagbag.py:539} INFO - Filling up the DagBag from /opt/airflow/dags/retail_pipeline_dag.py
[2026-05-03T14:40:35.036+0000] {processor.py:839} INFO - DAG(s) dict_keys(['retail_pipeline']) retrieved from /opt/airflow/dags/retail_pipeline_dag.py
[2026-05-03T14:40:35.078+0000] {logging_mixin.py:151} INFO - [2026-05-03T14:40:35.078+0000] {dag.py:2915} INFO - Sync 1 DAGs
[2026-05-03T14:40:35.104+0000] {logging_mixin.py:151} INFO - [2026-05-03T14:40:35.104+0000] {dag.py:3696} INFO - Setting next_dagrun for retail_pipeline to 2026-05-03T00:30:00+00:00, run_after=2026-05-04T00:30:00+00:00
[2026-05-03T14:40:35.134+0000] {processor.py:179} INFO - Processing /opt/airflow/dags/retail_pipeline_dag.py took 0.132 seconds
[2026-05-03T14:41:05.253+0000] {processor.py:157} INFO - Started process (PID=6724) to work on /opt/airflow/dags/retail_pipeline_dag.py
[2026-05-03T14:41:05.254+0000] {processor.py:829} INFO - Processing file /opt/airflow/dags/retail_pipeline_dag.py for tasks to queue
[2026-05-03T14:41:05.257+0000] {logging_mixin.py:151} INFO - [2026-05-03T14:41:05.255+0000] {dagbag.py:539} INFO - Filling up the DagBag from /opt/airflow/dags/retail_pipeline_dag.py
[2026-05-03T14:41:05.281+0000] {processor.py:839} INFO - DAG(s) dict_keys(['retail_pipeline']) retrieved from /opt/airflow/dags/retail_pipeline_dag.py
[2026-05-03T14:41:05.322+0000] {logging_mixin.py:151} INFO - [2026-05-03T14:41:05.322+0000] {dag.py:2915} INFO - Sync 1 DAGs
[2026-05-03T14:41:05.351+0000] {logging_mixin.py:151} INFO - [2026-05-03T14:41:05.351+0000] {dag.py:3696} INFO - Setting next_dagrun for retail_pipeline to 2026-05-03T00:30:00+00:00, run_after=2026-05-04T00:30:00+00:00
[2026-05-03T14:41:05.370+0000] {processor.py:179} INFO - Processing /opt/airflow/dags/retail_pipeline_dag.py took 0.124 seconds
[2026-05-03T14:41:35.475+0000] {processor.py:157} INFO - Started process (PID=6734) to work on /opt/airflow/dags/retail_pipeline_dag.py
[2026-05-03T14:41:35.476+0000] {processor.py:829} INFO - Processing file /opt/airflow/dags/retail_pipeline_dag.py for tasks to queue
[2026-05-03T14:41:35.477+0000] {logging_mixin.py:151} INFO - [2026-05-03T14:41:35.477+0000] {dagbag.py:539} INFO - Filling up the DagBag from /opt/airflow/dags/retail_pipeline_dag.py
[2026-05-03T14:41:35.499+0000] {processor.py:839} INFO - DAG(s) dict_keys(['retail_pipeline']) retrieved from /opt/airflow/dags/retail_pipeline_dag.py
[2026-05-03T14:41:35.531+0000] {logging_mixin.py:151} INFO - [2026-05-03T14:41:35.531+0000] {dag.py:2915} INFO - Sync 1 DAGs
[2026-05-03T14:41:35.547+0000] {logging_mixin.py:151} INFO - [2026-05-03T14:41:35.547+0000] {dag.py:3696} INFO - Setting next_dagrun for retail_pipeline to 2026-05-03T00:30:00+00:00, run_after=2026-05-04T00:30:00+00:00
[2026-05-03T14:41:35.564+0000] {processor.py:179} INFO - Processing /opt/airflow/dags/retail_pipeline_dag.py took 0.092 seconds
[2026-05-03T14:42:05.607+0000] {processor.py:157} INFO - Started process (PID=6745) to work on /opt/airflow/dags/retail_pipeline_dag.py
[2026-05-03T14:42:05.608+0000] {processor.py:829} INFO - Processing file /opt/airflow/dags/retail_pipeline_dag.py for tasks to queue
[2026-05-03T14:42:05.609+0000] {logging_mixin.py:151} INFO - [2026-05-03T14:42:05.609+0000] {dagbag.py:539} INFO - Filling up the DagBag from /opt/airflow/dags/retail_pipeline_dag.py
[2026-05-03T14:42:05.652+0000] {processor.py:839} INFO - DAG(s) dict_keys(['retail_pipeline']) retrieved from /opt/airflow/dags/retail_pipeline_dag.py
[2026-05-03T14:42:05.697+0000] {logging_mixin.py:151} INFO - [2026-05-03T14:42:05.697+0000] {dag.py:2915} INFO - Sync 1 DAGs
[2026-05-03T14:42:05.719+0000] {logging_mixin.py:151} INFO - [2026-05-03T14:42:05.719+0000] {dag.py:3696} INFO - Setting next_dagrun for retail_pipeline to 2026-05-03T00:30:00+00:00, run_after=2026-05-04T00:30:00+00:00
[2026-05-03T14:42:05.732+0000] {processor.py:179} INFO - Processing /opt/airflow/dags/retail_pipeline_dag.py took 0.129 seconds
[2026-05-03T14:42:35.832+0000] {processor.py:157} INFO - Started process (PID=6754) to work on /opt/airflow/dags/retail_pipeline_dag.py
[2026-05-03T14:42:35.834+0000] {processor.py:829} INFO - Processing file /opt/airflow/dags/retail_pipeline_dag.py for tasks to queue
[2026-05-03T14:42:35.836+0000] {logging_mixin.py:151} INFO - [2026-05-03T14:42:35.835+0000] {dagbag.py:539} INFO - Filling up the DagBag from /opt/airflow/dags/retail_pipeline_dag.py
[2026-05-03T14:42:35.857+0000] {processor.py:839} INFO - DAG(s) dict_keys(['retail_pipeline']) retrieved from /opt/airflow/dags/retail_pipeline_dag.py
[2026-05-03T14:42:35.892+0000] {logging_mixin.py:151} INFO - [2026-05-03T14:42:35.892+0000] {dag.py:2915} INFO - Sync 1 DAGs
[2026-05-03T14:42:35.916+0000] {logging_mixin.py:151} INFO - [2026-05-03T14:42:35.916+0000] {dag.py:3696} INFO - Setting next_dagrun for retail_pipeline to 2026-05-03T00:30:00+00:00, run_after=2026-05-04T00:30:00+00:00
[2026-05-03T14:42:35.931+0000] {processor.py:179} INFO - Processing /opt/airflow/dags/retail_pipeline_dag.py took 0.104 seconds
[2026-05-03T14:43:06.098+0000] {processor.py:157} INFO - Started process (PID=6765) to work on /opt/airflow/dags/retail_pipeline_dag.py
[2026-05-03T14:43:06.102+0000] {processor.py:829} INFO - Processing file /opt/airflow/dags/retail_pipeline_dag.py for tasks to queue
[2026-05-03T14:43:06.103+0000] {logging_mixin.py:151} INFO - [2026-05-03T14:43:06.103+0000] {dagbag.py:539} INFO - Filling up the DagBag from /opt/airflow/dags/retail_pipeline_dag.py
[2026-05-03T14:43:06.120+0000] {processor.py:839} INFO - DAG(s) dict_keys(['retail_pipeline']) retrieved from /opt/airflow/dags/retail_pipeline_dag.py
[2026-05-03T14:43:06.157+0000] {logging_mixin.py:151} INFO - [2026-05-03T14:43:06.156+0000] {dag.py:2915} INFO - Sync 1 DAGs
[2026-05-03T14:43:06.184+0000] {logging_mixin.py:151} INFO - [2026-05-03T14:43:06.184+0000] {dag.py:3696} INFO - Setting next_dagrun for retail_pipeline to 2026-05-03T00:30:00+00:00, run_after=2026-05-04T00:30:00+00:00
[2026-05-03T14:43:06.202+0000] {processor.py:179} INFO - Processing /opt/airflow/dags/retail_pipeline_dag.py took 0.106 seconds
[2026-05-03T14:43:36.225+0000] {processor.py:157} INFO - Started process (PID=6775) to work on /opt/airflow/dags/retail_pipeline_dag.py
[2026-05-03T14:43:36.226+0000] {processor.py:829} INFO - Processing file /opt/airflow/dags/retail_pipeline_dag.py for tasks to queue
[2026-05-03T14:43:36.227+0000] {logging_mixin.py:151} INFO - [2026-05-03T14:43:36.226+0000] {dagbag.py:539} INFO - Filling up the DagBag from /opt/airflow/dags/retail_pipeline_dag.py
[2026-05-03T14:43:36.238+0000] {processor.py:839} INFO - DAG(s) dict_keys(['retail_pipeline']) retrieved from /opt/airflow/dags/retail_pipeline_dag.py
[2026-05-03T14:43:36.266+0000] {logging_mixin.py:151} INFO - [2026-05-03T14:43:36.266+0000] {dag.py:2915} INFO - Sync 1 DAGs
[2026-05-03T14:43:36.285+0000] {logging_mixin.py:151} INFO - [2026-05-03T14:43:36.285+0000] {dag.py:3696} INFO - Setting next_dagrun for retail_pipeline to 2026-05-03T00:30:00+00:00, run_after=2026-05-04T00:30:00+00:00
[2026-05-03T14:43:36.298+0000] {processor.py:179} INFO - Processing /opt/airflow/dags/retail_pipeline_dag.py took 0.076 seconds
[2026-05-03T14:44:06.426+0000] {processor.py:157} INFO - Started process (PID=6785) to work on /opt/airflow/dags/retail_pipeline_dag.py
[2026-05-03T14:44:06.427+0000] {processor.py:829} INFO - Processing file /opt/airflow/dags/retail_pipeline_dag.py for tasks to queue
[2026-05-03T14:44:06.427+0000] {logging_mixin.py:151} INFO - [2026-05-03T14:44:06.427+0000] {dagbag.py:539} INFO - Filling up the DagBag from /opt/airflow/dags/retail_pipeline_dag.py
[2026-05-03T14:44:06.438+0000] {processor.py:839} INFO - DAG(s) dict_keys(['retail_pipeline']) retrieved from /opt/airflow/dags/retail_pipeline_dag.py
[2026-05-03T14:44:06.461+0000] {logging_mixin.py:151} INFO - [2026-05-03T14:44:06.461+0000] {dag.py:2915} INFO - Sync 1 DAGs
[2026-05-03T14:44:06.476+0000] {logging_mixin.py:151} INFO - [2026-05-03T14:44:06.476+0000] {dag.py:3696} INFO - Setting next_dagrun for retail_pipeline to 2026-05-03T00:30:00+00:00, run_after=2026-05-04T00:30:00+00:00
[2026-05-03T14:44:06.486+0000] {processor.py:179} INFO - Processing /opt/airflow/dags/retail_pipeline_dag.py took 0.062 seconds
[2026-05-03T14:44:36.624+0000] {processor.py:157} INFO - Started process (PID=6795) to work on /opt/airflow/dags/retail_pipeline_dag.py
[2026-05-03T14:44:36.624+0000] {processor.py:829} INFO - Processing file /opt/airflow/dags/retail_pipeline_dag.py for tasks to queue
[2026-05-03T14:44:36.625+0000] {logging_mixin.py:151} INFO - [2026-05-03T14:44:36.625+0000] {dagbag.py:539} INFO - Filling up the DagBag from /opt/airflow/dags/retail_pipeline_dag.py
[2026-05-03T14:44:36.634+0000] {processor.py:839} INFO - DAG(s) dict_keys(['retail_pipeline']) retrieved from /opt/airflow/dags/retail_pipeline_dag.py
[2026-05-03T14:44:36.657+0000] {logging_mixin.py:151} INFO - [2026-05-03T14:44:36.657+0000] {dag.py:2915} INFO - Sync 1 DAGs
[2026-05-03T14:44:36.669+0000] {logging_mixin.py:151} INFO - [2026-05-03T14:44:36.669+0000] {dag.py:3696} INFO - Setting next_dagrun for retail_pipeline to 2026-05-03T00:30:00+00:00, run_after=2026-05-04T00:30:00+00:00
[2026-05-03T14:44:36.678+0000] {processor.py:179} INFO - Processing /opt/airflow/dags/retail_pipeline_dag.py took 0.056 seconds
[2026-05-03T14:45:06.730+0000] {processor.py:157} INFO - Started process (PID=6805) to work on /opt/airflow/dags/retail_pipeline_dag.py
[2026-05-03T14:45:06.731+0000] {processor.py:829} INFO - Processing file /opt/airflow/dags/retail_pipeline_dag.py for tasks to queue
[2026-05-03T14:45:06.732+0000] {logging_mixin.py:151} INFO - [2026-05-03T14:45:06.732+0000] {dagbag.py:539} INFO - Filling up the DagBag from /opt/airflow/dags/retail_pipeline_dag.py
[2026-05-03T14:45:06.745+0000] {processor.py:839} INFO - DAG(s) dict_keys(['retail_pipeline']) retrieved from /opt/airflow/dags/retail_pipeline_dag.py
[2026-05-03T14:45:06.780+0000] {logging_mixin.py:151} INFO - [2026-05-03T14:45:06.780+0000] {dag.py:2915} INFO - Sync 1 DAGs
[2026-05-03T14:45:06.805+0000] {logging_mixin.py:151} INFO - [2026-05-03T14:45:06.805+0000] {dag.py:3696} INFO - Setting next_dagrun for retail_pipeline to 2026-05-03T00:30:00+00:00, run_after=2026-05-04T00:30:00+00:00
[2026-05-03T14:45:06.817+0000] {processor.py:179} INFO - Processing /opt/airflow/dags/retail_pipeline_dag.py took 0.089 seconds
[2026-05-03T14:45:36.885+0000] {processor.py:157} INFO - Started process (PID=6815) to work on /opt/airflow/dags/retail_pipeline_dag.py
[2026-05-03T14:45:36.885+0000] {processor.py:829} INFO - Processing file /opt/airflow/dags/retail_pipeline_dag.py for tasks to queue
[2026-05-03T14:45:36.886+0000] {logging_mixin.py:151} INFO - [2026-05-03T14:45:36.886+0000] {dagbag.py:539} INFO - Filling up the DagBag from /opt/airflow/dags/retail_pipeline_dag.py
[2026-05-03T14:45:36.899+0000] {processor.py:839} INFO - DAG(s) dict_keys(['retail_pipeline']) retrieved from /opt/airflow/dags/retail_pipeline_dag.py
[2026-05-03T14:45:36.930+0000] {logging_mixin.py:151} INFO - [2026-05-03T14:45:36.930+0000] {dag.py:2915} INFO - Sync 1 DAGs
[2026-05-03T14:45:36.946+0000] {logging_mixin.py:151} INFO - [2026-05-03T14:45:36.946+0000] {dag.py:3696} INFO - Setting next_dagrun for retail_pipeline to 2026-05-03T00:30:00+00:00, run_after=2026-05-04T00:30:00+00:00
[2026-05-03T14:45:36.961+0000] {processor.py:179} INFO - Processing /opt/airflow/dags/retail_pipeline_dag.py took 0.079 seconds
[2026-05-03T14:46:07.025+0000] {processor.py:157} INFO - Started process (PID=6824) to work on /opt/airflow/dags/retail_pipeline_dag.py
[2026-05-03T14:46:07.026+0000] {processor.py:829} INFO - Processing file /opt/airflow/dags/retail_pipeline_dag.py for tasks to queue
[2026-05-03T14:46:07.027+0000] {logging_mixin.py:151} INFO - [2026-05-03T14:46:07.026+0000] {dagbag.py:539} INFO - Filling up the DagBag from /opt/airflow/dags/retail_pipeline_dag.py
[2026-05-03T14:46:07.054+0000] {processor.py:839} INFO - DAG(s) dict_keys(['retail_pipeline']) retrieved from /opt/airflow/dags/retail_pipeline_dag.py
[2026-05-03T14:46:07.111+0000] {logging_mixin.py:151} INFO - [2026-05-03T14:46:07.111+0000] {dag.py:2915} INFO - Sync 1 DAGs
[2026-05-03T14:46:07.136+0000] {logging_mixin.py:151} INFO - [2026-05-03T14:46:07.136+0000] {dag.py:3696} INFO - Setting next_dagrun for retail_pipeline to 2026-05-03T00:30:00+00:00, run_after=2026-05-04T00:30:00+00:00
[2026-05-03T14:46:07.159+0000] {processor.py:179} INFO - Processing /opt/airflow/dags/retail_pipeline_dag.py took 0.137 seconds
[2026-05-03T14:46:37.183+0000] {processor.py:157} INFO - Started process (PID=6834) to work on /opt/airflow/dags/retail_pipeline_dag.py
[2026-05-03T14:46:37.184+0000] {processor.py:829} INFO - Processing file /opt/airflow/dags/retail_pipeline_dag.py for tasks to queue
[2026-05-03T14:46:37.184+0000] {logging_mixin.py:151} INFO - [2026-05-03T14:46:37.184+0000] {dagbag.py:539} INFO - Filling up the DagBag from /opt/airflow/dags/retail_pipeline_dag.py
[2026-05-03T14:46:37.195+0000] {processor.py:839} INFO - DAG(s) dict_keys(['retail_pipeline']) retrieved from /opt/airflow/dags/retail_pipeline_dag.py
[2026-05-03T14:46:37.217+0000] {logging_mixin.py:151} INFO - [2026-05-03T14:46:37.217+0000] {dag.py:2915} INFO - Sync 1 DAGs
[2026-05-03T14:46:37.234+0000] {logging_mixin.py:151} INFO - [2026-05-03T14:46:37.234+0000] {dag.py:3696} INFO - Setting next_dagrun for retail_pipeline to 2026-05-03T00:30:00+00:00, run_after=2026-05-04T00:30:00+00:00
[2026-05-03T14:46:37.245+0000] {processor.py:179} INFO - Processing /opt/airflow/dags/retail_pipeline_dag.py took 0.065 seconds
[2026-05-03T14:47:07.376+0000] {processor.py:157} INFO - Started process (PID=6844) to work on /opt/airflow/dags/retail_pipeline_dag.py
[2026-05-03T14:47:07.377+0000] {processor.py:829} INFO - Processing file /opt/airflow/dags/retail_pipeline_dag.py for tasks to queue
[2026-05-03T14:47:07.378+0000] {logging_mixin.py:151} INFO - [2026-05-03T14:47:07.377+0000] {dagbag.py:539} INFO - Filling up the DagBag from /opt/airflow/dags/retail_pipeline_dag.py
[2026-05-03T14:47:07.395+0000] {processor.py:839} INFO - DAG(s) dict_keys(['retail_pipeline']) retrieved from /opt/airflow/dags/retail_pipeline_dag.py
[2026-05-03T14:47:07.438+0000] {logging_mixin.py:151} INFO - [2026-05-03T14:47:07.437+0000] {dag.py:2915} INFO - Sync 1 DAGs
[2026-05-03T14:47:07.467+0000] {logging_mixin.py:151} INFO - [2026-05-03T14:47:07.467+0000] {dag.py:3696} INFO - Setting next_dagrun for retail_pipeline to 2026-05-03T00:30:00+00:00, run_after=2026-05-04T00:30:00+00:00
[2026-05-03T14:47:07.480+0000] {processor.py:179} INFO - Processing /opt/airflow/dags/retail_pipeline_dag.py took 0.114 seconds
[2026-05-03T14:47:37.573+0000] {processor.py:157} INFO - Started process (PID=6855) to work on /opt/airflow/dags/retail_pipeline_dag.py
[2026-05-03T14:47:37.573+0000] {processor.py:829} INFO - Processing file /opt/airflow/dags/retail_pipeline_dag.py for tasks to queue
[2026-05-03T14:47:37.574+0000] {logging_mixin.py:151} INFO - [2026-05-03T14:47:37.574+0000] {dagbag.py:539} INFO - Filling up the DagBag from /opt/airflow/dags/retail_pipeline_dag.py
[2026-05-03T14:47:37.587+0000] {processor.py:839} INFO - DAG(s) dict_keys(['retail_pipeline']) retrieved from /opt/airflow/dags/retail_pipeline_dag.py
[2026-05-03T14:47:37.615+0000] {logging_mixin.py:151} INFO - [2026-05-03T14:47:37.615+0000] {dag.py:2915} INFO - Sync 1 DAGs
[2026-05-03T14:47:37.638+0000] {logging_mixin.py:151} INFO - [2026-05-03T14:47:37.638+0000] {dag.py:3696} INFO - Setting next_dagrun for retail_pipeline to 2026-05-03T00:30:00+00:00, run_after=2026-05-04T00:30:00+00:00
[2026-05-03T14:47:37.649+0000] {processor.py:179} INFO - Processing /opt/airflow/dags/retail_pipeline_dag.py took 0.080 seconds
[2026-05-03T14:48:07.774+0000] {processor.py:157} INFO - Started process (PID=6865) to work on /opt/airflow/dags/retail_pipeline_dag.py
[2026-05-03T14:48:07.776+0000] {processor.py:829} INFO - Processing file /opt/airflow/dags/retail_pipeline_dag.py for tasks to queue
[2026-05-03T14:48:07.781+0000] {logging_mixin.py:151} INFO - [2026-05-03T14:48:07.778+0000] {dagbag.py:539} INFO - Filling up the DagBag from /opt/airflow/dags/retail_pipeline_dag.py
[2026-05-03T14:48:07.808+0000] {processor.py:839} INFO - DAG(s) dict_keys(['retail_pipeline']) retrieved from /opt/airflow/dags/retail_pipeline_dag.py
[2026-05-03T14:48:07.877+0000] {logging_mixin.py:151} INFO - [2026-05-03T14:48:07.877+0000] {dag.py:2915} INFO - Sync 1 DAGs
[2026-05-03T14:48:07.929+0000] {logging_mixin.py:151} INFO - [2026-05-03T14:48:07.929+0000] {dag.py:3696} INFO - Setting next_dagrun for retail_pipeline to 2026-05-03T00:30:00+00:00, run_after=2026-05-04T00:30:00+00:00
[2026-05-03T14:48:07.961+0000] {processor.py:179} INFO - Processing /opt/airflow/dags/retail_pipeline_dag.py took 0.193 seconds
[2026-05-03T14:48:38.082+0000] {processor.py:157} INFO - Started process (PID=6874) to work on /opt/airflow/dags/retail_pipeline_dag.py
[2026-05-03T14:48:38.083+0000] {processor.py:829} INFO - Processing file /opt/airflow/dags/retail_pipeline_dag.py for tasks to queue
[2026-05-03T14:48:38.084+0000] {logging_mixin.py:151} INFO - [2026-05-03T14:48:38.083+0000] {dagbag.py:539} INFO - Filling up the DagBag from /opt/airflow/dags/retail_pipeline_dag.py
[2026-05-03T14:48:38.096+0000] {processor.py:839} INFO - DAG(s) dict_keys(['retail_pipeline']) retrieved from /opt/airflow/dags/retail_pipeline_dag.py
[2026-05-03T14:48:38.127+0000] {logging_mixin.py:151} INFO - [2026-05-03T14:48:38.127+0000] {dag.py:2915} INFO - Sync 1 DAGs
[2026-05-03T14:48:38.145+0000] {logging_mixin.py:151} INFO - [2026-05-03T14:48:38.145+0000] {dag.py:3696} INFO - Setting next_dagrun for retail_pipeline to 2026-05-03T00:30:00+00:00, run_after=2026-05-04T00:30:00+00:00
[2026-05-03T14:48:38.156+0000] {processor.py:179} INFO - Processing /opt/airflow/dags/retail_pipeline_dag.py took 0.077 seconds
[2026-05-03T14:49:08.301+0000] {processor.py:157} INFO - Started process (PID=6885) to work on /opt/airflow/dags/retail_pipeline_dag.py
[2026-05-03T14:49:08.302+0000] {processor.py:829} INFO - Processing file /opt/airflow/dags/retail_pipeline_dag.py for tasks to queue
[2026-05-03T14:49:08.303+0000] {logging_mixin.py:151} INFO - [2026-05-03T14:49:08.302+0000] {dagbag.py:539} INFO - Filling up the DagBag from /opt/airflow/dags/retail_pipeline_dag.py
[2026-05-03T14:49:08.325+0000] {processor.py:839} INFO - DAG(s) dict_keys(['retail_pipeline']) retrieved from /opt/airflow/dags/retail_pipeline_dag.py
[2026-05-03T14:49:08.361+0000] {logging_mixin.py:151} INFO - [2026-05-03T14:49:08.361+0000] {dag.py:2915} INFO - Sync 1 DAGs
[2026-05-03T14:49:08.387+0000] {logging_mixin.py:151} INFO - [2026-05-03T14:49:08.387+0000] {dag.py:3696} INFO - Setting next_dagrun for retail_pipeline to 2026-05-03T00:30:00+00:00, run_after=2026-05-04T00:30:00+00:00
[2026-05-03T14:49:08.403+0000] {processor.py:179} INFO - Processing /opt/airflow/dags/retail_pipeline_dag.py took 0.107 seconds
[2026-05-03T14:49:38.591+0000] {processor.py:157} INFO - Started process (PID=6895) to work on /opt/airflow/dags/retail_pipeline_dag.py
[2026-05-03T14:49:38.592+0000] {processor.py:829} INFO - Processing file /opt/airflow/dags/retail_pipeline_dag.py for tasks to queue
[2026-05-03T14:49:38.592+0000] {logging_mixin.py:151} INFO - [2026-05-03T14:49:38.592+0000] {dagbag.py:539} INFO - Filling up the DagBag from /opt/airflow/dags/retail_pipeline_dag.py
[2026-05-03T14:49:38.611+0000] {processor.py:839} INFO - DAG(s) dict_keys(['retail_pipeline']) retrieved from /opt/airflow/dags/retail_pipeline_dag.py
[2026-05-03T14:49:38.643+0000] {logging_mixin.py:151} INFO - [2026-05-03T14:49:38.643+0000] {dag.py:2915} INFO - Sync 1 DAGs
[2026-05-03T14:49:38.662+0000] {logging_mixin.py:151} INFO - [2026-05-03T14:49:38.662+0000] {dag.py:3696} INFO - Setting next_dagrun for retail_pipeline to 2026-05-03T00:30:00+00:00, run_after=2026-05-04T00:30:00+00:00
[2026-05-03T14:49:38.675+0000] {processor.py:179} INFO - Processing /opt/airflow/dags/retail_pipeline_dag.py took 0.091 seconds
[2026-05-03T14:50:08.774+0000] {processor.py:157} INFO - Started process (PID=6905) to work on /opt/airflow/dags/retail_pipeline_dag.py
[2026-05-03T14:50:08.775+0000] {processor.py:829} INFO - Processing file /opt/airflow/dags/retail_pipeline_dag.py for tasks to queue
[2026-05-03T14:50:08.776+0000] {logging_mixin.py:151} INFO - [2026-05-03T14:50:08.776+0000] {dagbag.py:539} INFO - Filling up the DagBag from /opt/airflow/dags/retail_pipeline_dag.py
[2026-05-03T14:50:08.808+0000] {processor.py:839} INFO - DAG(s) dict_keys(['retail_pipeline']) retrieved from /opt/airflow/dags/retail_pipeline_dag.py
[2026-05-03T14:50:08.869+0000] {logging_mixin.py:151} INFO - [2026-05-03T14:50:08.868+0000] {dag.py:2915} INFO - Sync 1 DAGs
[2026-05-03T14:50:08.901+0000] {logging_mixin.py:151} INFO - [2026-05-03T14:50:08.901+0000] {dag.py:3696} INFO - Setting next_dagrun for retail_pipeline to 2026-05-03T00:30:00+00:00, run_after=2026-05-04T00:30:00+00:00
[2026-05-03T14:50:08.920+0000] {processor.py:179} INFO - Processing /opt/airflow/dags/retail_pipeline_dag.py took 0.150 seconds
[2026-05-03T14:50:39.047+0000] {processor.py:157} INFO - Started process (PID=6914) to work on /opt/airflow/dags/retail_pipeline_dag.py
[2026-05-03T14:50:39.049+0000] {processor.py:829} INFO - Processing file /opt/airflow/dags/retail_pipeline_dag.py for tasks to queue
[2026-05-03T14:50:39.052+0000] {logging_mixin.py:151} INFO - [2026-05-03T14:50:39.052+0000] {dagbag.py:539} INFO - Filling up the DagBag from /opt/airflow/dags/retail_pipeline_dag.py
[2026-05-03T14:50:39.075+0000] {processor.py:839} INFO - DAG(s) dict_keys(['retail_pipeline']) retrieved from /opt/airflow/dags/retail_pipeline_dag.py
[2026-05-03T14:50:39.124+0000] {logging_mixin.py:151} INFO - [2026-05-03T14:50:39.123+0000] {dag.py:2915} INFO - Sync 1 DAGs
[2026-05-03T14:50:39.151+0000] {logging_mixin.py:151} INFO - [2026-05-03T14:50:39.150+0000] {dag.py:3696} INFO - Setting next_dagrun for retail_pipeline to 2026-05-03T00:30:00+00:00, run_after=2026-05-04T00:30:00+00:00
[2026-05-03T14:50:39.163+0000] {processor.py:179} INFO - Processing /opt/airflow/dags/retail_pipeline_dag.py took 0.122 seconds
[2026-05-03T14:51:09.263+0000] {processor.py:157} INFO - Started process (PID=6925) to work on /opt/airflow/dags/retail_pipeline_dag.py
[2026-05-03T14:51:09.264+0000] {processor.py:829} INFO - Processing file /opt/airflow/dags/retail_pipeline_dag.py for tasks to queue
[2026-05-03T14:51:09.266+0000] {logging_mixin.py:151} INFO - [2026-05-03T14:51:09.266+0000] {dagbag.py:539} INFO - Filling up the DagBag from /opt/airflow/dags/retail_pipeline_dag.py
[2026-05-03T14:51:09.285+0000] {processor.py:839} INFO - DAG(s) dict_keys(['retail_pipeline']) retrieved from /opt/airflow/dags/retail_pipeline_dag.py
[2026-05-03T14:51:09.332+0000] {logging_mixin.py:151} INFO - [2026-05-03T14:51:09.331+0000] {dag.py:2915} INFO - Sync 1 DAGs
[2026-05-03T14:51:09.351+0000] {logging_mixin.py:151} INFO - [2026-05-03T14:51:09.351+0000] {dag.py:3696} INFO - Setting next_dagrun for retail_pipeline to 2026-05-03T00:30:00+00:00, run_after=2026-05-04T00:30:00+00:00
[2026-05-03T14:51:09.366+0000] {processor.py:179} INFO - Processing /opt/airflow/dags/retail_pipeline_dag.py took 0.106 seconds
[2026-05-03T14:51:39.465+0000] {processor.py:157} INFO - Started process (PID=6935) to work on /opt/airflow/dags/retail_pipeline_dag.py
[2026-05-03T14:51:39.466+0000] {processor.py:829} INFO - Processing file /opt/airflow/dags/retail_pipeline_dag.py for tasks to queue
[2026-05-03T14:51:39.468+0000] {logging_mixin.py:151} INFO - [2026-05-03T14:51:39.468+0000] {dagbag.py:539} INFO - Filling up the DagBag from /opt/airflow/dags/retail_pipeline_dag.py
[2026-05-03T14:51:39.478+0000] {processor.py:839} INFO - DAG(s) dict_keys(['retail_pipeline']) retrieved from /opt/airflow/dags/retail_pipeline_dag.py
[2026-05-03T14:51:39.492+0000] {logging_mixin.py:151} INFO - [2026-05-03T14:51:39.492+0000] {dag.py:2915} INFO - Sync 1 DAGs
[2026-05-03T14:51:39.504+0000] {logging_mixin.py:151} INFO - [2026-05-03T14:51:39.504+0000] {dag.py:3696} INFO - Setting next_dagrun for retail_pipeline to 2026-05-03T00:30:00+00:00, run_after=2026-05-04T00:30:00+00:00
[2026-05-03T14:51:39.513+0000] {processor.py:179} INFO - Processing /opt/airflow/dags/retail_pipeline_dag.py took 0.051 seconds
[2026-05-03T14:52:09.601+0000] {processor.py:157} INFO - Started process (PID=6945) to work on /opt/airflow/dags/retail_pipeline_dag.py
[2026-05-03T14:52:09.603+0000] {processor.py:829} INFO - Processing file /opt/airflow/dags/retail_pipeline_dag.py for tasks to queue
[2026-05-03T14:52:09.604+0000] {logging_mixin.py:151} INFO - [2026-05-03T14:52:09.603+0000] {dagbag.py:539} INFO - Filling up the DagBag from /opt/airflow/dags/retail_pipeline_dag.py
[2026-05-03T14:52:09.631+0000] {processor.py:839} INFO - DAG(s) dict_keys(['retail_pipeline']) retrieved from /opt/airflow/dags/retail_pipeline_dag.py
[2026-05-03T14:52:09.662+0000] {logging_mixin.py:151} INFO - [2026-05-03T14:52:09.661+0000] {dag.py:2915} INFO - Sync 1 DAGs
[2026-05-03T14:52:09.682+0000] {logging_mixin.py:151} INFO - [2026-05-03T14:52:09.682+0000] {dag.py:3696} INFO - Setting next_dagrun for retail_pipeline to 2026-05-03T00:30:00+00:00, run_after=2026-05-04T00:30:00+00:00
[2026-05-03T14:52:09.695+0000] {processor.py:179} INFO - Processing /opt/airflow/dags/retail_pipeline_dag.py took 0.096 seconds
[2026-05-03T14:52:39.735+0000] {processor.py:157} INFO - Started process (PID=6955) to work on /opt/airflow/dags/retail_pipeline_dag.py
[2026-05-03T14:52:39.738+0000] {processor.py:829} INFO - Processing file /opt/airflow/dags/retail_pipeline_dag.py for tasks to queue
[2026-05-03T14:52:39.739+0000] {logging_mixin.py:151} INFO - [2026-05-03T14:52:39.739+0000] {dagbag.py:539} INFO - Filling up the DagBag from /opt/airflow/dags/retail_pipeline_dag.py
[2026-05-03T14:52:39.751+0000] {processor.py:839} INFO - DAG(s) dict_keys(['retail_pipeline']) retrieved from /opt/airflow/dags/retail_pipeline_dag.py
[2026-05-03T14:52:39.776+0000] {logging_mixin.py:151} INFO - [2026-05-03T14:52:39.776+0000] {dag.py:2915} INFO - Sync 1 DAGs
[2026-05-03T14:52:39.791+0000] {logging_mixin.py:151} INFO - [2026-05-03T14:52:39.791+0000] {dag.py:3696} INFO - Setting next_dagrun for retail_pipeline to 2026-05-03T00:30:00+00:00, run_after=2026-05-04T00:30:00+00:00
[2026-05-03T14:52:39.801+0000] {processor.py:179} INFO - Processing /opt/airflow/dags/retail_pipeline_dag.py took 0.068 seconds
[2026-05-03T14:53:09.936+0000] {processor.py:157} INFO - Started process (PID=6965) to work on /opt/airflow/dags/retail_pipeline_dag.py
[2026-05-03T14:53:09.939+0000] {processor.py:829} INFO - Processing file /opt/airflow/dags/retail_pipeline_dag.py for tasks to queue
[2026-05-03T14:53:09.940+0000] {logging_mixin.py:151} INFO - [2026-05-03T14:53:09.940+0000] {dagbag.py:539} INFO - Filling up the DagBag from /opt/airflow/dags/retail_pipeline_dag.py
[2026-05-03T14:53:09.952+0000] {processor.py:839} INFO - DAG(s) dict_keys(['retail_pipeline']) retrieved from /opt/airflow/dags/retail_pipeline_dag.py
[2026-05-03T14:53:09.991+0000] {logging_mixin.py:151} INFO - [2026-05-03T14:53:09.991+0000] {dag.py:2915} INFO - Sync 1 DAGs
[2026-05-03T14:53:10.010+0000] {logging_mixin.py:151} INFO - [2026-05-03T14:53:10.010+0000] {dag.py:3696} INFO - Setting next_dagrun for retail_pipeline to 2026-05-03T00:30:00+00:00, run_after=2026-05-04T00:30:00+00:00
[2026-05-03T14:53:10.024+0000] {processor.py:179} INFO - Processing /opt/airflow/dags/retail_pipeline_dag.py took 0.090 seconds
[2026-05-03T14:53:40.221+0000] {processor.py:157} INFO - Started process (PID=6974) to work on /opt/airflow/dags/retail_pipeline_dag.py
[2026-05-03T14:53:40.223+0000] {processor.py:829} INFO - Processing file /opt/airflow/dags/retail_pipeline_dag.py for tasks to queue
[2026-05-03T14:53:40.225+0000] {logging_mixin.py:151} INFO - [2026-05-03T14:53:40.224+0000] {dagbag.py:539} INFO - Filling up the DagBag from /opt/airflow/dags/retail_pipeline_dag.py
[2026-05-03T14:53:40.248+0000] {processor.py:839} INFO - DAG(s) dict_keys(['retail_pipeline']) retrieved from /opt/airflow/dags/retail_pipeline_dag.py
[2026-05-03T14:53:40.278+0000] {logging_mixin.py:151} INFO - [2026-05-03T14:53:40.277+0000] {dag.py:2915} INFO - Sync 1 DAGs
[2026-05-03T14:53:40.294+0000] {logging_mixin.py:151} INFO - [2026-05-03T14:53:40.294+0000] {dag.py:3696} INFO - Setting next_dagrun for retail_pipeline to 2026-05-03T00:30:00+00:00, run_after=2026-05-04T00:30:00+00:00
[2026-05-03T14:53:40.305+0000] {processor.py:179} INFO - Processing /opt/airflow/dags/retail_pipeline_dag.py took 0.089 seconds
[2026-05-03T14:54:10.421+0000] {processor.py:157} INFO - Started process (PID=6984) to work on /opt/airflow/dags/retail_pipeline_dag.py
[2026-05-03T14:54:10.426+0000] {processor.py:829} INFO - Processing file /opt/airflow/dags/retail_pipeline_dag.py for tasks to queue
[2026-05-03T14:54:10.428+0000] {logging_mixin.py:151} INFO - [2026-05-03T14:54:10.427+0000] {dagbag.py:539} INFO - Filling up the DagBag from /opt/airflow/dags/retail_pipeline_dag.py
[2026-05-03T14:54:10.443+0000] {processor.py:839} INFO - DAG(s) dict_keys(['retail_pipeline']) retrieved from /opt/airflow/dags/retail_pipeline_dag.py
[2026-05-03T14:54:10.477+0000] {logging_mixin.py:151} INFO - [2026-05-03T14:54:10.476+0000] {dag.py:2915} INFO - Sync 1 DAGs
[2026-05-03T14:54:10.497+0000] {logging_mixin.py:151} INFO - [2026-05-03T14:54:10.497+0000] {dag.py:3696} INFO - Setting next_dagrun for retail_pipeline to 2026-05-03T00:30:00+00:00, run_after=2026-05-04T00:30:00+00:00
[2026-05-03T14:54:10.516+0000] {processor.py:179} INFO - Processing /opt/airflow/dags/retail_pipeline_dag.py took 0.101 seconds
[2026-05-03T14:54:40.654+0000] {processor.py:157} INFO - Started process (PID=6994) to work on /opt/airflow/dags/retail_pipeline_dag.py
[2026-05-03T14:54:40.655+0000] {processor.py:829} INFO - Processing file /opt/airflow/dags/retail_pipeline_dag.py for tasks to queue
[2026-05-03T14:54:40.656+0000] {logging_mixin.py:151} INFO - [2026-05-03T14:54:40.656+0000] {dagbag.py:539} INFO - Filling up the DagBag from /opt/airflow/dags/retail_pipeline_dag.py
[2026-05-03T14:54:40.673+0000] {processor.py:839} INFO - DAG(s) dict_keys(['retail_pipeline']) retrieved from /opt/airflow/dags/retail_pipeline_dag.py
[2026-05-03T14:54:40.706+0000] {logging_mixin.py:151} INFO - [2026-05-03T14:54:40.706+0000] {dag.py:2915} INFO - Sync 1 DAGs
[2026-05-03T14:54:40.734+0000] {logging_mixin.py:151} INFO - [2026-05-03T14:54:40.733+0000] {dag.py:3696} INFO - Setting next_dagrun for retail_pipeline to 2026-05-03T00:30:00+00:00, run_after=2026-05-04T00:30:00+00:00
[2026-05-03T14:54:40.748+0000] {processor.py:179} INFO - Processing /opt/airflow/dags/retail_pipeline_dag.py took 0.099 seconds
[2026-05-03T14:55:10.827+0000] {processor.py:157} INFO - Started process (PID=7003) to work on /opt/airflow/dags/retail_pipeline_dag.py
[2026-05-03T14:55:10.831+0000] {processor.py:829} INFO - Processing file /opt/airflow/dags/retail_pipeline_dag.py for tasks to queue
[2026-05-03T14:55:10.832+0000] {logging_mixin.py:151} INFO - [2026-05-03T14:55:10.832+0000] {dagbag.py:539} INFO - Filling up the DagBag from /opt/airflow/dags/retail_pipeline_dag.py
[2026-05-03T14:55:10.851+0000] {processor.py:839} INFO - DAG(s) dict_keys(['retail_pipeline']) retrieved from /opt/airflow/dags/retail_pipeline_dag.py
[2026-05-03T14:55:10.885+0000] {logging_mixin.py:151} INFO - [2026-05-03T14:55:10.885+0000] {dag.py:2915} INFO - Sync 1 DAGs
[2026-05-03T14:55:10.902+0000] {logging_mixin.py:151} INFO - [2026-05-03T14:55:10.902+0000] {dag.py:3696} INFO - Setting next_dagrun for retail_pipeline to 2026-05-03T00:30:00+00:00, run_after=2026-05-04T00:30:00+00:00
[2026-05-03T14:55:10.914+0000] {processor.py:179} INFO - Processing /opt/airflow/dags/retail_pipeline_dag.py took 0.091 seconds
[2026-05-03T14:55:40.967+0000] {processor.py:157} INFO - Started process (PID=7013) to work on /opt/airflow/dags/retail_pipeline_dag.py
[2026-05-03T14:55:40.970+0000] {processor.py:829} INFO - Processing file /opt/airflow/dags/retail_pipeline_dag.py for tasks to queue
[2026-05-03T14:55:40.972+0000] {logging_mixin.py:151} INFO - [2026-05-03T14:55:40.972+0000] {dagbag.py:539} INFO - Filling up the DagBag from /opt/airflow/dags/retail_pipeline_dag.py
[2026-05-03T14:55:40.985+0000] {processor.py:839} INFO - DAG(s) dict_keys(['retail_pipeline']) retrieved from /opt/airflow/dags/retail_pipeline_dag.py
[2026-05-03T14:55:41.021+0000] {logging_mixin.py:151} INFO - [2026-05-03T14:55:41.021+0000] {dag.py:2915} INFO - Sync 1 DAGs
[2026-05-03T14:55:41.054+0000] {logging_mixin.py:151} INFO - [2026-05-03T14:55:41.054+0000] {dag.py:3696} INFO - Setting next_dagrun for retail_pipeline to 2026-05-03T00:30:00+00:00, run_after=2026-05-04T00:30:00+00:00
[2026-05-03T14:55:41.066+0000] {processor.py:179} INFO - Processing /opt/airflow/dags/retail_pipeline_dag.py took 0.103 seconds
[2026-05-03T14:56:11.120+0000] {processor.py:157} INFO - Started process (PID=7025) to work on /opt/airflow/dags/retail_pipeline_dag.py
[2026-05-03T14:56:11.123+0000] {processor.py:829} INFO - Processing file /opt/airflow/dags/retail_pipeline_dag.py for tasks to queue
[2026-05-03T14:56:11.124+0000] {logging_mixin.py:151} INFO - [2026-05-03T14:56:11.123+0000] {dagbag.py:539} INFO - Filling up the DagBag from /opt/airflow/dags/retail_pipeline_dag.py
[2026-05-03T14:56:11.138+0000] {processor.py:839} INFO - DAG(s) dict_keys(['retail_pipeline']) retrieved from /opt/airflow/dags/retail_pipeline_dag.py
[2026-05-03T14:56:11.175+0000] {logging_mixin.py:151} INFO - [2026-05-03T14:56:11.175+0000] {dag.py:2915} INFO - Sync 1 DAGs
[2026-05-03T14:56:11.198+0000] {logging_mixin.py:151} INFO - [2026-05-03T14:56:11.197+0000] {dag.py:3696} INFO - Setting next_dagrun for retail_pipeline to 2026-05-03T00:30:00+00:00, run_after=2026-05-04T00:30:00+00:00
[2026-05-03T14:56:11.210+0000] {processor.py:179} INFO - Processing /opt/airflow/dags/retail_pipeline_dag.py took 0.093 seconds
[2026-05-03T14:56:41.273+0000] {processor.py:157} INFO - Started process (PID=7035) to work on /opt/airflow/dags/retail_pipeline_dag.py
[2026-05-03T14:56:41.274+0000] {processor.py:829} INFO - Processing file /opt/airflow/dags/retail_pipeline_dag.py for tasks to queue
[2026-05-03T14:56:41.275+0000] {logging_mixin.py:151} INFO - [2026-05-03T14:56:41.274+0000] {dagbag.py:539} INFO - Filling up the DagBag from /opt/airflow/dags/retail_pipeline_dag.py
[2026-05-03T14:56:41.285+0000] {processor.py:839} INFO - DAG(s) dict_keys(['retail_pipeline']) retrieved from /opt/airflow/dags/retail_pipeline_dag.py
[2026-05-03T14:56:41.310+0000] {logging_mixin.py:151} INFO - [2026-05-03T14:56:41.310+0000] {dag.py:2915} INFO - Sync 1 DAGs
[2026-05-03T14:56:41.333+0000] {logging_mixin.py:151} INFO - [2026-05-03T14:56:41.333+0000] {dag.py:3696} INFO - Setting next_dagrun for retail_pipeline to 2026-05-03T00:30:00+00:00, run_after=2026-05-04T00:30:00+00:00
[2026-05-03T14:56:41.358+0000] {processor.py:179} INFO - Processing /opt/airflow/dags/retail_pipeline_dag.py took 0.088 seconds
[2026-05-03T14:57:11.488+0000] {processor.py:157} INFO - Started process (PID=7044) to work on /opt/airflow/dags/retail_pipeline_dag.py
[2026-05-03T14:57:11.490+0000] {processor.py:829} INFO - Processing file /opt/airflow/dags/retail_pipeline_dag.py for tasks to queue
[2026-05-03T14:57:11.492+0000] {logging_mixin.py:151} INFO - [2026-05-03T14:57:11.491+0000] {dagbag.py:539} INFO - Filling up the DagBag from /opt/airflow/dags/retail_pipeline_dag.py
[2026-05-03T14:57:11.505+0000] {processor.py:839} INFO - DAG(s) dict_keys(['retail_pipeline']) retrieved from /opt/airflow/dags/retail_pipeline_dag.py
[2026-05-03T14:57:11.531+0000] {logging_mixin.py:151} INFO - [2026-05-03T14:57:11.531+0000] {dag.py:2915} INFO - Sync 1 DAGs
[2026-05-03T14:57:11.547+0000] {logging_mixin.py:151} INFO - [2026-05-03T14:57:11.547+0000] {dag.py:3696} INFO - Setting next_dagrun for retail_pipeline to 2026-05-03T00:30:00+00:00, run_after=2026-05-04T00:30:00+00:00
[2026-05-03T14:57:11.562+0000] {processor.py:179} INFO - Processing /opt/airflow/dags/retail_pipeline_dag.py took 0.077 seconds
[2026-05-03T14:57:41.613+0000] {processor.py:157} INFO - Started process (PID=7055) to work on /opt/airflow/dags/retail_pipeline_dag.py
[2026-05-03T14:57:41.615+0000] {processor.py:829} INFO - Processing file /opt/airflow/dags/retail_pipeline_dag.py for tasks to queue
[2026-05-03T14:57:41.616+0000] {logging_mixin.py:151} INFO - [2026-05-03T14:57:41.615+0000] {dagbag.py:539} INFO - Filling up the DagBag from /opt/airflow/dags/retail_pipeline_dag.py
[2026-05-03T14:57:41.631+0000] {processor.py:839} INFO - DAG(s) dict_keys(['retail_pipeline']) retrieved from /opt/airflow/dags/retail_pipeline_dag.py
[2026-05-03T14:57:41.663+0000] {logging_mixin.py:151} INFO - [2026-05-03T14:57:41.663+0000] {dag.py:2915} INFO - Sync 1 DAGs
[2026-05-03T14:57:41.683+0000] {logging_mixin.py:151} INFO - [2026-05-03T14:57:41.683+0000] {dag.py:3696} INFO - Setting next_dagrun for retail_pipeline to 2026-05-03T00:30:00+00:00, run_after=2026-05-04T00:30:00+00:00
[2026-05-03T14:57:41.694+0000] {processor.py:179} INFO - Processing /opt/airflow/dags/retail_pipeline_dag.py took 0.088 seconds
[2026-05-03T14:58:11.782+0000] {processor.py:157} INFO - Started process (PID=7064) to work on /opt/airflow/dags/retail_pipeline_dag.py
[2026-05-03T14:58:11.784+0000] {processor.py:829} INFO - Processing file /opt/airflow/dags/retail_pipeline_dag.py for tasks to queue
[2026-05-03T14:58:11.785+0000] {logging_mixin.py:151} INFO - [2026-05-03T14:58:11.785+0000] {dagbag.py:539} INFO - Filling up the DagBag from /opt/airflow/dags/retail_pipeline_dag.py
[2026-05-03T14:58:11.805+0000] {processor.py:839} INFO - DAG(s) dict_keys(['retail_pipeline']) retrieved from /opt/airflow/dags/retail_pipeline_dag.py
[2026-05-03T14:58:11.837+0000] {logging_mixin.py:151} INFO - [2026-05-03T14:58:11.837+0000] {dag.py:2915} INFO - Sync 1 DAGs
[2026-05-03T14:58:11.867+0000] {logging_mixin.py:151} INFO - [2026-05-03T14:58:11.867+0000] {dag.py:3696} INFO - Setting next_dagrun for retail_pipeline to 2026-05-03T00:30:00+00:00, run_after=2026-05-04T00:30:00+00:00
[2026-05-03T14:58:11.880+0000] {processor.py:179} INFO - Processing /opt/airflow/dags/retail_pipeline_dag.py took 0.102 seconds
[2026-05-03T14:58:42.042+0000] {processor.py:157} INFO - Started process (PID=7075) to work on /opt/airflow/dags/retail_pipeline_dag.py
[2026-05-03T14:58:42.044+0000] {processor.py:829} INFO - Processing file /opt/airflow/dags/retail_pipeline_dag.py for tasks to queue
[2026-05-03T14:58:42.045+0000] {logging_mixin.py:151} INFO - [2026-05-03T14:58:42.045+0000] {dagbag.py:539} INFO - Filling up the DagBag from /opt/airflow/dags/retail_pipeline_dag.py
[2026-05-03T14:58:42.065+0000] {processor.py:839} INFO - DAG(s) dict_keys(['retail_pipeline']) retrieved from /opt/airflow/dags/retail_pipeline_dag.py
[2026-05-03T14:58:42.097+0000] {logging_mixin.py:151} INFO - [2026-05-03T14:58:42.097+0000] {dag.py:2915} INFO - Sync 1 DAGs
[2026-05-03T14:58:42.113+0000] {logging_mixin.py:151} INFO - [2026-05-03T14:58:42.113+0000] {dag.py:3696} INFO - Setting next_dagrun for retail_pipeline to 2026-05-03T00:30:00+00:00, run_after=2026-05-04T00:30:00+00:00
[2026-05-03T14:58:42.125+0000] {processor.py:179} INFO - Processing /opt/airflow/dags/retail_pipeline_dag.py took 0.085 seconds
[2026-05-03T14:59:12.333+0000] {processor.py:157} INFO - Started process (PID=7084) to work on /opt/airflow/dags/retail_pipeline_dag.py
[2026-05-03T14:59:12.334+0000] {processor.py:829} INFO - Processing file /opt/airflow/dags/retail_pipeline_dag.py for tasks to queue
[2026-05-03T14:59:12.335+0000] {logging_mixin.py:151} INFO - [2026-05-03T14:59:12.335+0000] {dagbag.py:539} INFO - Filling up the DagBag from /opt/airflow/dags/retail_pipeline_dag.py
[2026-05-03T14:59:12.357+0000] {processor.py:839} INFO - DAG(s) dict_keys(['retail_pipeline']) retrieved from /opt/airflow/dags/retail_pipeline_dag.py
[2026-05-03T14:59:12.389+0000] {logging_mixin.py:151} INFO - [2026-05-03T14:59:12.389+0000] {dag.py:2915} INFO - Sync 1 DAGs
[2026-05-03T14:59:12.418+0000] {logging_mixin.py:151} INFO - [2026-05-03T14:59:12.418+0000] {dag.py:3696} INFO - Setting next_dagrun for retail_pipeline to 2026-05-03T00:30:00+00:00, run_after=2026-05-04T00:30:00+00:00
[2026-05-03T14:59:12.431+0000] {processor.py:179} INFO - Processing /opt/airflow/dags/retail_pipeline_dag.py took 0.102 seconds
[2026-05-03T14:59:42.505+0000] {processor.py:157} INFO - Started process (PID=7095) to work on /opt/airflow/dags/retail_pipeline_dag.py
[2026-05-03T14:59:42.506+0000] {processor.py:829} INFO - Processing file /opt/airflow/dags/retail_pipeline_dag.py for tasks to queue
[2026-05-03T14:59:42.507+0000] {logging_mixin.py:151} INFO - [2026-05-03T14:59:42.507+0000] {dagbag.py:539} INFO - Filling up the DagBag from /opt/airflow/dags/retail_pipeline_dag.py
[2026-05-03T14:59:42.531+0000] {processor.py:839} INFO - DAG(s) dict_keys(['retail_pipeline']) retrieved from /opt/airflow/dags/retail_pipeline_dag.py
[2026-05-03T14:59:42.576+0000] {logging_mixin.py:151} INFO - [2026-05-03T14:59:42.576+0000] {dag.py:2915} INFO - Sync 1 DAGs
[2026-05-03T14:59:42.605+0000] {logging_mixin.py:151} INFO - [2026-05-03T14:59:42.605+0000] {dag.py:3696} INFO - Setting next_dagrun for retail_pipeline to 2026-05-03T00:30:00+00:00, run_after=2026-05-04T00:30:00+00:00
[2026-05-03T14:59:42.626+0000] {processor.py:179} INFO - Processing /opt/airflow/dags/retail_pipeline_dag.py took 0.126 seconds
[2026-05-03T15:00:12.821+0000] {processor.py:157} INFO - Started process (PID=7152) to work on /opt/airflow/dags/retail_pipeline_dag.py
[2026-05-03T15:00:12.823+0000] {processor.py:829} INFO - Processing file /opt/airflow/dags/retail_pipeline_dag.py for tasks to queue
[2026-05-03T15:00:12.824+0000] {logging_mixin.py:151} INFO - [2026-05-03T15:00:12.824+0000] {dagbag.py:539} INFO - Filling up the DagBag from /opt/airflow/dags/retail_pipeline_dag.py
[2026-05-03T15:00:12.855+0000] {processor.py:839} INFO - DAG(s) dict_keys(['retail_pipeline']) retrieved from /opt/airflow/dags/retail_pipeline_dag.py
[2026-05-03T15:00:12.905+0000] {logging_mixin.py:151} INFO - [2026-05-03T15:00:12.905+0000] {dag.py:2915} INFO - Sync 1 DAGs
[2026-05-03T15:00:12.936+0000] {logging_mixin.py:151} INFO - [2026-05-03T15:00:12.936+0000] {dag.py:3696} INFO - Setting next_dagrun for retail_pipeline to 2026-05-03T00:30:00+00:00, run_after=2026-05-04T00:30:00+00:00
[2026-05-03T15:00:12.957+0000] {processor.py:179} INFO - Processing /opt/airflow/dags/retail_pipeline_dag.py took 0.143 seconds
[2026-05-03T15:00:43.006+0000] {processor.py:157} INFO - Started process (PID=7199) to work on /opt/airflow/dags/retail_pipeline_dag.py
[2026-05-03T15:00:43.009+0000] {processor.py:829} INFO - Processing file /opt/airflow/dags/retail_pipeline_dag.py for tasks to queue
[2026-05-03T15:00:43.010+0000] {logging_mixin.py:151} INFO - [2026-05-03T15:00:43.010+0000] {dagbag.py:539} INFO - Filling up the DagBag from /opt/airflow/dags/retail_pipeline_dag.py
[2026-05-03T15:00:43.024+0000] {processor.py:839} INFO - DAG(s) dict_keys(['retail_pipeline']) retrieved from /opt/airflow/dags/retail_pipeline_dag.py
[2026-05-03T15:00:43.066+0000] {logging_mixin.py:151} INFO - [2026-05-03T15:00:43.066+0000] {dag.py:2915} INFO - Sync 1 DAGs
[2026-05-03T15:00:43.091+0000] {logging_mixin.py:151} INFO - [2026-05-03T15:00:43.091+0000] {dag.py:3696} INFO - Setting next_dagrun for retail_pipeline to 2026-05-03T00:30:00+00:00, run_after=2026-05-04T00:30:00+00:00
[2026-05-03T15:00:43.104+0000] {processor.py:179} INFO - Processing /opt/airflow/dags/retail_pipeline_dag.py took 0.102 seconds
[2026-05-03T15:01:13.214+0000] {processor.py:157} INFO - Started process (PID=7211) to work on /opt/airflow/dags/retail_pipeline_dag.py
[2026-05-03T15:01:13.217+0000] {processor.py:829} INFO - Processing file /opt/airflow/dags/retail_pipeline_dag.py for tasks to queue
[2026-05-03T15:01:13.219+0000] {logging_mixin.py:151} INFO - [2026-05-03T15:01:13.218+0000] {dagbag.py:539} INFO - Filling up the DagBag from /opt/airflow/dags/retail_pipeline_dag.py
[2026-05-03T15:01:13.236+0000] {processor.py:839} INFO - DAG(s) dict_keys(['retail_pipeline']) retrieved from /opt/airflow/dags/retail_pipeline_dag.py
[2026-05-03T15:01:13.273+0000] {logging_mixin.py:151} INFO - [2026-05-03T15:01:13.273+0000] {dag.py:2915} INFO - Sync 1 DAGs
[2026-05-03T15:01:13.300+0000] {logging_mixin.py:151} INFO - [2026-05-03T15:01:13.299+0000] {dag.py:3696} INFO - Setting next_dagrun for retail_pipeline to 2026-05-03T00:30:00+00:00, run_after=2026-05-04T00:30:00+00:00
[2026-05-03T15:01:13.314+0000] {processor.py:179} INFO - Processing /opt/airflow/dags/retail_pipeline_dag.py took 0.104 seconds
[2026-05-03T15:01:43.689+0000] {processor.py:157} INFO - Started process (PID=7221) to work on /opt/airflow/dags/retail_pipeline_dag.py
[2026-05-03T15:01:43.692+0000] {processor.py:829} INFO - Processing file /opt/airflow/dags/retail_pipeline_dag.py for tasks to queue
[2026-05-03T15:01:43.692+0000] {logging_mixin.py:151} INFO - [2026-05-03T15:01:43.692+0000] {dagbag.py:539} INFO - Filling up the DagBag from /opt/airflow/dags/retail_pipeline_dag.py
[2026-05-03T15:01:43.721+0000] {processor.py:839} INFO - DAG(s) dict_keys(['retail_pipeline']) retrieved from /opt/airflow/dags/retail_pipeline_dag.py
[2026-05-03T15:01:43.770+0000] {logging_mixin.py:151} INFO - [2026-05-03T15:01:43.769+0000] {dag.py:2915} INFO - Sync 1 DAGs
[2026-05-03T15:01:43.794+0000] {logging_mixin.py:151} INFO - [2026-05-03T15:01:43.794+0000] {dag.py:3696} INFO - Setting next_dagrun for retail_pipeline to 2026-05-03T00:30:00+00:00, run_after=2026-05-04T00:30:00+00:00
[2026-05-03T15:01:43.806+0000] {processor.py:179} INFO - Processing /opt/airflow/dags/retail_pipeline_dag.py took 0.127 seconds
[2026-05-03T15:02:13.959+0000] {processor.py:157} INFO - Started process (PID=7229) to work on /opt/airflow/dags/retail_pipeline_dag.py
[2026-05-03T15:02:13.960+0000] {processor.py:829} INFO - Processing file /opt/airflow/dags/retail_pipeline_dag.py for tasks to queue
[2026-05-03T15:02:13.962+0000] {logging_mixin.py:151} INFO - [2026-05-03T15:02:13.961+0000] {dagbag.py:539} INFO - Filling up the DagBag from /opt/airflow/dags/retail_pipeline_dag.py
[2026-05-03T15:02:13.986+0000] {processor.py:839} INFO - DAG(s) dict_keys(['retail_pipeline']) retrieved from /opt/airflow/dags/retail_pipeline_dag.py
[2026-05-03T15:02:14.028+0000] {logging_mixin.py:151} INFO - [2026-05-03T15:02:14.028+0000] {dag.py:2915} INFO - Sync 1 DAGs
[2026-05-03T15:02:14.051+0000] {logging_mixin.py:151} INFO - [2026-05-03T15:02:14.050+0000] {dag.py:3696} INFO - Setting next_dagrun for retail_pipeline to 2026-05-03T00:30:00+00:00, run_after=2026-05-04T00:30:00+00:00
[2026-05-03T15:02:14.062+0000] {processor.py:179} INFO - Processing /opt/airflow/dags/retail_pipeline_dag.py took 0.110 seconds
[2026-05-03T15:02:44.164+0000] {processor.py:157} INFO - Started process (PID=7241) to work on /opt/airflow/dags/retail_pipeline_dag.py
[2026-05-03T15:02:44.165+0000] {processor.py:829} INFO - Processing file /opt/airflow/dags/retail_pipeline_dag.py for tasks to queue
[2026-05-03T15:02:44.166+0000] {logging_mixin.py:151} INFO - [2026-05-03T15:02:44.165+0000] {dagbag.py:539} INFO - Filling up the DagBag from /opt/airflow/dags/retail_pipeline_dag.py
[2026-05-03T15:02:44.184+0000] {processor.py:839} INFO - DAG(s) dict_keys(['retail_pipeline']) retrieved from /opt/airflow/dags/retail_pipeline_dag.py
[2026-05-03T15:02:44.221+0000] {logging_mixin.py:151} INFO - [2026-05-03T15:02:44.220+0000] {dag.py:2915} INFO - Sync 1 DAGs
[2026-05-03T15:02:44.251+0000] {logging_mixin.py:151} INFO - [2026-05-03T15:02:44.251+0000] {dag.py:3696} INFO - Setting next_dagrun for retail_pipeline to 2026-05-03T00:30:00+00:00, run_after=2026-05-04T00:30:00+00:00
[2026-05-03T15:02:44.269+0000] {processor.py:179} INFO - Processing /opt/airflow/dags/retail_pipeline_dag.py took 0.109 seconds
[2026-05-03T15:03:14.331+0000] {processor.py:157} INFO - Started process (PID=7248) to work on /opt/airflow/dags/retail_pipeline_dag.py
[2026-05-03T15:03:14.333+0000] {processor.py:829} INFO - Processing file /opt/airflow/dags/retail_pipeline_dag.py for tasks to queue
[2026-05-03T15:03:14.334+0000] {logging_mixin.py:151} INFO - [2026-05-03T15:03:14.333+0000] {dagbag.py:539} INFO - Filling up the DagBag from /opt/airflow/dags/retail_pipeline_dag.py
[2026-05-03T15:03:14.373+0000] {processor.py:839} INFO - DAG(s) dict_keys(['retail_pipeline']) retrieved from /opt/airflow/dags/retail_pipeline_dag.py
[2026-05-03T15:03:14.428+0000] {logging_mixin.py:151} INFO - [2026-05-03T15:03:14.428+0000] {dag.py:2915} INFO - Sync 1 DAGs
[2026-05-03T15:03:14.459+0000] {logging_mixin.py:151} INFO - [2026-05-03T15:03:14.458+0000] {dag.py:3696} INFO - Setting next_dagrun for retail_pipeline to 2026-05-03T00:30:00+00:00, run_after=2026-05-04T00:30:00+00:00
[2026-05-03T15:03:14.477+0000] {processor.py:179} INFO - Processing /opt/airflow/dags/retail_pipeline_dag.py took 0.157 seconds
[2026-05-03T15:03:44.532+0000] {processor.py:157} INFO - Started process (PID=7260) to work on /opt/airflow/dags/retail_pipeline_dag.py
[2026-05-03T15:03:44.534+0000] {processor.py:829} INFO - Processing file /opt/airflow/dags/retail_pipeline_dag.py for tasks to queue
[2026-05-03T15:03:44.539+0000] {logging_mixin.py:151} INFO - [2026-05-03T15:03:44.535+0000] {dagbag.py:539} INFO - Filling up the DagBag from /opt/airflow/dags/retail_pipeline_dag.py
[2026-05-03T15:03:44.567+0000] {processor.py:839} INFO - DAG(s) dict_keys(['retail_pipeline']) retrieved from /opt/airflow/dags/retail_pipeline_dag.py
[2026-05-03T15:03:44.602+0000] {logging_mixin.py:151} INFO - [2026-05-03T15:03:44.602+0000] {dag.py:2915} INFO - Sync 1 DAGs
[2026-05-03T15:03:44.626+0000] {logging_mixin.py:151} INFO - [2026-05-03T15:03:44.626+0000] {dag.py:3696} INFO - Setting next_dagrun for retail_pipeline to 2026-05-03T00:30:00+00:00, run_after=2026-05-04T00:30:00+00:00
[2026-05-03T15:03:44.640+0000] {processor.py:179} INFO - Processing /opt/airflow/dags/retail_pipeline_dag.py took 0.116 seconds
[2026-05-03T15:04:14.843+0000] {processor.py:157} INFO - Started process (PID=7270) to work on /opt/airflow/dags/retail_pipeline_dag.py
[2026-05-03T15:04:14.845+0000] {processor.py:829} INFO - Processing file /opt/airflow/dags/retail_pipeline_dag.py for tasks to queue
[2026-05-03T15:04:14.847+0000] {logging_mixin.py:151} INFO - [2026-05-03T15:04:14.847+0000] {dagbag.py:539} INFO - Filling up the DagBag from /opt/airflow/dags/retail_pipeline_dag.py
[2026-05-03T15:04:14.870+0000] {processor.py:839} INFO - DAG(s) dict_keys(['retail_pipeline']) retrieved from /opt/airflow/dags/retail_pipeline_dag.py
[2026-05-03T15:04:14.922+0000] {logging_mixin.py:151} INFO - [2026-05-03T15:04:14.922+0000] {dag.py:2915} INFO - Sync 1 DAGs
[2026-05-03T15:04:14.941+0000] {logging_mixin.py:151} INFO - [2026-05-03T15:04:14.941+0000] {dag.py:3696} INFO - Setting next_dagrun for retail_pipeline to 2026-05-03T00:30:00+00:00, run_after=2026-05-04T00:30:00+00:00
[2026-05-03T15:04:14.953+0000] {processor.py:179} INFO - Processing /opt/airflow/dags/retail_pipeline_dag.py took 0.112 seconds
[2026-05-03T15:04:44.989+0000] {processor.py:157} INFO - Started process (PID=7280) to work on /opt/airflow/dags/retail_pipeline_dag.py
[2026-05-03T15:04:44.990+0000] {processor.py:829} INFO - Processing file /opt/airflow/dags/retail_pipeline_dag.py for tasks to queue
[2026-05-03T15:04:44.991+0000] {logging_mixin.py:151} INFO - [2026-05-03T15:04:44.990+0000] {dagbag.py:539} INFO - Filling up the DagBag from /opt/airflow/dags/retail_pipeline_dag.py
[2026-05-03T15:04:45.018+0000] {processor.py:839} INFO - DAG(s) dict_keys(['retail_pipeline']) retrieved from /opt/airflow/dags/retail_pipeline_dag.py
[2026-05-03T15:04:45.059+0000] {logging_mixin.py:151} INFO - [2026-05-03T15:04:45.059+0000] {dag.py:2915} INFO - Sync 1 DAGs
[2026-05-03T15:04:45.083+0000] {logging_mixin.py:151} INFO - [2026-05-03T15:04:45.083+0000] {dag.py:3696} INFO - Setting next_dagrun for retail_pipeline to 2026-05-03T00:30:00+00:00, run_after=2026-05-04T00:30:00+00:00
[2026-05-03T15:04:45.092+0000] {processor.py:179} INFO - Processing /opt/airflow/dags/retail_pipeline_dag.py took 0.105 seconds
[2026-05-03T15:05:15.348+0000] {processor.py:157} INFO - Started process (PID=7290) to work on /opt/airflow/dags/retail_pipeline_dag.py
[2026-05-03T15:05:15.353+0000] {processor.py:829} INFO - Processing file /opt/airflow/dags/retail_pipeline_dag.py for tasks to queue
[2026-05-03T15:05:15.355+0000] {logging_mixin.py:151} INFO - [2026-05-03T15:05:15.354+0000] {dagbag.py:539} INFO - Filling up the DagBag from /opt/airflow/dags/retail_pipeline_dag.py
[2026-05-03T15:05:15.389+0000] {processor.py:839} INFO - DAG(s) dict_keys(['retail_pipeline']) retrieved from /opt/airflow/dags/retail_pipeline_dag.py
[2026-05-03T15:05:15.441+0000] {logging_mixin.py:151} INFO - [2026-05-03T15:05:15.440+0000] {dag.py:2915} INFO - Sync 1 DAGs
[2026-05-03T15:05:15.471+0000] {logging_mixin.py:151} INFO - [2026-05-03T15:05:15.471+0000] {dag.py:3696} INFO - Setting next_dagrun for retail_pipeline to 2026-05-03T00:30:00+00:00, run_after=2026-05-04T00:30:00+00:00
[2026-05-03T15:05:15.483+0000] {processor.py:179} INFO - Processing /opt/airflow/dags/retail_pipeline_dag.py took 0.148 seconds
[2026-05-03T15:05:45.652+0000] {processor.py:157} INFO - Started process (PID=7303) to work on /opt/airflow/dags/retail_pipeline_dag.py
[2026-05-03T15:05:45.653+0000] {processor.py:829} INFO - Processing file /opt/airflow/dags/retail_pipeline_dag.py for tasks to queue
[2026-05-03T15:05:45.656+0000] {logging_mixin.py:151} INFO - [2026-05-03T15:05:45.655+0000] {dagbag.py:539} INFO - Filling up the DagBag from /opt/airflow/dags/retail_pipeline_dag.py
[2026-05-03T15:05:45.672+0000] {processor.py:839} INFO - DAG(s) dict_keys(['retail_pipeline']) retrieved from /opt/airflow/dags/retail_pipeline_dag.py
[2026-05-03T15:05:45.715+0000] {logging_mixin.py:151} INFO - [2026-05-03T15:05:45.715+0000] {dag.py:2915} INFO - Sync 1 DAGs
[2026-05-03T15:05:45.741+0000] {logging_mixin.py:151} INFO - [2026-05-03T15:05:45.741+0000] {dag.py:3696} INFO - Setting next_dagrun for retail_pipeline to 2026-05-03T00:30:00+00:00, run_after=2026-05-04T00:30:00+00:00
[2026-05-03T15:05:45.759+0000] {processor.py:179} INFO - Processing /opt/airflow/dags/retail_pipeline_dag.py took 0.110 seconds
[2026-05-03T15:05:54.742+0000] {processor.py:157} INFO - Started process (PID=7308) to work on /opt/airflow/dags/retail_pipeline_dag.py
[2026-05-03T15:05:54.743+0000] {processor.py:829} INFO - Processing file /opt/airflow/dags/retail_pipeline_dag.py for tasks to queue
[2026-05-03T15:05:54.744+0000] {logging_mixin.py:151} INFO - [2026-05-03T15:05:54.744+0000] {dagbag.py:539} INFO - Filling up the DagBag from /opt/airflow/dags/retail_pipeline_dag.py
[2026-05-03T15:05:54.758+0000] {logging_mixin.py:151} INFO - [2026-05-03T15:05:54.756+0000] {dagbag.py:347} ERROR - Failed to import: /opt/airflow/dags/retail_pipeline_dag.py
Traceback (most recent call last):
  File "/home/airflow/.local/lib/python3.8/site-packages/airflow/models/dagbag.py", line 343, in parse
    loader.exec_module(new_module)
  File "<frozen importlib._bootstrap_external>", line 843, in exec_module
  File "<frozen importlib._bootstrap>", line 219, in _call_with_frames_removed
  File "/opt/airflow/dags/retail_pipeline_dag.py", line 20, in <module>
    'start_date': datetime(2025, 12, 1, tz=KST),
TypeError: 'tz' is an invalid keyword argument for this function
[2026-05-03T15:05:54.758+0000] {processor.py:841} WARNING - No viable dags retrieved from /opt/airflow/dags/retail_pipeline_dag.py
[2026-05-03T15:05:54.790+0000] {processor.py:179} INFO - Processing /opt/airflow/dags/retail_pipeline_dag.py took 0.054 seconds
[2026-05-03T15:06:24.921+0000] {processor.py:157} INFO - Started process (PID=7318) to work on /opt/airflow/dags/retail_pipeline_dag.py
[2026-05-03T15:06:24.922+0000] {processor.py:829} INFO - Processing file /opt/airflow/dags/retail_pipeline_dag.py for tasks to queue
[2026-05-03T15:06:24.924+0000] {logging_mixin.py:151} INFO - [2026-05-03T15:06:24.923+0000] {dagbag.py:539} INFO - Filling up the DagBag from /opt/airflow/dags/retail_pipeline_dag.py
[2026-05-03T15:06:24.929+0000] {logging_mixin.py:151} INFO - [2026-05-03T15:06:24.929+0000] {dagbag.py:347} ERROR - Failed to import: /opt/airflow/dags/retail_pipeline_dag.py
Traceback (most recent call last):
  File "/home/airflow/.local/lib/python3.8/site-packages/airflow/models/dagbag.py", line 343, in parse
    loader.exec_module(new_module)
  File "<frozen importlib._bootstrap_external>", line 843, in exec_module
  File "<frozen importlib._bootstrap>", line 219, in _call_with_frames_removed
  File "/opt/airflow/dags/retail_pipeline_dag.py", line 20, in <module>
    'start_date': datetime(2025, 12, 1, tz=KST),
TypeError: 'tz' is an invalid keyword argument for this function
[2026-05-03T15:06:24.930+0000] {processor.py:841} WARNING - No viable dags retrieved from /opt/airflow/dags/retail_pipeline_dag.py
[2026-05-03T15:06:24.945+0000] {processor.py:179} INFO - Processing /opt/airflow/dags/retail_pipeline_dag.py took 0.027 seconds
[2026-05-03T15:06:55.173+0000] {processor.py:157} INFO - Started process (PID=7328) to work on /opt/airflow/dags/retail_pipeline_dag.py
[2026-05-03T15:06:55.174+0000] {processor.py:829} INFO - Processing file /opt/airflow/dags/retail_pipeline_dag.py for tasks to queue
[2026-05-03T15:06:55.175+0000] {logging_mixin.py:151} INFO - [2026-05-03T15:06:55.174+0000] {dagbag.py:539} INFO - Filling up the DagBag from /opt/airflow/dags/retail_pipeline_dag.py
[2026-05-03T15:06:55.188+0000] {logging_mixin.py:151} INFO - [2026-05-03T15:06:55.186+0000] {dagbag.py:347} ERROR - Failed to import: /opt/airflow/dags/retail_pipeline_dag.py
Traceback (most recent call last):
  File "/home/airflow/.local/lib/python3.8/site-packages/airflow/models/dagbag.py", line 343, in parse
    loader.exec_module(new_module)
  File "<frozen importlib._bootstrap_external>", line 843, in exec_module
  File "<frozen importlib._bootstrap>", line 219, in _call_with_frames_removed
  File "/opt/airflow/dags/retail_pipeline_dag.py", line 20, in <module>
    'start_date': datetime(2025, 12, 1, tz=KST),
TypeError: 'tz' is an invalid keyword argument for this function
[2026-05-03T15:06:55.188+0000] {processor.py:841} WARNING - No viable dags retrieved from /opt/airflow/dags/retail_pipeline_dag.py
[2026-05-03T15:06:55.209+0000] {processor.py:179} INFO - Processing /opt/airflow/dags/retail_pipeline_dag.py took 0.041 seconds
[2026-05-03T15:07:25.388+0000] {processor.py:157} INFO - Started process (PID=7338) to work on /opt/airflow/dags/retail_pipeline_dag.py
[2026-05-03T15:07:25.389+0000] {processor.py:829} INFO - Processing file /opt/airflow/dags/retail_pipeline_dag.py for tasks to queue
[2026-05-03T15:07:25.391+0000] {logging_mixin.py:151} INFO - [2026-05-03T15:07:25.390+0000] {dagbag.py:539} INFO - Filling up the DagBag from /opt/airflow/dags/retail_pipeline_dag.py
[2026-05-03T15:07:25.404+0000] {logging_mixin.py:151} INFO - [2026-05-03T15:07:25.402+0000] {dagbag.py:347} ERROR - Failed to import: /opt/airflow/dags/retail_pipeline_dag.py
Traceback (most recent call last):
  File "/home/airflow/.local/lib/python3.8/site-packages/airflow/models/dagbag.py", line 343, in parse
    loader.exec_module(new_module)
  File "<frozen importlib._bootstrap_external>", line 843, in exec_module
  File "<frozen importlib._bootstrap>", line 219, in _call_with_frames_removed
  File "/opt/airflow/dags/retail_pipeline_dag.py", line 20, in <module>
    'start_date': datetime(2025, 12, 1, tz=KST),
TypeError: 'tz' is an invalid keyword argument for this function
[2026-05-03T15:07:25.404+0000] {processor.py:841} WARNING - No viable dags retrieved from /opt/airflow/dags/retail_pipeline_dag.py
[2026-05-03T15:07:25.470+0000] {processor.py:179} INFO - Processing /opt/airflow/dags/retail_pipeline_dag.py took 0.088 seconds
[2026-05-03T15:07:33.470+0000] {processor.py:157} INFO - Started process (PID=7343) to work on /opt/airflow/dags/retail_pipeline_dag.py
[2026-05-03T15:07:33.472+0000] {processor.py:829} INFO - Processing file /opt/airflow/dags/retail_pipeline_dag.py for tasks to queue
[2026-05-03T15:07:33.473+0000] {logging_mixin.py:151} INFO - [2026-05-03T15:07:33.472+0000] {dagbag.py:539} INFO - Filling up the DagBag from /opt/airflow/dags/retail_pipeline_dag.py
[2026-05-03T15:07:33.514+0000] {processor.py:839} INFO - DAG(s) dict_keys(['retail_pipeline']) retrieved from /opt/airflow/dags/retail_pipeline_dag.py
[2026-05-03T15:07:33.860+0000] {logging_mixin.py:151} INFO - [2026-05-03T15:07:33.859+0000] {security.py:708} INFO - Not syncing DAG-level permissions for DAG 'DAG:retail_pipeline' as access control is unset.
[2026-05-03T15:07:33.861+0000] {logging_mixin.py:151} INFO - [2026-05-03T15:07:33.860+0000] {dag.py:2915} INFO - Sync 1 DAGs
[2026-05-03T15:07:33.887+0000] {logging_mixin.py:151} INFO - [2026-05-03T15:07:33.887+0000] {dag.py:3696} INFO - Setting next_dagrun for retail_pipeline to 2026-05-02T15:30:00+00:00, run_after=2026-05-03T15:30:00+00:00
[2026-05-03T15:07:33.914+0000] {processor.py:179} INFO - Processing /opt/airflow/dags/retail_pipeline_dag.py took 0.449 seconds
[2026-05-03T15:08:04.141+0000] {processor.py:157} INFO - Started process (PID=7358) to work on /opt/airflow/dags/retail_pipeline_dag.py
[2026-05-03T15:08:04.143+0000] {processor.py:829} INFO - Processing file /opt/airflow/dags/retail_pipeline_dag.py for tasks to queue
[2026-05-03T15:08:04.144+0000] {logging_mixin.py:151} INFO - [2026-05-03T15:08:04.143+0000] {dagbag.py:539} INFO - Filling up the DagBag from /opt/airflow/dags/retail_pipeline_dag.py
[2026-05-03T15:08:04.182+0000] {processor.py:839} INFO - DAG(s) dict_keys(['retail_pipeline']) retrieved from /opt/airflow/dags/retail_pipeline_dag.py
[2026-05-03T15:08:04.232+0000] {logging_mixin.py:151} INFO - [2026-05-03T15:08:04.232+0000] {dag.py:2915} INFO - Sync 1 DAGs
[2026-05-03T15:08:04.257+0000] {logging_mixin.py:151} INFO - [2026-05-03T15:08:04.257+0000] {dag.py:3696} INFO - Setting next_dagrun for retail_pipeline to 2026-05-02T15:30:00+00:00, run_after=2026-05-03T15:30:00+00:00
[2026-05-03T15:08:04.273+0000] {processor.py:179} INFO - Processing /opt/airflow/dags/retail_pipeline_dag.py took 0.141 seconds
[2026-05-03T15:08:34.543+0000] {processor.py:157} INFO - Started process (PID=7368) to work on /opt/airflow/dags/retail_pipeline_dag.py
[2026-05-03T15:08:34.544+0000] {processor.py:829} INFO - Processing file /opt/airflow/dags/retail_pipeline_dag.py for tasks to queue
[2026-05-03T15:08:34.546+0000] {logging_mixin.py:151} INFO - [2026-05-03T15:08:34.545+0000] {dagbag.py:539} INFO - Filling up the DagBag from /opt/airflow/dags/retail_pipeline_dag.py
[2026-05-03T15:08:34.571+0000] {processor.py:839} INFO - DAG(s) dict_keys(['retail_pipeline']) retrieved from /opt/airflow/dags/retail_pipeline_dag.py
[2026-05-03T15:08:34.619+0000] {logging_mixin.py:151} INFO - [2026-05-03T15:08:34.619+0000] {dag.py:2915} INFO - Sync 1 DAGs
[2026-05-03T15:08:34.650+0000] {logging_mixin.py:151} INFO - [2026-05-03T15:08:34.650+0000] {dag.py:3696} INFO - Setting next_dagrun for retail_pipeline to 2026-05-02T15:30:00+00:00, run_after=2026-05-03T15:30:00+00:00
[2026-05-03T15:08:34.672+0000] {processor.py:179} INFO - Processing /opt/airflow/dags/retail_pipeline_dag.py took 0.133 seconds
[2026-05-03T15:09:04.868+0000] {processor.py:157} INFO - Started process (PID=7378) to work on /opt/airflow/dags/retail_pipeline_dag.py
[2026-05-03T15:09:04.871+0000] {processor.py:829} INFO - Processing file /opt/airflow/dags/retail_pipeline_dag.py for tasks to queue
[2026-05-03T15:09:04.872+0000] {logging_mixin.py:151} INFO - [2026-05-03T15:09:04.871+0000] {dagbag.py:539} INFO - Filling up the DagBag from /opt/airflow/dags/retail_pipeline_dag.py
[2026-05-03T15:09:04.890+0000] {processor.py:839} INFO - DAG(s) dict_keys(['retail_pipeline']) retrieved from /opt/airflow/dags/retail_pipeline_dag.py
[2026-05-03T15:09:04.927+0000] {logging_mixin.py:151} INFO - [2026-05-03T15:09:04.927+0000] {dag.py:2915} INFO - Sync 1 DAGs
[2026-05-03T15:09:04.944+0000] {logging_mixin.py:151} INFO - [2026-05-03T15:09:04.944+0000] {dag.py:3696} INFO - Setting next_dagrun for retail_pipeline to 2026-05-02T15:30:00+00:00, run_after=2026-05-03T15:30:00+00:00
[2026-05-03T15:09:04.955+0000] {processor.py:179} INFO - Processing /opt/airflow/dags/retail_pipeline_dag.py took 0.091 seconds
[2026-05-03T15:09:35.143+0000] {processor.py:157} INFO - Started process (PID=7388) to work on /opt/airflow/dags/retail_pipeline_dag.py
[2026-05-03T15:09:35.144+0000] {processor.py:829} INFO - Processing file /opt/airflow/dags/retail_pipeline_dag.py for tasks to queue
[2026-05-03T15:09:35.144+0000] {logging_mixin.py:151} INFO - [2026-05-03T15:09:35.144+0000] {dagbag.py:539} INFO - Filling up the DagBag from /opt/airflow/dags/retail_pipeline_dag.py
[2026-05-03T15:09:35.164+0000] {processor.py:839} INFO - DAG(s) dict_keys(['retail_pipeline']) retrieved from /opt/airflow/dags/retail_pipeline_dag.py
[2026-05-03T15:09:35.207+0000] {logging_mixin.py:151} INFO - [2026-05-03T15:09:35.207+0000] {dag.py:2915} INFO - Sync 1 DAGs
[2026-05-03T15:09:35.225+0000] {logging_mixin.py:151} INFO - [2026-05-03T15:09:35.225+0000] {dag.py:3696} INFO - Setting next_dagrun for retail_pipeline to 2026-05-02T15:30:00+00:00, run_after=2026-05-03T15:30:00+00:00
[2026-05-03T15:09:35.238+0000] {processor.py:179} INFO - Processing /opt/airflow/dags/retail_pipeline_dag.py took 0.098 seconds
[2026-05-03T15:10:05.694+0000] {processor.py:157} INFO - Started process (PID=7398) to work on /opt/airflow/dags/retail_pipeline_dag.py
[2026-05-03T15:10:05.696+0000] {processor.py:829} INFO - Processing file /opt/airflow/dags/retail_pipeline_dag.py for tasks to queue
[2026-05-03T15:10:05.697+0000] {logging_mixin.py:151} INFO - [2026-05-03T15:10:05.696+0000] {dagbag.py:539} INFO - Filling up the DagBag from /opt/airflow/dags/retail_pipeline_dag.py
[2026-05-03T15:10:05.714+0000] {processor.py:839} INFO - DAG(s) dict_keys(['retail_pipeline']) retrieved from /opt/airflow/dags/retail_pipeline_dag.py
[2026-05-03T15:10:05.747+0000] {logging_mixin.py:151} INFO - [2026-05-03T15:10:05.747+0000] {dag.py:2915} INFO - Sync 1 DAGs
[2026-05-03T15:10:05.770+0000] {logging_mixin.py:151} INFO - [2026-05-03T15:10:05.770+0000] {dag.py:3696} INFO - Setting next_dagrun for retail_pipeline to 2026-05-02T15:30:00+00:00, run_after=2026-05-03T15:30:00+00:00
[2026-05-03T15:10:05.783+0000] {processor.py:179} INFO - Processing /opt/airflow/dags/retail_pipeline_dag.py took 0.092 seconds
[2026-05-03T15:10:36.164+0000] {processor.py:157} INFO - Started process (PID=7408) to work on /opt/airflow/dags/retail_pipeline_dag.py
[2026-05-03T15:10:36.165+0000] {processor.py:829} INFO - Processing file /opt/airflow/dags/retail_pipeline_dag.py for tasks to queue
[2026-05-03T15:10:36.167+0000] {logging_mixin.py:151} INFO - [2026-05-03T15:10:36.166+0000] {dagbag.py:539} INFO - Filling up the DagBag from /opt/airflow/dags/retail_pipeline_dag.py
[2026-05-03T15:10:36.193+0000] {processor.py:839} INFO - DAG(s) dict_keys(['retail_pipeline']) retrieved from /opt/airflow/dags/retail_pipeline_dag.py
[2026-05-03T15:10:36.247+0000] {logging_mixin.py:151} INFO - [2026-05-03T15:10:36.247+0000] {dag.py:2915} INFO - Sync 1 DAGs
[2026-05-03T15:10:36.264+0000] {logging_mixin.py:151} INFO - [2026-05-03T15:10:36.264+0000] {dag.py:3696} INFO - Setting next_dagrun for retail_pipeline to 2026-05-02T15:30:00+00:00, run_after=2026-05-03T15:30:00+00:00
[2026-05-03T15:10:36.278+0000] {processor.py:179} INFO - Processing /opt/airflow/dags/retail_pipeline_dag.py took 0.119 seconds
[2026-05-03T15:11:06.364+0000] {processor.py:157} INFO - Started process (PID=7418) to work on /opt/airflow/dags/retail_pipeline_dag.py
[2026-05-03T15:11:06.365+0000] {processor.py:829} INFO - Processing file /opt/airflow/dags/retail_pipeline_dag.py for tasks to queue
[2026-05-03T15:11:06.367+0000] {logging_mixin.py:151} INFO - [2026-05-03T15:11:06.366+0000] {dagbag.py:539} INFO - Filling up the DagBag from /opt/airflow/dags/retail_pipeline_dag.py
[2026-05-03T15:11:06.393+0000] {processor.py:839} INFO - DAG(s) dict_keys(['retail_pipeline']) retrieved from /opt/airflow/dags/retail_pipeline_dag.py
[2026-05-03T15:11:06.425+0000] {logging_mixin.py:151} INFO - [2026-05-03T15:11:06.425+0000] {dag.py:2915} INFO - Sync 1 DAGs
[2026-05-03T15:11:06.441+0000] {logging_mixin.py:151} INFO - [2026-05-03T15:11:06.441+0000] {dag.py:3696} INFO - Setting next_dagrun for retail_pipeline to 2026-05-02T15:30:00+00:00, run_after=2026-05-03T15:30:00+00:00
[2026-05-03T15:11:06.452+0000] {processor.py:179} INFO - Processing /opt/airflow/dags/retail_pipeline_dag.py took 0.094 seconds
[2026-05-03T15:11:36.670+0000] {processor.py:157} INFO - Started process (PID=7428) to work on /opt/airflow/dags/retail_pipeline_dag.py
[2026-05-03T15:11:36.673+0000] {processor.py:829} INFO - Processing file /opt/airflow/dags/retail_pipeline_dag.py for tasks to queue
[2026-05-03T15:11:36.674+0000] {logging_mixin.py:151} INFO - [2026-05-03T15:11:36.674+0000] {dagbag.py:539} INFO - Filling up the DagBag from /opt/airflow/dags/retail_pipeline_dag.py
[2026-05-03T15:11:36.696+0000] {processor.py:839} INFO - DAG(s) dict_keys(['retail_pipeline']) retrieved from /opt/airflow/dags/retail_pipeline_dag.py
[2026-05-03T15:11:36.737+0000] {logging_mixin.py:151} INFO - [2026-05-03T15:11:36.737+0000] {dag.py:2915} INFO - Sync 1 DAGs
[2026-05-03T15:11:36.756+0000] {logging_mixin.py:151} INFO - [2026-05-03T15:11:36.756+0000] {dag.py:3696} INFO - Setting next_dagrun for retail_pipeline to 2026-05-02T15:30:00+00:00, run_after=2026-05-03T15:30:00+00:00
[2026-05-03T15:11:36.769+0000] {processor.py:179} INFO - Processing /opt/airflow/dags/retail_pipeline_dag.py took 0.105 seconds
[2026-05-03T15:12:07.007+0000] {processor.py:157} INFO - Started process (PID=7438) to work on /opt/airflow/dags/retail_pipeline_dag.py
[2026-05-03T15:12:07.011+0000] {processor.py:829} INFO - Processing file /opt/airflow/dags/retail_pipeline_dag.py for tasks to queue
[2026-05-03T15:12:07.012+0000] {logging_mixin.py:151} INFO - [2026-05-03T15:12:07.011+0000] {dagbag.py:539} INFO - Filling up the DagBag from /opt/airflow/dags/retail_pipeline_dag.py
[2026-05-03T15:12:07.032+0000] {processor.py:839} INFO - DAG(s) dict_keys(['retail_pipeline']) retrieved from /opt/airflow/dags/retail_pipeline_dag.py
[2026-05-03T15:12:07.077+0000] {logging_mixin.py:151} INFO - [2026-05-03T15:12:07.077+0000] {dag.py:2915} INFO - Sync 1 DAGs
[2026-05-03T15:12:07.099+0000] {logging_mixin.py:151} INFO - [2026-05-03T15:12:07.099+0000] {dag.py:3696} INFO - Setting next_dagrun for retail_pipeline to 2026-05-02T15:30:00+00:00, run_after=2026-05-03T15:30:00+00:00
[2026-05-03T15:12:07.113+0000] {processor.py:179} INFO - Processing /opt/airflow/dags/retail_pipeline_dag.py took 0.110 seconds
[2026-05-03T15:12:37.320+0000] {processor.py:157} INFO - Started process (PID=7448) to work on /opt/airflow/dags/retail_pipeline_dag.py
[2026-05-03T15:12:37.324+0000] {processor.py:829} INFO - Processing file /opt/airflow/dags/retail_pipeline_dag.py for tasks to queue
[2026-05-03T15:12:37.325+0000] {logging_mixin.py:151} INFO - [2026-05-03T15:12:37.325+0000] {dagbag.py:539} INFO - Filling up the DagBag from /opt/airflow/dags/retail_pipeline_dag.py
[2026-05-03T15:12:37.341+0000] {processor.py:839} INFO - DAG(s) dict_keys(['retail_pipeline']) retrieved from /opt/airflow/dags/retail_pipeline_dag.py
[2026-05-03T15:12:37.382+0000] {logging_mixin.py:151} INFO - [2026-05-03T15:12:37.382+0000] {dag.py:2915} INFO - Sync 1 DAGs
[2026-05-03T15:12:37.401+0000] {logging_mixin.py:151} INFO - [2026-05-03T15:12:37.401+0000] {dag.py:3696} INFO - Setting next_dagrun for retail_pipeline to 2026-05-02T15:30:00+00:00, run_after=2026-05-03T15:30:00+00:00
[2026-05-03T15:12:37.413+0000] {processor.py:179} INFO - Processing /opt/airflow/dags/retail_pipeline_dag.py took 0.100 seconds
[2026-05-03T15:13:07.464+0000] {processor.py:157} INFO - Started process (PID=7458) to work on /opt/airflow/dags/retail_pipeline_dag.py
[2026-05-03T15:13:07.465+0000] {processor.py:829} INFO - Processing file /opt/airflow/dags/retail_pipeline_dag.py for tasks to queue
[2026-05-03T15:13:07.467+0000] {logging_mixin.py:151} INFO - [2026-05-03T15:13:07.467+0000] {dagbag.py:539} INFO - Filling up the DagBag from /opt/airflow/dags/retail_pipeline_dag.py
[2026-05-03T15:13:07.490+0000] {processor.py:839} INFO - DAG(s) dict_keys(['retail_pipeline']) retrieved from /opt/airflow/dags/retail_pipeline_dag.py
[2026-05-03T15:13:07.529+0000] {logging_mixin.py:151} INFO - [2026-05-03T15:13:07.529+0000] {dag.py:2915} INFO - Sync 1 DAGs
[2026-05-03T15:13:07.551+0000] {logging_mixin.py:151} INFO - [2026-05-03T15:13:07.551+0000] {dag.py:3696} INFO - Setting next_dagrun for retail_pipeline to 2026-05-02T15:30:00+00:00, run_after=2026-05-03T15:30:00+00:00
[2026-05-03T15:13:07.564+0000] {processor.py:179} INFO - Processing /opt/airflow/dags/retail_pipeline_dag.py took 0.104 seconds
[2026-05-03T15:13:37.783+0000] {processor.py:157} INFO - Started process (PID=7468) to work on /opt/airflow/dags/retail_pipeline_dag.py
[2026-05-03T15:13:37.789+0000] {processor.py:829} INFO - Processing file /opt/airflow/dags/retail_pipeline_dag.py for tasks to queue
[2026-05-03T15:13:37.792+0000] {logging_mixin.py:151} INFO - [2026-05-03T15:13:37.790+0000] {dagbag.py:539} INFO - Filling up the DagBag from /opt/airflow/dags/retail_pipeline_dag.py
[2026-05-03T15:13:37.818+0000] {processor.py:839} INFO - DAG(s) dict_keys(['retail_pipeline']) retrieved from /opt/airflow/dags/retail_pipeline_dag.py
[2026-05-03T15:13:37.865+0000] {logging_mixin.py:151} INFO - [2026-05-03T15:13:37.865+0000] {dag.py:2915} INFO - Sync 1 DAGs
[2026-05-03T15:13:37.894+0000] {logging_mixin.py:151} INFO - [2026-05-03T15:13:37.894+0000] {dag.py:3696} INFO - Setting next_dagrun for retail_pipeline to 2026-05-02T15:30:00+00:00, run_after=2026-05-03T15:30:00+00:00
[2026-05-03T15:13:37.910+0000] {processor.py:179} INFO - Processing /opt/airflow/dags/retail_pipeline_dag.py took 0.134 seconds
[2026-05-03T15:14:08.097+0000] {processor.py:157} INFO - Started process (PID=7478) to work on /opt/airflow/dags/retail_pipeline_dag.py
[2026-05-03T15:14:08.101+0000] {processor.py:829} INFO - Processing file /opt/airflow/dags/retail_pipeline_dag.py for tasks to queue
[2026-05-03T15:14:08.101+0000] {logging_mixin.py:151} INFO - [2026-05-03T15:14:08.101+0000] {dagbag.py:539} INFO - Filling up the DagBag from /opt/airflow/dags/retail_pipeline_dag.py
[2026-05-03T15:14:08.121+0000] {processor.py:839} INFO - DAG(s) dict_keys(['retail_pipeline']) retrieved from /opt/airflow/dags/retail_pipeline_dag.py
[2026-05-03T15:14:08.155+0000] {logging_mixin.py:151} INFO - [2026-05-03T15:14:08.154+0000] {dag.py:2915} INFO - Sync 1 DAGs
[2026-05-03T15:14:08.171+0000] {logging_mixin.py:151} INFO - [2026-05-03T15:14:08.170+0000] {dag.py:3696} INFO - Setting next_dagrun for retail_pipeline to 2026-05-02T15:30:00+00:00, run_after=2026-05-03T15:30:00+00:00
[2026-05-03T15:14:08.181+0000] {processor.py:179} INFO - Processing /opt/airflow/dags/retail_pipeline_dag.py took 0.087 seconds
[2026-05-03T15:14:38.347+0000] {processor.py:157} INFO - Started process (PID=7488) to work on /opt/airflow/dags/retail_pipeline_dag.py
[2026-05-03T15:14:38.349+0000] {processor.py:829} INFO - Processing file /opt/airflow/dags/retail_pipeline_dag.py for tasks to queue
[2026-05-03T15:14:38.351+0000] {logging_mixin.py:151} INFO - [2026-05-03T15:14:38.350+0000] {dagbag.py:539} INFO - Filling up the DagBag from /opt/airflow/dags/retail_pipeline_dag.py
[2026-05-03T15:14:38.374+0000] {processor.py:839} INFO - DAG(s) dict_keys(['retail_pipeline']) retrieved from /opt/airflow/dags/retail_pipeline_dag.py
[2026-05-03T15:14:38.414+0000] {logging_mixin.py:151} INFO - [2026-05-03T15:14:38.413+0000] {dag.py:2915} INFO - Sync 1 DAGs
[2026-05-03T15:14:38.439+0000] {logging_mixin.py:151} INFO - [2026-05-03T15:14:38.439+0000] {dag.py:3696} INFO - Setting next_dagrun for retail_pipeline to 2026-05-02T15:30:00+00:00, run_after=2026-05-03T15:30:00+00:00
[2026-05-03T15:14:38.451+0000] {processor.py:179} INFO - Processing /opt/airflow/dags/retail_pipeline_dag.py took 0.108 seconds
[2026-05-03T15:15:08.751+0000] {processor.py:157} INFO - Started process (PID=7498) to work on /opt/airflow/dags/retail_pipeline_dag.py
[2026-05-03T15:15:08.752+0000] {processor.py:829} INFO - Processing file /opt/airflow/dags/retail_pipeline_dag.py for tasks to queue
[2026-05-03T15:15:08.754+0000] {logging_mixin.py:151} INFO - [2026-05-03T15:15:08.754+0000] {dagbag.py:539} INFO - Filling up the DagBag from /opt/airflow/dags/retail_pipeline_dag.py
[2026-05-03T15:15:08.768+0000] {processor.py:839} INFO - DAG(s) dict_keys(['retail_pipeline']) retrieved from /opt/airflow/dags/retail_pipeline_dag.py
[2026-05-03T15:15:08.802+0000] {logging_mixin.py:151} INFO - [2026-05-03T15:15:08.801+0000] {dag.py:2915} INFO - Sync 1 DAGs
[2026-05-03T15:15:08.821+0000] {logging_mixin.py:151} INFO - [2026-05-03T15:15:08.821+0000] {dag.py:3696} INFO - Setting next_dagrun for retail_pipeline to 2026-05-02T15:30:00+00:00, run_after=2026-05-03T15:30:00+00:00
[2026-05-03T15:15:08.833+0000] {processor.py:179} INFO - Processing /opt/airflow/dags/retail_pipeline_dag.py took 0.085 seconds
[2026-05-03T15:15:39.016+0000] {processor.py:157} INFO - Started process (PID=7508) to work on /opt/airflow/dags/retail_pipeline_dag.py
[2026-05-03T15:15:39.019+0000] {processor.py:829} INFO - Processing file /opt/airflow/dags/retail_pipeline_dag.py for tasks to queue
[2026-05-03T15:15:39.021+0000] {logging_mixin.py:151} INFO - [2026-05-03T15:15:39.020+0000] {dagbag.py:539} INFO - Filling up the DagBag from /opt/airflow/dags/retail_pipeline_dag.py
[2026-05-03T15:15:39.035+0000] {processor.py:839} INFO - DAG(s) dict_keys(['retail_pipeline']) retrieved from /opt/airflow/dags/retail_pipeline_dag.py
[2026-05-03T15:15:39.063+0000] {logging_mixin.py:151} INFO - [2026-05-03T15:15:39.063+0000] {dag.py:2915} INFO - Sync 1 DAGs
[2026-05-03T15:15:39.081+0000] {logging_mixin.py:151} INFO - [2026-05-03T15:15:39.080+0000] {dag.py:3696} INFO - Setting next_dagrun for retail_pipeline to 2026-05-02T15:30:00+00:00, run_after=2026-05-03T15:30:00+00:00
[2026-05-03T15:15:39.092+0000] {processor.py:179} INFO - Processing /opt/airflow/dags/retail_pipeline_dag.py took 0.079 seconds
[2026-05-03T15:16:09.276+0000] {processor.py:157} INFO - Started process (PID=7518) to work on /opt/airflow/dags/retail_pipeline_dag.py
[2026-05-03T15:16:09.278+0000] {processor.py:829} INFO - Processing file /opt/airflow/dags/retail_pipeline_dag.py for tasks to queue
[2026-05-03T15:16:09.279+0000] {logging_mixin.py:151} INFO - [2026-05-03T15:16:09.278+0000] {dagbag.py:539} INFO - Filling up the DagBag from /opt/airflow/dags/retail_pipeline_dag.py
[2026-05-03T15:16:09.300+0000] {processor.py:839} INFO - DAG(s) dict_keys(['retail_pipeline']) retrieved from /opt/airflow/dags/retail_pipeline_dag.py
[2026-05-03T15:16:09.347+0000] {logging_mixin.py:151} INFO - [2026-05-03T15:16:09.347+0000] {dag.py:2915} INFO - Sync 1 DAGs
[2026-05-03T15:16:09.373+0000] {logging_mixin.py:151} INFO - [2026-05-03T15:16:09.373+0000] {dag.py:3696} INFO - Setting next_dagrun for retail_pipeline to 2026-05-02T15:30:00+00:00, run_after=2026-05-03T15:30:00+00:00
[2026-05-03T15:16:09.389+0000] {processor.py:179} INFO - Processing /opt/airflow/dags/retail_pipeline_dag.py took 0.117 seconds
[2026-05-03T15:16:39.611+0000] {processor.py:157} INFO - Started process (PID=7528) to work on /opt/airflow/dags/retail_pipeline_dag.py
[2026-05-03T15:16:39.613+0000] {processor.py:829} INFO - Processing file /opt/airflow/dags/retail_pipeline_dag.py for tasks to queue
[2026-05-03T15:16:39.616+0000] {logging_mixin.py:151} INFO - [2026-05-03T15:16:39.615+0000] {dagbag.py:539} INFO - Filling up the DagBag from /opt/airflow/dags/retail_pipeline_dag.py
[2026-05-03T15:16:39.649+0000] {processor.py:839} INFO - DAG(s) dict_keys(['retail_pipeline']) retrieved from /opt/airflow/dags/retail_pipeline_dag.py
[2026-05-03T15:16:39.683+0000] {logging_mixin.py:151} INFO - [2026-05-03T15:16:39.683+0000] {dag.py:2915} INFO - Sync 1 DAGs
[2026-05-03T15:16:39.702+0000] {logging_mixin.py:151} INFO - [2026-05-03T15:16:39.702+0000] {dag.py:3696} INFO - Setting next_dagrun for retail_pipeline to 2026-05-02T15:30:00+00:00, run_after=2026-05-03T15:30:00+00:00
[2026-05-03T15:16:39.715+0000] {processor.py:179} INFO - Processing /opt/airflow/dags/retail_pipeline_dag.py took 0.108 seconds
[2026-05-03T15:17:09.937+0000] {processor.py:157} INFO - Started process (PID=7538) to work on /opt/airflow/dags/retail_pipeline_dag.py
[2026-05-03T15:17:09.941+0000] {processor.py:829} INFO - Processing file /opt/airflow/dags/retail_pipeline_dag.py for tasks to queue
[2026-05-03T15:17:09.943+0000] {logging_mixin.py:151} INFO - [2026-05-03T15:17:09.942+0000] {dagbag.py:539} INFO - Filling up the DagBag from /opt/airflow/dags/retail_pipeline_dag.py
[2026-05-03T15:17:09.965+0000] {processor.py:839} INFO - DAG(s) dict_keys(['retail_pipeline']) retrieved from /opt/airflow/dags/retail_pipeline_dag.py
[2026-05-03T15:17:09.993+0000] {logging_mixin.py:151} INFO - [2026-05-03T15:17:09.993+0000] {dag.py:2915} INFO - Sync 1 DAGs
[2026-05-03T15:17:10.009+0000] {logging_mixin.py:151} INFO - [2026-05-03T15:17:10.009+0000] {dag.py:3696} INFO - Setting next_dagrun for retail_pipeline to 2026-05-02T15:30:00+00:00, run_after=2026-05-03T15:30:00+00:00
[2026-05-03T15:17:10.024+0000] {processor.py:179} INFO - Processing /opt/airflow/dags/retail_pipeline_dag.py took 0.097 seconds
[2026-05-03T15:17:40.053+0000] {processor.py:157} INFO - Started process (PID=7548) to work on /opt/airflow/dags/retail_pipeline_dag.py
[2026-05-03T15:17:40.056+0000] {processor.py:829} INFO - Processing file /opt/airflow/dags/retail_pipeline_dag.py for tasks to queue
[2026-05-03T15:17:40.057+0000] {logging_mixin.py:151} INFO - [2026-05-03T15:17:40.056+0000] {dagbag.py:539} INFO - Filling up the DagBag from /opt/airflow/dags/retail_pipeline_dag.py
[2026-05-03T15:17:40.074+0000] {processor.py:839} INFO - DAG(s) dict_keys(['retail_pipeline']) retrieved from /opt/airflow/dags/retail_pipeline_dag.py
[2026-05-03T15:17:40.125+0000] {logging_mixin.py:151} INFO - [2026-05-03T15:17:40.124+0000] {dag.py:2915} INFO - Sync 1 DAGs
[2026-05-03T15:17:40.143+0000] {logging_mixin.py:151} INFO - [2026-05-03T15:17:40.143+0000] {dag.py:3696} INFO - Setting next_dagrun for retail_pipeline to 2026-05-02T15:30:00+00:00, run_after=2026-05-03T15:30:00+00:00
[2026-05-03T15:17:40.156+0000] {processor.py:179} INFO - Processing /opt/airflow/dags/retail_pipeline_dag.py took 0.108 seconds
[2026-05-03T15:18:10.316+0000] {processor.py:157} INFO - Started process (PID=7558) to work on /opt/airflow/dags/retail_pipeline_dag.py
[2026-05-03T15:18:10.319+0000] {processor.py:829} INFO - Processing file /opt/airflow/dags/retail_pipeline_dag.py for tasks to queue
[2026-05-03T15:18:10.320+0000] {logging_mixin.py:151} INFO - [2026-05-03T15:18:10.320+0000] {dagbag.py:539} INFO - Filling up the DagBag from /opt/airflow/dags/retail_pipeline_dag.py
[2026-05-03T15:18:10.342+0000] {processor.py:839} INFO - DAG(s) dict_keys(['retail_pipeline']) retrieved from /opt/airflow/dags/retail_pipeline_dag.py
[2026-05-03T15:18:10.383+0000] {logging_mixin.py:151} INFO - [2026-05-03T15:18:10.383+0000] {dag.py:2915} INFO - Sync 1 DAGs
[2026-05-03T15:18:10.409+0000] {logging_mixin.py:151} INFO - [2026-05-03T15:18:10.409+0000] {dag.py:3696} INFO - Setting next_dagrun for retail_pipeline to 2026-05-02T15:30:00+00:00, run_after=2026-05-03T15:30:00+00:00
[2026-05-03T15:18:10.427+0000] {processor.py:179} INFO - Processing /opt/airflow/dags/retail_pipeline_dag.py took 0.117 seconds
[2026-05-03T15:18:40.650+0000] {processor.py:157} INFO - Started process (PID=7568) to work on /opt/airflow/dags/retail_pipeline_dag.py
[2026-05-03T15:18:40.655+0000] {processor.py:829} INFO - Processing file /opt/airflow/dags/retail_pipeline_dag.py for tasks to queue
[2026-05-03T15:18:40.656+0000] {logging_mixin.py:151} INFO - [2026-05-03T15:18:40.655+0000] {dagbag.py:539} INFO - Filling up the DagBag from /opt/airflow/dags/retail_pipeline_dag.py
[2026-05-03T15:18:40.673+0000] {processor.py:839} INFO - DAG(s) dict_keys(['retail_pipeline']) retrieved from /opt/airflow/dags/retail_pipeline_dag.py
[2026-05-03T15:18:40.711+0000] {logging_mixin.py:151} INFO - [2026-05-03T15:18:40.711+0000] {dag.py:2915} INFO - Sync 1 DAGs
[2026-05-03T15:18:40.729+0000] {logging_mixin.py:151} INFO - [2026-05-03T15:18:40.728+0000] {dag.py:3696} INFO - Setting next_dagrun for retail_pipeline to 2026-05-02T15:30:00+00:00, run_after=2026-05-03T15:30:00+00:00
[2026-05-03T15:18:40.740+0000] {processor.py:179} INFO - Processing /opt/airflow/dags/retail_pipeline_dag.py took 0.099 seconds
[2026-05-03T15:19:10.947+0000] {processor.py:157} INFO - Started process (PID=7578) to work on /opt/airflow/dags/retail_pipeline_dag.py
[2026-05-03T15:19:10.950+0000] {processor.py:829} INFO - Processing file /opt/airflow/dags/retail_pipeline_dag.py for tasks to queue
[2026-05-03T15:19:10.951+0000] {logging_mixin.py:151} INFO - [2026-05-03T15:19:10.951+0000] {dagbag.py:539} INFO - Filling up the DagBag from /opt/airflow/dags/retail_pipeline_dag.py
[2026-05-03T15:19:10.973+0000] {processor.py:839} INFO - DAG(s) dict_keys(['retail_pipeline']) retrieved from /opt/airflow/dags/retail_pipeline_dag.py
[2026-05-03T15:19:11.003+0000] {logging_mixin.py:151} INFO - [2026-05-03T15:19:11.003+0000] {dag.py:2915} INFO - Sync 1 DAGs
[2026-05-03T15:19:11.018+0000] {logging_mixin.py:151} INFO - [2026-05-03T15:19:11.018+0000] {dag.py:3696} INFO - Setting next_dagrun for retail_pipeline to 2026-05-02T15:30:00+00:00, run_after=2026-05-03T15:30:00+00:00
[2026-05-03T15:19:11.029+0000] {processor.py:179} INFO - Processing /opt/airflow/dags/retail_pipeline_dag.py took 0.084 seconds
[2026-05-03T15:19:41.303+0000] {processor.py:157} INFO - Started process (PID=7588) to work on /opt/airflow/dags/retail_pipeline_dag.py
[2026-05-03T15:19:41.304+0000] {processor.py:829} INFO - Processing file /opt/airflow/dags/retail_pipeline_dag.py for tasks to queue
[2026-05-03T15:19:41.305+0000] {logging_mixin.py:151} INFO - [2026-05-03T15:19:41.305+0000] {dagbag.py:539} INFO - Filling up the DagBag from /opt/airflow/dags/retail_pipeline_dag.py
[2026-05-03T15:19:41.344+0000] {processor.py:839} INFO - DAG(s) dict_keys(['retail_pipeline']) retrieved from /opt/airflow/dags/retail_pipeline_dag.py
[2026-05-03T15:19:41.374+0000] {logging_mixin.py:151} INFO - [2026-05-03T15:19:41.374+0000] {dag.py:2915} INFO - Sync 1 DAGs
[2026-05-03T15:19:41.390+0000] {logging_mixin.py:151} INFO - [2026-05-03T15:19:41.390+0000] {dag.py:3696} INFO - Setting next_dagrun for retail_pipeline to 2026-05-02T15:30:00+00:00, run_after=2026-05-03T15:30:00+00:00
[2026-05-03T15:19:41.399+0000] {processor.py:179} INFO - Processing /opt/airflow/dags/retail_pipeline_dag.py took 0.111 seconds
[2026-05-03T15:20:11.578+0000] {processor.py:157} INFO - Started process (PID=7598) to work on /opt/airflow/dags/retail_pipeline_dag.py
[2026-05-03T15:20:11.580+0000] {processor.py:829} INFO - Processing file /opt/airflow/dags/retail_pipeline_dag.py for tasks to queue
[2026-05-03T15:20:11.581+0000] {logging_mixin.py:151} INFO - [2026-05-03T15:20:11.580+0000] {dagbag.py:539} INFO - Filling up the DagBag from /opt/airflow/dags/retail_pipeline_dag.py
[2026-05-03T15:20:11.605+0000] {processor.py:839} INFO - DAG(s) dict_keys(['retail_pipeline']) retrieved from /opt/airflow/dags/retail_pipeline_dag.py
[2026-05-03T15:20:11.636+0000] {logging_mixin.py:151} INFO - [2026-05-03T15:20:11.636+0000] {dag.py:2915} INFO - Sync 1 DAGs
[2026-05-03T15:20:11.656+0000] {logging_mixin.py:151} INFO - [2026-05-03T15:20:11.656+0000] {dag.py:3696} INFO - Setting next_dagrun for retail_pipeline to 2026-05-02T15:30:00+00:00, run_after=2026-05-03T15:30:00+00:00
[2026-05-03T15:20:11.663+0000] {processor.py:179} INFO - Processing /opt/airflow/dags/retail_pipeline_dag.py took 0.095 seconds
[2026-05-03T15:20:41.843+0000] {processor.py:157} INFO - Started process (PID=7608) to work on /opt/airflow/dags/retail_pipeline_dag.py
[2026-05-03T15:20:41.845+0000] {processor.py:829} INFO - Processing file /opt/airflow/dags/retail_pipeline_dag.py for tasks to queue
[2026-05-03T15:20:41.847+0000] {logging_mixin.py:151} INFO - [2026-05-03T15:20:41.845+0000] {dagbag.py:539} INFO - Filling up the DagBag from /opt/airflow/dags/retail_pipeline_dag.py
[2026-05-03T15:20:41.867+0000] {processor.py:839} INFO - DAG(s) dict_keys(['retail_pipeline']) retrieved from /opt/airflow/dags/retail_pipeline_dag.py
[2026-05-03T15:20:41.902+0000] {logging_mixin.py:151} INFO - [2026-05-03T15:20:41.902+0000] {dag.py:2915} INFO - Sync 1 DAGs
[2026-05-03T15:20:41.917+0000] {logging_mixin.py:151} INFO - [2026-05-03T15:20:41.916+0000] {dag.py:3696} INFO - Setting next_dagrun for retail_pipeline to 2026-05-02T15:30:00+00:00, run_after=2026-05-03T15:30:00+00:00
[2026-05-03T15:20:41.924+0000] {processor.py:179} INFO - Processing /opt/airflow/dags/retail_pipeline_dag.py took 0.086 seconds
[2026-05-03T15:21:12.067+0000] {processor.py:157} INFO - Started process (PID=7618) to work on /opt/airflow/dags/retail_pipeline_dag.py
[2026-05-03T15:21:12.068+0000] {processor.py:829} INFO - Processing file /opt/airflow/dags/retail_pipeline_dag.py for tasks to queue
[2026-05-03T15:21:12.069+0000] {logging_mixin.py:151} INFO - [2026-05-03T15:21:12.069+0000] {dagbag.py:539} INFO - Filling up the DagBag from /opt/airflow/dags/retail_pipeline_dag.py
[2026-05-03T15:21:12.088+0000] {processor.py:839} INFO - DAG(s) dict_keys(['retail_pipeline']) retrieved from /opt/airflow/dags/retail_pipeline_dag.py
[2026-05-03T15:21:12.108+0000] {logging_mixin.py:151} INFO - [2026-05-03T15:21:12.108+0000] {dag.py:2915} INFO - Sync 1 DAGs
[2026-05-03T15:21:12.118+0000] {logging_mixin.py:151} INFO - [2026-05-03T15:21:12.118+0000] {dag.py:3696} INFO - Setting next_dagrun for retail_pipeline to 2026-05-02T15:30:00+00:00, run_after=2026-05-03T15:30:00+00:00
[2026-05-03T15:21:12.124+0000] {processor.py:179} INFO - Processing /opt/airflow/dags/retail_pipeline_dag.py took 0.063 seconds
[2026-05-03T15:21:42.355+0000] {processor.py:157} INFO - Started process (PID=7628) to work on /opt/airflow/dags/retail_pipeline_dag.py
[2026-05-03T15:21:42.356+0000] {processor.py:829} INFO - Processing file /opt/airflow/dags/retail_pipeline_dag.py for tasks to queue
[2026-05-03T15:21:42.357+0000] {logging_mixin.py:151} INFO - [2026-05-03T15:21:42.357+0000] {dagbag.py:539} INFO - Filling up the DagBag from /opt/airflow/dags/retail_pipeline_dag.py
[2026-05-03T15:21:42.373+0000] {processor.py:839} INFO - DAG(s) dict_keys(['retail_pipeline']) retrieved from /opt/airflow/dags/retail_pipeline_dag.py
[2026-05-03T15:21:42.398+0000] {logging_mixin.py:151} INFO - [2026-05-03T15:21:42.398+0000] {dag.py:2915} INFO - Sync 1 DAGs
[2026-05-03T15:21:42.413+0000] {logging_mixin.py:151} INFO - [2026-05-03T15:21:42.413+0000] {dag.py:3696} INFO - Setting next_dagrun for retail_pipeline to 2026-05-02T15:30:00+00:00, run_after=2026-05-03T15:30:00+00:00
[2026-05-03T15:21:42.420+0000] {processor.py:179} INFO - Processing /opt/airflow/dags/retail_pipeline_dag.py took 0.070 seconds
[2026-05-03T15:22:12.669+0000] {processor.py:157} INFO - Started process (PID=7638) to work on /opt/airflow/dags/retail_pipeline_dag.py
[2026-05-03T15:22:12.671+0000] {processor.py:829} INFO - Processing file /opt/airflow/dags/retail_pipeline_dag.py for tasks to queue
[2026-05-03T15:22:12.673+0000] {logging_mixin.py:151} INFO - [2026-05-03T15:22:12.672+0000] {dagbag.py:539} INFO - Filling up the DagBag from /opt/airflow/dags/retail_pipeline_dag.py
[2026-05-03T15:22:12.698+0000] {processor.py:839} INFO - DAG(s) dict_keys(['retail_pipeline']) retrieved from /opt/airflow/dags/retail_pipeline_dag.py
[2026-05-03T15:22:12.736+0000] {logging_mixin.py:151} INFO - [2026-05-03T15:22:12.736+0000] {dag.py:2915} INFO - Sync 1 DAGs
[2026-05-03T15:22:12.751+0000] {logging_mixin.py:151} INFO - [2026-05-03T15:22:12.751+0000] {dag.py:3696} INFO - Setting next_dagrun for retail_pipeline to 2026-05-02T15:30:00+00:00, run_after=2026-05-03T15:30:00+00:00
[2026-05-03T15:22:12.759+0000] {processor.py:179} INFO - Processing /opt/airflow/dags/retail_pipeline_dag.py took 0.096 seconds
[2026-05-03T15:22:42.933+0000] {processor.py:157} INFO - Started process (PID=7648) to work on /opt/airflow/dags/retail_pipeline_dag.py
[2026-05-03T15:22:42.934+0000] {processor.py:829} INFO - Processing file /opt/airflow/dags/retail_pipeline_dag.py for tasks to queue
[2026-05-03T15:22:42.936+0000] {logging_mixin.py:151} INFO - [2026-05-03T15:22:42.935+0000] {dagbag.py:539} INFO - Filling up the DagBag from /opt/airflow/dags/retail_pipeline_dag.py
[2026-05-03T15:22:42.955+0000] {processor.py:839} INFO - DAG(s) dict_keys(['retail_pipeline']) retrieved from /opt/airflow/dags/retail_pipeline_dag.py
[2026-05-03T15:22:42.980+0000] {logging_mixin.py:151} INFO - [2026-05-03T15:22:42.980+0000] {dag.py:2915} INFO - Sync 1 DAGs
[2026-05-03T15:22:42.992+0000] {logging_mixin.py:151} INFO - [2026-05-03T15:22:42.992+0000] {dag.py:3696} INFO - Setting next_dagrun for retail_pipeline to 2026-05-02T15:30:00+00:00, run_after=2026-05-03T15:30:00+00:00
[2026-05-03T15:22:42.999+0000] {processor.py:179} INFO - Processing /opt/airflow/dags/retail_pipeline_dag.py took 0.071 seconds
[2026-05-03T15:23:13.266+0000] {processor.py:157} INFO - Started process (PID=7658) to work on /opt/airflow/dags/retail_pipeline_dag.py
[2026-05-03T15:23:13.267+0000] {processor.py:829} INFO - Processing file /opt/airflow/dags/retail_pipeline_dag.py for tasks to queue
[2026-05-03T15:23:13.268+0000] {logging_mixin.py:151} INFO - [2026-05-03T15:23:13.268+0000] {dagbag.py:539} INFO - Filling up the DagBag from /opt/airflow/dags/retail_pipeline_dag.py
[2026-05-03T15:23:13.288+0000] {processor.py:839} INFO - DAG(s) dict_keys(['retail_pipeline']) retrieved from /opt/airflow/dags/retail_pipeline_dag.py
[2026-05-03T15:23:13.314+0000] {logging_mixin.py:151} INFO - [2026-05-03T15:23:13.314+0000] {dag.py:2915} INFO - Sync 1 DAGs
[2026-05-03T15:23:13.327+0000] {logging_mixin.py:151} INFO - [2026-05-03T15:23:13.327+0000] {dag.py:3696} INFO - Setting next_dagrun for retail_pipeline to 2026-05-02T15:30:00+00:00, run_after=2026-05-03T15:30:00+00:00
[2026-05-03T15:23:13.335+0000] {processor.py:179} INFO - Processing /opt/airflow/dags/retail_pipeline_dag.py took 0.074 seconds
[2026-05-03T15:23:43.595+0000] {processor.py:157} INFO - Started process (PID=7668) to work on /opt/airflow/dags/retail_pipeline_dag.py
[2026-05-03T15:23:43.596+0000] {processor.py:829} INFO - Processing file /opt/airflow/dags/retail_pipeline_dag.py for tasks to queue
[2026-05-03T15:23:43.598+0000] {logging_mixin.py:151} INFO - [2026-05-03T15:23:43.597+0000] {dagbag.py:539} INFO - Filling up the DagBag from /opt/airflow/dags/retail_pipeline_dag.py
[2026-05-03T15:23:43.616+0000] {processor.py:839} INFO - DAG(s) dict_keys(['retail_pipeline']) retrieved from /opt/airflow/dags/retail_pipeline_dag.py
[2026-05-03T15:23:43.656+0000] {logging_mixin.py:151} INFO - [2026-05-03T15:23:43.656+0000] {dag.py:2915} INFO - Sync 1 DAGs
[2026-05-03T15:23:43.668+0000] {logging_mixin.py:151} INFO - [2026-05-03T15:23:43.668+0000] {dag.py:3696} INFO - Setting next_dagrun for retail_pipeline to 2026-05-02T15:30:00+00:00, run_after=2026-05-03T15:30:00+00:00
[2026-05-03T15:23:43.676+0000] {processor.py:179} INFO - Processing /opt/airflow/dags/retail_pipeline_dag.py took 0.088 seconds
[2026-05-03T15:24:13.816+0000] {processor.py:157} INFO - Started process (PID=7678) to work on /opt/airflow/dags/retail_pipeline_dag.py
[2026-05-03T15:24:13.819+0000] {processor.py:829} INFO - Processing file /opt/airflow/dags/retail_pipeline_dag.py for tasks to queue
[2026-05-03T15:24:13.820+0000] {logging_mixin.py:151} INFO - [2026-05-03T15:24:13.819+0000] {dagbag.py:539} INFO - Filling up the DagBag from /opt/airflow/dags/retail_pipeline_dag.py
[2026-05-03T15:24:13.848+0000] {processor.py:839} INFO - DAG(s) dict_keys(['retail_pipeline']) retrieved from /opt/airflow/dags/retail_pipeline_dag.py
[2026-05-03T15:24:13.881+0000] {logging_mixin.py:151} INFO - [2026-05-03T15:24:13.880+0000] {dag.py:2915} INFO - Sync 1 DAGs
[2026-05-03T15:24:13.893+0000] {logging_mixin.py:151} INFO - [2026-05-03T15:24:13.893+0000] {dag.py:3696} INFO - Setting next_dagrun for retail_pipeline to 2026-05-02T15:30:00+00:00, run_after=2026-05-03T15:30:00+00:00
[2026-05-03T15:24:13.903+0000] {processor.py:179} INFO - Processing /opt/airflow/dags/retail_pipeline_dag.py took 0.092 seconds
[2026-05-03T15:24:44.026+0000] {processor.py:157} INFO - Started process (PID=7688) to work on /opt/airflow/dags/retail_pipeline_dag.py
[2026-05-03T15:24:44.028+0000] {processor.py:829} INFO - Processing file /opt/airflow/dags/retail_pipeline_dag.py for tasks to queue
[2026-05-03T15:24:44.029+0000] {logging_mixin.py:151} INFO - [2026-05-03T15:24:44.028+0000] {dagbag.py:539} INFO - Filling up the DagBag from /opt/airflow/dags/retail_pipeline_dag.py
[2026-05-03T15:24:44.048+0000] {processor.py:839} INFO - DAG(s) dict_keys(['retail_pipeline']) retrieved from /opt/airflow/dags/retail_pipeline_dag.py
[2026-05-03T15:24:44.075+0000] {logging_mixin.py:151} INFO - [2026-05-03T15:24:44.075+0000] {dag.py:2915} INFO - Sync 1 DAGs
[2026-05-03T15:24:44.087+0000] {logging_mixin.py:151} INFO - [2026-05-03T15:24:44.087+0000] {dag.py:3696} INFO - Setting next_dagrun for retail_pipeline to 2026-05-02T15:30:00+00:00, run_after=2026-05-03T15:30:00+00:00
[2026-05-03T15:24:44.097+0000] {processor.py:179} INFO - Processing /opt/airflow/dags/retail_pipeline_dag.py took 0.079 seconds
[2026-05-03T15:25:14.334+0000] {processor.py:157} INFO - Started process (PID=7698) to work on /opt/airflow/dags/retail_pipeline_dag.py
[2026-05-03T15:25:14.335+0000] {processor.py:829} INFO - Processing file /opt/airflow/dags/retail_pipeline_dag.py for tasks to queue
[2026-05-03T15:25:14.336+0000] {logging_mixin.py:151} INFO - [2026-05-03T15:25:14.335+0000] {dagbag.py:539} INFO - Filling up the DagBag from /opt/airflow/dags/retail_pipeline_dag.py
[2026-05-03T15:25:14.349+0000] {processor.py:839} INFO - DAG(s) dict_keys(['retail_pipeline']) retrieved from /opt/airflow/dags/retail_pipeline_dag.py
[2026-05-03T15:25:14.371+0000] {logging_mixin.py:151} INFO - [2026-05-03T15:25:14.371+0000] {dag.py:2915} INFO - Sync 1 DAGs
[2026-05-03T15:25:14.384+0000] {logging_mixin.py:151} INFO - [2026-05-03T15:25:14.383+0000] {dag.py:3696} INFO - Setting next_dagrun for retail_pipeline to 2026-05-02T15:30:00+00:00, run_after=2026-05-03T15:30:00+00:00
[2026-05-03T15:25:14.393+0000] {processor.py:179} INFO - Processing /opt/airflow/dags/retail_pipeline_dag.py took 0.063 seconds
[2026-05-03T15:25:44.607+0000] {processor.py:157} INFO - Started process (PID=7708) to work on /opt/airflow/dags/retail_pipeline_dag.py
[2026-05-03T15:25:44.608+0000] {processor.py:829} INFO - Processing file /opt/airflow/dags/retail_pipeline_dag.py for tasks to queue
[2026-05-03T15:25:44.609+0000] {logging_mixin.py:151} INFO - [2026-05-03T15:25:44.608+0000] {dagbag.py:539} INFO - Filling up the DagBag from /opt/airflow/dags/retail_pipeline_dag.py
[2026-05-03T15:25:44.648+0000] {processor.py:839} INFO - DAG(s) dict_keys(['retail_pipeline']) retrieved from /opt/airflow/dags/retail_pipeline_dag.py
[2026-05-03T15:25:44.707+0000] {logging_mixin.py:151} INFO - [2026-05-03T15:25:44.706+0000] {dag.py:2915} INFO - Sync 1 DAGs
[2026-05-03T15:25:44.731+0000] {logging_mixin.py:151} INFO - [2026-05-03T15:25:44.731+0000] {dag.py:3696} INFO - Setting next_dagrun for retail_pipeline to 2026-05-02T15:30:00+00:00, run_after=2026-05-03T15:30:00+00:00
[2026-05-03T15:25:44.740+0000] {processor.py:179} INFO - Processing /opt/airflow/dags/retail_pipeline_dag.py took 0.136 seconds
[2026-05-03T15:26:14.828+0000] {processor.py:157} INFO - Started process (PID=7718) to work on /opt/airflow/dags/retail_pipeline_dag.py
[2026-05-03T15:26:14.830+0000] {processor.py:829} INFO - Processing file /opt/airflow/dags/retail_pipeline_dag.py for tasks to queue
[2026-05-03T15:26:14.831+0000] {logging_mixin.py:151} INFO - [2026-05-03T15:26:14.830+0000] {dagbag.py:539} INFO - Filling up the DagBag from /opt/airflow/dags/retail_pipeline_dag.py
[2026-05-03T15:26:14.849+0000] {processor.py:839} INFO - DAG(s) dict_keys(['retail_pipeline']) retrieved from /opt/airflow/dags/retail_pipeline_dag.py
[2026-05-03T15:26:14.875+0000] {logging_mixin.py:151} INFO - [2026-05-03T15:26:14.875+0000] {dag.py:2915} INFO - Sync 1 DAGs
[2026-05-03T15:26:14.892+0000] {logging_mixin.py:151} INFO - [2026-05-03T15:26:14.892+0000] {dag.py:3696} INFO - Setting next_dagrun for retail_pipeline to 2026-05-02T15:30:00+00:00, run_after=2026-05-03T15:30:00+00:00
[2026-05-03T15:26:14.902+0000] {processor.py:179} INFO - Processing /opt/airflow/dags/retail_pipeline_dag.py took 0.079 seconds
[2026-05-03T15:26:45.096+0000] {processor.py:157} INFO - Started process (PID=7728) to work on /opt/airflow/dags/retail_pipeline_dag.py
[2026-05-03T15:26:45.097+0000] {processor.py:829} INFO - Processing file /opt/airflow/dags/retail_pipeline_dag.py for tasks to queue
[2026-05-03T15:26:45.098+0000] {logging_mixin.py:151} INFO - [2026-05-03T15:26:45.098+0000] {dagbag.py:539} INFO - Filling up the DagBag from /opt/airflow/dags/retail_pipeline_dag.py
[2026-05-03T15:26:45.113+0000] {processor.py:839} INFO - DAG(s) dict_keys(['retail_pipeline']) retrieved from /opt/airflow/dags/retail_pipeline_dag.py
[2026-05-03T15:26:45.133+0000] {logging_mixin.py:151} INFO - [2026-05-03T15:26:45.133+0000] {dag.py:2915} INFO - Sync 1 DAGs
[2026-05-03T15:26:45.144+0000] {logging_mixin.py:151} INFO - [2026-05-03T15:26:45.144+0000] {dag.py:3696} INFO - Setting next_dagrun for retail_pipeline to 2026-05-02T15:30:00+00:00, run_after=2026-05-03T15:30:00+00:00
[2026-05-03T15:26:45.151+0000] {processor.py:179} INFO - Processing /opt/airflow/dags/retail_pipeline_dag.py took 0.059 seconds
[2026-05-03T15:27:15.361+0000] {processor.py:157} INFO - Started process (PID=7738) to work on /opt/airflow/dags/retail_pipeline_dag.py
[2026-05-03T15:27:15.363+0000] {processor.py:829} INFO - Processing file /opt/airflow/dags/retail_pipeline_dag.py for tasks to queue
[2026-05-03T15:27:15.364+0000] {logging_mixin.py:151} INFO - [2026-05-03T15:27:15.363+0000] {dagbag.py:539} INFO - Filling up the DagBag from /opt/airflow/dags/retail_pipeline_dag.py
[2026-05-03T15:27:15.385+0000] {processor.py:839} INFO - DAG(s) dict_keys(['retail_pipeline']) retrieved from /opt/airflow/dags/retail_pipeline_dag.py
[2026-05-03T15:27:15.412+0000] {logging_mixin.py:151} INFO - [2026-05-03T15:27:15.412+0000] {dag.py:2915} INFO - Sync 1 DAGs
[2026-05-03T15:27:15.426+0000] {logging_mixin.py:151} INFO - [2026-05-03T15:27:15.426+0000] {dag.py:3696} INFO - Setting next_dagrun for retail_pipeline to 2026-05-02T15:30:00+00:00, run_after=2026-05-03T15:30:00+00:00
[2026-05-03T15:27:15.434+0000] {processor.py:179} INFO - Processing /opt/airflow/dags/retail_pipeline_dag.py took 0.079 seconds
[2026-05-03T15:27:45.646+0000] {processor.py:157} INFO - Started process (PID=7748) to work on /opt/airflow/dags/retail_pipeline_dag.py
[2026-05-03T15:27:45.647+0000] {processor.py:829} INFO - Processing file /opt/airflow/dags/retail_pipeline_dag.py for tasks to queue
[2026-05-03T15:27:45.648+0000] {logging_mixin.py:151} INFO - [2026-05-03T15:27:45.648+0000] {dagbag.py:539} INFO - Filling up the DagBag from /opt/airflow/dags/retail_pipeline_dag.py
[2026-05-03T15:27:45.662+0000] {processor.py:839} INFO - DAG(s) dict_keys(['retail_pipeline']) retrieved from /opt/airflow/dags/retail_pipeline_dag.py
[2026-05-03T15:27:45.682+0000] {logging_mixin.py:151} INFO - [2026-05-03T15:27:45.682+0000] {dag.py:2915} INFO - Sync 1 DAGs
[2026-05-03T15:27:45.692+0000] {logging_mixin.py:151} INFO - [2026-05-03T15:27:45.692+0000] {dag.py:3696} INFO - Setting next_dagrun for retail_pipeline to 2026-05-02T15:30:00+00:00, run_after=2026-05-03T15:30:00+00:00
[2026-05-03T15:27:45.700+0000] {processor.py:179} INFO - Processing /opt/airflow/dags/retail_pipeline_dag.py took 0.057 seconds
[2026-05-03T15:28:15.896+0000] {processor.py:157} INFO - Started process (PID=7758) to work on /opt/airflow/dags/retail_pipeline_dag.py
[2026-05-03T15:28:15.898+0000] {processor.py:829} INFO - Processing file /opt/airflow/dags/retail_pipeline_dag.py for tasks to queue
[2026-05-03T15:28:15.899+0000] {logging_mixin.py:151} INFO - [2026-05-03T15:28:15.898+0000] {dagbag.py:539} INFO - Filling up the DagBag from /opt/airflow/dags/retail_pipeline_dag.py
[2026-05-03T15:28:15.918+0000] {processor.py:839} INFO - DAG(s) dict_keys(['retail_pipeline']) retrieved from /opt/airflow/dags/retail_pipeline_dag.py
[2026-05-03T15:28:15.940+0000] {logging_mixin.py:151} INFO - [2026-05-03T15:28:15.940+0000] {dag.py:2915} INFO - Sync 1 DAGs
[2026-05-03T15:28:15.952+0000] {logging_mixin.py:151} INFO - [2026-05-03T15:28:15.952+0000] {dag.py:3696} INFO - Setting next_dagrun for retail_pipeline to 2026-05-02T15:30:00+00:00, run_after=2026-05-03T15:30:00+00:00
[2026-05-03T15:28:15.965+0000] {processor.py:179} INFO - Processing /opt/airflow/dags/retail_pipeline_dag.py took 0.074 seconds
[2026-05-03T15:28:46.153+0000] {processor.py:157} INFO - Started process (PID=7768) to work on /opt/airflow/dags/retail_pipeline_dag.py
[2026-05-03T15:28:46.155+0000] {processor.py:829} INFO - Processing file /opt/airflow/dags/retail_pipeline_dag.py for tasks to queue
[2026-05-03T15:28:46.157+0000] {logging_mixin.py:151} INFO - [2026-05-03T15:28:46.156+0000] {dagbag.py:539} INFO - Filling up the DagBag from /opt/airflow/dags/retail_pipeline_dag.py
[2026-05-03T15:28:46.191+0000] {processor.py:839} INFO - DAG(s) dict_keys(['retail_pipeline']) retrieved from /opt/airflow/dags/retail_pipeline_dag.py
[2026-05-03T15:28:46.231+0000] {logging_mixin.py:151} INFO - [2026-05-03T15:28:46.231+0000] {dag.py:2915} INFO - Sync 1 DAGs
[2026-05-03T15:28:46.250+0000] {logging_mixin.py:151} INFO - [2026-05-03T15:28:46.250+0000] {dag.py:3696} INFO - Setting next_dagrun for retail_pipeline to 2026-05-02T15:30:00+00:00, run_after=2026-05-03T15:30:00+00:00
[2026-05-03T15:28:46.262+0000] {processor.py:179} INFO - Processing /opt/airflow/dags/retail_pipeline_dag.py took 0.114 seconds
[2026-05-03T15:29:16.395+0000] {processor.py:157} INFO - Started process (PID=7778) to work on /opt/airflow/dags/retail_pipeline_dag.py
[2026-05-03T15:29:16.398+0000] {processor.py:829} INFO - Processing file /opt/airflow/dags/retail_pipeline_dag.py for tasks to queue
[2026-05-03T15:29:16.400+0000] {logging_mixin.py:151} INFO - [2026-05-03T15:29:16.399+0000] {dagbag.py:539} INFO - Filling up the DagBag from /opt/airflow/dags/retail_pipeline_dag.py
[2026-05-03T15:29:16.420+0000] {processor.py:839} INFO - DAG(s) dict_keys(['retail_pipeline']) retrieved from /opt/airflow/dags/retail_pipeline_dag.py
[2026-05-03T15:29:16.443+0000] {logging_mixin.py:151} INFO - [2026-05-03T15:29:16.443+0000] {dag.py:2915} INFO - Sync 1 DAGs
[2026-05-03T15:29:16.456+0000] {logging_mixin.py:151} INFO - [2026-05-03T15:29:16.456+0000] {dag.py:3696} INFO - Setting next_dagrun for retail_pipeline to 2026-05-02T15:30:00+00:00, run_after=2026-05-03T15:30:00+00:00
[2026-05-03T15:29:16.463+0000] {processor.py:179} INFO - Processing /opt/airflow/dags/retail_pipeline_dag.py took 0.073 seconds
[2026-05-03T15:29:46.695+0000] {processor.py:157} INFO - Started process (PID=7788) to work on /opt/airflow/dags/retail_pipeline_dag.py
[2026-05-03T15:29:46.696+0000] {processor.py:829} INFO - Processing file /opt/airflow/dags/retail_pipeline_dag.py for tasks to queue
[2026-05-03T15:29:46.698+0000] {logging_mixin.py:151} INFO - [2026-05-03T15:29:46.697+0000] {dagbag.py:539} INFO - Filling up the DagBag from /opt/airflow/dags/retail_pipeline_dag.py
[2026-05-03T15:29:46.735+0000] {processor.py:839} INFO - DAG(s) dict_keys(['retail_pipeline']) retrieved from /opt/airflow/dags/retail_pipeline_dag.py
[2026-05-03T15:29:46.766+0000] {logging_mixin.py:151} INFO - [2026-05-03T15:29:46.766+0000] {dag.py:2915} INFO - Sync 1 DAGs
[2026-05-03T15:29:46.781+0000] {logging_mixin.py:151} INFO - [2026-05-03T15:29:46.781+0000] {dag.py:3696} INFO - Setting next_dagrun for retail_pipeline to 2026-05-02T15:30:00+00:00, run_after=2026-05-03T15:30:00+00:00
[2026-05-03T15:29:46.789+0000] {processor.py:179} INFO - Processing /opt/airflow/dags/retail_pipeline_dag.py took 0.101 seconds
[2026-05-03T15:30:16.929+0000] {processor.py:157} INFO - Started process (PID=7823) to work on /opt/airflow/dags/retail_pipeline_dag.py
[2026-05-03T15:30:16.931+0000] {processor.py:829} INFO - Processing file /opt/airflow/dags/retail_pipeline_dag.py for tasks to queue
[2026-05-03T15:30:16.933+0000] {logging_mixin.py:151} INFO - [2026-05-03T15:30:16.932+0000] {dagbag.py:539} INFO - Filling up the DagBag from /opt/airflow/dags/retail_pipeline_dag.py
[2026-05-03T15:30:16.964+0000] {processor.py:839} INFO - DAG(s) dict_keys(['retail_pipeline']) retrieved from /opt/airflow/dags/retail_pipeline_dag.py
[2026-05-03T15:30:17.002+0000] {logging_mixin.py:151} INFO - [2026-05-03T15:30:17.002+0000] {dag.py:2915} INFO - Sync 1 DAGs
[2026-05-03T15:30:17.021+0000] {logging_mixin.py:151} INFO - [2026-05-03T15:30:17.021+0000] {dag.py:3696} INFO - Setting next_dagrun for retail_pipeline to 2026-05-03T15:30:00+00:00, run_after=2026-05-04T15:30:00+00:00
[2026-05-03T15:30:17.030+0000] {processor.py:179} INFO - Processing /opt/airflow/dags/retail_pipeline_dag.py took 0.109 seconds
[2026-05-03T15:30:47.179+0000] {processor.py:157} INFO - Started process (PID=7833) to work on /opt/airflow/dags/retail_pipeline_dag.py
[2026-05-03T15:30:47.180+0000] {processor.py:829} INFO - Processing file /opt/airflow/dags/retail_pipeline_dag.py for tasks to queue
[2026-05-03T15:30:47.181+0000] {logging_mixin.py:151} INFO - [2026-05-03T15:30:47.181+0000] {dagbag.py:539} INFO - Filling up the DagBag from /opt/airflow/dags/retail_pipeline_dag.py
[2026-05-03T15:30:47.197+0000] {processor.py:839} INFO - DAG(s) dict_keys(['retail_pipeline']) retrieved from /opt/airflow/dags/retail_pipeline_dag.py
[2026-05-03T15:30:47.234+0000] {logging_mixin.py:151} INFO - [2026-05-03T15:30:47.234+0000] {dag.py:2915} INFO - Sync 1 DAGs
[2026-05-03T15:30:47.248+0000] {logging_mixin.py:151} INFO - [2026-05-03T15:30:47.248+0000] {dag.py:3696} INFO - Setting next_dagrun for retail_pipeline to 2026-05-03T15:30:00+00:00, run_after=2026-05-04T15:30:00+00:00
[2026-05-03T15:30:47.256+0000] {processor.py:179} INFO - Processing /opt/airflow/dags/retail_pipeline_dag.py took 0.083 seconds
[2026-05-03T15:31:17.518+0000] {processor.py:157} INFO - Started process (PID=7843) to work on /opt/airflow/dags/retail_pipeline_dag.py
[2026-05-03T15:31:17.522+0000] {processor.py:829} INFO - Processing file /opt/airflow/dags/retail_pipeline_dag.py for tasks to queue
[2026-05-03T15:31:17.523+0000] {logging_mixin.py:151} INFO - [2026-05-03T15:31:17.522+0000] {dagbag.py:539} INFO - Filling up the DagBag from /opt/airflow/dags/retail_pipeline_dag.py
[2026-05-03T15:31:17.539+0000] {processor.py:839} INFO - DAG(s) dict_keys(['retail_pipeline']) retrieved from /opt/airflow/dags/retail_pipeline_dag.py
[2026-05-03T15:31:17.577+0000] {logging_mixin.py:151} INFO - [2026-05-03T15:31:17.577+0000] {dag.py:2915} INFO - Sync 1 DAGs
[2026-05-03T15:31:17.594+0000] {logging_mixin.py:151} INFO - [2026-05-03T15:31:17.594+0000] {dag.py:3696} INFO - Setting next_dagrun for retail_pipeline to 2026-05-03T15:30:00+00:00, run_after=2026-05-04T15:30:00+00:00
[2026-05-03T15:31:17.602+0000] {processor.py:179} INFO - Processing /opt/airflow/dags/retail_pipeline_dag.py took 0.092 seconds
[2026-05-03T15:31:47.710+0000] {processor.py:157} INFO - Started process (PID=7853) to work on /opt/airflow/dags/retail_pipeline_dag.py
[2026-05-03T15:31:47.711+0000] {processor.py:829} INFO - Processing file /opt/airflow/dags/retail_pipeline_dag.py for tasks to queue
[2026-05-03T15:31:47.712+0000] {logging_mixin.py:151} INFO - [2026-05-03T15:31:47.712+0000] {dagbag.py:539} INFO - Filling up the DagBag from /opt/airflow/dags/retail_pipeline_dag.py
[2026-05-03T15:31:47.722+0000] {processor.py:839} INFO - DAG(s) dict_keys(['retail_pipeline']) retrieved from /opt/airflow/dags/retail_pipeline_dag.py
[2026-05-03T15:31:47.746+0000] {logging_mixin.py:151} INFO - [2026-05-03T15:31:47.745+0000] {dag.py:2915} INFO - Sync 1 DAGs
[2026-05-03T15:31:47.757+0000] {logging_mixin.py:151} INFO - [2026-05-03T15:31:47.757+0000] {dag.py:3696} INFO - Setting next_dagrun for retail_pipeline to 2026-05-03T15:30:00+00:00, run_after=2026-05-04T15:30:00+00:00
[2026-05-03T15:31:47.764+0000] {processor.py:179} INFO - Processing /opt/airflow/dags/retail_pipeline_dag.py took 0.060 seconds
[2026-05-03T15:32:18.030+0000] {processor.py:157} INFO - Started process (PID=7863) to work on /opt/airflow/dags/retail_pipeline_dag.py
[2026-05-03T15:32:18.033+0000] {processor.py:829} INFO - Processing file /opt/airflow/dags/retail_pipeline_dag.py for tasks to queue
[2026-05-03T15:32:18.035+0000] {logging_mixin.py:151} INFO - [2026-05-03T15:32:18.034+0000] {dagbag.py:539} INFO - Filling up the DagBag from /opt/airflow/dags/retail_pipeline_dag.py
[2026-05-03T15:32:18.051+0000] {processor.py:839} INFO - DAG(s) dict_keys(['retail_pipeline']) retrieved from /opt/airflow/dags/retail_pipeline_dag.py
[2026-05-03T15:32:18.080+0000] {logging_mixin.py:151} INFO - [2026-05-03T15:32:18.080+0000] {dag.py:2915} INFO - Sync 1 DAGs
[2026-05-03T15:32:18.096+0000] {logging_mixin.py:151} INFO - [2026-05-03T15:32:18.096+0000] {dag.py:3696} INFO - Setting next_dagrun for retail_pipeline to 2026-05-03T15:30:00+00:00, run_after=2026-05-04T15:30:00+00:00
[2026-05-03T15:32:18.105+0000] {processor.py:179} INFO - Processing /opt/airflow/dags/retail_pipeline_dag.py took 0.080 seconds
[2026-05-03T15:32:48.390+0000] {processor.py:157} INFO - Started process (PID=7873) to work on /opt/airflow/dags/retail_pipeline_dag.py
[2026-05-03T15:32:48.394+0000] {processor.py:829} INFO - Processing file /opt/airflow/dags/retail_pipeline_dag.py for tasks to queue
[2026-05-03T15:32:48.396+0000] {logging_mixin.py:151} INFO - [2026-05-03T15:32:48.395+0000] {dagbag.py:539} INFO - Filling up the DagBag from /opt/airflow/dags/retail_pipeline_dag.py
[2026-05-03T15:32:48.428+0000] {processor.py:839} INFO - DAG(s) dict_keys(['retail_pipeline']) retrieved from /opt/airflow/dags/retail_pipeline_dag.py
[2026-05-03T15:32:48.465+0000] {logging_mixin.py:151} INFO - [2026-05-03T15:32:48.465+0000] {dag.py:2915} INFO - Sync 1 DAGs
[2026-05-03T15:32:48.489+0000] {logging_mixin.py:151} INFO - [2026-05-03T15:32:48.489+0000] {dag.py:3696} INFO - Setting next_dagrun for retail_pipeline to 2026-05-03T15:30:00+00:00, run_after=2026-05-04T15:30:00+00:00
[2026-05-03T15:32:48.497+0000] {processor.py:179} INFO - Processing /opt/airflow/dags/retail_pipeline_dag.py took 0.113 seconds
[2026-05-03T15:33:18.681+0000] {processor.py:157} INFO - Started process (PID=7883) to work on /opt/airflow/dags/retail_pipeline_dag.py
[2026-05-03T15:33:18.688+0000] {processor.py:829} INFO - Processing file /opt/airflow/dags/retail_pipeline_dag.py for tasks to queue
[2026-05-03T15:33:18.689+0000] {logging_mixin.py:151} INFO - [2026-05-03T15:33:18.688+0000] {dagbag.py:539} INFO - Filling up the DagBag from /opt/airflow/dags/retail_pipeline_dag.py
[2026-05-03T15:33:18.721+0000] {processor.py:839} INFO - DAG(s) dict_keys(['retail_pipeline']) retrieved from /opt/airflow/dags/retail_pipeline_dag.py
[2026-05-03T15:33:18.748+0000] {logging_mixin.py:151} INFO - [2026-05-03T15:33:18.748+0000] {dag.py:2915} INFO - Sync 1 DAGs
[2026-05-03T15:33:18.771+0000] {logging_mixin.py:151} INFO - [2026-05-03T15:33:18.771+0000] {dag.py:3696} INFO - Setting next_dagrun for retail_pipeline to 2026-05-03T15:30:00+00:00, run_after=2026-05-04T15:30:00+00:00
[2026-05-03T15:33:18.780+0000] {processor.py:179} INFO - Processing /opt/airflow/dags/retail_pipeline_dag.py took 0.104 seconds
[2026-05-03T15:33:48.922+0000] {processor.py:157} INFO - Started process (PID=7893) to work on /opt/airflow/dags/retail_pipeline_dag.py
[2026-05-03T15:33:48.925+0000] {processor.py:829} INFO - Processing file /opt/airflow/dags/retail_pipeline_dag.py for tasks to queue
[2026-05-03T15:33:48.927+0000] {logging_mixin.py:151} INFO - [2026-05-03T15:33:48.926+0000] {dagbag.py:539} INFO - Filling up the DagBag from /opt/airflow/dags/retail_pipeline_dag.py
[2026-05-03T15:33:48.941+0000] {processor.py:839} INFO - DAG(s) dict_keys(['retail_pipeline']) retrieved from /opt/airflow/dags/retail_pipeline_dag.py
[2026-05-03T15:33:48.961+0000] {logging_mixin.py:151} INFO - [2026-05-03T15:33:48.961+0000] {dag.py:2915} INFO - Sync 1 DAGs
[2026-05-03T15:33:48.973+0000] {logging_mixin.py:151} INFO - [2026-05-03T15:33:48.973+0000] {dag.py:3696} INFO - Setting next_dagrun for retail_pipeline to 2026-05-03T15:30:00+00:00, run_after=2026-05-04T15:30:00+00:00
[2026-05-03T15:33:48.980+0000] {processor.py:179} INFO - Processing /opt/airflow/dags/retail_pipeline_dag.py took 0.062 seconds
[2026-05-03T15:34:19.191+0000] {processor.py:157} INFO - Started process (PID=7903) to work on /opt/airflow/dags/retail_pipeline_dag.py
[2026-05-03T15:34:19.192+0000] {processor.py:829} INFO - Processing file /opt/airflow/dags/retail_pipeline_dag.py for tasks to queue
[2026-05-03T15:34:19.193+0000] {logging_mixin.py:151} INFO - [2026-05-03T15:34:19.193+0000] {dagbag.py:539} INFO - Filling up the DagBag from /opt/airflow/dags/retail_pipeline_dag.py
[2026-05-03T15:34:19.206+0000] {processor.py:839} INFO - DAG(s) dict_keys(['retail_pipeline']) retrieved from /opt/airflow/dags/retail_pipeline_dag.py
[2026-05-03T15:34:19.228+0000] {logging_mixin.py:151} INFO - [2026-05-03T15:34:19.228+0000] {dag.py:2915} INFO - Sync 1 DAGs
[2026-05-03T15:34:19.245+0000] {logging_mixin.py:151} INFO - [2026-05-03T15:34:19.245+0000] {dag.py:3696} INFO - Setting next_dagrun for retail_pipeline to 2026-05-03T15:30:00+00:00, run_after=2026-05-04T15:30:00+00:00
[2026-05-03T15:34:19.257+0000] {processor.py:179} INFO - Processing /opt/airflow/dags/retail_pipeline_dag.py took 0.070 seconds
[2026-05-03T15:34:49.474+0000] {processor.py:157} INFO - Started process (PID=7913) to work on /opt/airflow/dags/retail_pipeline_dag.py
[2026-05-03T15:34:49.475+0000] {processor.py:829} INFO - Processing file /opt/airflow/dags/retail_pipeline_dag.py for tasks to queue
[2026-05-03T15:34:49.476+0000] {logging_mixin.py:151} INFO - [2026-05-03T15:34:49.475+0000] {dagbag.py:539} INFO - Filling up the DagBag from /opt/airflow/dags/retail_pipeline_dag.py
[2026-05-03T15:34:49.497+0000] {processor.py:839} INFO - DAG(s) dict_keys(['retail_pipeline']) retrieved from /opt/airflow/dags/retail_pipeline_dag.py
[2026-05-03T15:34:49.524+0000] {logging_mixin.py:151} INFO - [2026-05-03T15:34:49.524+0000] {dag.py:2915} INFO - Sync 1 DAGs
[2026-05-03T15:34:49.541+0000] {logging_mixin.py:151} INFO - [2026-05-03T15:34:49.541+0000] {dag.py:3696} INFO - Setting next_dagrun for retail_pipeline to 2026-05-03T15:30:00+00:00, run_after=2026-05-04T15:30:00+00:00
[2026-05-03T15:34:49.549+0000] {processor.py:179} INFO - Processing /opt/airflow/dags/retail_pipeline_dag.py took 0.082 seconds
[2026-05-03T15:35:19.749+0000] {processor.py:157} INFO - Started process (PID=7934) to work on /opt/airflow/dags/retail_pipeline_dag.py
[2026-05-03T15:35:19.750+0000] {processor.py:829} INFO - Processing file /opt/airflow/dags/retail_pipeline_dag.py for tasks to queue
[2026-05-03T15:35:19.752+0000] {logging_mixin.py:151} INFO - [2026-05-03T15:35:19.751+0000] {dagbag.py:539} INFO - Filling up the DagBag from /opt/airflow/dags/retail_pipeline_dag.py
[2026-05-03T15:35:19.771+0000] {processor.py:839} INFO - DAG(s) dict_keys(['retail_pipeline']) retrieved from /opt/airflow/dags/retail_pipeline_dag.py
[2026-05-03T15:35:19.818+0000] {logging_mixin.py:151} INFO - [2026-05-03T15:35:19.818+0000] {dag.py:2915} INFO - Sync 1 DAGs
[2026-05-03T15:35:19.833+0000] {logging_mixin.py:151} INFO - [2026-05-03T15:35:19.833+0000] {dag.py:3696} INFO - Setting next_dagrun for retail_pipeline to 2026-05-03T15:30:00+00:00, run_after=2026-05-04T15:30:00+00:00
[2026-05-03T15:35:19.840+0000] {processor.py:179} INFO - Processing /opt/airflow/dags/retail_pipeline_dag.py took 0.096 seconds
[2026-05-03T15:35:50.188+0000] {processor.py:157} INFO - Started process (PID=7944) to work on /opt/airflow/dags/retail_pipeline_dag.py
[2026-05-03T15:35:50.190+0000] {processor.py:829} INFO - Processing file /opt/airflow/dags/retail_pipeline_dag.py for tasks to queue
[2026-05-03T15:35:50.192+0000] {logging_mixin.py:151} INFO - [2026-05-03T15:35:50.191+0000] {dagbag.py:539} INFO - Filling up the DagBag from /opt/airflow/dags/retail_pipeline_dag.py
[2026-05-03T15:35:50.215+0000] {processor.py:839} INFO - DAG(s) dict_keys(['retail_pipeline']) retrieved from /opt/airflow/dags/retail_pipeline_dag.py
[2026-05-03T15:35:50.249+0000] {logging_mixin.py:151} INFO - [2026-05-03T15:35:50.249+0000] {dag.py:2915} INFO - Sync 1 DAGs
[2026-05-03T15:35:50.263+0000] {logging_mixin.py:151} INFO - [2026-05-03T15:35:50.263+0000] {dag.py:3696} INFO - Setting next_dagrun for retail_pipeline to 2026-05-03T15:30:00+00:00, run_after=2026-05-04T15:30:00+00:00
[2026-05-03T15:35:50.271+0000] {processor.py:179} INFO - Processing /opt/airflow/dags/retail_pipeline_dag.py took 0.092 seconds
[2026-05-03T15:36:20.512+0000] {processor.py:157} INFO - Started process (PID=7954) to work on /opt/airflow/dags/retail_pipeline_dag.py
[2026-05-03T15:36:20.513+0000] {processor.py:829} INFO - Processing file /opt/airflow/dags/retail_pipeline_dag.py for tasks to queue
[2026-05-03T15:36:20.515+0000] {logging_mixin.py:151} INFO - [2026-05-03T15:36:20.514+0000] {dagbag.py:539} INFO - Filling up the DagBag from /opt/airflow/dags/retail_pipeline_dag.py
[2026-05-03T15:36:20.549+0000] {processor.py:839} INFO - DAG(s) dict_keys(['retail_pipeline']) retrieved from /opt/airflow/dags/retail_pipeline_dag.py
[2026-05-03T15:36:20.580+0000] {logging_mixin.py:151} INFO - [2026-05-03T15:36:20.580+0000] {dag.py:2915} INFO - Sync 1 DAGs
[2026-05-03T15:36:20.593+0000] {logging_mixin.py:151} INFO - [2026-05-03T15:36:20.593+0000] {dag.py:3696} INFO - Setting next_dagrun for retail_pipeline to 2026-05-03T15:30:00+00:00, run_after=2026-05-04T15:30:00+00:00
[2026-05-03T15:36:20.601+0000] {processor.py:179} INFO - Processing /opt/airflow/dags/retail_pipeline_dag.py took 0.097 seconds
[2026-05-03T15:36:50.722+0000] {processor.py:157} INFO - Started process (PID=7964) to work on /opt/airflow/dags/retail_pipeline_dag.py
[2026-05-03T15:36:50.727+0000] {processor.py:829} INFO - Processing file /opt/airflow/dags/retail_pipeline_dag.py for tasks to queue
[2026-05-03T15:36:50.730+0000] {logging_mixin.py:151} INFO - [2026-05-03T15:36:50.729+0000] {dagbag.py:539} INFO - Filling up the DagBag from /opt/airflow/dags/retail_pipeline_dag.py
[2026-05-03T15:36:50.751+0000] {processor.py:839} INFO - DAG(s) dict_keys(['retail_pipeline']) retrieved from /opt/airflow/dags/retail_pipeline_dag.py
[2026-05-03T15:36:50.777+0000] {logging_mixin.py:151} INFO - [2026-05-03T15:36:50.777+0000] {dag.py:2915} INFO - Sync 1 DAGs
[2026-05-03T15:36:50.791+0000] {logging_mixin.py:151} INFO - [2026-05-03T15:36:50.790+0000] {dag.py:3696} INFO - Setting next_dagrun for retail_pipeline to 2026-05-03T15:30:00+00:00, run_after=2026-05-04T15:30:00+00:00
[2026-05-03T15:36:50.798+0000] {processor.py:179} INFO - Processing /opt/airflow/dags/retail_pipeline_dag.py took 0.085 seconds
[2026-05-03T15:37:21.024+0000] {processor.py:157} INFO - Started process (PID=7974) to work on /opt/airflow/dags/retail_pipeline_dag.py
[2026-05-03T15:37:21.025+0000] {processor.py:829} INFO - Processing file /opt/airflow/dags/retail_pipeline_dag.py for tasks to queue
[2026-05-03T15:37:21.026+0000] {logging_mixin.py:151} INFO - [2026-05-03T15:37:21.026+0000] {dagbag.py:539} INFO - Filling up the DagBag from /opt/airflow/dags/retail_pipeline_dag.py
[2026-05-03T15:37:21.037+0000] {processor.py:839} INFO - DAG(s) dict_keys(['retail_pipeline']) retrieved from /opt/airflow/dags/retail_pipeline_dag.py
[2026-05-03T15:37:21.055+0000] {logging_mixin.py:151} INFO - [2026-05-03T15:37:21.055+0000] {dag.py:2915} INFO - Sync 1 DAGs
[2026-05-03T15:37:21.067+0000] {logging_mixin.py:151} INFO - [2026-05-03T15:37:21.067+0000] {dag.py:3696} INFO - Setting next_dagrun for retail_pipeline to 2026-05-03T15:30:00+00:00, run_after=2026-05-04T15:30:00+00:00
[2026-05-03T15:37:21.073+0000] {processor.py:179} INFO - Processing /opt/airflow/dags/retail_pipeline_dag.py took 0.054 seconds
[2026-05-03T15:37:51.280+0000] {processor.py:157} INFO - Started process (PID=7984) to work on /opt/airflow/dags/retail_pipeline_dag.py
[2026-05-03T15:37:51.281+0000] {processor.py:829} INFO - Processing file /opt/airflow/dags/retail_pipeline_dag.py for tasks to queue
[2026-05-03T15:37:51.281+0000] {logging_mixin.py:151} INFO - [2026-05-03T15:37:51.281+0000] {dagbag.py:539} INFO - Filling up the DagBag from /opt/airflow/dags/retail_pipeline_dag.py
[2026-05-03T15:37:51.297+0000] {processor.py:839} INFO - DAG(s) dict_keys(['retail_pipeline']) retrieved from /opt/airflow/dags/retail_pipeline_dag.py
[2026-05-03T15:37:51.320+0000] {logging_mixin.py:151} INFO - [2026-05-03T15:37:51.320+0000] {dag.py:2915} INFO - Sync 1 DAGs
[2026-05-03T15:37:51.332+0000] {logging_mixin.py:151} INFO - [2026-05-03T15:37:51.332+0000] {dag.py:3696} INFO - Setting next_dagrun for retail_pipeline to 2026-05-03T15:30:00+00:00, run_after=2026-05-04T15:30:00+00:00
[2026-05-03T15:37:51.339+0000] {processor.py:179} INFO - Processing /opt/airflow/dags/retail_pipeline_dag.py took 0.067 seconds
[2026-05-03T15:38:21.606+0000] {processor.py:157} INFO - Started process (PID=7994) to work on /opt/airflow/dags/retail_pipeline_dag.py
[2026-05-03T15:38:21.607+0000] {processor.py:829} INFO - Processing file /opt/airflow/dags/retail_pipeline_dag.py for tasks to queue
[2026-05-03T15:38:21.608+0000] {logging_mixin.py:151} INFO - [2026-05-03T15:38:21.608+0000] {dagbag.py:539} INFO - Filling up the DagBag from /opt/airflow/dags/retail_pipeline_dag.py
[2026-05-03T15:38:21.631+0000] {processor.py:839} INFO - DAG(s) dict_keys(['retail_pipeline']) retrieved from /opt/airflow/dags/retail_pipeline_dag.py
[2026-05-03T15:38:21.673+0000] {logging_mixin.py:151} INFO - [2026-05-03T15:38:21.673+0000] {dag.py:2915} INFO - Sync 1 DAGs
[2026-05-03T15:38:21.688+0000] {logging_mixin.py:151} INFO - [2026-05-03T15:38:21.687+0000] {dag.py:3696} INFO - Setting next_dagrun for retail_pipeline to 2026-05-03T15:30:00+00:00, run_after=2026-05-04T15:30:00+00:00
[2026-05-03T15:38:21.697+0000] {processor.py:179} INFO - Processing /opt/airflow/dags/retail_pipeline_dag.py took 0.097 seconds
[2026-05-03T15:38:51.898+0000] {processor.py:157} INFO - Started process (PID=8004) to work on /opt/airflow/dags/retail_pipeline_dag.py
[2026-05-03T15:38:51.900+0000] {processor.py:829} INFO - Processing file /opt/airflow/dags/retail_pipeline_dag.py for tasks to queue
[2026-05-03T15:38:51.901+0000] {logging_mixin.py:151} INFO - [2026-05-03T15:38:51.901+0000] {dagbag.py:539} INFO - Filling up the DagBag from /opt/airflow/dags/retail_pipeline_dag.py
[2026-05-03T15:38:51.928+0000] {processor.py:839} INFO - DAG(s) dict_keys(['retail_pipeline']) retrieved from /opt/airflow/dags/retail_pipeline_dag.py
[2026-05-03T15:38:51.964+0000] {logging_mixin.py:151} INFO - [2026-05-03T15:38:51.964+0000] {dag.py:2915} INFO - Sync 1 DAGs
[2026-05-03T15:38:51.981+0000] {logging_mixin.py:151} INFO - [2026-05-03T15:38:51.980+0000] {dag.py:3696} INFO - Setting next_dagrun for retail_pipeline to 2026-05-03T15:30:00+00:00, run_after=2026-05-04T15:30:00+00:00
[2026-05-03T15:38:51.990+0000] {processor.py:179} INFO - Processing /opt/airflow/dags/retail_pipeline_dag.py took 0.098 seconds
[2026-05-03T15:39:22.100+0000] {processor.py:157} INFO - Started process (PID=8014) to work on /opt/airflow/dags/retail_pipeline_dag.py
[2026-05-03T15:39:22.101+0000] {processor.py:829} INFO - Processing file /opt/airflow/dags/retail_pipeline_dag.py for tasks to queue
[2026-05-03T15:39:22.102+0000] {logging_mixin.py:151} INFO - [2026-05-03T15:39:22.101+0000] {dagbag.py:539} INFO - Filling up the DagBag from /opt/airflow/dags/retail_pipeline_dag.py
[2026-05-03T15:39:22.118+0000] {processor.py:839} INFO - DAG(s) dict_keys(['retail_pipeline']) retrieved from /opt/airflow/dags/retail_pipeline_dag.py
[2026-05-03T15:39:22.144+0000] {logging_mixin.py:151} INFO - [2026-05-03T15:39:22.144+0000] {dag.py:2915} INFO - Sync 1 DAGs
[2026-05-03T15:39:22.158+0000] {logging_mixin.py:151} INFO - [2026-05-03T15:39:22.158+0000] {dag.py:3696} INFO - Setting next_dagrun for retail_pipeline to 2026-05-03T15:30:00+00:00, run_after=2026-05-04T15:30:00+00:00
[2026-05-03T15:39:22.166+0000] {processor.py:179} INFO - Processing /opt/airflow/dags/retail_pipeline_dag.py took 0.072 seconds
[2026-05-03T15:39:47.368+0000] {processor.py:157} INFO - Started process (PID=8024) to work on /opt/airflow/dags/retail_pipeline_dag.py
[2026-05-03T15:39:47.375+0000] {processor.py:829} INFO - Processing file /opt/airflow/dags/retail_pipeline_dag.py for tasks to queue
[2026-05-03T15:39:47.376+0000] {logging_mixin.py:151} INFO - [2026-05-03T15:39:47.375+0000] {dagbag.py:539} INFO - Filling up the DagBag from /opt/airflow/dags/retail_pipeline_dag.py
[2026-05-03T15:39:47.397+0000] {processor.py:839} INFO - DAG(s) dict_keys(['retail_pipeline']) retrieved from /opt/airflow/dags/retail_pipeline_dag.py
[2026-05-03T15:39:47.503+0000] {logging_mixin.py:151} INFO - [2026-05-03T15:39:47.502+0000] {security.py:708} INFO - Not syncing DAG-level permissions for DAG 'DAG:retail_pipeline' as access control is unset.
[2026-05-03T15:39:47.503+0000] {logging_mixin.py:151} INFO - [2026-05-03T15:39:47.503+0000] {dag.py:2915} INFO - Sync 1 DAGs
[2026-05-03T15:39:47.516+0000] {logging_mixin.py:151} INFO - [2026-05-03T15:39:47.516+0000] {dag.py:3696} INFO - Setting next_dagrun for retail_pipeline to 2026-05-03T15:30:00+00:00, run_after=2026-05-04T15:30:00+00:00
[2026-05-03T15:39:47.525+0000] {processor.py:179} INFO - Processing /opt/airflow/dags/retail_pipeline_dag.py took 0.170 seconds
[2026-05-03T15:40:17.577+0000] {processor.py:157} INFO - Started process (PID=8047) to work on /opt/airflow/dags/retail_pipeline_dag.py
[2026-05-03T15:40:17.579+0000] {processor.py:829} INFO - Processing file /opt/airflow/dags/retail_pipeline_dag.py for tasks to queue
[2026-05-03T15:40:17.580+0000] {logging_mixin.py:151} INFO - [2026-05-03T15:40:17.579+0000] {dagbag.py:539} INFO - Filling up the DagBag from /opt/airflow/dags/retail_pipeline_dag.py
[2026-05-03T15:40:17.601+0000] {processor.py:839} INFO - DAG(s) dict_keys(['retail_pipeline']) retrieved from /opt/airflow/dags/retail_pipeline_dag.py
[2026-05-03T15:40:17.629+0000] {logging_mixin.py:151} INFO - [2026-05-03T15:40:17.629+0000] {dag.py:2915} INFO - Sync 1 DAGs
[2026-05-03T15:40:17.644+0000] {logging_mixin.py:151} INFO - [2026-05-03T15:40:17.644+0000] {dag.py:3696} INFO - Setting next_dagrun for retail_pipeline to 2026-05-03T15:30:00+00:00, run_after=2026-05-04T15:30:00+00:00
[2026-05-03T15:40:17.652+0000] {processor.py:179} INFO - Processing /opt/airflow/dags/retail_pipeline_dag.py took 0.081 seconds
[2026-05-03T15:40:47.845+0000] {processor.py:157} INFO - Started process (PID=8057) to work on /opt/airflow/dags/retail_pipeline_dag.py
[2026-05-03T15:40:47.846+0000] {processor.py:829} INFO - Processing file /opt/airflow/dags/retail_pipeline_dag.py for tasks to queue
[2026-05-03T15:40:47.847+0000] {logging_mixin.py:151} INFO - [2026-05-03T15:40:47.846+0000] {dagbag.py:539} INFO - Filling up the DagBag from /opt/airflow/dags/retail_pipeline_dag.py
[2026-05-03T15:40:47.860+0000] {processor.py:839} INFO - DAG(s) dict_keys(['retail_pipeline']) retrieved from /opt/airflow/dags/retail_pipeline_dag.py
[2026-05-03T15:40:47.882+0000] {logging_mixin.py:151} INFO - [2026-05-03T15:40:47.882+0000] {dag.py:2915} INFO - Sync 1 DAGs
[2026-05-03T15:40:47.892+0000] {logging_mixin.py:151} INFO - [2026-05-03T15:40:47.892+0000] {dag.py:3696} INFO - Setting next_dagrun for retail_pipeline to 2026-05-03T15:30:00+00:00, run_after=2026-05-04T15:30:00+00:00
[2026-05-03T15:40:47.899+0000] {processor.py:179} INFO - Processing /opt/airflow/dags/retail_pipeline_dag.py took 0.059 seconds
[2026-05-03T15:41:18.110+0000] {processor.py:157} INFO - Started process (PID=8067) to work on /opt/airflow/dags/retail_pipeline_dag.py
[2026-05-03T15:41:18.112+0000] {processor.py:829} INFO - Processing file /opt/airflow/dags/retail_pipeline_dag.py for tasks to queue
[2026-05-03T15:41:18.112+0000] {logging_mixin.py:151} INFO - [2026-05-03T15:41:18.112+0000] {dagbag.py:539} INFO - Filling up the DagBag from /opt/airflow/dags/retail_pipeline_dag.py
[2026-05-03T15:41:18.126+0000] {processor.py:839} INFO - DAG(s) dict_keys(['retail_pipeline']) retrieved from /opt/airflow/dags/retail_pipeline_dag.py
[2026-05-03T15:41:18.145+0000] {logging_mixin.py:151} INFO - [2026-05-03T15:41:18.145+0000] {dag.py:2915} INFO - Sync 1 DAGs
[2026-05-03T15:41:18.156+0000] {logging_mixin.py:151} INFO - [2026-05-03T15:41:18.156+0000] {dag.py:3696} INFO - Setting next_dagrun for retail_pipeline to 2026-05-03T15:30:00+00:00, run_after=2026-05-04T15:30:00+00:00
[2026-05-03T15:41:18.163+0000] {processor.py:179} INFO - Processing /opt/airflow/dags/retail_pipeline_dag.py took 0.056 seconds
[2026-05-03T15:41:48.450+0000] {processor.py:157} INFO - Started process (PID=8077) to work on /opt/airflow/dags/retail_pipeline_dag.py
[2026-05-03T15:41:48.457+0000] {processor.py:829} INFO - Processing file /opt/airflow/dags/retail_pipeline_dag.py for tasks to queue
[2026-05-03T15:41:48.457+0000] {logging_mixin.py:151} INFO - [2026-05-03T15:41:48.457+0000] {dagbag.py:539} INFO - Filling up the DagBag from /opt/airflow/dags/retail_pipeline_dag.py
[2026-05-03T15:41:48.468+0000] {processor.py:839} INFO - DAG(s) dict_keys(['retail_pipeline']) retrieved from /opt/airflow/dags/retail_pipeline_dag.py
[2026-05-03T15:41:48.489+0000] {logging_mixin.py:151} INFO - [2026-05-03T15:41:48.489+0000] {dag.py:2915} INFO - Sync 1 DAGs
[2026-05-03T15:41:48.500+0000] {logging_mixin.py:151} INFO - [2026-05-03T15:41:48.500+0000] {dag.py:3696} INFO - Setting next_dagrun for retail_pipeline to 2026-05-03T15:30:00+00:00, run_after=2026-05-04T15:30:00+00:00
[2026-05-03T15:41:48.508+0000] {processor.py:179} INFO - Processing /opt/airflow/dags/retail_pipeline_dag.py took 0.063 seconds
[2026-05-03T15:42:18.827+0000] {processor.py:157} INFO - Started process (PID=8087) to work on /opt/airflow/dags/retail_pipeline_dag.py
[2026-05-03T15:42:18.831+0000] {processor.py:829} INFO - Processing file /opt/airflow/dags/retail_pipeline_dag.py for tasks to queue
[2026-05-03T15:42:18.832+0000] {logging_mixin.py:151} INFO - [2026-05-03T15:42:18.831+0000] {dagbag.py:539} INFO - Filling up the DagBag from /opt/airflow/dags/retail_pipeline_dag.py
[2026-05-03T15:42:18.850+0000] {processor.py:839} INFO - DAG(s) dict_keys(['retail_pipeline']) retrieved from /opt/airflow/dags/retail_pipeline_dag.py
[2026-05-03T15:42:18.884+0000] {logging_mixin.py:151} INFO - [2026-05-03T15:42:18.883+0000] {dag.py:2915} INFO - Sync 1 DAGs
[2026-05-03T15:42:18.897+0000] {logging_mixin.py:151} INFO - [2026-05-03T15:42:18.897+0000] {dag.py:3696} INFO - Setting next_dagrun for retail_pipeline to 2026-05-03T15:30:00+00:00, run_after=2026-05-04T15:30:00+00:00
[2026-05-03T15:42:18.904+0000] {processor.py:179} INFO - Processing /opt/airflow/dags/retail_pipeline_dag.py took 0.082 seconds
[2026-05-03T15:42:49.158+0000] {processor.py:157} INFO - Started process (PID=8097) to work on /opt/airflow/dags/retail_pipeline_dag.py
[2026-05-03T15:42:49.162+0000] {processor.py:829} INFO - Processing file /opt/airflow/dags/retail_pipeline_dag.py for tasks to queue
[2026-05-03T15:42:49.163+0000] {logging_mixin.py:151} INFO - [2026-05-03T15:42:49.163+0000] {dagbag.py:539} INFO - Filling up the DagBag from /opt/airflow/dags/retail_pipeline_dag.py
[2026-05-03T15:42:49.188+0000] {processor.py:839} INFO - DAG(s) dict_keys(['retail_pipeline']) retrieved from /opt/airflow/dags/retail_pipeline_dag.py
[2026-05-03T15:42:49.217+0000] {logging_mixin.py:151} INFO - [2026-05-03T15:42:49.217+0000] {dag.py:2915} INFO - Sync 1 DAGs
[2026-05-03T15:42:49.232+0000] {logging_mixin.py:151} INFO - [2026-05-03T15:42:49.232+0000] {dag.py:3696} INFO - Setting next_dagrun for retail_pipeline to 2026-05-03T15:30:00+00:00, run_after=2026-05-04T15:30:00+00:00
[2026-05-03T15:42:49.239+0000] {processor.py:179} INFO - Processing /opt/airflow/dags/retail_pipeline_dag.py took 0.087 seconds
[2026-05-03T15:43:19.474+0000] {processor.py:157} INFO - Started process (PID=8107) to work on /opt/airflow/dags/retail_pipeline_dag.py
[2026-05-03T15:43:19.478+0000] {processor.py:829} INFO - Processing file /opt/airflow/dags/retail_pipeline_dag.py for tasks to queue
[2026-05-03T15:43:19.479+0000] {logging_mixin.py:151} INFO - [2026-05-03T15:43:19.479+0000] {dagbag.py:539} INFO - Filling up the DagBag from /opt/airflow/dags/retail_pipeline_dag.py
[2026-05-03T15:43:19.501+0000] {processor.py:839} INFO - DAG(s) dict_keys(['retail_pipeline']) retrieved from /opt/airflow/dags/retail_pipeline_dag.py
[2026-05-03T15:43:19.530+0000] {logging_mixin.py:151} INFO - [2026-05-03T15:43:19.530+0000] {dag.py:2915} INFO - Sync 1 DAGs
[2026-05-03T15:43:19.544+0000] {logging_mixin.py:151} INFO - [2026-05-03T15:43:19.544+0000] {dag.py:3696} INFO - Setting next_dagrun for retail_pipeline to 2026-05-03T15:30:00+00:00, run_after=2026-05-04T15:30:00+00:00
[2026-05-03T15:43:19.552+0000] {processor.py:179} INFO - Processing /opt/airflow/dags/retail_pipeline_dag.py took 0.084 seconds
[2026-05-03T15:43:49.752+0000] {processor.py:157} INFO - Started process (PID=8117) to work on /opt/airflow/dags/retail_pipeline_dag.py
[2026-05-03T15:43:49.753+0000] {processor.py:829} INFO - Processing file /opt/airflow/dags/retail_pipeline_dag.py for tasks to queue
[2026-05-03T15:43:49.753+0000] {logging_mixin.py:151} INFO - [2026-05-03T15:43:49.753+0000] {dagbag.py:539} INFO - Filling up the DagBag from /opt/airflow/dags/retail_pipeline_dag.py
[2026-05-03T15:43:49.766+0000] {processor.py:839} INFO - DAG(s) dict_keys(['retail_pipeline']) retrieved from /opt/airflow/dags/retail_pipeline_dag.py
[2026-05-03T15:43:49.788+0000] {logging_mixin.py:151} INFO - [2026-05-03T15:43:49.788+0000] {dag.py:2915} INFO - Sync 1 DAGs
[2026-05-03T15:43:49.799+0000] {logging_mixin.py:151} INFO - [2026-05-03T15:43:49.799+0000] {dag.py:3696} INFO - Setting next_dagrun for retail_pipeline to 2026-05-03T15:30:00+00:00, run_after=2026-05-04T15:30:00+00:00
[2026-05-03T15:43:49.807+0000] {processor.py:179} INFO - Processing /opt/airflow/dags/retail_pipeline_dag.py took 0.060 seconds
[2026-05-03T15:44:20.019+0000] {processor.py:157} INFO - Started process (PID=8127) to work on /opt/airflow/dags/retail_pipeline_dag.py
[2026-05-03T15:44:20.022+0000] {processor.py:829} INFO - Processing file /opt/airflow/dags/retail_pipeline_dag.py for tasks to queue
[2026-05-03T15:44:20.023+0000] {logging_mixin.py:151} INFO - [2026-05-03T15:44:20.022+0000] {dagbag.py:539} INFO - Filling up the DagBag from /opt/airflow/dags/retail_pipeline_dag.py
[2026-05-03T15:44:20.045+0000] {processor.py:839} INFO - DAG(s) dict_keys(['retail_pipeline']) retrieved from /opt/airflow/dags/retail_pipeline_dag.py
[2026-05-03T15:44:20.082+0000] {logging_mixin.py:151} INFO - [2026-05-03T15:44:20.082+0000] {dag.py:2915} INFO - Sync 1 DAGs
[2026-05-03T15:44:20.098+0000] {logging_mixin.py:151} INFO - [2026-05-03T15:44:20.098+0000] {dag.py:3696} INFO - Setting next_dagrun for retail_pipeline to 2026-05-03T15:30:00+00:00, run_after=2026-05-04T15:30:00+00:00
[2026-05-03T15:44:20.109+0000] {processor.py:179} INFO - Processing /opt/airflow/dags/retail_pipeline_dag.py took 0.101 seconds
[2026-05-03T15:44:49.299+0000] {processor.py:157} INFO - Started process (PID=8137) to work on /opt/airflow/dags/retail_pipeline_dag.py
[2026-05-03T15:44:49.303+0000] {processor.py:829} INFO - Processing file /opt/airflow/dags/retail_pipeline_dag.py for tasks to queue
[2026-05-03T15:44:49.304+0000] {logging_mixin.py:151} INFO - [2026-05-03T15:44:49.303+0000] {dagbag.py:539} INFO - Filling up the DagBag from /opt/airflow/dags/retail_pipeline_dag.py
[2026-05-03T15:44:49.317+0000] {processor.py:839} INFO - DAG(s) dict_keys(['retail_pipeline']) retrieved from /opt/airflow/dags/retail_pipeline_dag.py
[2026-05-03T15:44:49.398+0000] {logging_mixin.py:151} INFO - [2026-05-03T15:44:49.398+0000] {security.py:708} INFO - Not syncing DAG-level permissions for DAG 'DAG:retail_pipeline' as access control is unset.
[2026-05-03T15:44:49.398+0000] {logging_mixin.py:151} INFO - [2026-05-03T15:44:49.398+0000] {dag.py:2915} INFO - Sync 1 DAGs
[2026-05-03T15:44:49.411+0000] {logging_mixin.py:151} INFO - [2026-05-03T15:44:49.410+0000] {dag.py:3696} INFO - Setting next_dagrun for retail_pipeline to 2026-05-03T15:30:00+00:00, run_after=2026-05-04T15:30:00+00:00
[2026-05-03T15:44:49.422+0000] {processor.py:179} INFO - Processing /opt/airflow/dags/retail_pipeline_dag.py took 0.127 seconds
[2026-05-03T15:45:03.465+0000] {processor.py:157} INFO - Started process (PID=8142) to work on /opt/airflow/dags/retail_pipeline_dag.py
[2026-05-03T15:45:03.467+0000] {processor.py:829} INFO - Processing file /opt/airflow/dags/retail_pipeline_dag.py for tasks to queue
[2026-05-03T15:45:03.473+0000] {logging_mixin.py:151} INFO - [2026-05-03T15:45:03.470+0000] {dagbag.py:539} INFO - Filling up the DagBag from /opt/airflow/dags/retail_pipeline_dag.py
[2026-05-03T15:45:03.505+0000] {processor.py:839} INFO - DAG(s) dict_keys(['retail_pipeline']) retrieved from /opt/airflow/dags/retail_pipeline_dag.py
[2026-05-03T15:45:03.533+0000] {logging_mixin.py:151} INFO - [2026-05-03T15:45:03.533+0000] {dag.py:2915} INFO - Sync 1 DAGs
[2026-05-03T15:45:03.565+0000] {logging_mixin.py:151} INFO - [2026-05-03T15:45:03.564+0000] {dag.py:3696} INFO - Setting next_dagrun for retail_pipeline to 2026-05-03T15:30:00+00:00, run_after=2026-05-04T15:30:00+00:00
[2026-05-03T15:45:03.583+0000] {processor.py:179} INFO - Processing /opt/airflow/dags/retail_pipeline_dag.py took 0.129 seconds
[2026-05-03T15:45:33.837+0000] {processor.py:157} INFO - Started process (PID=8164) to work on /opt/airflow/dags/retail_pipeline_dag.py
[2026-05-03T15:45:33.838+0000] {processor.py:829} INFO - Processing file /opt/airflow/dags/retail_pipeline_dag.py for tasks to queue
[2026-05-03T15:45:33.839+0000] {logging_mixin.py:151} INFO - [2026-05-03T15:45:33.839+0000] {dagbag.py:539} INFO - Filling up the DagBag from /opt/airflow/dags/retail_pipeline_dag.py
[2026-05-03T15:45:33.859+0000] {processor.py:839} INFO - DAG(s) dict_keys(['retail_pipeline']) retrieved from /opt/airflow/dags/retail_pipeline_dag.py
[2026-05-03T15:45:33.962+0000] {logging_mixin.py:151} INFO - [2026-05-03T15:45:33.962+0000] {security.py:708} INFO - Not syncing DAG-level permissions for DAG 'DAG:retail_pipeline' as access control is unset.
[2026-05-03T15:45:33.962+0000] {logging_mixin.py:151} INFO - [2026-05-03T15:45:33.962+0000] {dag.py:2915} INFO - Sync 1 DAGs
[2026-05-03T15:45:33.973+0000] {logging_mixin.py:151} INFO - [2026-05-03T15:45:33.972+0000] {dag.py:3696} INFO - Setting next_dagrun for retail_pipeline to 2026-05-03T15:30:00+00:00, run_after=2026-05-04T15:30:00+00:00
[2026-05-03T15:45:33.980+0000] {processor.py:179} INFO - Processing /opt/airflow/dags/retail_pipeline_dag.py took 0.147 seconds
[2026-05-03T15:46:04.166+0000] {processor.py:157} INFO - Started process (PID=8174) to work on /opt/airflow/dags/retail_pipeline_dag.py
[2026-05-03T15:46:04.168+0000] {processor.py:829} INFO - Processing file /opt/airflow/dags/retail_pipeline_dag.py for tasks to queue
[2026-05-03T15:46:04.169+0000] {logging_mixin.py:151} INFO - [2026-05-03T15:46:04.168+0000] {dagbag.py:539} INFO - Filling up the DagBag from /opt/airflow/dags/retail_pipeline_dag.py
[2026-05-03T15:46:04.193+0000] {processor.py:839} INFO - DAG(s) dict_keys(['retail_pipeline']) retrieved from /opt/airflow/dags/retail_pipeline_dag.py
[2026-05-03T15:46:04.237+0000] {logging_mixin.py:151} INFO - [2026-05-03T15:46:04.237+0000] {dag.py:2915} INFO - Sync 1 DAGs
[2026-05-03T15:46:04.251+0000] {logging_mixin.py:151} INFO - [2026-05-03T15:46:04.251+0000] {dag.py:3696} INFO - Setting next_dagrun for retail_pipeline to 2026-05-03T15:30:00+00:00, run_after=2026-05-04T15:30:00+00:00
[2026-05-03T15:46:04.259+0000] {processor.py:179} INFO - Processing /opt/airflow/dags/retail_pipeline_dag.py took 0.099 seconds
[2026-05-03T15:46:34.401+0000] {processor.py:157} INFO - Started process (PID=8184) to work on /opt/airflow/dags/retail_pipeline_dag.py
[2026-05-03T15:46:34.403+0000] {processor.py:829} INFO - Processing file /opt/airflow/dags/retail_pipeline_dag.py for tasks to queue
[2026-05-03T15:46:34.405+0000] {logging_mixin.py:151} INFO - [2026-05-03T15:46:34.404+0000] {dagbag.py:539} INFO - Filling up the DagBag from /opt/airflow/dags/retail_pipeline_dag.py
[2026-05-03T15:46:34.436+0000] {processor.py:839} INFO - DAG(s) dict_keys(['retail_pipeline']) retrieved from /opt/airflow/dags/retail_pipeline_dag.py
[2026-05-03T15:46:34.478+0000] {logging_mixin.py:151} INFO - [2026-05-03T15:46:34.478+0000] {dag.py:2915} INFO - Sync 1 DAGs
[2026-05-03T15:46:34.497+0000] {logging_mixin.py:151} INFO - [2026-05-03T15:46:34.497+0000] {dag.py:3696} INFO - Setting next_dagrun for retail_pipeline to 2026-05-03T15:30:00+00:00, run_after=2026-05-04T15:30:00+00:00
[2026-05-03T15:46:34.510+0000] {processor.py:179} INFO - Processing /opt/airflow/dags/retail_pipeline_dag.py took 0.120 seconds
[2026-05-03T15:47:04.840+0000] {processor.py:157} INFO - Started process (PID=8194) to work on /opt/airflow/dags/retail_pipeline_dag.py
[2026-05-03T15:47:04.846+0000] {processor.py:829} INFO - Processing file /opt/airflow/dags/retail_pipeline_dag.py for tasks to queue
[2026-05-03T15:47:04.857+0000] {logging_mixin.py:151} INFO - [2026-05-03T15:47:04.850+0000] {dagbag.py:539} INFO - Filling up the DagBag from /opt/airflow/dags/retail_pipeline_dag.py
[2026-05-03T15:47:04.919+0000] {processor.py:839} INFO - DAG(s) dict_keys(['retail_pipeline']) retrieved from /opt/airflow/dags/retail_pipeline_dag.py
[2026-05-03T15:47:04.968+0000] {logging_mixin.py:151} INFO - [2026-05-03T15:47:04.968+0000] {dag.py:2915} INFO - Sync 1 DAGs
[2026-05-03T15:47:04.989+0000] {logging_mixin.py:151} INFO - [2026-05-03T15:47:04.989+0000] {dag.py:3696} INFO - Setting next_dagrun for retail_pipeline to 2026-05-03T15:30:00+00:00, run_after=2026-05-04T15:30:00+00:00
[2026-05-03T15:47:05.000+0000] {processor.py:179} INFO - Processing /opt/airflow/dags/retail_pipeline_dag.py took 0.202 seconds
[2026-05-03T15:47:35.067+0000] {processor.py:157} INFO - Started process (PID=8205) to work on /opt/airflow/dags/retail_pipeline_dag.py
[2026-05-03T15:47:35.070+0000] {processor.py:829} INFO - Processing file /opt/airflow/dags/retail_pipeline_dag.py for tasks to queue
[2026-05-03T15:47:35.072+0000] {logging_mixin.py:151} INFO - [2026-05-03T15:47:35.071+0000] {dagbag.py:539} INFO - Filling up the DagBag from /opt/airflow/dags/retail_pipeline_dag.py
[2026-05-03T15:47:35.104+0000] {processor.py:839} INFO - DAG(s) dict_keys(['retail_pipeline']) retrieved from /opt/airflow/dags/retail_pipeline_dag.py
[2026-05-03T15:47:35.158+0000] {logging_mixin.py:151} INFO - [2026-05-03T15:47:35.158+0000] {dag.py:2915} INFO - Sync 1 DAGs
[2026-05-03T15:47:35.177+0000] {logging_mixin.py:151} INFO - [2026-05-03T15:47:35.176+0000] {dag.py:3696} INFO - Setting next_dagrun for retail_pipeline to 2026-05-03T15:30:00+00:00, run_after=2026-05-04T15:30:00+00:00
[2026-05-03T15:47:35.186+0000] {processor.py:179} INFO - Processing /opt/airflow/dags/retail_pipeline_dag.py took 0.129 seconds
[2026-05-03T15:48:05.442+0000] {processor.py:157} INFO - Started process (PID=8215) to work on /opt/airflow/dags/retail_pipeline_dag.py
[2026-05-03T15:48:05.443+0000] {processor.py:829} INFO - Processing file /opt/airflow/dags/retail_pipeline_dag.py for tasks to queue
[2026-05-03T15:48:05.449+0000] {logging_mixin.py:151} INFO - [2026-05-03T15:48:05.446+0000] {dagbag.py:539} INFO - Filling up the DagBag from /opt/airflow/dags/retail_pipeline_dag.py
[2026-05-03T15:48:05.494+0000] {processor.py:839} INFO - DAG(s) dict_keys(['retail_pipeline']) retrieved from /opt/airflow/dags/retail_pipeline_dag.py
[2026-05-03T15:48:05.561+0000] {logging_mixin.py:151} INFO - [2026-05-03T15:48:05.561+0000] {dag.py:2915} INFO - Sync 1 DAGs
[2026-05-03T15:48:05.588+0000] {logging_mixin.py:151} INFO - [2026-05-03T15:48:05.588+0000] {dag.py:3696} INFO - Setting next_dagrun for retail_pipeline to 2026-05-03T15:30:00+00:00, run_after=2026-05-04T15:30:00+00:00
[2026-05-03T15:48:05.598+0000] {processor.py:179} INFO - Processing /opt/airflow/dags/retail_pipeline_dag.py took 0.168 seconds
[2026-05-03T15:48:35.669+0000] {processor.py:157} INFO - Started process (PID=8225) to work on /opt/airflow/dags/retail_pipeline_dag.py
[2026-05-03T15:48:35.673+0000] {processor.py:829} INFO - Processing file /opt/airflow/dags/retail_pipeline_dag.py for tasks to queue
[2026-05-03T15:48:35.675+0000] {logging_mixin.py:151} INFO - [2026-05-03T15:48:35.674+0000] {dagbag.py:539} INFO - Filling up the DagBag from /opt/airflow/dags/retail_pipeline_dag.py
[2026-05-03T15:48:35.703+0000] {processor.py:839} INFO - DAG(s) dict_keys(['retail_pipeline']) retrieved from /opt/airflow/dags/retail_pipeline_dag.py
[2026-05-03T15:48:35.743+0000] {logging_mixin.py:151} INFO - [2026-05-03T15:48:35.743+0000] {dag.py:2915} INFO - Sync 1 DAGs
[2026-05-03T15:48:35.761+0000] {logging_mixin.py:151} INFO - [2026-05-03T15:48:35.761+0000] {dag.py:3696} INFO - Setting next_dagrun for retail_pipeline to 2026-05-03T15:30:00+00:00, run_after=2026-05-04T15:30:00+00:00
[2026-05-03T15:48:35.771+0000] {processor.py:179} INFO - Processing /opt/airflow/dags/retail_pipeline_dag.py took 0.108 seconds
[2026-05-03T15:49:06.020+0000] {processor.py:157} INFO - Started process (PID=8235) to work on /opt/airflow/dags/retail_pipeline_dag.py
[2026-05-03T15:49:06.021+0000] {processor.py:829} INFO - Processing file /opt/airflow/dags/retail_pipeline_dag.py for tasks to queue
[2026-05-03T15:49:06.022+0000] {logging_mixin.py:151} INFO - [2026-05-03T15:49:06.021+0000] {dagbag.py:539} INFO - Filling up the DagBag from /opt/airflow/dags/retail_pipeline_dag.py
[2026-05-03T15:49:06.045+0000] {processor.py:839} INFO - DAG(s) dict_keys(['retail_pipeline']) retrieved from /opt/airflow/dags/retail_pipeline_dag.py
[2026-05-03T15:49:06.088+0000] {logging_mixin.py:151} INFO - [2026-05-03T15:49:06.088+0000] {dag.py:2915} INFO - Sync 1 DAGs
[2026-05-03T15:49:06.100+0000] {logging_mixin.py:151} INFO - [2026-05-03T15:49:06.100+0000] {dag.py:3696} INFO - Setting next_dagrun for retail_pipeline to 2026-05-03T15:30:00+00:00, run_after=2026-05-04T15:30:00+00:00
[2026-05-03T15:49:06.109+0000] {processor.py:179} INFO - Processing /opt/airflow/dags/retail_pipeline_dag.py took 0.095 seconds
[2026-05-03T15:49:36.291+0000] {processor.py:157} INFO - Started process (PID=8248) to work on /opt/airflow/dags/retail_pipeline_dag.py
[2026-05-03T15:49:36.293+0000] {processor.py:829} INFO - Processing file /opt/airflow/dags/retail_pipeline_dag.py for tasks to queue
[2026-05-03T15:49:36.295+0000] {logging_mixin.py:151} INFO - [2026-05-03T15:49:36.294+0000] {dagbag.py:539} INFO - Filling up the DagBag from /opt/airflow/dags/retail_pipeline_dag.py
[2026-05-03T15:49:36.319+0000] {processor.py:839} INFO - DAG(s) dict_keys(['retail_pipeline']) retrieved from /opt/airflow/dags/retail_pipeline_dag.py
[2026-05-03T15:49:36.370+0000] {logging_mixin.py:151} INFO - [2026-05-03T15:49:36.370+0000] {dag.py:2915} INFO - Sync 1 DAGs
[2026-05-03T15:49:36.385+0000] {logging_mixin.py:151} INFO - [2026-05-03T15:49:36.384+0000] {dag.py:3696} INFO - Setting next_dagrun for retail_pipeline to 2026-05-03T15:30:00+00:00, run_after=2026-05-04T15:30:00+00:00
[2026-05-03T15:49:36.395+0000] {processor.py:179} INFO - Processing /opt/airflow/dags/retail_pipeline_dag.py took 0.112 seconds
[2026-05-03T15:50:06.531+0000] {processor.py:157} INFO - Started process (PID=8258) to work on /opt/airflow/dags/retail_pipeline_dag.py
[2026-05-03T15:50:06.535+0000] {processor.py:829} INFO - Processing file /opt/airflow/dags/retail_pipeline_dag.py for tasks to queue
[2026-05-03T15:50:06.537+0000] {logging_mixin.py:151} INFO - [2026-05-03T15:50:06.536+0000] {dagbag.py:539} INFO - Filling up the DagBag from /opt/airflow/dags/retail_pipeline_dag.py
[2026-05-03T15:50:06.577+0000] {processor.py:839} INFO - DAG(s) dict_keys(['retail_pipeline']) retrieved from /opt/airflow/dags/retail_pipeline_dag.py
[2026-05-03T15:50:06.650+0000] {logging_mixin.py:151} INFO - [2026-05-03T15:50:06.650+0000] {dag.py:2915} INFO - Sync 1 DAGs
[2026-05-03T15:50:06.666+0000] {logging_mixin.py:151} INFO - [2026-05-03T15:50:06.666+0000] {dag.py:3696} INFO - Setting next_dagrun for retail_pipeline to 2026-05-03T15:30:00+00:00, run_after=2026-05-04T15:30:00+00:00
[2026-05-03T15:50:06.675+0000] {processor.py:179} INFO - Processing /opt/airflow/dags/retail_pipeline_dag.py took 0.160 seconds
[2026-05-03T15:50:36.827+0000] {processor.py:157} INFO - Started process (PID=8268) to work on /opt/airflow/dags/retail_pipeline_dag.py
[2026-05-03T15:50:36.830+0000] {processor.py:829} INFO - Processing file /opt/airflow/dags/retail_pipeline_dag.py for tasks to queue
[2026-05-03T15:50:36.836+0000] {logging_mixin.py:151} INFO - [2026-05-03T15:50:36.835+0000] {dagbag.py:539} INFO - Filling up the DagBag from /opt/airflow/dags/retail_pipeline_dag.py
[2026-05-03T15:50:36.871+0000] {processor.py:839} INFO - DAG(s) dict_keys(['retail_pipeline']) retrieved from /opt/airflow/dags/retail_pipeline_dag.py
[2026-05-03T15:50:36.927+0000] {logging_mixin.py:151} INFO - [2026-05-03T15:50:36.927+0000] {dag.py:2915} INFO - Sync 1 DAGs
[2026-05-03T15:50:36.946+0000] {logging_mixin.py:151} INFO - [2026-05-03T15:50:36.946+0000] {dag.py:3696} INFO - Setting next_dagrun for retail_pipeline to 2026-05-03T15:30:00+00:00, run_after=2026-05-04T15:30:00+00:00
[2026-05-03T15:50:36.962+0000] {processor.py:179} INFO - Processing /opt/airflow/dags/retail_pipeline_dag.py took 0.152 seconds
[2026-05-03T15:51:07.224+0000] {processor.py:157} INFO - Started process (PID=8278) to work on /opt/airflow/dags/retail_pipeline_dag.py
[2026-05-03T15:51:07.226+0000] {processor.py:829} INFO - Processing file /opt/airflow/dags/retail_pipeline_dag.py for tasks to queue
[2026-05-03T15:51:07.228+0000] {logging_mixin.py:151} INFO - [2026-05-03T15:51:07.227+0000] {dagbag.py:539} INFO - Filling up the DagBag from /opt/airflow/dags/retail_pipeline_dag.py
[2026-05-03T15:51:07.264+0000] {processor.py:839} INFO - DAG(s) dict_keys(['retail_pipeline']) retrieved from /opt/airflow/dags/retail_pipeline_dag.py
[2026-05-03T15:51:07.370+0000] {logging_mixin.py:151} INFO - [2026-05-03T15:51:07.369+0000] {dag.py:2915} INFO - Sync 1 DAGs
[2026-05-03T15:51:07.385+0000] {logging_mixin.py:151} INFO - [2026-05-03T15:51:07.384+0000] {dag.py:3696} INFO - Setting next_dagrun for retail_pipeline to 2026-05-03T15:30:00+00:00, run_after=2026-05-04T15:30:00+00:00
[2026-05-03T15:51:07.395+0000] {processor.py:179} INFO - Processing /opt/airflow/dags/retail_pipeline_dag.py took 0.187 seconds
[2026-05-03T15:51:37.467+0000] {processor.py:157} INFO - Started process (PID=8288) to work on /opt/airflow/dags/retail_pipeline_dag.py
[2026-05-03T15:51:37.468+0000] {processor.py:829} INFO - Processing file /opt/airflow/dags/retail_pipeline_dag.py for tasks to queue
[2026-05-03T15:51:37.470+0000] {logging_mixin.py:151} INFO - [2026-05-03T15:51:37.469+0000] {dagbag.py:539} INFO - Filling up the DagBag from /opt/airflow/dags/retail_pipeline_dag.py
[2026-05-03T15:51:37.490+0000] {processor.py:839} INFO - DAG(s) dict_keys(['retail_pipeline']) retrieved from /opt/airflow/dags/retail_pipeline_dag.py
[2026-05-03T15:51:37.540+0000] {logging_mixin.py:151} INFO - [2026-05-03T15:51:37.540+0000] {dag.py:2915} INFO - Sync 1 DAGs
[2026-05-03T15:51:37.552+0000] {logging_mixin.py:151} INFO - [2026-05-03T15:51:37.552+0000] {dag.py:3696} INFO - Setting next_dagrun for retail_pipeline to 2026-05-03T15:30:00+00:00, run_after=2026-05-04T15:30:00+00:00
[2026-05-03T15:51:37.560+0000] {processor.py:179} INFO - Processing /opt/airflow/dags/retail_pipeline_dag.py took 0.099 seconds
[2026-05-03T15:52:07.875+0000] {processor.py:157} INFO - Started process (PID=8303) to work on /opt/airflow/dags/retail_pipeline_dag.py
[2026-05-03T15:52:07.877+0000] {processor.py:829} INFO - Processing file /opt/airflow/dags/retail_pipeline_dag.py for tasks to queue
[2026-05-03T15:52:07.878+0000] {logging_mixin.py:151} INFO - [2026-05-03T15:52:07.877+0000] {dagbag.py:539} INFO - Filling up the DagBag from /opt/airflow/dags/retail_pipeline_dag.py
[2026-05-03T15:52:07.912+0000] {processor.py:839} INFO - DAG(s) dict_keys(['retail_pipeline']) retrieved from /opt/airflow/dags/retail_pipeline_dag.py
[2026-05-03T15:52:07.961+0000] {logging_mixin.py:151} INFO - [2026-05-03T15:52:07.960+0000] {dag.py:2915} INFO - Sync 1 DAGs
[2026-05-03T15:52:07.972+0000] {logging_mixin.py:151} INFO - [2026-05-03T15:52:07.972+0000] {dag.py:3696} INFO - Setting next_dagrun for retail_pipeline to 2026-05-03T15:30:00+00:00, run_after=2026-05-04T15:30:00+00:00
[2026-05-03T15:52:07.980+0000] {processor.py:179} INFO - Processing /opt/airflow/dags/retail_pipeline_dag.py took 0.112 seconds
[2026-05-03T15:52:38.245+0000] {processor.py:157} INFO - Started process (PID=8328) to work on /opt/airflow/dags/retail_pipeline_dag.py
[2026-05-03T15:52:38.247+0000] {processor.py:829} INFO - Processing file /opt/airflow/dags/retail_pipeline_dag.py for tasks to queue
[2026-05-03T15:52:38.248+0000] {logging_mixin.py:151} INFO - [2026-05-03T15:52:38.247+0000] {dagbag.py:539} INFO - Filling up the DagBag from /opt/airflow/dags/retail_pipeline_dag.py
[2026-05-03T15:52:38.265+0000] {processor.py:839} INFO - DAG(s) dict_keys(['retail_pipeline']) retrieved from /opt/airflow/dags/retail_pipeline_dag.py
[2026-05-03T15:52:38.290+0000] {logging_mixin.py:151} INFO - [2026-05-03T15:52:38.290+0000] {dag.py:2915} INFO - Sync 1 DAGs
[2026-05-03T15:52:38.303+0000] {logging_mixin.py:151} INFO - [2026-05-03T15:52:38.303+0000] {dag.py:3696} INFO - Setting next_dagrun for retail_pipeline to 2026-05-03T15:30:00+00:00, run_after=2026-05-04T15:30:00+00:00
[2026-05-03T15:52:38.310+0000] {processor.py:179} INFO - Processing /opt/airflow/dags/retail_pipeline_dag.py took 0.078 seconds
[2026-05-03T15:53:08.535+0000] {processor.py:157} INFO - Started process (PID=8338) to work on /opt/airflow/dags/retail_pipeline_dag.py
[2026-05-03T15:53:08.537+0000] {processor.py:829} INFO - Processing file /opt/airflow/dags/retail_pipeline_dag.py for tasks to queue
[2026-05-03T15:53:08.538+0000] {logging_mixin.py:151} INFO - [2026-05-03T15:53:08.537+0000] {dagbag.py:539} INFO - Filling up the DagBag from /opt/airflow/dags/retail_pipeline_dag.py
[2026-05-03T15:53:08.556+0000] {processor.py:839} INFO - DAG(s) dict_keys(['retail_pipeline']) retrieved from /opt/airflow/dags/retail_pipeline_dag.py
[2026-05-03T15:53:08.585+0000] {logging_mixin.py:151} INFO - [2026-05-03T15:53:08.585+0000] {dag.py:2915} INFO - Sync 1 DAGs
[2026-05-03T15:53:08.602+0000] {logging_mixin.py:151} INFO - [2026-05-03T15:53:08.601+0000] {dag.py:3696} INFO - Setting next_dagrun for retail_pipeline to 2026-05-03T15:30:00+00:00, run_after=2026-05-04T15:30:00+00:00
[2026-05-03T15:53:08.611+0000] {processor.py:179} INFO - Processing /opt/airflow/dags/retail_pipeline_dag.py took 0.082 seconds
[2026-05-03T15:53:38.834+0000] {processor.py:157} INFO - Started process (PID=8348) to work on /opt/airflow/dags/retail_pipeline_dag.py
[2026-05-03T15:53:38.835+0000] {processor.py:829} INFO - Processing file /opt/airflow/dags/retail_pipeline_dag.py for tasks to queue
[2026-05-03T15:53:38.836+0000] {logging_mixin.py:151} INFO - [2026-05-03T15:53:38.835+0000] {dagbag.py:539} INFO - Filling up the DagBag from /opt/airflow/dags/retail_pipeline_dag.py
[2026-05-03T15:53:38.848+0000] {processor.py:839} INFO - DAG(s) dict_keys(['retail_pipeline']) retrieved from /opt/airflow/dags/retail_pipeline_dag.py
[2026-05-03T15:53:38.870+0000] {logging_mixin.py:151} INFO - [2026-05-03T15:53:38.870+0000] {dag.py:2915} INFO - Sync 1 DAGs
[2026-05-03T15:53:38.882+0000] {logging_mixin.py:151} INFO - [2026-05-03T15:53:38.882+0000] {dag.py:3696} INFO - Setting next_dagrun for retail_pipeline to 2026-05-03T15:30:00+00:00, run_after=2026-05-04T15:30:00+00:00
[2026-05-03T15:53:38.888+0000] {processor.py:179} INFO - Processing /opt/airflow/dags/retail_pipeline_dag.py took 0.059 seconds
[2026-05-03T15:54:09.150+0000] {processor.py:157} INFO - Started process (PID=8358) to work on /opt/airflow/dags/retail_pipeline_dag.py
[2026-05-03T15:54:09.152+0000] {processor.py:829} INFO - Processing file /opt/airflow/dags/retail_pipeline_dag.py for tasks to queue
[2026-05-03T15:54:09.152+0000] {logging_mixin.py:151} INFO - [2026-05-03T15:54:09.152+0000] {dagbag.py:539} INFO - Filling up the DagBag from /opt/airflow/dags/retail_pipeline_dag.py
[2026-05-03T15:54:09.165+0000] {processor.py:839} INFO - DAG(s) dict_keys(['retail_pipeline']) retrieved from /opt/airflow/dags/retail_pipeline_dag.py
[2026-05-03T15:54:09.185+0000] {logging_mixin.py:151} INFO - [2026-05-03T15:54:09.185+0000] {dag.py:2915} INFO - Sync 1 DAGs
[2026-05-03T15:54:09.197+0000] {logging_mixin.py:151} INFO - [2026-05-03T15:54:09.197+0000] {dag.py:3696} INFO - Setting next_dagrun for retail_pipeline to 2026-05-03T15:30:00+00:00, run_after=2026-05-04T15:30:00+00:00
[2026-05-03T15:54:09.204+0000] {processor.py:179} INFO - Processing /opt/airflow/dags/retail_pipeline_dag.py took 0.059 seconds
[2026-05-03T15:54:39.403+0000] {processor.py:157} INFO - Started process (PID=8368) to work on /opt/airflow/dags/retail_pipeline_dag.py
[2026-05-03T15:54:39.404+0000] {processor.py:829} INFO - Processing file /opt/airflow/dags/retail_pipeline_dag.py for tasks to queue
[2026-05-03T15:54:39.405+0000] {logging_mixin.py:151} INFO - [2026-05-03T15:54:39.405+0000] {dagbag.py:539} INFO - Filling up the DagBag from /opt/airflow/dags/retail_pipeline_dag.py
[2026-05-03T15:54:39.415+0000] {processor.py:839} INFO - DAG(s) dict_keys(['retail_pipeline']) retrieved from /opt/airflow/dags/retail_pipeline_dag.py
[2026-05-03T15:54:39.433+0000] {logging_mixin.py:151} INFO - [2026-05-03T15:54:39.433+0000] {dag.py:2915} INFO - Sync 1 DAGs
[2026-05-03T15:54:39.443+0000] {logging_mixin.py:151} INFO - [2026-05-03T15:54:39.443+0000] {dag.py:3696} INFO - Setting next_dagrun for retail_pipeline to 2026-05-03T15:30:00+00:00, run_after=2026-05-04T15:30:00+00:00
[2026-05-03T15:54:39.449+0000] {processor.py:179} INFO - Processing /opt/airflow/dags/retail_pipeline_dag.py took 0.051 seconds
[2026-05-03T15:55:09.691+0000] {processor.py:157} INFO - Started process (PID=8378) to work on /opt/airflow/dags/retail_pipeline_dag.py
[2026-05-03T15:55:09.692+0000] {processor.py:829} INFO - Processing file /opt/airflow/dags/retail_pipeline_dag.py for tasks to queue
[2026-05-03T15:55:09.693+0000] {logging_mixin.py:151} INFO - [2026-05-03T15:55:09.693+0000] {dagbag.py:539} INFO - Filling up the DagBag from /opt/airflow/dags/retail_pipeline_dag.py
[2026-05-03T15:55:09.710+0000] {processor.py:839} INFO - DAG(s) dict_keys(['retail_pipeline']) retrieved from /opt/airflow/dags/retail_pipeline_dag.py
[2026-05-03T15:55:09.732+0000] {logging_mixin.py:151} INFO - [2026-05-03T15:55:09.732+0000] {dag.py:2915} INFO - Sync 1 DAGs
[2026-05-03T15:55:09.744+0000] {logging_mixin.py:151} INFO - [2026-05-03T15:55:09.744+0000] {dag.py:3696} INFO - Setting next_dagrun for retail_pipeline to 2026-05-03T15:30:00+00:00, run_after=2026-05-04T15:30:00+00:00
[2026-05-03T15:55:09.751+0000] {processor.py:179} INFO - Processing /opt/airflow/dags/retail_pipeline_dag.py took 0.066 seconds
[2026-05-03T15:55:39.981+0000] {processor.py:157} INFO - Started process (PID=8388) to work on /opt/airflow/dags/retail_pipeline_dag.py
[2026-05-03T15:55:39.983+0000] {processor.py:829} INFO - Processing file /opt/airflow/dags/retail_pipeline_dag.py for tasks to queue
[2026-05-03T15:55:39.984+0000] {logging_mixin.py:151} INFO - [2026-05-03T15:55:39.983+0000] {dagbag.py:539} INFO - Filling up the DagBag from /opt/airflow/dags/retail_pipeline_dag.py
[2026-05-03T15:55:40.001+0000] {processor.py:839} INFO - DAG(s) dict_keys(['retail_pipeline']) retrieved from /opt/airflow/dags/retail_pipeline_dag.py
[2026-05-03T15:55:40.023+0000] {logging_mixin.py:151} INFO - [2026-05-03T15:55:40.023+0000] {dag.py:2915} INFO - Sync 1 DAGs
[2026-05-03T15:55:40.033+0000] {logging_mixin.py:151} INFO - [2026-05-03T15:55:40.033+0000] {dag.py:3696} INFO - Setting next_dagrun for retail_pipeline to 2026-05-03T15:30:00+00:00, run_after=2026-05-04T15:30:00+00:00
[2026-05-03T15:55:40.040+0000] {processor.py:179} INFO - Processing /opt/airflow/dags/retail_pipeline_dag.py took 0.066 seconds
[2026-05-03T15:56:01.199+0000] {processor.py:157} INFO - Started process (PID=8398) to work on /opt/airflow/dags/retail_pipeline_dag.py
[2026-05-03T15:56:01.200+0000] {processor.py:829} INFO - Processing file /opt/airflow/dags/retail_pipeline_dag.py for tasks to queue
[2026-05-03T15:56:01.201+0000] {logging_mixin.py:151} INFO - [2026-05-03T15:56:01.201+0000] {dagbag.py:539} INFO - Filling up the DagBag from /opt/airflow/dags/retail_pipeline_dag.py
[2026-05-03T15:56:01.213+0000] {processor.py:839} INFO - DAG(s) dict_keys(['retail_pipeline']) retrieved from /opt/airflow/dags/retail_pipeline_dag.py
[2026-05-03T15:56:01.303+0000] {logging_mixin.py:151} INFO - [2026-05-03T15:56:01.302+0000] {security.py:708} INFO - Not syncing DAG-level permissions for DAG 'DAG:retail_pipeline' as access control is unset.
[2026-05-03T15:56:01.303+0000] {logging_mixin.py:151} INFO - [2026-05-03T15:56:01.303+0000] {dag.py:2915} INFO - Sync 1 DAGs
[2026-05-03T15:56:01.311+0000] {logging_mixin.py:151} INFO - [2026-05-03T15:56:01.311+0000] {dag.py:3696} INFO - Setting next_dagrun for retail_pipeline to 2026-05-03T15:30:00+00:00, run_after=2026-05-04T15:30:00+00:00
[2026-05-03T15:56:01.318+0000] {processor.py:179} INFO - Processing /opt/airflow/dags/retail_pipeline_dag.py took 0.125 seconds
[2026-05-03T15:56:31.536+0000] {processor.py:157} INFO - Started process (PID=8408) to work on /opt/airflow/dags/retail_pipeline_dag.py
[2026-05-03T15:56:31.540+0000] {processor.py:829} INFO - Processing file /opt/airflow/dags/retail_pipeline_dag.py for tasks to queue
[2026-05-03T15:56:31.541+0000] {logging_mixin.py:151} INFO - [2026-05-03T15:56:31.540+0000] {dagbag.py:539} INFO - Filling up the DagBag from /opt/airflow/dags/retail_pipeline_dag.py
[2026-05-03T15:56:31.554+0000] {processor.py:839} INFO - DAG(s) dict_keys(['retail_pipeline']) retrieved from /opt/airflow/dags/retail_pipeline_dag.py
[2026-05-03T15:56:31.572+0000] {logging_mixin.py:151} INFO - [2026-05-03T15:56:31.572+0000] {dag.py:2915} INFO - Sync 1 DAGs
[2026-05-03T15:56:31.581+0000] {logging_mixin.py:151} INFO - [2026-05-03T15:56:31.581+0000] {dag.py:3696} INFO - Setting next_dagrun for retail_pipeline to 2026-05-03T15:30:00+00:00, run_after=2026-05-04T15:30:00+00:00
[2026-05-03T15:56:31.587+0000] {processor.py:179} INFO - Processing /opt/airflow/dags/retail_pipeline_dag.py took 0.055 seconds
[2026-05-03T15:57:01.818+0000] {processor.py:157} INFO - Started process (PID=8418) to work on /opt/airflow/dags/retail_pipeline_dag.py
[2026-05-03T15:57:01.819+0000] {processor.py:829} INFO - Processing file /opt/airflow/dags/retail_pipeline_dag.py for tasks to queue
[2026-05-03T15:57:01.820+0000] {logging_mixin.py:151} INFO - [2026-05-03T15:57:01.819+0000] {dagbag.py:539} INFO - Filling up the DagBag from /opt/airflow/dags/retail_pipeline_dag.py
[2026-05-03T15:57:01.843+0000] {processor.py:839} INFO - DAG(s) dict_keys(['retail_pipeline']) retrieved from /opt/airflow/dags/retail_pipeline_dag.py
[2026-05-03T15:57:01.879+0000] {logging_mixin.py:151} INFO - [2026-05-03T15:57:01.879+0000] {dag.py:2915} INFO - Sync 1 DAGs
[2026-05-03T15:57:01.899+0000] {logging_mixin.py:151} INFO - [2026-05-03T15:57:01.899+0000] {dag.py:3696} INFO - Setting next_dagrun for retail_pipeline to 2026-05-03T15:30:00+00:00, run_after=2026-05-04T15:30:00+00:00
[2026-05-03T15:57:01.910+0000] {processor.py:179} INFO - Processing /opt/airflow/dags/retail_pipeline_dag.py took 0.097 seconds
[2026-05-03T15:57:32.118+0000] {processor.py:157} INFO - Started process (PID=8428) to work on /opt/airflow/dags/retail_pipeline_dag.py
[2026-05-03T15:57:32.121+0000] {processor.py:829} INFO - Processing file /opt/airflow/dags/retail_pipeline_dag.py for tasks to queue
[2026-05-03T15:57:32.122+0000] {logging_mixin.py:151} INFO - [2026-05-03T15:57:32.122+0000] {dagbag.py:539} INFO - Filling up the DagBag from /opt/airflow/dags/retail_pipeline_dag.py
[2026-05-03T15:57:32.134+0000] {processor.py:839} INFO - DAG(s) dict_keys(['retail_pipeline']) retrieved from /opt/airflow/dags/retail_pipeline_dag.py
[2026-05-03T15:57:32.155+0000] {logging_mixin.py:151} INFO - [2026-05-03T15:57:32.155+0000] {dag.py:2915} INFO - Sync 1 DAGs
[2026-05-03T15:57:32.166+0000] {logging_mixin.py:151} INFO - [2026-05-03T15:57:32.166+0000] {dag.py:3696} INFO - Setting next_dagrun for retail_pipeline to 2026-05-03T15:30:00+00:00, run_after=2026-05-04T15:30:00+00:00
[2026-05-03T15:57:32.172+0000] {processor.py:179} INFO - Processing /opt/airflow/dags/retail_pipeline_dag.py took 0.060 seconds
[2026-05-03T15:58:02.419+0000] {processor.py:157} INFO - Started process (PID=8438) to work on /opt/airflow/dags/retail_pipeline_dag.py
[2026-05-03T15:58:02.424+0000] {processor.py:829} INFO - Processing file /opt/airflow/dags/retail_pipeline_dag.py for tasks to queue
[2026-05-03T15:58:02.425+0000] {logging_mixin.py:151} INFO - [2026-05-03T15:58:02.424+0000] {dagbag.py:539} INFO - Filling up the DagBag from /opt/airflow/dags/retail_pipeline_dag.py
[2026-05-03T15:58:02.450+0000] {processor.py:839} INFO - DAG(s) dict_keys(['retail_pipeline']) retrieved from /opt/airflow/dags/retail_pipeline_dag.py
[2026-05-03T15:58:02.480+0000] {logging_mixin.py:151} INFO - [2026-05-03T15:58:02.480+0000] {dag.py:2915} INFO - Sync 1 DAGs
[2026-05-03T15:58:02.491+0000] {logging_mixin.py:151} INFO - [2026-05-03T15:58:02.491+0000] {dag.py:3696} INFO - Setting next_dagrun for retail_pipeline to 2026-05-03T15:30:00+00:00, run_after=2026-05-04T15:30:00+00:00
[2026-05-03T15:58:02.498+0000] {processor.py:179} INFO - Processing /opt/airflow/dags/retail_pipeline_dag.py took 0.087 seconds
[2026-05-03T15:58:32.696+0000] {processor.py:157} INFO - Started process (PID=8448) to work on /opt/airflow/dags/retail_pipeline_dag.py
[2026-05-03T15:58:32.697+0000] {processor.py:829} INFO - Processing file /opt/airflow/dags/retail_pipeline_dag.py for tasks to queue
[2026-05-03T15:58:32.697+0000] {logging_mixin.py:151} INFO - [2026-05-03T15:58:32.697+0000] {dagbag.py:539} INFO - Filling up the DagBag from /opt/airflow/dags/retail_pipeline_dag.py
[2026-05-03T15:58:32.707+0000] {processor.py:839} INFO - DAG(s) dict_keys(['retail_pipeline']) retrieved from /opt/airflow/dags/retail_pipeline_dag.py
[2026-05-03T15:58:32.731+0000] {logging_mixin.py:151} INFO - [2026-05-03T15:58:32.730+0000] {dag.py:2915} INFO - Sync 1 DAGs
[2026-05-03T15:58:32.744+0000] {logging_mixin.py:151} INFO - [2026-05-03T15:58:32.743+0000] {dag.py:3696} INFO - Setting next_dagrun for retail_pipeline to 2026-05-03T15:30:00+00:00, run_after=2026-05-04T15:30:00+00:00
[2026-05-03T15:58:32.750+0000] {processor.py:179} INFO - Processing /opt/airflow/dags/retail_pipeline_dag.py took 0.056 seconds
[2026-05-03T15:59:02.934+0000] {processor.py:157} INFO - Started process (PID=8458) to work on /opt/airflow/dags/retail_pipeline_dag.py
[2026-05-03T15:59:02.935+0000] {processor.py:829} INFO - Processing file /opt/airflow/dags/retail_pipeline_dag.py for tasks to queue
[2026-05-03T15:59:02.937+0000] {logging_mixin.py:151} INFO - [2026-05-03T15:59:02.937+0000] {dagbag.py:539} INFO - Filling up the DagBag from /opt/airflow/dags/retail_pipeline_dag.py
[2026-05-03T15:59:02.949+0000] {processor.py:839} INFO - DAG(s) dict_keys(['retail_pipeline']) retrieved from /opt/airflow/dags/retail_pipeline_dag.py
[2026-05-03T15:59:02.965+0000] {logging_mixin.py:151} INFO - [2026-05-03T15:59:02.965+0000] {dag.py:2915} INFO - Sync 1 DAGs
[2026-05-03T15:59:02.975+0000] {logging_mixin.py:151} INFO - [2026-05-03T15:59:02.975+0000] {dag.py:3696} INFO - Setting next_dagrun for retail_pipeline to 2026-05-03T15:30:00+00:00, run_after=2026-05-04T15:30:00+00:00
[2026-05-03T15:59:02.981+0000] {processor.py:179} INFO - Processing /opt/airflow/dags/retail_pipeline_dag.py took 0.054 seconds
[2026-05-03T15:59:33.191+0000] {processor.py:157} INFO - Started process (PID=8468) to work on /opt/airflow/dags/retail_pipeline_dag.py
[2026-05-03T15:59:33.193+0000] {processor.py:829} INFO - Processing file /opt/airflow/dags/retail_pipeline_dag.py for tasks to queue
[2026-05-03T15:59:33.194+0000] {logging_mixin.py:151} INFO - [2026-05-03T15:59:33.193+0000] {dagbag.py:539} INFO - Filling up the DagBag from /opt/airflow/dags/retail_pipeline_dag.py
[2026-05-03T15:59:33.206+0000] {processor.py:839} INFO - DAG(s) dict_keys(['retail_pipeline']) retrieved from /opt/airflow/dags/retail_pipeline_dag.py
[2026-05-03T15:59:33.236+0000] {logging_mixin.py:151} INFO - [2026-05-03T15:59:33.236+0000] {dag.py:2915} INFO - Sync 1 DAGs
[2026-05-03T15:59:33.248+0000] {logging_mixin.py:151} INFO - [2026-05-03T15:59:33.248+0000] {dag.py:3696} INFO - Setting next_dagrun for retail_pipeline to 2026-05-03T15:30:00+00:00, run_after=2026-05-04T15:30:00+00:00
[2026-05-03T15:59:33.255+0000] {processor.py:179} INFO - Processing /opt/airflow/dags/retail_pipeline_dag.py took 0.069 seconds
[2026-05-03T16:00:03.446+0000] {processor.py:157} INFO - Started process (PID=8506) to work on /opt/airflow/dags/retail_pipeline_dag.py
[2026-05-03T16:00:03.447+0000] {processor.py:829} INFO - Processing file /opt/airflow/dags/retail_pipeline_dag.py for tasks to queue
[2026-05-03T16:00:03.448+0000] {logging_mixin.py:151} INFO - [2026-05-03T16:00:03.447+0000] {dagbag.py:539} INFO - Filling up the DagBag from /opt/airflow/dags/retail_pipeline_dag.py
[2026-05-03T16:00:03.456+0000] {processor.py:839} INFO - DAG(s) dict_keys(['retail_pipeline']) retrieved from /opt/airflow/dags/retail_pipeline_dag.py
[2026-05-03T16:00:03.470+0000] {logging_mixin.py:151} INFO - [2026-05-03T16:00:03.470+0000] {dag.py:2915} INFO - Sync 1 DAGs
[2026-05-03T16:00:03.481+0000] {logging_mixin.py:151} INFO - [2026-05-03T16:00:03.481+0000] {dag.py:3696} INFO - Setting next_dagrun for retail_pipeline to 2026-05-03T15:30:00+00:00, run_after=2026-05-04T15:30:00+00:00
[2026-05-03T16:00:03.488+0000] {processor.py:179} INFO - Processing /opt/airflow/dags/retail_pipeline_dag.py took 0.046 seconds
[2026-05-03T16:00:33.720+0000] {processor.py:157} INFO - Started process (PID=8571) to work on /opt/airflow/dags/retail_pipeline_dag.py
[2026-05-03T16:00:33.723+0000] {processor.py:829} INFO - Processing file /opt/airflow/dags/retail_pipeline_dag.py for tasks to queue
[2026-05-03T16:00:33.725+0000] {logging_mixin.py:151} INFO - [2026-05-03T16:00:33.724+0000] {dagbag.py:539} INFO - Filling up the DagBag from /opt/airflow/dags/retail_pipeline_dag.py
[2026-05-03T16:00:33.768+0000] {processor.py:839} INFO - DAG(s) dict_keys(['retail_pipeline']) retrieved from /opt/airflow/dags/retail_pipeline_dag.py
[2026-05-03T16:00:33.803+0000] {logging_mixin.py:151} INFO - [2026-05-03T16:00:33.803+0000] {dag.py:2915} INFO - Sync 1 DAGs
[2026-05-03T16:00:33.832+0000] {logging_mixin.py:151} INFO - [2026-05-03T16:00:33.831+0000] {dag.py:3696} INFO - Setting next_dagrun for retail_pipeline to 2026-05-03T15:30:00+00:00, run_after=2026-05-04T15:30:00+00:00
[2026-05-03T16:00:33.840+0000] {processor.py:179} INFO - Processing /opt/airflow/dags/retail_pipeline_dag.py took 0.130 seconds
[2026-05-03T16:01:04.114+0000] {processor.py:157} INFO - Started process (PID=8581) to work on /opt/airflow/dags/retail_pipeline_dag.py
[2026-05-03T16:01:04.117+0000] {processor.py:829} INFO - Processing file /opt/airflow/dags/retail_pipeline_dag.py for tasks to queue
[2026-05-03T16:01:04.118+0000] {logging_mixin.py:151} INFO - [2026-05-03T16:01:04.118+0000] {dagbag.py:539} INFO - Filling up the DagBag from /opt/airflow/dags/retail_pipeline_dag.py
[2026-05-03T16:01:04.143+0000] {processor.py:839} INFO - DAG(s) dict_keys(['retail_pipeline']) retrieved from /opt/airflow/dags/retail_pipeline_dag.py
[2026-05-03T16:01:04.187+0000] {logging_mixin.py:151} INFO - [2026-05-03T16:01:04.187+0000] {dag.py:2915} INFO - Sync 1 DAGs
[2026-05-03T16:01:04.206+0000] {logging_mixin.py:151} INFO - [2026-05-03T16:01:04.206+0000] {dag.py:3696} INFO - Setting next_dagrun for retail_pipeline to 2026-05-03T15:30:00+00:00, run_after=2026-05-04T15:30:00+00:00
[2026-05-03T16:01:04.214+0000] {processor.py:179} INFO - Processing /opt/airflow/dags/retail_pipeline_dag.py took 0.108 seconds
[2026-05-03T16:01:34.407+0000] {processor.py:157} INFO - Started process (PID=8591) to work on /opt/airflow/dags/retail_pipeline_dag.py
[2026-05-03T16:01:34.412+0000] {processor.py:829} INFO - Processing file /opt/airflow/dags/retail_pipeline_dag.py for tasks to queue
[2026-05-03T16:01:34.413+0000] {logging_mixin.py:151} INFO - [2026-05-03T16:01:34.413+0000] {dagbag.py:539} INFO - Filling up the DagBag from /opt/airflow/dags/retail_pipeline_dag.py
[2026-05-03T16:01:34.444+0000] {processor.py:839} INFO - DAG(s) dict_keys(['retail_pipeline']) retrieved from /opt/airflow/dags/retail_pipeline_dag.py
[2026-05-03T16:01:34.468+0000] {logging_mixin.py:151} INFO - [2026-05-03T16:01:34.468+0000] {dag.py:2915} INFO - Sync 1 DAGs
[2026-05-03T16:01:34.480+0000] {logging_mixin.py:151} INFO - [2026-05-03T16:01:34.480+0000] {dag.py:3696} INFO - Setting next_dagrun for retail_pipeline to 2026-05-03T15:30:00+00:00, run_after=2026-05-04T15:30:00+00:00
[2026-05-03T16:01:34.487+0000] {processor.py:179} INFO - Processing /opt/airflow/dags/retail_pipeline_dag.py took 0.090 seconds
[2026-05-03T16:02:04.710+0000] {processor.py:157} INFO - Started process (PID=8601) to work on /opt/airflow/dags/retail_pipeline_dag.py
[2026-05-03T16:02:04.710+0000] {processor.py:829} INFO - Processing file /opt/airflow/dags/retail_pipeline_dag.py for tasks to queue
[2026-05-03T16:02:04.711+0000] {logging_mixin.py:151} INFO - [2026-05-03T16:02:04.710+0000] {dagbag.py:539} INFO - Filling up the DagBag from /opt/airflow/dags/retail_pipeline_dag.py
[2026-05-03T16:02:04.719+0000] {processor.py:839} INFO - DAG(s) dict_keys(['retail_pipeline']) retrieved from /opt/airflow/dags/retail_pipeline_dag.py
[2026-05-03T16:02:04.732+0000] {logging_mixin.py:151} INFO - [2026-05-03T16:02:04.732+0000] {dag.py:2915} INFO - Sync 1 DAGs
[2026-05-03T16:02:04.742+0000] {logging_mixin.py:151} INFO - [2026-05-03T16:02:04.742+0000] {dag.py:3696} INFO - Setting next_dagrun for retail_pipeline to 2026-05-03T15:30:00+00:00, run_after=2026-05-04T15:30:00+00:00
[2026-05-03T16:02:04.747+0000] {processor.py:179} INFO - Processing /opt/airflow/dags/retail_pipeline_dag.py took 0.040 seconds
[2026-05-03T16:02:35.107+0000] {processor.py:157} INFO - Started process (PID=8611) to work on /opt/airflow/dags/retail_pipeline_dag.py
[2026-05-03T16:02:35.108+0000] {processor.py:829} INFO - Processing file /opt/airflow/dags/retail_pipeline_dag.py for tasks to queue
[2026-05-03T16:02:35.108+0000] {logging_mixin.py:151} INFO - [2026-05-03T16:02:35.108+0000] {dagbag.py:539} INFO - Filling up the DagBag from /opt/airflow/dags/retail_pipeline_dag.py
[2026-05-03T16:02:35.117+0000] {processor.py:839} INFO - DAG(s) dict_keys(['retail_pipeline']) retrieved from /opt/airflow/dags/retail_pipeline_dag.py
[2026-05-03T16:02:35.135+0000] {logging_mixin.py:151} INFO - [2026-05-03T16:02:35.134+0000] {dag.py:2915} INFO - Sync 1 DAGs
[2026-05-03T16:02:35.148+0000] {logging_mixin.py:151} INFO - [2026-05-03T16:02:35.147+0000] {dag.py:3696} INFO - Setting next_dagrun for retail_pipeline to 2026-05-03T15:30:00+00:00, run_after=2026-05-04T15:30:00+00:00
[2026-05-03T16:02:35.158+0000] {processor.py:179} INFO - Processing /opt/airflow/dags/retail_pipeline_dag.py took 0.055 seconds
[2026-05-03T16:03:05.390+0000] {processor.py:157} INFO - Started process (PID=8621) to work on /opt/airflow/dags/retail_pipeline_dag.py
[2026-05-03T16:03:05.391+0000] {processor.py:829} INFO - Processing file /opt/airflow/dags/retail_pipeline_dag.py for tasks to queue
[2026-05-03T16:03:05.391+0000] {logging_mixin.py:151} INFO - [2026-05-03T16:03:05.391+0000] {dagbag.py:539} INFO - Filling up the DagBag from /opt/airflow/dags/retail_pipeline_dag.py
[2026-05-03T16:03:05.403+0000] {processor.py:839} INFO - DAG(s) dict_keys(['retail_pipeline']) retrieved from /opt/airflow/dags/retail_pipeline_dag.py
[2026-05-03T16:03:05.424+0000] {logging_mixin.py:151} INFO - [2026-05-03T16:03:05.424+0000] {dag.py:2915} INFO - Sync 1 DAGs
[2026-05-03T16:03:05.433+0000] {logging_mixin.py:151} INFO - [2026-05-03T16:03:05.433+0000] {dag.py:3696} INFO - Setting next_dagrun for retail_pipeline to 2026-05-03T15:30:00+00:00, run_after=2026-05-04T15:30:00+00:00
[2026-05-03T16:03:05.440+0000] {processor.py:179} INFO - Processing /opt/airflow/dags/retail_pipeline_dag.py took 0.054 seconds
[2026-05-03T16:03:35.673+0000] {processor.py:157} INFO - Started process (PID=8631) to work on /opt/airflow/dags/retail_pipeline_dag.py
[2026-05-03T16:03:35.675+0000] {processor.py:829} INFO - Processing file /opt/airflow/dags/retail_pipeline_dag.py for tasks to queue
[2026-05-03T16:03:35.676+0000] {logging_mixin.py:151} INFO - [2026-05-03T16:03:35.676+0000] {dagbag.py:539} INFO - Filling up the DagBag from /opt/airflow/dags/retail_pipeline_dag.py
[2026-05-03T16:03:35.689+0000] {processor.py:839} INFO - DAG(s) dict_keys(['retail_pipeline']) retrieved from /opt/airflow/dags/retail_pipeline_dag.py
[2026-05-03T16:03:35.708+0000] {logging_mixin.py:151} INFO - [2026-05-03T16:03:35.708+0000] {dag.py:2915} INFO - Sync 1 DAGs
[2026-05-03T16:03:35.718+0000] {logging_mixin.py:151} INFO - [2026-05-03T16:03:35.718+0000] {dag.py:3696} INFO - Setting next_dagrun for retail_pipeline to 2026-05-03T15:30:00+00:00, run_after=2026-05-04T15:30:00+00:00
[2026-05-03T16:03:35.725+0000] {processor.py:179} INFO - Processing /opt/airflow/dags/retail_pipeline_dag.py took 0.055 seconds
[2026-05-03T16:04:05.911+0000] {processor.py:157} INFO - Started process (PID=8641) to work on /opt/airflow/dags/retail_pipeline_dag.py
[2026-05-03T16:04:05.912+0000] {processor.py:829} INFO - Processing file /opt/airflow/dags/retail_pipeline_dag.py for tasks to queue
[2026-05-03T16:04:05.913+0000] {logging_mixin.py:151} INFO - [2026-05-03T16:04:05.912+0000] {dagbag.py:539} INFO - Filling up the DagBag from /opt/airflow/dags/retail_pipeline_dag.py
[2026-05-03T16:04:05.930+0000] {processor.py:839} INFO - DAG(s) dict_keys(['retail_pipeline']) retrieved from /opt/airflow/dags/retail_pipeline_dag.py
[2026-05-03T16:04:05.954+0000] {logging_mixin.py:151} INFO - [2026-05-03T16:04:05.953+0000] {dag.py:2915} INFO - Sync 1 DAGs
[2026-05-03T16:04:05.966+0000] {logging_mixin.py:151} INFO - [2026-05-03T16:04:05.966+0000] {dag.py:3696} INFO - Setting next_dagrun for retail_pipeline to 2026-05-03T15:30:00+00:00, run_after=2026-05-04T15:30:00+00:00
[2026-05-03T16:04:05.973+0000] {processor.py:179} INFO - Processing /opt/airflow/dags/retail_pipeline_dag.py took 0.068 seconds
[2026-05-03T16:04:36.155+0000] {processor.py:157} INFO - Started process (PID=8695) to work on /opt/airflow/dags/retail_pipeline_dag.py
[2026-05-03T16:04:36.158+0000] {processor.py:829} INFO - Processing file /opt/airflow/dags/retail_pipeline_dag.py for tasks to queue
[2026-05-03T16:04:36.159+0000] {logging_mixin.py:151} INFO - [2026-05-03T16:04:36.158+0000] {dagbag.py:539} INFO - Filling up the DagBag from /opt/airflow/dags/retail_pipeline_dag.py
[2026-05-03T16:04:36.190+0000] {processor.py:839} INFO - DAG(s) dict_keys(['retail_pipeline']) retrieved from /opt/airflow/dags/retail_pipeline_dag.py
[2026-05-03T16:04:36.229+0000] {logging_mixin.py:151} INFO - [2026-05-03T16:04:36.229+0000] {dag.py:2915} INFO - Sync 1 DAGs
[2026-05-03T16:04:36.250+0000] {logging_mixin.py:151} INFO - [2026-05-03T16:04:36.250+0000] {dag.py:3696} INFO - Setting next_dagrun for retail_pipeline to 2026-05-03T15:30:00+00:00, run_after=2026-05-04T15:30:00+00:00
[2026-05-03T16:04:36.260+0000] {processor.py:179} INFO - Processing /opt/airflow/dags/retail_pipeline_dag.py took 0.113 seconds
[2026-05-03T16:05:06.420+0000] {processor.py:157} INFO - Started process (PID=8729) to work on /opt/airflow/dags/retail_pipeline_dag.py
[2026-05-03T16:05:06.421+0000] {processor.py:829} INFO - Processing file /opt/airflow/dags/retail_pipeline_dag.py for tasks to queue
[2026-05-03T16:05:06.422+0000] {logging_mixin.py:151} INFO - [2026-05-03T16:05:06.422+0000] {dagbag.py:539} INFO - Filling up the DagBag from /opt/airflow/dags/retail_pipeline_dag.py
[2026-05-03T16:05:06.435+0000] {processor.py:839} INFO - DAG(s) dict_keys(['retail_pipeline']) retrieved from /opt/airflow/dags/retail_pipeline_dag.py
[2026-05-03T16:05:06.454+0000] {logging_mixin.py:151} INFO - [2026-05-03T16:05:06.454+0000] {dag.py:2915} INFO - Sync 1 DAGs
[2026-05-03T16:05:06.464+0000] {logging_mixin.py:151} INFO - [2026-05-03T16:05:06.463+0000] {dag.py:3696} INFO - Setting next_dagrun for retail_pipeline to 2026-05-03T15:30:00+00:00, run_after=2026-05-04T15:30:00+00:00
[2026-05-03T16:05:06.469+0000] {processor.py:179} INFO - Processing /opt/airflow/dags/retail_pipeline_dag.py took 0.052 seconds
[2026-05-03T16:05:36.685+0000] {processor.py:157} INFO - Started process (PID=8753) to work on /opt/airflow/dags/retail_pipeline_dag.py
[2026-05-03T16:05:36.686+0000] {processor.py:829} INFO - Processing file /opt/airflow/dags/retail_pipeline_dag.py for tasks to queue
[2026-05-03T16:05:36.687+0000] {logging_mixin.py:151} INFO - [2026-05-03T16:05:36.687+0000] {dagbag.py:539} INFO - Filling up the DagBag from /opt/airflow/dags/retail_pipeline_dag.py
[2026-05-03T16:05:36.701+0000] {processor.py:839} INFO - DAG(s) dict_keys(['retail_pipeline']) retrieved from /opt/airflow/dags/retail_pipeline_dag.py
[2026-05-03T16:05:36.728+0000] {logging_mixin.py:151} INFO - [2026-05-03T16:05:36.728+0000] {dag.py:2915} INFO - Sync 1 DAGs
[2026-05-03T16:05:36.739+0000] {logging_mixin.py:151} INFO - [2026-05-03T16:05:36.739+0000] {dag.py:3696} INFO - Setting next_dagrun for retail_pipeline to 2026-05-03T15:30:00+00:00, run_after=2026-05-04T15:30:00+00:00
[2026-05-03T16:05:36.748+0000] {processor.py:179} INFO - Processing /opt/airflow/dags/retail_pipeline_dag.py took 0.066 seconds
[2026-05-03T16:06:06.924+0000] {processor.py:157} INFO - Started process (PID=8777) to work on /opt/airflow/dags/retail_pipeline_dag.py
[2026-05-03T16:06:06.926+0000] {processor.py:829} INFO - Processing file /opt/airflow/dags/retail_pipeline_dag.py for tasks to queue
[2026-05-03T16:06:06.927+0000] {logging_mixin.py:151} INFO - [2026-05-03T16:06:06.927+0000] {dagbag.py:539} INFO - Filling up the DagBag from /opt/airflow/dags/retail_pipeline_dag.py
[2026-05-03T16:06:06.937+0000] {processor.py:839} INFO - DAG(s) dict_keys(['retail_pipeline']) retrieved from /opt/airflow/dags/retail_pipeline_dag.py
[2026-05-03T16:06:06.956+0000] {logging_mixin.py:151} INFO - [2026-05-03T16:06:06.956+0000] {dag.py:2915} INFO - Sync 1 DAGs
[2026-05-03T16:06:06.966+0000] {logging_mixin.py:151} INFO - [2026-05-03T16:06:06.966+0000] {dag.py:3696} INFO - Setting next_dagrun for retail_pipeline to 2026-05-03T15:30:00+00:00, run_after=2026-05-04T15:30:00+00:00
[2026-05-03T16:06:06.971+0000] {processor.py:179} INFO - Processing /opt/airflow/dags/retail_pipeline_dag.py took 0.051 seconds
[2026-05-03T16:06:37.184+0000] {processor.py:157} INFO - Started process (PID=8800) to work on /opt/airflow/dags/retail_pipeline_dag.py
[2026-05-03T16:06:37.187+0000] {processor.py:829} INFO - Processing file /opt/airflow/dags/retail_pipeline_dag.py for tasks to queue
[2026-05-03T16:06:37.188+0000] {logging_mixin.py:151} INFO - [2026-05-03T16:06:37.188+0000] {dagbag.py:539} INFO - Filling up the DagBag from /opt/airflow/dags/retail_pipeline_dag.py
[2026-05-03T16:06:37.210+0000] {processor.py:839} INFO - DAG(s) dict_keys(['retail_pipeline']) retrieved from /opt/airflow/dags/retail_pipeline_dag.py
[2026-05-03T16:06:37.237+0000] {logging_mixin.py:151} INFO - [2026-05-03T16:06:37.237+0000] {dag.py:2915} INFO - Sync 1 DAGs
[2026-05-03T16:06:37.253+0000] {logging_mixin.py:151} INFO - [2026-05-03T16:06:37.253+0000] {dag.py:3696} INFO - Setting next_dagrun for retail_pipeline to 2026-05-03T15:30:00+00:00, run_after=2026-05-04T15:30:00+00:00
[2026-05-03T16:06:37.259+0000] {processor.py:179} INFO - Processing /opt/airflow/dags/retail_pipeline_dag.py took 0.082 seconds
[2026-05-03T16:07:07.506+0000] {processor.py:157} INFO - Started process (PID=8834) to work on /opt/airflow/dags/retail_pipeline_dag.py
[2026-05-03T16:07:07.508+0000] {processor.py:829} INFO - Processing file /opt/airflow/dags/retail_pipeline_dag.py for tasks to queue
[2026-05-03T16:07:07.509+0000] {logging_mixin.py:151} INFO - [2026-05-03T16:07:07.509+0000] {dagbag.py:539} INFO - Filling up the DagBag from /opt/airflow/dags/retail_pipeline_dag.py
[2026-05-03T16:07:07.520+0000] {processor.py:839} INFO - DAG(s) dict_keys(['retail_pipeline']) retrieved from /opt/airflow/dags/retail_pipeline_dag.py
[2026-05-03T16:07:07.532+0000] {logging_mixin.py:151} INFO - [2026-05-03T16:07:07.532+0000] {dag.py:2915} INFO - Sync 1 DAGs
[2026-05-03T16:07:07.541+0000] {logging_mixin.py:151} INFO - [2026-05-03T16:07:07.541+0000] {dag.py:3696} INFO - Setting next_dagrun for retail_pipeline to 2026-05-03T15:30:00+00:00, run_after=2026-05-04T15:30:00+00:00
[2026-05-03T16:07:07.546+0000] {processor.py:179} INFO - Processing /opt/airflow/dags/retail_pipeline_dag.py took 0.042 seconds
[2026-05-03T16:07:37.692+0000] {processor.py:157} INFO - Started process (PID=8899) to work on /opt/airflow/dags/retail_pipeline_dag.py
[2026-05-03T16:07:37.695+0000] {processor.py:829} INFO - Processing file /opt/airflow/dags/retail_pipeline_dag.py for tasks to queue
[2026-05-03T16:07:37.696+0000] {logging_mixin.py:151} INFO - [2026-05-03T16:07:37.696+0000] {dagbag.py:539} INFO - Filling up the DagBag from /opt/airflow/dags/retail_pipeline_dag.py
[2026-05-03T16:07:37.714+0000] {processor.py:839} INFO - DAG(s) dict_keys(['retail_pipeline']) retrieved from /opt/airflow/dags/retail_pipeline_dag.py
[2026-05-03T16:07:37.738+0000] {logging_mixin.py:151} INFO - [2026-05-03T16:07:37.737+0000] {dag.py:2915} INFO - Sync 1 DAGs
[2026-05-03T16:07:37.748+0000] {logging_mixin.py:151} INFO - [2026-05-03T16:07:37.748+0000] {dag.py:3696} INFO - Setting next_dagrun for retail_pipeline to 2026-05-03T15:30:00+00:00, run_after=2026-05-04T15:30:00+00:00
[2026-05-03T16:07:37.754+0000] {processor.py:179} INFO - Processing /opt/airflow/dags/retail_pipeline_dag.py took 0.068 seconds
[2026-05-03T16:08:08.043+0000] {processor.py:157} INFO - Started process (PID=8909) to work on /opt/airflow/dags/retail_pipeline_dag.py
[2026-05-03T16:08:08.047+0000] {processor.py:829} INFO - Processing file /opt/airflow/dags/retail_pipeline_dag.py for tasks to queue
[2026-05-03T16:08:08.048+0000] {logging_mixin.py:151} INFO - [2026-05-03T16:08:08.048+0000] {dagbag.py:539} INFO - Filling up the DagBag from /opt/airflow/dags/retail_pipeline_dag.py
[2026-05-03T16:08:08.066+0000] {processor.py:839} INFO - DAG(s) dict_keys(['retail_pipeline']) retrieved from /opt/airflow/dags/retail_pipeline_dag.py
[2026-05-03T16:08:08.093+0000] {logging_mixin.py:151} INFO - [2026-05-03T16:08:08.093+0000] {dag.py:2915} INFO - Sync 1 DAGs
[2026-05-03T16:08:08.106+0000] {logging_mixin.py:151} INFO - [2026-05-03T16:08:08.106+0000] {dag.py:3696} INFO - Setting next_dagrun for retail_pipeline to 2026-05-03T15:30:00+00:00, run_after=2026-05-04T15:30:00+00:00
[2026-05-03T16:08:08.116+0000] {processor.py:179} INFO - Processing /opt/airflow/dags/retail_pipeline_dag.py took 0.079 seconds
[2026-05-03T16:08:38.342+0000] {processor.py:157} INFO - Started process (PID=8919) to work on /opt/airflow/dags/retail_pipeline_dag.py
[2026-05-03T16:08:38.344+0000] {processor.py:829} INFO - Processing file /opt/airflow/dags/retail_pipeline_dag.py for tasks to queue
[2026-05-03T16:08:38.345+0000] {logging_mixin.py:151} INFO - [2026-05-03T16:08:38.345+0000] {dagbag.py:539} INFO - Filling up the DagBag from /opt/airflow/dags/retail_pipeline_dag.py
[2026-05-03T16:08:38.359+0000] {processor.py:839} INFO - DAG(s) dict_keys(['retail_pipeline']) retrieved from /opt/airflow/dags/retail_pipeline_dag.py
[2026-05-03T16:08:38.380+0000] {logging_mixin.py:151} INFO - [2026-05-03T16:08:38.380+0000] {dag.py:2915} INFO - Sync 1 DAGs
[2026-05-03T16:08:38.391+0000] {logging_mixin.py:151} INFO - [2026-05-03T16:08:38.391+0000] {dag.py:3696} INFO - Setting next_dagrun for retail_pipeline to 2026-05-03T15:30:00+00:00, run_after=2026-05-04T15:30:00+00:00
[2026-05-03T16:08:38.398+0000] {processor.py:179} INFO - Processing /opt/airflow/dags/retail_pipeline_dag.py took 0.059 seconds
[2026-05-03T16:09:08.648+0000] {processor.py:157} INFO - Started process (PID=8929) to work on /opt/airflow/dags/retail_pipeline_dag.py
[2026-05-03T16:09:08.652+0000] {processor.py:829} INFO - Processing file /opt/airflow/dags/retail_pipeline_dag.py for tasks to queue
[2026-05-03T16:09:08.653+0000] {logging_mixin.py:151} INFO - [2026-05-03T16:09:08.652+0000] {dagbag.py:539} INFO - Filling up the DagBag from /opt/airflow/dags/retail_pipeline_dag.py
[2026-05-03T16:09:08.663+0000] {processor.py:839} INFO - DAG(s) dict_keys(['retail_pipeline']) retrieved from /opt/airflow/dags/retail_pipeline_dag.py
[2026-05-03T16:09:08.683+0000] {logging_mixin.py:151} INFO - [2026-05-03T16:09:08.683+0000] {dag.py:2915} INFO - Sync 1 DAGs
[2026-05-03T16:09:08.692+0000] {logging_mixin.py:151} INFO - [2026-05-03T16:09:08.692+0000] {dag.py:3696} INFO - Setting next_dagrun for retail_pipeline to 2026-05-03T15:30:00+00:00, run_after=2026-05-04T15:30:00+00:00
[2026-05-03T16:09:08.698+0000] {processor.py:179} INFO - Processing /opt/airflow/dags/retail_pipeline_dag.py took 0.056 seconds
[2026-05-03T16:09:38.944+0000] {processor.py:157} INFO - Started process (PID=8939) to work on /opt/airflow/dags/retail_pipeline_dag.py
[2026-05-03T16:09:38.948+0000] {processor.py:829} INFO - Processing file /opt/airflow/dags/retail_pipeline_dag.py for tasks to queue
[2026-05-03T16:09:38.949+0000] {logging_mixin.py:151} INFO - [2026-05-03T16:09:38.948+0000] {dagbag.py:539} INFO - Filling up the DagBag from /opt/airflow/dags/retail_pipeline_dag.py
[2026-05-03T16:09:38.969+0000] {processor.py:839} INFO - DAG(s) dict_keys(['retail_pipeline']) retrieved from /opt/airflow/dags/retail_pipeline_dag.py
[2026-05-03T16:09:39.006+0000] {logging_mixin.py:151} INFO - [2026-05-03T16:09:39.006+0000] {dag.py:2915} INFO - Sync 1 DAGs
[2026-05-03T16:09:39.021+0000] {logging_mixin.py:151} INFO - [2026-05-03T16:09:39.021+0000] {dag.py:3696} INFO - Setting next_dagrun for retail_pipeline to 2026-05-03T15:30:00+00:00, run_after=2026-05-04T15:30:00+00:00
[2026-05-03T16:09:39.028+0000] {processor.py:179} INFO - Processing /opt/airflow/dags/retail_pipeline_dag.py took 0.094 seconds
[2026-05-03T16:10:09.220+0000] {processor.py:157} INFO - Started process (PID=9031) to work on /opt/airflow/dags/retail_pipeline_dag.py
[2026-05-03T16:10:09.231+0000] {processor.py:829} INFO - Processing file /opt/airflow/dags/retail_pipeline_dag.py for tasks to queue
[2026-05-03T16:10:09.233+0000] {logging_mixin.py:151} INFO - [2026-05-03T16:10:09.232+0000] {dagbag.py:539} INFO - Filling up the DagBag from /opt/airflow/dags/retail_pipeline_dag.py
[2026-05-03T16:10:09.251+0000] {processor.py:839} INFO - DAG(s) dict_keys(['retail_pipeline']) retrieved from /opt/airflow/dags/retail_pipeline_dag.py
[2026-05-03T16:10:09.272+0000] {logging_mixin.py:151} INFO - [2026-05-03T16:10:09.272+0000] {dag.py:2915} INFO - Sync 1 DAGs
[2026-05-03T16:10:09.283+0000] {logging_mixin.py:151} INFO - [2026-05-03T16:10:09.283+0000] {dag.py:3696} INFO - Setting next_dagrun for retail_pipeline to 2026-05-03T15:30:00+00:00, run_after=2026-05-04T15:30:00+00:00
[2026-05-03T16:10:09.292+0000] {processor.py:179} INFO - Processing /opt/airflow/dags/retail_pipeline_dag.py took 0.082 seconds
[2026-05-03T16:10:39.510+0000] {processor.py:157} INFO - Started process (PID=9041) to work on /opt/airflow/dags/retail_pipeline_dag.py
[2026-05-03T16:10:39.512+0000] {processor.py:829} INFO - Processing file /opt/airflow/dags/retail_pipeline_dag.py for tasks to queue
[2026-05-03T16:10:39.513+0000] {logging_mixin.py:151} INFO - [2026-05-03T16:10:39.512+0000] {dagbag.py:539} INFO - Filling up the DagBag from /opt/airflow/dags/retail_pipeline_dag.py
[2026-05-03T16:10:39.539+0000] {processor.py:839} INFO - DAG(s) dict_keys(['retail_pipeline']) retrieved from /opt/airflow/dags/retail_pipeline_dag.py
[2026-05-03T16:10:39.564+0000] {logging_mixin.py:151} INFO - [2026-05-03T16:10:39.564+0000] {dag.py:2915} INFO - Sync 1 DAGs
[2026-05-03T16:10:39.575+0000] {logging_mixin.py:151} INFO - [2026-05-03T16:10:39.575+0000] {dag.py:3696} INFO - Setting next_dagrun for retail_pipeline to 2026-05-03T15:30:00+00:00, run_after=2026-05-04T15:30:00+00:00
[2026-05-03T16:10:39.582+0000] {processor.py:179} INFO - Processing /opt/airflow/dags/retail_pipeline_dag.py took 0.081 seconds
[2026-05-03T16:11:09.815+0000] {processor.py:157} INFO - Started process (PID=9051) to work on /opt/airflow/dags/retail_pipeline_dag.py
[2026-05-03T16:11:09.817+0000] {processor.py:829} INFO - Processing file /opt/airflow/dags/retail_pipeline_dag.py for tasks to queue
[2026-05-03T16:11:09.818+0000] {logging_mixin.py:151} INFO - [2026-05-03T16:11:09.817+0000] {dagbag.py:539} INFO - Filling up the DagBag from /opt/airflow/dags/retail_pipeline_dag.py
[2026-05-03T16:11:09.829+0000] {processor.py:839} INFO - DAG(s) dict_keys(['retail_pipeline']) retrieved from /opt/airflow/dags/retail_pipeline_dag.py
[2026-05-03T16:11:09.847+0000] {logging_mixin.py:151} INFO - [2026-05-03T16:11:09.847+0000] {dag.py:2915} INFO - Sync 1 DAGs
[2026-05-03T16:11:09.857+0000] {logging_mixin.py:151} INFO - [2026-05-03T16:11:09.857+0000] {dag.py:3696} INFO - Setting next_dagrun for retail_pipeline to 2026-05-03T15:30:00+00:00, run_after=2026-05-04T15:30:00+00:00
[2026-05-03T16:11:09.864+0000] {processor.py:179} INFO - Processing /opt/airflow/dags/retail_pipeline_dag.py took 0.052 seconds
[2026-05-03T16:11:40.352+0000] {processor.py:157} INFO - Started process (PID=9061) to work on /opt/airflow/dags/retail_pipeline_dag.py
[2026-05-03T16:11:40.353+0000] {processor.py:829} INFO - Processing file /opt/airflow/dags/retail_pipeline_dag.py for tasks to queue
[2026-05-03T16:11:40.354+0000] {logging_mixin.py:151} INFO - [2026-05-03T16:11:40.354+0000] {dagbag.py:539} INFO - Filling up the DagBag from /opt/airflow/dags/retail_pipeline_dag.py
[2026-05-03T16:11:40.367+0000] {processor.py:839} INFO - DAG(s) dict_keys(['retail_pipeline']) retrieved from /opt/airflow/dags/retail_pipeline_dag.py
[2026-05-03T16:11:40.388+0000] {logging_mixin.py:151} INFO - [2026-05-03T16:11:40.388+0000] {dag.py:2915} INFO - Sync 1 DAGs
[2026-05-03T16:11:40.397+0000] {logging_mixin.py:151} INFO - [2026-05-03T16:11:40.397+0000] {dag.py:3696} INFO - Setting next_dagrun for retail_pipeline to 2026-05-03T15:30:00+00:00, run_after=2026-05-04T15:30:00+00:00
[2026-05-03T16:11:40.403+0000] {processor.py:179} INFO - Processing /opt/airflow/dags/retail_pipeline_dag.py took 0.055 seconds
[2026-05-03T16:12:10.667+0000] {processor.py:157} INFO - Started process (PID=9071) to work on /opt/airflow/dags/retail_pipeline_dag.py
[2026-05-03T16:12:10.668+0000] {processor.py:829} INFO - Processing file /opt/airflow/dags/retail_pipeline_dag.py for tasks to queue
[2026-05-03T16:12:10.669+0000] {logging_mixin.py:151} INFO - [2026-05-03T16:12:10.669+0000] {dagbag.py:539} INFO - Filling up the DagBag from /opt/airflow/dags/retail_pipeline_dag.py
[2026-05-03T16:12:10.690+0000] {processor.py:839} INFO - DAG(s) dict_keys(['retail_pipeline']) retrieved from /opt/airflow/dags/retail_pipeline_dag.py
[2026-05-03T16:12:10.713+0000] {logging_mixin.py:151} INFO - [2026-05-03T16:12:10.713+0000] {dag.py:2915} INFO - Sync 1 DAGs
[2026-05-03T16:12:10.723+0000] {logging_mixin.py:151} INFO - [2026-05-03T16:12:10.723+0000] {dag.py:3696} INFO - Setting next_dagrun for retail_pipeline to 2026-05-03T15:30:00+00:00, run_after=2026-05-04T15:30:00+00:00
[2026-05-03T16:12:10.729+0000] {processor.py:179} INFO - Processing /opt/airflow/dags/retail_pipeline_dag.py took 0.067 seconds
[2026-05-03T16:17:17.008+0000] {processor.py:157} INFO - Started process (PID=9079) to work on /opt/airflow/dags/retail_pipeline_dag.py
[2026-05-03T16:17:17.009+0000] {processor.py:829} INFO - Processing file /opt/airflow/dags/retail_pipeline_dag.py for tasks to queue
[2026-05-03T16:17:17.010+0000] {logging_mixin.py:151} INFO - [2026-05-03T16:17:17.010+0000] {dagbag.py:539} INFO - Filling up the DagBag from /opt/airflow/dags/retail_pipeline_dag.py
[2026-05-03T16:17:17.020+0000] {processor.py:839} INFO - DAG(s) dict_keys(['retail_pipeline']) retrieved from /opt/airflow/dags/retail_pipeline_dag.py
[2026-05-03T16:17:17.034+0000] {logging_mixin.py:151} INFO - [2026-05-03T16:17:17.034+0000] {dag.py:2915} INFO - Sync 1 DAGs
[2026-05-03T16:17:17.045+0000] {logging_mixin.py:151} INFO - [2026-05-03T16:17:17.045+0000] {dag.py:3696} INFO - Setting next_dagrun for retail_pipeline to 2026-05-03T15:30:00+00:00, run_after=2026-05-04T15:30:00+00:00
[2026-05-03T16:17:17.054+0000] {processor.py:179} INFO - Processing /opt/airflow/dags/retail_pipeline_dag.py took 0.047 seconds
[2026-05-03T16:32:46.242+0000] {processor.py:157} INFO - Started process (PID=9091) to work on /opt/airflow/dags/retail_pipeline_dag.py
[2026-05-03T16:32:46.245+0000] {processor.py:829} INFO - Processing file /opt/airflow/dags/retail_pipeline_dag.py for tasks to queue
[2026-05-03T16:32:46.248+0000] {logging_mixin.py:151} INFO - [2026-05-03T16:32:46.247+0000] {dagbag.py:539} INFO - Filling up the DagBag from /opt/airflow/dags/retail_pipeline_dag.py
[2026-05-03T16:32:46.278+0000] {processor.py:839} INFO - DAG(s) dict_keys(['retail_pipeline']) retrieved from /opt/airflow/dags/retail_pipeline_dag.py
[2026-05-03T16:32:46.317+0000] {logging_mixin.py:151} INFO - [2026-05-03T16:32:46.317+0000] {dag.py:2915} INFO - Sync 1 DAGs
[2026-05-03T16:32:46.346+0000] {logging_mixin.py:151} INFO - [2026-05-03T16:32:46.346+0000] {dag.py:3696} INFO - Setting next_dagrun for retail_pipeline to 2026-05-03T15:30:00+00:00, run_after=2026-05-04T15:30:00+00:00
[2026-05-03T16:32:46.379+0000] {processor.py:179} INFO - Processing /opt/airflow/dags/retail_pipeline_dag.py took 0.148 seconds
[2026-05-03T16:33:16.476+0000] {processor.py:157} INFO - Started process (PID=9101) to work on /opt/airflow/dags/retail_pipeline_dag.py
[2026-05-03T16:33:16.479+0000] {processor.py:829} INFO - Processing file /opt/airflow/dags/retail_pipeline_dag.py for tasks to queue
[2026-05-03T16:33:16.480+0000] {logging_mixin.py:151} INFO - [2026-05-03T16:33:16.480+0000] {dagbag.py:539} INFO - Filling up the DagBag from /opt/airflow/dags/retail_pipeline_dag.py
[2026-05-03T16:33:16.502+0000] {processor.py:839} INFO - DAG(s) dict_keys(['retail_pipeline']) retrieved from /opt/airflow/dags/retail_pipeline_dag.py
[2026-05-03T16:33:16.529+0000] {logging_mixin.py:151} INFO - [2026-05-03T16:33:16.529+0000] {dag.py:2915} INFO - Sync 1 DAGs
[2026-05-03T16:33:16.544+0000] {logging_mixin.py:151} INFO - [2026-05-03T16:33:16.544+0000] {dag.py:3696} INFO - Setting next_dagrun for retail_pipeline to 2026-05-03T15:30:00+00:00, run_after=2026-05-04T15:30:00+00:00
[2026-05-03T16:33:16.556+0000] {processor.py:179} INFO - Processing /opt/airflow/dags/retail_pipeline_dag.py took 0.084 seconds
[2026-05-03T16:33:46.815+0000] {processor.py:157} INFO - Started process (PID=9111) to work on /opt/airflow/dags/retail_pipeline_dag.py
[2026-05-03T16:33:46.817+0000] {processor.py:829} INFO - Processing file /opt/airflow/dags/retail_pipeline_dag.py for tasks to queue
[2026-05-03T16:33:46.818+0000] {logging_mixin.py:151} INFO - [2026-05-03T16:33:46.817+0000] {dagbag.py:539} INFO - Filling up the DagBag from /opt/airflow/dags/retail_pipeline_dag.py
[2026-05-03T16:33:46.833+0000] {processor.py:839} INFO - DAG(s) dict_keys(['retail_pipeline']) retrieved from /opt/airflow/dags/retail_pipeline_dag.py
[2026-05-03T16:33:46.857+0000] {logging_mixin.py:151} INFO - [2026-05-03T16:33:46.857+0000] {dag.py:2915} INFO - Sync 1 DAGs
[2026-05-03T16:33:46.877+0000] {logging_mixin.py:151} INFO - [2026-05-03T16:33:46.877+0000] {dag.py:3696} INFO - Setting next_dagrun for retail_pipeline to 2026-05-03T15:30:00+00:00, run_after=2026-05-04T15:30:00+00:00
[2026-05-03T16:33:46.887+0000] {processor.py:179} INFO - Processing /opt/airflow/dags/retail_pipeline_dag.py took 0.074 seconds
[2026-05-03T16:34:17.037+0000] {processor.py:157} INFO - Started process (PID=9121) to work on /opt/airflow/dags/retail_pipeline_dag.py
[2026-05-03T16:34:17.038+0000] {processor.py:829} INFO - Processing file /opt/airflow/dags/retail_pipeline_dag.py for tasks to queue
[2026-05-03T16:34:17.039+0000] {logging_mixin.py:151} INFO - [2026-05-03T16:34:17.039+0000] {dagbag.py:539} INFO - Filling up the DagBag from /opt/airflow/dags/retail_pipeline_dag.py
[2026-05-03T16:34:17.055+0000] {processor.py:839} INFO - DAG(s) dict_keys(['retail_pipeline']) retrieved from /opt/airflow/dags/retail_pipeline_dag.py
[2026-05-03T16:34:17.072+0000] {logging_mixin.py:151} INFO - [2026-05-03T16:34:17.072+0000] {dag.py:2915} INFO - Sync 1 DAGs
[2026-05-03T16:34:17.085+0000] {logging_mixin.py:151} INFO - [2026-05-03T16:34:17.085+0000] {dag.py:3696} INFO - Setting next_dagrun for retail_pipeline to 2026-05-03T15:30:00+00:00, run_after=2026-05-04T15:30:00+00:00
[2026-05-03T16:34:17.094+0000] {processor.py:179} INFO - Processing /opt/airflow/dags/retail_pipeline_dag.py took 0.060 seconds
[2026-05-03T16:34:47.258+0000] {processor.py:157} INFO - Started process (PID=9131) to work on /opt/airflow/dags/retail_pipeline_dag.py
[2026-05-03T16:34:47.259+0000] {processor.py:829} INFO - Processing file /opt/airflow/dags/retail_pipeline_dag.py for tasks to queue
[2026-05-03T16:34:47.260+0000] {logging_mixin.py:151} INFO - [2026-05-03T16:34:47.260+0000] {dagbag.py:539} INFO - Filling up the DagBag from /opt/airflow/dags/retail_pipeline_dag.py
[2026-05-03T16:34:47.274+0000] {processor.py:839} INFO - DAG(s) dict_keys(['retail_pipeline']) retrieved from /opt/airflow/dags/retail_pipeline_dag.py
[2026-05-03T16:34:47.303+0000] {logging_mixin.py:151} INFO - [2026-05-03T16:34:47.303+0000] {dag.py:2915} INFO - Sync 1 DAGs
[2026-05-03T16:34:47.317+0000] {logging_mixin.py:151} INFO - [2026-05-03T16:34:47.317+0000] {dag.py:3696} INFO - Setting next_dagrun for retail_pipeline to 2026-05-03T15:30:00+00:00, run_after=2026-05-04T15:30:00+00:00
[2026-05-03T16:34:47.329+0000] {processor.py:179} INFO - Processing /opt/airflow/dags/retail_pipeline_dag.py took 0.077 seconds
[2026-05-03T16:35:17.549+0000] {processor.py:157} INFO - Started process (PID=9141) to work on /opt/airflow/dags/retail_pipeline_dag.py
[2026-05-03T16:35:17.550+0000] {processor.py:829} INFO - Processing file /opt/airflow/dags/retail_pipeline_dag.py for tasks to queue
[2026-05-03T16:35:17.551+0000] {logging_mixin.py:151} INFO - [2026-05-03T16:35:17.551+0000] {dagbag.py:539} INFO - Filling up the DagBag from /opt/airflow/dags/retail_pipeline_dag.py
[2026-05-03T16:35:17.564+0000] {processor.py:839} INFO - DAG(s) dict_keys(['retail_pipeline']) retrieved from /opt/airflow/dags/retail_pipeline_dag.py
[2026-05-03T16:35:17.586+0000] {logging_mixin.py:151} INFO - [2026-05-03T16:35:17.585+0000] {dag.py:2915} INFO - Sync 1 DAGs
[2026-05-03T16:35:17.599+0000] {logging_mixin.py:151} INFO - [2026-05-03T16:35:17.599+0000] {dag.py:3696} INFO - Setting next_dagrun for retail_pipeline to 2026-05-03T15:30:00+00:00, run_after=2026-05-04T15:30:00+00:00
[2026-05-03T16:35:17.609+0000] {processor.py:179} INFO - Processing /opt/airflow/dags/retail_pipeline_dag.py took 0.064 seconds
[2026-05-03T16:35:48.308+0000] {processor.py:157} INFO - Started process (PID=9150) to work on /opt/airflow/dags/retail_pipeline_dag.py
[2026-05-03T16:35:48.309+0000] {processor.py:829} INFO - Processing file /opt/airflow/dags/retail_pipeline_dag.py for tasks to queue
[2026-05-03T16:35:48.310+0000] {logging_mixin.py:151} INFO - [2026-05-03T16:35:48.309+0000] {dagbag.py:539} INFO - Filling up the DagBag from /opt/airflow/dags/retail_pipeline_dag.py
[2026-05-03T16:35:48.327+0000] {processor.py:839} INFO - DAG(s) dict_keys(['retail_pipeline']) retrieved from /opt/airflow/dags/retail_pipeline_dag.py
[2026-05-03T16:35:48.359+0000] {logging_mixin.py:151} INFO - [2026-05-03T16:35:48.358+0000] {dag.py:2915} INFO - Sync 1 DAGs
[2026-05-03T16:35:48.373+0000] {logging_mixin.py:151} INFO - [2026-05-03T16:35:48.373+0000] {dag.py:3696} INFO - Setting next_dagrun for retail_pipeline to 2026-05-03T15:30:00+00:00, run_after=2026-05-04T15:30:00+00:00
[2026-05-03T16:35:48.384+0000] {processor.py:179} INFO - Processing /opt/airflow/dags/retail_pipeline_dag.py took 0.083 seconds
[2026-05-03T16:36:18.502+0000] {processor.py:157} INFO - Started process (PID=9160) to work on /opt/airflow/dags/retail_pipeline_dag.py
[2026-05-03T16:36:18.503+0000] {processor.py:829} INFO - Processing file /opt/airflow/dags/retail_pipeline_dag.py for tasks to queue
[2026-05-03T16:36:18.505+0000] {logging_mixin.py:151} INFO - [2026-05-03T16:36:18.504+0000] {dagbag.py:539} INFO - Filling up the DagBag from /opt/airflow/dags/retail_pipeline_dag.py
[2026-05-03T16:36:18.523+0000] {processor.py:839} INFO - DAG(s) dict_keys(['retail_pipeline']) retrieved from /opt/airflow/dags/retail_pipeline_dag.py
[2026-05-03T16:36:18.546+0000] {logging_mixin.py:151} INFO - [2026-05-03T16:36:18.546+0000] {dag.py:2915} INFO - Sync 1 DAGs
[2026-05-03T16:36:18.560+0000] {logging_mixin.py:151} INFO - [2026-05-03T16:36:18.560+0000] {dag.py:3696} INFO - Setting next_dagrun for retail_pipeline to 2026-05-03T15:30:00+00:00, run_after=2026-05-04T15:30:00+00:00
[2026-05-03T16:36:18.569+0000] {processor.py:179} INFO - Processing /opt/airflow/dags/retail_pipeline_dag.py took 0.072 seconds
[2026-05-03T16:36:48.733+0000] {processor.py:157} INFO - Started process (PID=9170) to work on /opt/airflow/dags/retail_pipeline_dag.py
[2026-05-03T16:36:48.734+0000] {processor.py:829} INFO - Processing file /opt/airflow/dags/retail_pipeline_dag.py for tasks to queue
[2026-05-03T16:36:48.736+0000] {logging_mixin.py:151} INFO - [2026-05-03T16:36:48.736+0000] {dagbag.py:539} INFO - Filling up the DagBag from /opt/airflow/dags/retail_pipeline_dag.py
[2026-05-03T16:36:48.754+0000] {processor.py:839} INFO - DAG(s) dict_keys(['retail_pipeline']) retrieved from /opt/airflow/dags/retail_pipeline_dag.py
[2026-05-03T16:36:48.778+0000] {logging_mixin.py:151} INFO - [2026-05-03T16:36:48.778+0000] {dag.py:2915} INFO - Sync 1 DAGs
[2026-05-03T16:36:48.792+0000] {logging_mixin.py:151} INFO - [2026-05-03T16:36:48.792+0000] {dag.py:3696} INFO - Setting next_dagrun for retail_pipeline to 2026-05-03T15:30:00+00:00, run_after=2026-05-04T15:30:00+00:00
[2026-05-03T16:36:48.800+0000] {processor.py:179} INFO - Processing /opt/airflow/dags/retail_pipeline_dag.py took 0.074 seconds
[2026-05-03T16:53:44.363+0000] {processor.py:157} INFO - Started process (PID=9182) to work on /opt/airflow/dags/retail_pipeline_dag.py
[2026-05-03T16:53:44.365+0000] {processor.py:829} INFO - Processing file /opt/airflow/dags/retail_pipeline_dag.py for tasks to queue
[2026-05-03T16:53:44.366+0000] {logging_mixin.py:151} INFO - [2026-05-03T16:53:44.365+0000] {dagbag.py:539} INFO - Filling up the DagBag from /opt/airflow/dags/retail_pipeline_dag.py
[2026-05-03T16:53:44.406+0000] {processor.py:839} INFO - DAG(s) dict_keys(['retail_pipeline']) retrieved from /opt/airflow/dags/retail_pipeline_dag.py
[2026-05-03T16:53:44.461+0000] {logging_mixin.py:151} INFO - [2026-05-03T16:53:44.461+0000] {dag.py:2915} INFO - Sync 1 DAGs
[2026-05-03T16:53:44.488+0000] {logging_mixin.py:151} INFO - [2026-05-03T16:53:44.487+0000] {dag.py:3696} INFO - Setting next_dagrun for retail_pipeline to 2026-05-03T15:30:00+00:00, run_after=2026-05-04T15:30:00+00:00
[2026-05-03T16:53:44.506+0000] {processor.py:179} INFO - Processing /opt/airflow/dags/retail_pipeline_dag.py took 0.152 seconds
[2026-05-03T17:10:11.529+0000] {processor.py:157} INFO - Started process (PID=9193) to work on /opt/airflow/dags/retail_pipeline_dag.py
[2026-05-03T17:10:11.532+0000] {processor.py:829} INFO - Processing file /opt/airflow/dags/retail_pipeline_dag.py for tasks to queue
[2026-05-03T17:10:11.535+0000] {logging_mixin.py:151} INFO - [2026-05-03T17:10:11.534+0000] {dagbag.py:539} INFO - Filling up the DagBag from /opt/airflow/dags/retail_pipeline_dag.py
[2026-05-03T17:10:11.563+0000] {processor.py:839} INFO - DAG(s) dict_keys(['retail_pipeline']) retrieved from /opt/airflow/dags/retail_pipeline_dag.py
[2026-05-03T17:10:11.615+0000] {logging_mixin.py:151} INFO - [2026-05-03T17:10:11.615+0000] {dag.py:2915} INFO - Sync 1 DAGs
[2026-05-03T17:10:11.639+0000] {logging_mixin.py:151} INFO - [2026-05-03T17:10:11.639+0000] {dag.py:3696} INFO - Setting next_dagrun for retail_pipeline to 2026-05-03T15:30:00+00:00, run_after=2026-05-04T15:30:00+00:00
[2026-05-03T17:10:11.661+0000] {processor.py:179} INFO - Processing /opt/airflow/dags/retail_pipeline_dag.py took 0.139 seconds
[2026-05-03T17:10:41.787+0000] {processor.py:157} INFO - Started process (PID=9284) to work on /opt/airflow/dags/retail_pipeline_dag.py
[2026-05-03T17:10:41.788+0000] {processor.py:829} INFO - Processing file /opt/airflow/dags/retail_pipeline_dag.py for tasks to queue
[2026-05-03T17:10:41.790+0000] {logging_mixin.py:151} INFO - [2026-05-03T17:10:41.790+0000] {dagbag.py:539} INFO - Filling up the DagBag from /opt/airflow/dags/retail_pipeline_dag.py
[2026-05-03T17:10:41.809+0000] {processor.py:839} INFO - DAG(s) dict_keys(['retail_pipeline']) retrieved from /opt/airflow/dags/retail_pipeline_dag.py
[2026-05-03T17:10:41.836+0000] {logging_mixin.py:151} INFO - [2026-05-03T17:10:41.836+0000] {dag.py:2915} INFO - Sync 1 DAGs
[2026-05-03T17:10:41.851+0000] {logging_mixin.py:151} INFO - [2026-05-03T17:10:41.851+0000] {dag.py:3696} INFO - Setting next_dagrun for retail_pipeline to 2026-05-03T15:30:00+00:00, run_after=2026-05-04T15:30:00+00:00
[2026-05-03T17:10:41.863+0000] {processor.py:179} INFO - Processing /opt/airflow/dags/retail_pipeline_dag.py took 0.081 seconds
[2026-05-03T17:27:12.974+0000] {processor.py:157} INFO - Started process (PID=9296) to work on /opt/airflow/dags/retail_pipeline_dag.py
[2026-05-03T17:27:12.975+0000] {processor.py:829} INFO - Processing file /opt/airflow/dags/retail_pipeline_dag.py for tasks to queue
[2026-05-03T17:27:12.978+0000] {logging_mixin.py:151} INFO - [2026-05-03T17:27:12.977+0000] {dagbag.py:539} INFO - Filling up the DagBag from /opt/airflow/dags/retail_pipeline_dag.py
[2026-05-03T17:27:13.026+0000] {processor.py:839} INFO - DAG(s) dict_keys(['retail_pipeline']) retrieved from /opt/airflow/dags/retail_pipeline_dag.py
[2026-05-03T17:27:13.080+0000] {logging_mixin.py:151} INFO - [2026-05-03T17:27:13.080+0000] {dag.py:2915} INFO - Sync 1 DAGs
[2026-05-03T17:27:13.110+0000] {logging_mixin.py:151} INFO - [2026-05-03T17:27:13.110+0000] {dag.py:3696} INFO - Setting next_dagrun for retail_pipeline to 2026-05-03T15:30:00+00:00, run_after=2026-05-04T15:30:00+00:00
[2026-05-03T17:27:13.131+0000] {processor.py:179} INFO - Processing /opt/airflow/dags/retail_pipeline_dag.py took 0.163 seconds
[2026-05-03T17:27:43.177+0000] {processor.py:157} INFO - Started process (PID=9306) to work on /opt/airflow/dags/retail_pipeline_dag.py
[2026-05-03T17:27:43.180+0000] {processor.py:829} INFO - Processing file /opt/airflow/dags/retail_pipeline_dag.py for tasks to queue
[2026-05-03T17:27:43.182+0000] {logging_mixin.py:151} INFO - [2026-05-03T17:27:43.181+0000] {dagbag.py:539} INFO - Filling up the DagBag from /opt/airflow/dags/retail_pipeline_dag.py
[2026-05-03T17:27:43.195+0000] {processor.py:839} INFO - DAG(s) dict_keys(['retail_pipeline']) retrieved from /opt/airflow/dags/retail_pipeline_dag.py
[2026-05-03T17:27:43.226+0000] {logging_mixin.py:151} INFO - [2026-05-03T17:27:43.226+0000] {dag.py:2915} INFO - Sync 1 DAGs
[2026-05-03T17:27:43.239+0000] {logging_mixin.py:151} INFO - [2026-05-03T17:27:43.238+0000] {dag.py:3696} INFO - Setting next_dagrun for retail_pipeline to 2026-05-03T15:30:00+00:00, run_after=2026-05-04T15:30:00+00:00
[2026-05-03T17:27:43.250+0000] {processor.py:179} INFO - Processing /opt/airflow/dags/retail_pipeline_dag.py took 0.077 seconds
[2026-05-03T17:43:39.302+0000] {processor.py:157} INFO - Started process (PID=9317) to work on /opt/airflow/dags/retail_pipeline_dag.py
[2026-05-03T17:43:39.303+0000] {processor.py:829} INFO - Processing file /opt/airflow/dags/retail_pipeline_dag.py for tasks to queue
[2026-05-03T17:43:39.303+0000] {logging_mixin.py:151} INFO - [2026-05-03T17:43:39.303+0000] {dagbag.py:539} INFO - Filling up the DagBag from /opt/airflow/dags/retail_pipeline_dag.py
[2026-05-03T17:43:39.320+0000] {processor.py:839} INFO - DAG(s) dict_keys(['retail_pipeline']) retrieved from /opt/airflow/dags/retail_pipeline_dag.py
[2026-05-03T17:43:39.352+0000] {logging_mixin.py:151} INFO - [2026-05-03T17:43:39.352+0000] {dag.py:2915} INFO - Sync 1 DAGs
[2026-05-03T17:43:39.367+0000] {logging_mixin.py:151} INFO - [2026-05-03T17:43:39.367+0000] {dag.py:3696} INFO - Setting next_dagrun for retail_pipeline to 2026-05-03T15:30:00+00:00, run_after=2026-05-04T15:30:00+00:00
[2026-05-03T17:43:39.376+0000] {processor.py:179} INFO - Processing /opt/airflow/dags/retail_pipeline_dag.py took 0.077 seconds
[2026-05-03T17:59:31.504+0000] {processor.py:157} INFO - Started process (PID=9327) to work on /opt/airflow/dags/retail_pipeline_dag.py
[2026-05-03T17:59:31.506+0000] {processor.py:829} INFO - Processing file /opt/airflow/dags/retail_pipeline_dag.py for tasks to queue
[2026-05-03T17:59:31.507+0000] {logging_mixin.py:151} INFO - [2026-05-03T17:59:31.506+0000] {dagbag.py:539} INFO - Filling up the DagBag from /opt/airflow/dags/retail_pipeline_dag.py
[2026-05-03T17:59:31.527+0000] {processor.py:839} INFO - DAG(s) dict_keys(['retail_pipeline']) retrieved from /opt/airflow/dags/retail_pipeline_dag.py
[2026-05-03T17:59:31.572+0000] {logging_mixin.py:151} INFO - [2026-05-03T17:59:31.572+0000] {dag.py:2915} INFO - Sync 1 DAGs
[2026-05-03T17:59:31.596+0000] {logging_mixin.py:151} INFO - [2026-05-03T17:59:31.596+0000] {dag.py:3696} INFO - Setting next_dagrun for retail_pipeline to 2026-05-03T15:30:00+00:00, run_after=2026-05-04T15:30:00+00:00
[2026-05-03T17:59:31.614+0000] {processor.py:179} INFO - Processing /opt/airflow/dags/retail_pipeline_dag.py took 0.113 seconds
[2026-05-03T18:00:01.822+0000] {processor.py:157} INFO - Started process (PID=9351) to work on /opt/airflow/dags/retail_pipeline_dag.py
[2026-05-03T18:00:01.823+0000] {processor.py:829} INFO - Processing file /opt/airflow/dags/retail_pipeline_dag.py for tasks to queue
[2026-05-03T18:00:01.825+0000] {logging_mixin.py:151} INFO - [2026-05-03T18:00:01.824+0000] {dagbag.py:539} INFO - Filling up the DagBag from /opt/airflow/dags/retail_pipeline_dag.py
[2026-05-03T18:00:01.859+0000] {processor.py:839} INFO - DAG(s) dict_keys(['retail_pipeline']) retrieved from /opt/airflow/dags/retail_pipeline_dag.py
[2026-05-03T18:00:01.887+0000] {logging_mixin.py:151} INFO - [2026-05-03T18:00:01.887+0000] {dag.py:2915} INFO - Sync 1 DAGs
[2026-05-03T18:00:01.902+0000] {logging_mixin.py:151} INFO - [2026-05-03T18:00:01.901+0000] {dag.py:3696} INFO - Setting next_dagrun for retail_pipeline to 2026-05-03T15:30:00+00:00, run_after=2026-05-04T15:30:00+00:00
[2026-05-03T18:00:01.913+0000] {processor.py:179} INFO - Processing /opt/airflow/dags/retail_pipeline_dag.py took 0.094 seconds
[2026-05-03T18:00:32.151+0000] {processor.py:157} INFO - Started process (PID=9431) to work on /opt/airflow/dags/retail_pipeline_dag.py
[2026-05-03T18:00:32.155+0000] {processor.py:829} INFO - Processing file /opt/airflow/dags/retail_pipeline_dag.py for tasks to queue
[2026-05-03T18:00:32.156+0000] {logging_mixin.py:151} INFO - [2026-05-03T18:00:32.156+0000] {dagbag.py:539} INFO - Filling up the DagBag from /opt/airflow/dags/retail_pipeline_dag.py
[2026-05-03T18:00:32.175+0000] {processor.py:839} INFO - DAG(s) dict_keys(['retail_pipeline']) retrieved from /opt/airflow/dags/retail_pipeline_dag.py
[2026-05-03T18:00:32.210+0000] {logging_mixin.py:151} INFO - [2026-05-03T18:00:32.210+0000] {dag.py:2915} INFO - Sync 1 DAGs
[2026-05-03T18:00:32.227+0000] {logging_mixin.py:151} INFO - [2026-05-03T18:00:32.227+0000] {dag.py:3696} INFO - Setting next_dagrun for retail_pipeline to 2026-05-03T15:30:00+00:00, run_after=2026-05-04T15:30:00+00:00
[2026-05-03T18:00:32.240+0000] {processor.py:179} INFO - Processing /opt/airflow/dags/retail_pipeline_dag.py took 0.092 seconds
[2026-05-03T18:01:02.473+0000] {processor.py:157} INFO - Started process (PID=9441) to work on /opt/airflow/dags/retail_pipeline_dag.py
[2026-05-03T18:01:02.475+0000] {processor.py:829} INFO - Processing file /opt/airflow/dags/retail_pipeline_dag.py for tasks to queue
[2026-05-03T18:01:02.476+0000] {logging_mixin.py:151} INFO - [2026-05-03T18:01:02.476+0000] {dagbag.py:539} INFO - Filling up the DagBag from /opt/airflow/dags/retail_pipeline_dag.py
[2026-05-03T18:01:02.500+0000] {processor.py:839} INFO - DAG(s) dict_keys(['retail_pipeline']) retrieved from /opt/airflow/dags/retail_pipeline_dag.py
[2026-05-03T18:01:02.533+0000] {logging_mixin.py:151} INFO - [2026-05-03T18:01:02.533+0000] {dag.py:2915} INFO - Sync 1 DAGs
[2026-05-03T18:01:02.550+0000] {logging_mixin.py:151} INFO - [2026-05-03T18:01:02.550+0000] {dag.py:3696} INFO - Setting next_dagrun for retail_pipeline to 2026-05-03T15:30:00+00:00, run_after=2026-05-04T15:30:00+00:00
[2026-05-03T18:01:02.560+0000] {processor.py:179} INFO - Processing /opt/airflow/dags/retail_pipeline_dag.py took 0.095 seconds
[2026-05-03T18:01:32.721+0000] {processor.py:157} INFO - Started process (PID=9451) to work on /opt/airflow/dags/retail_pipeline_dag.py
[2026-05-03T18:01:32.723+0000] {processor.py:829} INFO - Processing file /opt/airflow/dags/retail_pipeline_dag.py for tasks to queue
[2026-05-03T18:01:32.725+0000] {logging_mixin.py:151} INFO - [2026-05-03T18:01:32.724+0000] {dagbag.py:539} INFO - Filling up the DagBag from /opt/airflow/dags/retail_pipeline_dag.py
[2026-05-03T18:01:32.738+0000] {processor.py:839} INFO - DAG(s) dict_keys(['retail_pipeline']) retrieved from /opt/airflow/dags/retail_pipeline_dag.py
[2026-05-03T18:01:32.762+0000] {logging_mixin.py:151} INFO - [2026-05-03T18:01:32.762+0000] {dag.py:2915} INFO - Sync 1 DAGs
[2026-05-03T18:01:32.777+0000] {logging_mixin.py:151} INFO - [2026-05-03T18:01:32.777+0000] {dag.py:3696} INFO - Setting next_dagrun for retail_pipeline to 2026-05-03T15:30:00+00:00, run_after=2026-05-04T15:30:00+00:00
[2026-05-03T18:01:32.786+0000] {processor.py:179} INFO - Processing /opt/airflow/dags/retail_pipeline_dag.py took 0.069 seconds
[2026-05-03T18:02:03.000+0000] {processor.py:157} INFO - Started process (PID=9460) to work on /opt/airflow/dags/retail_pipeline_dag.py
[2026-05-03T18:02:03.002+0000] {processor.py:829} INFO - Processing file /opt/airflow/dags/retail_pipeline_dag.py for tasks to queue
[2026-05-03T18:02:03.004+0000] {logging_mixin.py:151} INFO - [2026-05-03T18:02:03.004+0000] {dagbag.py:539} INFO - Filling up the DagBag from /opt/airflow/dags/retail_pipeline_dag.py
[2026-05-03T18:02:03.029+0000] {processor.py:839} INFO - DAG(s) dict_keys(['retail_pipeline']) retrieved from /opt/airflow/dags/retail_pipeline_dag.py
[2026-05-03T18:02:03.056+0000] {logging_mixin.py:151} INFO - [2026-05-03T18:02:03.056+0000] {dag.py:2915} INFO - Sync 1 DAGs
[2026-05-03T18:02:03.073+0000] {logging_mixin.py:151} INFO - [2026-05-03T18:02:03.073+0000] {dag.py:3696} INFO - Setting next_dagrun for retail_pipeline to 2026-05-03T15:30:00+00:00, run_after=2026-05-04T15:30:00+00:00
[2026-05-03T18:02:03.084+0000] {processor.py:179} INFO - Processing /opt/airflow/dags/retail_pipeline_dag.py took 0.091 seconds
[2026-05-03T18:02:33.202+0000] {processor.py:157} INFO - Started process (PID=9471) to work on /opt/airflow/dags/retail_pipeline_dag.py
[2026-05-03T18:02:33.204+0000] {processor.py:829} INFO - Processing file /opt/airflow/dags/retail_pipeline_dag.py for tasks to queue
[2026-05-03T18:02:33.205+0000] {logging_mixin.py:151} INFO - [2026-05-03T18:02:33.204+0000] {dagbag.py:539} INFO - Filling up the DagBag from /opt/airflow/dags/retail_pipeline_dag.py
[2026-05-03T18:02:33.221+0000] {processor.py:839} INFO - DAG(s) dict_keys(['retail_pipeline']) retrieved from /opt/airflow/dags/retail_pipeline_dag.py
[2026-05-03T18:02:33.243+0000] {logging_mixin.py:151} INFO - [2026-05-03T18:02:33.243+0000] {dag.py:2915} INFO - Sync 1 DAGs
[2026-05-03T18:02:33.260+0000] {logging_mixin.py:151} INFO - [2026-05-03T18:02:33.259+0000] {dag.py:3696} INFO - Setting next_dagrun for retail_pipeline to 2026-05-03T15:30:00+00:00, run_after=2026-05-04T15:30:00+00:00
[2026-05-03T18:02:33.271+0000] {processor.py:179} INFO - Processing /opt/airflow/dags/retail_pipeline_dag.py took 0.072 seconds
[2026-05-03T18:03:03.511+0000] {processor.py:157} INFO - Started process (PID=9481) to work on /opt/airflow/dags/retail_pipeline_dag.py
[2026-05-03T18:03:03.513+0000] {processor.py:829} INFO - Processing file /opt/airflow/dags/retail_pipeline_dag.py for tasks to queue
[2026-05-03T18:03:03.513+0000] {logging_mixin.py:151} INFO - [2026-05-03T18:03:03.513+0000] {dagbag.py:539} INFO - Filling up the DagBag from /opt/airflow/dags/retail_pipeline_dag.py
[2026-05-03T18:03:03.528+0000] {processor.py:839} INFO - DAG(s) dict_keys(['retail_pipeline']) retrieved from /opt/airflow/dags/retail_pipeline_dag.py
[2026-05-03T18:03:03.552+0000] {logging_mixin.py:151} INFO - [2026-05-03T18:03:03.552+0000] {dag.py:2915} INFO - Sync 1 DAGs
[2026-05-03T18:03:03.562+0000] {logging_mixin.py:151} INFO - [2026-05-03T18:03:03.562+0000] {dag.py:3696} INFO - Setting next_dagrun for retail_pipeline to 2026-05-03T15:30:00+00:00, run_after=2026-05-04T15:30:00+00:00
[2026-05-03T18:03:03.570+0000] {processor.py:179} INFO - Processing /opt/airflow/dags/retail_pipeline_dag.py took 0.063 seconds
[2026-05-03T18:12:10.920+0000] {processor.py:157} INFO - Started process (PID=9493) to work on /opt/airflow/dags/retail_pipeline_dag.py
[2026-05-03T18:12:10.924+0000] {processor.py:829} INFO - Processing file /opt/airflow/dags/retail_pipeline_dag.py for tasks to queue
[2026-05-03T18:12:10.929+0000] {logging_mixin.py:151} INFO - [2026-05-03T18:12:10.929+0000] {dagbag.py:539} INFO - Filling up the DagBag from /opt/airflow/dags/retail_pipeline_dag.py
[2026-05-03T18:12:10.958+0000] {processor.py:839} INFO - DAG(s) dict_keys(['retail_pipeline']) retrieved from /opt/airflow/dags/retail_pipeline_dag.py
[2026-05-03T18:12:11.023+0000] {logging_mixin.py:151} INFO - [2026-05-03T18:12:11.023+0000] {dag.py:2915} INFO - Sync 1 DAGs
[2026-05-03T18:12:11.046+0000] {logging_mixin.py:151} INFO - [2026-05-03T18:12:11.045+0000] {dag.py:3696} INFO - Setting next_dagrun for retail_pipeline to 2026-05-03T15:30:00+00:00, run_after=2026-05-04T15:30:00+00:00
[2026-05-03T18:12:11.061+0000] {processor.py:179} INFO - Processing /opt/airflow/dags/retail_pipeline_dag.py took 0.150 seconds
[2026-05-03T18:12:41.352+0000] {processor.py:157} INFO - Started process (PID=9501) to work on /opt/airflow/dags/retail_pipeline_dag.py
[2026-05-03T18:12:41.354+0000] {processor.py:829} INFO - Processing file /opt/airflow/dags/retail_pipeline_dag.py for tasks to queue
[2026-05-03T18:12:41.361+0000] {logging_mixin.py:151} INFO - [2026-05-03T18:12:41.356+0000] {dagbag.py:539} INFO - Filling up the DagBag from /opt/airflow/dags/retail_pipeline_dag.py
[2026-05-03T18:12:41.415+0000] {processor.py:839} INFO - DAG(s) dict_keys(['retail_pipeline']) retrieved from /opt/airflow/dags/retail_pipeline_dag.py
[2026-05-03T18:12:41.495+0000] {logging_mixin.py:151} INFO - [2026-05-03T18:12:41.495+0000] {dag.py:2915} INFO - Sync 1 DAGs
[2026-05-03T18:12:41.526+0000] {logging_mixin.py:151} INFO - [2026-05-03T18:12:41.526+0000] {dag.py:3696} INFO - Setting next_dagrun for retail_pipeline to 2026-05-03T15:30:00+00:00, run_after=2026-05-04T15:30:00+00:00
[2026-05-03T18:12:41.540+0000] {processor.py:179} INFO - Processing /opt/airflow/dags/retail_pipeline_dag.py took 0.203 seconds
[2026-05-03T18:29:02.372+0000] {processor.py:157} INFO - Started process (PID=9513) to work on /opt/airflow/dags/retail_pipeline_dag.py
[2026-05-03T18:29:02.375+0000] {processor.py:829} INFO - Processing file /opt/airflow/dags/retail_pipeline_dag.py for tasks to queue
[2026-05-03T18:29:02.376+0000] {logging_mixin.py:151} INFO - [2026-05-03T18:29:02.376+0000] {dagbag.py:539} INFO - Filling up the DagBag from /opt/airflow/dags/retail_pipeline_dag.py
[2026-05-03T18:29:02.411+0000] {processor.py:839} INFO - DAG(s) dict_keys(['retail_pipeline']) retrieved from /opt/airflow/dags/retail_pipeline_dag.py
[2026-05-03T18:29:02.450+0000] {logging_mixin.py:151} INFO - [2026-05-03T18:29:02.450+0000] {dag.py:2915} INFO - Sync 1 DAGs
[2026-05-03T18:29:02.467+0000] {logging_mixin.py:151} INFO - [2026-05-03T18:29:02.467+0000] {dag.py:3696} INFO - Setting next_dagrun for retail_pipeline to 2026-05-03T15:30:00+00:00, run_after=2026-05-04T15:30:00+00:00
[2026-05-03T18:29:02.478+0000] {processor.py:179} INFO - Processing /opt/airflow/dags/retail_pipeline_dag.py took 0.113 seconds
[2026-05-03T18:46:07.543+0000] {processor.py:157} INFO - Started process (PID=9522) to work on /opt/airflow/dags/retail_pipeline_dag.py
[2026-05-03T18:46:07.546+0000] {processor.py:829} INFO - Processing file /opt/airflow/dags/retail_pipeline_dag.py for tasks to queue
[2026-05-03T18:46:07.548+0000] {logging_mixin.py:151} INFO - [2026-05-03T18:46:07.547+0000] {dagbag.py:539} INFO - Filling up the DagBag from /opt/airflow/dags/retail_pipeline_dag.py
[2026-05-03T18:46:07.585+0000] {processor.py:839} INFO - DAG(s) dict_keys(['retail_pipeline']) retrieved from /opt/airflow/dags/retail_pipeline_dag.py
[2026-05-03T18:46:07.619+0000] {logging_mixin.py:151} INFO - [2026-05-03T18:46:07.619+0000] {dag.py:2915} INFO - Sync 1 DAGs
[2026-05-03T18:46:07.638+0000] {logging_mixin.py:151} INFO - [2026-05-03T18:46:07.638+0000] {dag.py:3696} INFO - Setting next_dagrun for retail_pipeline to 2026-05-03T15:30:00+00:00, run_after=2026-05-04T15:30:00+00:00
[2026-05-03T18:46:07.652+0000] {processor.py:179} INFO - Processing /opt/airflow/dags/retail_pipeline_dag.py took 0.118 seconds
[2026-05-03T18:46:37.796+0000] {processor.py:157} INFO - Started process (PID=9533) to work on /opt/airflow/dags/retail_pipeline_dag.py
[2026-05-03T18:46:37.797+0000] {processor.py:829} INFO - Processing file /opt/airflow/dags/retail_pipeline_dag.py for tasks to queue
[2026-05-03T18:46:37.800+0000] {logging_mixin.py:151} INFO - [2026-05-03T18:46:37.798+0000] {dagbag.py:539} INFO - Filling up the DagBag from /opt/airflow/dags/retail_pipeline_dag.py
[2026-05-03T18:46:37.827+0000] {processor.py:839} INFO - DAG(s) dict_keys(['retail_pipeline']) retrieved from /opt/airflow/dags/retail_pipeline_dag.py
[2026-05-03T18:46:37.859+0000] {logging_mixin.py:151} INFO - [2026-05-03T18:46:37.859+0000] {dag.py:2915} INFO - Sync 1 DAGs
[2026-05-03T18:46:37.880+0000] {logging_mixin.py:151} INFO - [2026-05-03T18:46:37.880+0000] {dag.py:3696} INFO - Setting next_dagrun for retail_pipeline to 2026-05-03T15:30:00+00:00, run_after=2026-05-04T15:30:00+00:00
[2026-05-03T18:46:37.889+0000] {processor.py:179} INFO - Processing /opt/airflow/dags/retail_pipeline_dag.py took 0.097 seconds
[2026-05-03T19:02:12.071+0000] {processor.py:157} INFO - Started process (PID=9544) to work on /opt/airflow/dags/retail_pipeline_dag.py
[2026-05-03T19:02:12.073+0000] {processor.py:829} INFO - Processing file /opt/airflow/dags/retail_pipeline_dag.py for tasks to queue
[2026-05-03T19:02:12.074+0000] {logging_mixin.py:151} INFO - [2026-05-03T19:02:12.073+0000] {dagbag.py:539} INFO - Filling up the DagBag from /opt/airflow/dags/retail_pipeline_dag.py
[2026-05-03T19:02:12.101+0000] {processor.py:839} INFO - DAG(s) dict_keys(['retail_pipeline']) retrieved from /opt/airflow/dags/retail_pipeline_dag.py
[2026-05-03T19:02:12.223+0000] {logging_mixin.py:151} INFO - [2026-05-03T19:02:12.223+0000] {dag.py:2915} INFO - Sync 1 DAGs
[2026-05-03T19:02:12.297+0000] {logging_mixin.py:151} INFO - [2026-05-03T19:02:12.297+0000] {dag.py:3696} INFO - Setting next_dagrun for retail_pipeline to 2026-05-03T15:30:00+00:00, run_after=2026-05-04T15:30:00+00:00
[2026-05-03T19:02:12.353+0000] {processor.py:179} INFO - Processing /opt/airflow/dags/retail_pipeline_dag.py took 0.286 seconds
[2026-05-03T19:02:42.591+0000] {processor.py:157} INFO - Started process (PID=9632) to work on /opt/airflow/dags/retail_pipeline_dag.py
[2026-05-03T19:02:42.597+0000] {processor.py:829} INFO - Processing file /opt/airflow/dags/retail_pipeline_dag.py for tasks to queue
[2026-05-03T19:02:42.599+0000] {logging_mixin.py:151} INFO - [2026-05-03T19:02:42.599+0000] {dagbag.py:539} INFO - Filling up the DagBag from /opt/airflow/dags/retail_pipeline_dag.py
[2026-05-03T19:02:42.648+0000] {processor.py:839} INFO - DAG(s) dict_keys(['retail_pipeline']) retrieved from /opt/airflow/dags/retail_pipeline_dag.py
[2026-05-03T19:02:42.705+0000] {logging_mixin.py:151} INFO - [2026-05-03T19:02:42.705+0000] {dag.py:2915} INFO - Sync 1 DAGs
[2026-05-03T19:02:42.729+0000] {logging_mixin.py:151} INFO - [2026-05-03T19:02:42.729+0000] {dag.py:3696} INFO - Setting next_dagrun for retail_pipeline to 2026-05-03T15:30:00+00:00, run_after=2026-05-04T15:30:00+00:00
[2026-05-03T19:02:42.743+0000] {processor.py:179} INFO - Processing /opt/airflow/dags/retail_pipeline_dag.py took 0.161 seconds
[2026-05-03T19:13:03.222+0000] {processor.py:157} INFO - Started process (PID=9643) to work on /opt/airflow/dags/retail_pipeline_dag.py
[2026-05-03T19:13:03.224+0000] {processor.py:829} INFO - Processing file /opt/airflow/dags/retail_pipeline_dag.py for tasks to queue
[2026-05-03T19:13:03.225+0000] {logging_mixin.py:151} INFO - [2026-05-03T19:13:03.224+0000] {dagbag.py:539} INFO - Filling up the DagBag from /opt/airflow/dags/retail_pipeline_dag.py
[2026-05-03T19:13:03.254+0000] {processor.py:839} INFO - DAG(s) dict_keys(['retail_pipeline']) retrieved from /opt/airflow/dags/retail_pipeline_dag.py
[2026-05-03T19:13:03.289+0000] {logging_mixin.py:151} INFO - [2026-05-03T19:13:03.289+0000] {dag.py:2915} INFO - Sync 1 DAGs
[2026-05-03T19:13:03.304+0000] {logging_mixin.py:151} INFO - [2026-05-03T19:13:03.304+0000] {dag.py:3696} INFO - Setting next_dagrun for retail_pipeline to 2026-05-03T15:30:00+00:00, run_after=2026-05-04T15:30:00+00:00
[2026-05-03T19:13:03.313+0000] {processor.py:179} INFO - Processing /opt/airflow/dags/retail_pipeline_dag.py took 0.096 seconds
[2026-05-03T19:13:33.558+0000] {processor.py:157} INFO - Started process (PID=9653) to work on /opt/airflow/dags/retail_pipeline_dag.py
[2026-05-03T19:13:33.559+0000] {processor.py:829} INFO - Processing file /opt/airflow/dags/retail_pipeline_dag.py for tasks to queue
[2026-05-03T19:13:33.560+0000] {logging_mixin.py:151} INFO - [2026-05-03T19:13:33.560+0000] {dagbag.py:539} INFO - Filling up the DagBag from /opt/airflow/dags/retail_pipeline_dag.py
[2026-05-03T19:13:33.592+0000] {processor.py:839} INFO - DAG(s) dict_keys(['retail_pipeline']) retrieved from /opt/airflow/dags/retail_pipeline_dag.py
[2026-05-03T19:13:33.625+0000] {logging_mixin.py:151} INFO - [2026-05-03T19:13:33.625+0000] {dag.py:2915} INFO - Sync 1 DAGs
[2026-05-03T19:13:33.640+0000] {logging_mixin.py:151} INFO - [2026-05-03T19:13:33.640+0000] {dag.py:3696} INFO - Setting next_dagrun for retail_pipeline to 2026-05-03T15:30:00+00:00, run_after=2026-05-04T15:30:00+00:00
[2026-05-03T19:13:33.650+0000] {processor.py:179} INFO - Processing /opt/airflow/dags/retail_pipeline_dag.py took 0.095 seconds
[2026-05-03T19:30:07.690+0000] {processor.py:157} INFO - Started process (PID=9664) to work on /opt/airflow/dags/retail_pipeline_dag.py
[2026-05-03T19:30:07.692+0000] {processor.py:829} INFO - Processing file /opt/airflow/dags/retail_pipeline_dag.py for tasks to queue
[2026-05-03T19:30:07.694+0000] {logging_mixin.py:151} INFO - [2026-05-03T19:30:07.693+0000] {dagbag.py:539} INFO - Filling up the DagBag from /opt/airflow/dags/retail_pipeline_dag.py
[2026-05-03T19:30:07.743+0000] {processor.py:839} INFO - DAG(s) dict_keys(['retail_pipeline']) retrieved from /opt/airflow/dags/retail_pipeline_dag.py
[2026-05-03T19:30:07.807+0000] {logging_mixin.py:151} INFO - [2026-05-03T19:30:07.807+0000] {dag.py:2915} INFO - Sync 1 DAGs
[2026-05-03T19:30:07.841+0000] {logging_mixin.py:151} INFO - [2026-05-03T19:30:07.840+0000] {dag.py:3696} INFO - Setting next_dagrun for retail_pipeline to 2026-05-03T15:30:00+00:00, run_after=2026-05-04T15:30:00+00:00
[2026-05-03T19:30:07.872+0000] {processor.py:179} INFO - Processing /opt/airflow/dags/retail_pipeline_dag.py took 0.192 seconds
[2026-05-03T19:45:43.835+0000] {processor.py:157} INFO - Started process (PID=9675) to work on /opt/airflow/dags/retail_pipeline_dag.py
[2026-05-03T19:45:43.836+0000] {processor.py:829} INFO - Processing file /opt/airflow/dags/retail_pipeline_dag.py for tasks to queue
[2026-05-03T19:45:43.837+0000] {logging_mixin.py:151} INFO - [2026-05-03T19:45:43.837+0000] {dagbag.py:539} INFO - Filling up the DagBag from /opt/airflow/dags/retail_pipeline_dag.py
[2026-05-03T19:45:43.857+0000] {processor.py:839} INFO - DAG(s) dict_keys(['retail_pipeline']) retrieved from /opt/airflow/dags/retail_pipeline_dag.py
[2026-05-03T19:45:43.888+0000] {logging_mixin.py:151} INFO - [2026-05-03T19:45:43.888+0000] {dag.py:2915} INFO - Sync 1 DAGs
[2026-05-03T19:45:43.901+0000] {logging_mixin.py:151} INFO - [2026-05-03T19:45:43.901+0000] {dag.py:3696} INFO - Setting next_dagrun for retail_pipeline to 2026-05-03T15:30:00+00:00, run_after=2026-05-04T15:30:00+00:00
[2026-05-03T19:45:43.910+0000] {processor.py:179} INFO - Processing /opt/airflow/dags/retail_pipeline_dag.py took 0.081 seconds
[2026-05-03T19:46:14.061+0000] {processor.py:157} INFO - Started process (PID=9685) to work on /opt/airflow/dags/retail_pipeline_dag.py
[2026-05-03T19:46:14.063+0000] {processor.py:829} INFO - Processing file /opt/airflow/dags/retail_pipeline_dag.py for tasks to queue
[2026-05-03T19:46:14.065+0000] {logging_mixin.py:151} INFO - [2026-05-03T19:46:14.065+0000] {dagbag.py:539} INFO - Filling up the DagBag from /opt/airflow/dags/retail_pipeline_dag.py
[2026-05-03T19:46:14.099+0000] {processor.py:839} INFO - DAG(s) dict_keys(['retail_pipeline']) retrieved from /opt/airflow/dags/retail_pipeline_dag.py
[2026-05-03T19:46:14.136+0000] {logging_mixin.py:151} INFO - [2026-05-03T19:46:14.136+0000] {dag.py:2915} INFO - Sync 1 DAGs
[2026-05-03T19:46:14.164+0000] {logging_mixin.py:151} INFO - [2026-05-03T19:46:14.164+0000] {dag.py:3696} INFO - Setting next_dagrun for retail_pipeline to 2026-05-03T15:30:00+00:00, run_after=2026-05-04T15:30:00+00:00
[2026-05-03T19:46:14.179+0000] {processor.py:179} INFO - Processing /opt/airflow/dags/retail_pipeline_dag.py took 0.123 seconds
[2026-05-03T20:02:07.311+0000] {processor.py:157} INFO - Started process (PID=9695) to work on /opt/airflow/dags/retail_pipeline_dag.py
[2026-05-03T20:02:07.314+0000] {processor.py:829} INFO - Processing file /opt/airflow/dags/retail_pipeline_dag.py for tasks to queue
[2026-05-03T20:02:07.316+0000] {logging_mixin.py:151} INFO - [2026-05-03T20:02:07.315+0000] {dagbag.py:539} INFO - Filling up the DagBag from /opt/airflow/dags/retail_pipeline_dag.py
[2026-05-03T20:02:07.348+0000] {processor.py:839} INFO - DAG(s) dict_keys(['retail_pipeline']) retrieved from /opt/airflow/dags/retail_pipeline_dag.py
[2026-05-03T20:02:07.384+0000] {logging_mixin.py:151} INFO - [2026-05-03T20:02:07.384+0000] {dag.py:2915} INFO - Sync 1 DAGs
[2026-05-03T20:02:07.416+0000] {logging_mixin.py:151} INFO - [2026-05-03T20:02:07.415+0000] {dag.py:3696} INFO - Setting next_dagrun for retail_pipeline to 2026-05-03T15:30:00+00:00, run_after=2026-05-04T15:30:00+00:00
[2026-05-03T20:02:07.429+0000] {processor.py:179} INFO - Processing /opt/airflow/dags/retail_pipeline_dag.py took 0.124 seconds
[2026-05-03T20:02:37.659+0000] {processor.py:157} INFO - Started process (PID=9789) to work on /opt/airflow/dags/retail_pipeline_dag.py
[2026-05-03T20:02:37.661+0000] {processor.py:829} INFO - Processing file /opt/airflow/dags/retail_pipeline_dag.py for tasks to queue
[2026-05-03T20:02:37.664+0000] {logging_mixin.py:151} INFO - [2026-05-03T20:02:37.662+0000] {dagbag.py:539} INFO - Filling up the DagBag from /opt/airflow/dags/retail_pipeline_dag.py
[2026-05-03T20:02:37.687+0000] {processor.py:839} INFO - DAG(s) dict_keys(['retail_pipeline']) retrieved from /opt/airflow/dags/retail_pipeline_dag.py
[2026-05-03T20:02:37.717+0000] {logging_mixin.py:151} INFO - [2026-05-03T20:02:37.717+0000] {dag.py:2915} INFO - Sync 1 DAGs
[2026-05-03T20:02:37.729+0000] {logging_mixin.py:151} INFO - [2026-05-03T20:02:37.729+0000] {dag.py:3696} INFO - Setting next_dagrun for retail_pipeline to 2026-05-03T15:30:00+00:00, run_after=2026-05-04T15:30:00+00:00
[2026-05-03T20:02:37.739+0000] {processor.py:179} INFO - Processing /opt/airflow/dags/retail_pipeline_dag.py took 0.083 seconds
[2026-05-03T20:03:07.883+0000] {processor.py:157} INFO - Started process (PID=9800) to work on /opt/airflow/dags/retail_pipeline_dag.py
[2026-05-03T20:03:07.884+0000] {processor.py:829} INFO - Processing file /opt/airflow/dags/retail_pipeline_dag.py for tasks to queue
[2026-05-03T20:03:07.885+0000] {logging_mixin.py:151} INFO - [2026-05-03T20:03:07.885+0000] {dagbag.py:539} INFO - Filling up the DagBag from /opt/airflow/dags/retail_pipeline_dag.py
[2026-05-03T20:03:07.911+0000] {processor.py:839} INFO - DAG(s) dict_keys(['retail_pipeline']) retrieved from /opt/airflow/dags/retail_pipeline_dag.py
[2026-05-03T20:03:07.949+0000] {logging_mixin.py:151} INFO - [2026-05-03T20:03:07.949+0000] {dag.py:2915} INFO - Sync 1 DAGs
[2026-05-03T20:03:07.964+0000] {logging_mixin.py:151} INFO - [2026-05-03T20:03:07.964+0000] {dag.py:3696} INFO - Setting next_dagrun for retail_pipeline to 2026-05-03T15:30:00+00:00, run_after=2026-05-04T15:30:00+00:00
[2026-05-03T20:03:07.975+0000] {processor.py:179} INFO - Processing /opt/airflow/dags/retail_pipeline_dag.py took 0.105 seconds
[2026-05-03T20:14:18.320+0000] {processor.py:157} INFO - Started process (PID=9810) to work on /opt/airflow/dags/retail_pipeline_dag.py
[2026-05-03T20:14:18.327+0000] {processor.py:829} INFO - Processing file /opt/airflow/dags/retail_pipeline_dag.py for tasks to queue
[2026-05-03T20:14:18.332+0000] {logging_mixin.py:151} INFO - [2026-05-03T20:14:18.330+0000] {dagbag.py:539} INFO - Filling up the DagBag from /opt/airflow/dags/retail_pipeline_dag.py
[2026-05-03T20:14:18.428+0000] {processor.py:839} INFO - DAG(s) dict_keys(['retail_pipeline']) retrieved from /opt/airflow/dags/retail_pipeline_dag.py
[2026-05-03T20:14:18.529+0000] {logging_mixin.py:151} INFO - [2026-05-03T20:14:18.529+0000] {dag.py:2915} INFO - Sync 1 DAGs
[2026-05-03T20:14:18.562+0000] {logging_mixin.py:151} INFO - [2026-05-03T20:14:18.562+0000] {dag.py:3696} INFO - Setting next_dagrun for retail_pipeline to 2026-05-03T15:30:00+00:00, run_after=2026-05-04T15:30:00+00:00
[2026-05-03T20:14:18.587+0000] {processor.py:179} INFO - Processing /opt/airflow/dags/retail_pipeline_dag.py took 0.281 seconds
[2026-05-03T20:31:38.035+0000] {processor.py:157} INFO - Started process (PID=9820) to work on /opt/airflow/dags/retail_pipeline_dag.py
[2026-05-03T20:31:38.037+0000] {processor.py:829} INFO - Processing file /opt/airflow/dags/retail_pipeline_dag.py for tasks to queue
[2026-05-03T20:31:38.038+0000] {logging_mixin.py:151} INFO - [2026-05-03T20:31:38.037+0000] {dagbag.py:539} INFO - Filling up the DagBag from /opt/airflow/dags/retail_pipeline_dag.py
[2026-05-03T20:31:38.064+0000] {processor.py:839} INFO - DAG(s) dict_keys(['retail_pipeline']) retrieved from /opt/airflow/dags/retail_pipeline_dag.py
[2026-05-03T20:31:38.093+0000] {logging_mixin.py:151} INFO - [2026-05-03T20:31:38.093+0000] {dag.py:2915} INFO - Sync 1 DAGs
[2026-05-03T20:31:38.107+0000] {logging_mixin.py:151} INFO - [2026-05-03T20:31:38.107+0000] {dag.py:3696} INFO - Setting next_dagrun for retail_pipeline to 2026-05-03T15:30:00+00:00, run_after=2026-05-04T15:30:00+00:00
[2026-05-03T20:31:38.120+0000] {processor.py:179} INFO - Processing /opt/airflow/dags/retail_pipeline_dag.py took 0.094 seconds
[2026-05-03T20:32:08.378+0000] {processor.py:157} INFO - Started process (PID=9831) to work on /opt/airflow/dags/retail_pipeline_dag.py
[2026-05-03T20:32:08.381+0000] {processor.py:829} INFO - Processing file /opt/airflow/dags/retail_pipeline_dag.py for tasks to queue
[2026-05-03T20:32:08.383+0000] {logging_mixin.py:151} INFO - [2026-05-03T20:32:08.382+0000] {dagbag.py:539} INFO - Filling up the DagBag from /opt/airflow/dags/retail_pipeline_dag.py
[2026-05-03T20:32:08.421+0000] {processor.py:839} INFO - DAG(s) dict_keys(['retail_pipeline']) retrieved from /opt/airflow/dags/retail_pipeline_dag.py
[2026-05-03T20:32:08.492+0000] {logging_mixin.py:151} INFO - [2026-05-03T20:32:08.492+0000] {dag.py:2915} INFO - Sync 1 DAGs
[2026-05-03T20:32:08.523+0000] {logging_mixin.py:151} INFO - [2026-05-03T20:32:08.523+0000] {dag.py:3696} INFO - Setting next_dagrun for retail_pipeline to 2026-05-03T15:30:00+00:00, run_after=2026-05-04T15:30:00+00:00
[2026-05-03T20:32:08.536+0000] {processor.py:179} INFO - Processing /opt/airflow/dags/retail_pipeline_dag.py took 0.168 seconds
[2026-05-03T20:48:32.672+0000] {processor.py:157} INFO - Started process (PID=9842) to work on /opt/airflow/dags/retail_pipeline_dag.py
[2026-05-03T20:48:32.675+0000] {processor.py:829} INFO - Processing file /opt/airflow/dags/retail_pipeline_dag.py for tasks to queue
[2026-05-03T20:48:32.678+0000] {logging_mixin.py:151} INFO - [2026-05-03T20:48:32.677+0000] {dagbag.py:539} INFO - Filling up the DagBag from /opt/airflow/dags/retail_pipeline_dag.py
[2026-05-03T20:48:32.708+0000] {processor.py:839} INFO - DAG(s) dict_keys(['retail_pipeline']) retrieved from /opt/airflow/dags/retail_pipeline_dag.py
[2026-05-03T20:48:32.780+0000] {logging_mixin.py:151} INFO - [2026-05-03T20:48:32.779+0000] {dag.py:2915} INFO - Sync 1 DAGs
[2026-05-03T20:48:32.813+0000] {logging_mixin.py:151} INFO - [2026-05-03T20:48:32.813+0000] {dag.py:3696} INFO - Setting next_dagrun for retail_pipeline to 2026-05-03T15:30:00+00:00, run_after=2026-05-04T15:30:00+00:00
[2026-05-03T20:48:32.836+0000] {processor.py:179} INFO - Processing /opt/airflow/dags/retail_pipeline_dag.py took 0.177 seconds
[2026-05-03T20:49:03.156+0000] {processor.py:157} INFO - Started process (PID=9851) to work on /opt/airflow/dags/retail_pipeline_dag.py
[2026-05-03T20:49:03.157+0000] {processor.py:829} INFO - Processing file /opt/airflow/dags/retail_pipeline_dag.py for tasks to queue
[2026-05-03T20:49:03.159+0000] {logging_mixin.py:151} INFO - [2026-05-03T20:49:03.158+0000] {dagbag.py:539} INFO - Filling up the DagBag from /opt/airflow/dags/retail_pipeline_dag.py
[2026-05-03T20:49:03.203+0000] {processor.py:839} INFO - DAG(s) dict_keys(['retail_pipeline']) retrieved from /opt/airflow/dags/retail_pipeline_dag.py
[2026-05-03T20:49:03.264+0000] {logging_mixin.py:151} INFO - [2026-05-03T20:49:03.264+0000] {dag.py:2915} INFO - Sync 1 DAGs
[2026-05-03T20:49:03.300+0000] {logging_mixin.py:151} INFO - [2026-05-03T20:49:03.300+0000] {dag.py:3696} INFO - Setting next_dagrun for retail_pipeline to 2026-05-03T15:30:00+00:00, run_after=2026-05-04T15:30:00+00:00
[2026-05-03T20:49:03.314+0000] {processor.py:179} INFO - Processing /opt/airflow/dags/retail_pipeline_dag.py took 0.175 seconds
[2026-05-03T21:05:38.347+0000] {processor.py:157} INFO - Started process (PID=9863) to work on /opt/airflow/dags/retail_pipeline_dag.py
[2026-05-03T21:05:38.351+0000] {processor.py:829} INFO - Processing file /opt/airflow/dags/retail_pipeline_dag.py for tasks to queue
[2026-05-03T21:05:38.352+0000] {logging_mixin.py:151} INFO - [2026-05-03T21:05:38.352+0000] {dagbag.py:539} INFO - Filling up the DagBag from /opt/airflow/dags/retail_pipeline_dag.py
[2026-05-03T21:05:38.383+0000] {processor.py:839} INFO - DAG(s) dict_keys(['retail_pipeline']) retrieved from /opt/airflow/dags/retail_pipeline_dag.py
[2026-05-03T21:05:38.443+0000] {logging_mixin.py:151} INFO - [2026-05-03T21:05:38.443+0000] {dag.py:2915} INFO - Sync 1 DAGs
[2026-05-03T21:05:38.473+0000] {logging_mixin.py:151} INFO - [2026-05-03T21:05:38.473+0000] {dag.py:3696} INFO - Setting next_dagrun for retail_pipeline to 2026-05-03T15:30:00+00:00, run_after=2026-05-04T15:30:00+00:00
[2026-05-03T21:05:38.503+0000] {processor.py:179} INFO - Processing /opt/airflow/dags/retail_pipeline_dag.py took 0.159 seconds
[2026-05-03T21:06:08.736+0000] {processor.py:157} INFO - Started process (PID=9956) to work on /opt/airflow/dags/retail_pipeline_dag.py
[2026-05-03T21:06:08.738+0000] {processor.py:829} INFO - Processing file /opt/airflow/dags/retail_pipeline_dag.py for tasks to queue
[2026-05-03T21:06:08.741+0000] {logging_mixin.py:151} INFO - [2026-05-03T21:06:08.739+0000] {dagbag.py:539} INFO - Filling up the DagBag from /opt/airflow/dags/retail_pipeline_dag.py
[2026-05-03T21:06:08.786+0000] {processor.py:839} INFO - DAG(s) dict_keys(['retail_pipeline']) retrieved from /opt/airflow/dags/retail_pipeline_dag.py
[2026-05-03T21:06:08.834+0000] {logging_mixin.py:151} INFO - [2026-05-03T21:06:08.833+0000] {dag.py:2915} INFO - Sync 1 DAGs
[2026-05-03T21:06:08.855+0000] {logging_mixin.py:151} INFO - [2026-05-03T21:06:08.855+0000] {dag.py:3696} INFO - Setting next_dagrun for retail_pipeline to 2026-05-03T15:30:00+00:00, run_after=2026-05-04T15:30:00+00:00
[2026-05-03T21:06:08.870+0000] {processor.py:179} INFO - Processing /opt/airflow/dags/retail_pipeline_dag.py took 0.146 seconds
[2026-05-03T21:15:24.585+0000] {processor.py:157} INFO - Started process (PID=9967) to work on /opt/airflow/dags/retail_pipeline_dag.py
[2026-05-03T21:15:24.586+0000] {processor.py:829} INFO - Processing file /opt/airflow/dags/retail_pipeline_dag.py for tasks to queue
[2026-05-03T21:15:24.587+0000] {logging_mixin.py:151} INFO - [2026-05-03T21:15:24.587+0000] {dagbag.py:539} INFO - Filling up the DagBag from /opt/airflow/dags/retail_pipeline_dag.py
[2026-05-03T21:15:24.610+0000] {processor.py:839} INFO - DAG(s) dict_keys(['retail_pipeline']) retrieved from /opt/airflow/dags/retail_pipeline_dag.py
[2026-05-03T21:15:24.648+0000] {logging_mixin.py:151} INFO - [2026-05-03T21:15:24.648+0000] {dag.py:2915} INFO - Sync 1 DAGs
[2026-05-03T21:15:24.668+0000] {logging_mixin.py:151} INFO - [2026-05-03T21:15:24.668+0000] {dag.py:3696} INFO - Setting next_dagrun for retail_pipeline to 2026-05-03T15:30:00+00:00, run_after=2026-05-04T15:30:00+00:00
[2026-05-03T21:15:24.679+0000] {processor.py:179} INFO - Processing /opt/airflow/dags/retail_pipeline_dag.py took 0.104 seconds
[2026-05-03T21:31:14.799+0000] {processor.py:157} INFO - Started process (PID=9975) to work on /opt/airflow/dags/retail_pipeline_dag.py
[2026-05-03T21:31:14.800+0000] {processor.py:829} INFO - Processing file /opt/airflow/dags/retail_pipeline_dag.py for tasks to queue
[2026-05-03T21:31:14.802+0000] {logging_mixin.py:151} INFO - [2026-05-03T21:31:14.801+0000] {dagbag.py:539} INFO - Filling up the DagBag from /opt/airflow/dags/retail_pipeline_dag.py
[2026-05-03T21:31:14.845+0000] {processor.py:839} INFO - DAG(s) dict_keys(['retail_pipeline']) retrieved from /opt/airflow/dags/retail_pipeline_dag.py
[2026-05-03T21:31:14.914+0000] {logging_mixin.py:151} INFO - [2026-05-03T21:31:14.914+0000] {dag.py:2915} INFO - Sync 1 DAGs
[2026-05-03T21:31:14.962+0000] {logging_mixin.py:151} INFO - [2026-05-03T21:31:14.962+0000] {dag.py:3696} INFO - Setting next_dagrun for retail_pipeline to 2026-05-03T15:30:00+00:00, run_after=2026-05-04T15:30:00+00:00
[2026-05-03T21:31:14.994+0000] {processor.py:179} INFO - Processing /opt/airflow/dags/retail_pipeline_dag.py took 0.203 seconds
[2026-05-03T21:31:45.043+0000] {processor.py:157} INFO - Started process (PID=9987) to work on /opt/airflow/dags/retail_pipeline_dag.py
[2026-05-03T21:31:45.047+0000] {processor.py:829} INFO - Processing file /opt/airflow/dags/retail_pipeline_dag.py for tasks to queue
[2026-05-03T21:31:45.049+0000] {logging_mixin.py:151} INFO - [2026-05-03T21:31:45.048+0000] {dagbag.py:539} INFO - Filling up the DagBag from /opt/airflow/dags/retail_pipeline_dag.py
[2026-05-03T21:31:45.073+0000] {processor.py:839} INFO - DAG(s) dict_keys(['retail_pipeline']) retrieved from /opt/airflow/dags/retail_pipeline_dag.py
[2026-05-03T21:31:45.105+0000] {logging_mixin.py:151} INFO - [2026-05-03T21:31:45.105+0000] {dag.py:2915} INFO - Sync 1 DAGs
[2026-05-03T21:31:45.117+0000] {logging_mixin.py:151} INFO - [2026-05-03T21:31:45.117+0000] {dag.py:3696} INFO - Setting next_dagrun for retail_pipeline to 2026-05-03T15:30:00+00:00, run_after=2026-05-04T15:30:00+00:00
[2026-05-03T21:31:45.126+0000] {processor.py:179} INFO - Processing /opt/airflow/dags/retail_pipeline_dag.py took 0.090 seconds
[2026-05-03T21:47:53.256+0000] {processor.py:157} INFO - Started process (PID=9995) to work on /opt/airflow/dags/retail_pipeline_dag.py
[2026-05-03T21:47:53.257+0000] {processor.py:829} INFO - Processing file /opt/airflow/dags/retail_pipeline_dag.py for tasks to queue
[2026-05-03T21:47:53.258+0000] {logging_mixin.py:151} INFO - [2026-05-03T21:47:53.258+0000] {dagbag.py:539} INFO - Filling up the DagBag from /opt/airflow/dags/retail_pipeline_dag.py
[2026-05-03T21:47:53.281+0000] {processor.py:839} INFO - DAG(s) dict_keys(['retail_pipeline']) retrieved from /opt/airflow/dags/retail_pipeline_dag.py
[2026-05-03T21:47:53.307+0000] {logging_mixin.py:151} INFO - [2026-05-03T21:47:53.307+0000] {dag.py:2915} INFO - Sync 1 DAGs
[2026-05-03T21:47:53.320+0000] {logging_mixin.py:151} INFO - [2026-05-03T21:47:53.320+0000] {dag.py:3696} INFO - Setting next_dagrun for retail_pipeline to 2026-05-03T15:30:00+00:00, run_after=2026-05-04T15:30:00+00:00
[2026-05-03T21:47:53.330+0000] {processor.py:179} INFO - Processing /opt/airflow/dags/retail_pipeline_dag.py took 0.079 seconds
[2026-05-03T22:03:22.453+0000] {processor.py:157} INFO - Started process (PID=10007) to work on /opt/airflow/dags/retail_pipeline_dag.py
[2026-05-03T22:03:22.454+0000] {processor.py:829} INFO - Processing file /opt/airflow/dags/retail_pipeline_dag.py for tasks to queue
[2026-05-03T22:03:22.456+0000] {logging_mixin.py:151} INFO - [2026-05-03T22:03:22.456+0000] {dagbag.py:539} INFO - Filling up the DagBag from /opt/airflow/dags/retail_pipeline_dag.py
[2026-05-03T22:03:22.471+0000] {processor.py:839} INFO - DAG(s) dict_keys(['retail_pipeline']) retrieved from /opt/airflow/dags/retail_pipeline_dag.py
[2026-05-03T22:03:22.500+0000] {logging_mixin.py:151} INFO - [2026-05-03T22:03:22.500+0000] {dag.py:2915} INFO - Sync 1 DAGs
[2026-05-03T22:03:22.528+0000] {logging_mixin.py:151} INFO - [2026-05-03T22:03:22.527+0000] {dag.py:3696} INFO - Setting next_dagrun for retail_pipeline to 2026-05-03T15:30:00+00:00, run_after=2026-05-04T15:30:00+00:00
[2026-05-03T22:03:22.543+0000] {processor.py:179} INFO - Processing /opt/airflow/dags/retail_pipeline_dag.py took 0.093 seconds
[2026-05-03T22:03:52.754+0000] {processor.py:157} INFO - Started process (PID=10098) to work on /opt/airflow/dags/retail_pipeline_dag.py
[2026-05-03T22:03:52.756+0000] {processor.py:829} INFO - Processing file /opt/airflow/dags/retail_pipeline_dag.py for tasks to queue
[2026-05-03T22:03:52.760+0000] {logging_mixin.py:151} INFO - [2026-05-03T22:03:52.759+0000] {dagbag.py:539} INFO - Filling up the DagBag from /opt/airflow/dags/retail_pipeline_dag.py
[2026-05-03T22:03:52.822+0000] {processor.py:839} INFO - DAG(s) dict_keys(['retail_pipeline']) retrieved from /opt/airflow/dags/retail_pipeline_dag.py
[2026-05-03T22:03:52.880+0000] {logging_mixin.py:151} INFO - [2026-05-03T22:03:52.880+0000] {dag.py:2915} INFO - Sync 1 DAGs
[2026-05-03T22:03:52.907+0000] {logging_mixin.py:151} INFO - [2026-05-03T22:03:52.907+0000] {dag.py:3696} INFO - Setting next_dagrun for retail_pipeline to 2026-05-03T15:30:00+00:00, run_after=2026-05-04T15:30:00+00:00
[2026-05-03T22:03:52.916+0000] {processor.py:179} INFO - Processing /opt/airflow/dags/retail_pipeline_dag.py took 0.176 seconds
[2026-05-03T22:16:01.531+0000] {processor.py:157} INFO - Started process (PID=10111) to work on /opt/airflow/dags/retail_pipeline_dag.py
[2026-05-03T22:16:01.534+0000] {processor.py:829} INFO - Processing file /opt/airflow/dags/retail_pipeline_dag.py for tasks to queue
[2026-05-03T22:16:01.538+0000] {logging_mixin.py:151} INFO - [2026-05-03T22:16:01.535+0000] {dagbag.py:539} INFO - Filling up the DagBag from /opt/airflow/dags/retail_pipeline_dag.py
[2026-05-03T22:16:01.564+0000] {processor.py:839} INFO - DAG(s) dict_keys(['retail_pipeline']) retrieved from /opt/airflow/dags/retail_pipeline_dag.py
[2026-05-03T22:16:01.618+0000] {logging_mixin.py:151} INFO - [2026-05-03T22:16:01.618+0000] {dag.py:2915} INFO - Sync 1 DAGs
[2026-05-03T22:16:01.645+0000] {logging_mixin.py:151} INFO - [2026-05-03T22:16:01.645+0000] {dag.py:3696} INFO - Setting next_dagrun for retail_pipeline to 2026-05-03T15:30:00+00:00, run_after=2026-05-04T15:30:00+00:00
[2026-05-03T22:16:01.661+0000] {processor.py:179} INFO - Processing /opt/airflow/dags/retail_pipeline_dag.py took 0.137 seconds
[2026-05-03T22:16:31.912+0000] {processor.py:157} INFO - Started process (PID=10122) to work on /opt/airflow/dags/retail_pipeline_dag.py
[2026-05-03T22:16:31.915+0000] {processor.py:829} INFO - Processing file /opt/airflow/dags/retail_pipeline_dag.py for tasks to queue
[2026-05-03T22:16:31.919+0000] {logging_mixin.py:151} INFO - [2026-05-03T22:16:31.917+0000] {dagbag.py:539} INFO - Filling up the DagBag from /opt/airflow/dags/retail_pipeline_dag.py
[2026-05-03T22:16:31.967+0000] {processor.py:839} INFO - DAG(s) dict_keys(['retail_pipeline']) retrieved from /opt/airflow/dags/retail_pipeline_dag.py
[2026-05-03T22:16:32.027+0000] {logging_mixin.py:151} INFO - [2026-05-03T22:16:32.026+0000] {dag.py:2915} INFO - Sync 1 DAGs
[2026-05-03T22:16:32.060+0000] {logging_mixin.py:151} INFO - [2026-05-03T22:16:32.060+0000] {dag.py:3696} INFO - Setting next_dagrun for retail_pipeline to 2026-05-03T15:30:00+00:00, run_after=2026-05-04T15:30:00+00:00
[2026-05-03T22:16:32.073+0000] {processor.py:179} INFO - Processing /opt/airflow/dags/retail_pipeline_dag.py took 0.169 seconds
[2026-05-03T22:17:02.146+0000] {processor.py:157} INFO - Started process (PID=10132) to work on /opt/airflow/dags/retail_pipeline_dag.py
[2026-05-03T22:17:02.149+0000] {processor.py:829} INFO - Processing file /opt/airflow/dags/retail_pipeline_dag.py for tasks to queue
[2026-05-03T22:17:02.153+0000] {logging_mixin.py:151} INFO - [2026-05-03T22:17:02.153+0000] {dagbag.py:539} INFO - Filling up the DagBag from /opt/airflow/dags/retail_pipeline_dag.py
[2026-05-03T22:17:02.182+0000] {processor.py:839} INFO - DAG(s) dict_keys(['retail_pipeline']) retrieved from /opt/airflow/dags/retail_pipeline_dag.py
[2026-05-03T22:17:02.227+0000] {logging_mixin.py:151} INFO - [2026-05-03T22:17:02.227+0000] {dag.py:2915} INFO - Sync 1 DAGs
[2026-05-03T22:17:02.244+0000] {logging_mixin.py:151} INFO - [2026-05-03T22:17:02.243+0000] {dag.py:3696} INFO - Setting next_dagrun for retail_pipeline to 2026-05-03T15:30:00+00:00, run_after=2026-05-04T15:30:00+00:00
[2026-05-03T22:17:02.252+0000] {processor.py:179} INFO - Processing /opt/airflow/dags/retail_pipeline_dag.py took 0.114 seconds
[2026-05-03T22:22:30.685+0000] {processor.py:157} INFO - Started process (PID=10141) to work on /opt/airflow/dags/retail_pipeline_dag.py
[2026-05-03T22:22:30.686+0000] {processor.py:829} INFO - Processing file /opt/airflow/dags/retail_pipeline_dag.py for tasks to queue
[2026-05-03T22:22:30.687+0000] {logging_mixin.py:151} INFO - [2026-05-03T22:22:30.686+0000] {dagbag.py:539} INFO - Filling up the DagBag from /opt/airflow/dags/retail_pipeline_dag.py
[2026-05-03T22:22:30.708+0000] {processor.py:839} INFO - DAG(s) dict_keys(['retail_pipeline']) retrieved from /opt/airflow/dags/retail_pipeline_dag.py
[2026-05-03T22:22:30.740+0000] {logging_mixin.py:151} INFO - [2026-05-03T22:22:30.740+0000] {dag.py:2915} INFO - Sync 1 DAGs
[2026-05-03T22:22:30.753+0000] {logging_mixin.py:151} INFO - [2026-05-03T22:22:30.753+0000] {dag.py:3696} INFO - Setting next_dagrun for retail_pipeline to 2026-05-03T15:30:00+00:00, run_after=2026-05-04T15:30:00+00:00
[2026-05-03T22:22:30.760+0000] {processor.py:179} INFO - Processing /opt/airflow/dags/retail_pipeline_dag.py took 0.079 seconds
[2026-05-03T22:27:59.799+0000] {processor.py:157} INFO - Started process (PID=10151) to work on /opt/airflow/dags/retail_pipeline_dag.py
[2026-05-03T22:27:59.804+0000] {processor.py:829} INFO - Processing file /opt/airflow/dags/retail_pipeline_dag.py for tasks to queue
[2026-05-03T22:27:59.807+0000] {logging_mixin.py:151} INFO - [2026-05-03T22:27:59.806+0000] {dagbag.py:539} INFO - Filling up the DagBag from /opt/airflow/dags/retail_pipeline_dag.py
[2026-05-03T22:27:59.857+0000] {processor.py:839} INFO - DAG(s) dict_keys(['retail_pipeline']) retrieved from /opt/airflow/dags/retail_pipeline_dag.py
[2026-05-03T22:28:00.212+0000] {logging_mixin.py:151} INFO - [2026-05-03T22:28:00.209+0000] {dag.py:2915} INFO - Sync 1 DAGs
[2026-05-03T22:28:00.234+0000] {logging_mixin.py:151} INFO - [2026-05-03T22:28:00.234+0000] {dag.py:3696} INFO - Setting next_dagrun for retail_pipeline to 2026-05-03T15:30:00+00:00, run_after=2026-05-04T15:30:00+00:00
[2026-05-03T22:28:00.252+0000] {processor.py:179} INFO - Processing /opt/airflow/dags/retail_pipeline_dag.py took 0.460 seconds
[2026-05-03T22:28:30.504+0000] {processor.py:157} INFO - Started process (PID=10162) to work on /opt/airflow/dags/retail_pipeline_dag.py
[2026-05-03T22:28:30.505+0000] {processor.py:829} INFO - Processing file /opt/airflow/dags/retail_pipeline_dag.py for tasks to queue
[2026-05-03T22:28:30.506+0000] {logging_mixin.py:151} INFO - [2026-05-03T22:28:30.506+0000] {dagbag.py:539} INFO - Filling up the DagBag from /opt/airflow/dags/retail_pipeline_dag.py
[2026-05-03T22:28:30.530+0000] {processor.py:839} INFO - DAG(s) dict_keys(['retail_pipeline']) retrieved from /opt/airflow/dags/retail_pipeline_dag.py
[2026-05-03T22:28:30.557+0000] {logging_mixin.py:151} INFO - [2026-05-03T22:28:30.557+0000] {dag.py:2915} INFO - Sync 1 DAGs
[2026-05-03T22:28:30.574+0000] {logging_mixin.py:151} INFO - [2026-05-03T22:28:30.574+0000] {dag.py:3696} INFO - Setting next_dagrun for retail_pipeline to 2026-05-03T15:30:00+00:00, run_after=2026-05-04T15:30:00+00:00
[2026-05-03T22:28:30.583+0000] {processor.py:179} INFO - Processing /opt/airflow/dags/retail_pipeline_dag.py took 0.084 seconds
[2026-05-03T22:33:58.561+0000] {processor.py:157} INFO - Started process (PID=10174) to work on /opt/airflow/dags/retail_pipeline_dag.py
[2026-05-03T22:33:58.562+0000] {processor.py:829} INFO - Processing file /opt/airflow/dags/retail_pipeline_dag.py for tasks to queue
[2026-05-03T22:33:58.563+0000] {logging_mixin.py:151} INFO - [2026-05-03T22:33:58.562+0000] {dagbag.py:539} INFO - Filling up the DagBag from /opt/airflow/dags/retail_pipeline_dag.py
[2026-05-03T22:33:58.578+0000] {processor.py:839} INFO - DAG(s) dict_keys(['retail_pipeline']) retrieved from /opt/airflow/dags/retail_pipeline_dag.py
[2026-05-03T22:33:58.620+0000] {logging_mixin.py:151} INFO - [2026-05-03T22:33:58.620+0000] {dag.py:2915} INFO - Sync 1 DAGs
[2026-05-03T22:33:58.635+0000] {logging_mixin.py:151} INFO - [2026-05-03T22:33:58.635+0000] {dag.py:3696} INFO - Setting next_dagrun for retail_pipeline to 2026-05-03T15:30:00+00:00, run_after=2026-05-04T15:30:00+00:00
[2026-05-03T22:33:58.644+0000] {processor.py:179} INFO - Processing /opt/airflow/dags/retail_pipeline_dag.py took 0.088 seconds
[2026-05-03T22:34:28.937+0000] {processor.py:157} INFO - Started process (PID=10183) to work on /opt/airflow/dags/retail_pipeline_dag.py
[2026-05-03T22:34:28.938+0000] {processor.py:829} INFO - Processing file /opt/airflow/dags/retail_pipeline_dag.py for tasks to queue
[2026-05-03T22:34:28.939+0000] {logging_mixin.py:151} INFO - [2026-05-03T22:34:28.939+0000] {dagbag.py:539} INFO - Filling up the DagBag from /opt/airflow/dags/retail_pipeline_dag.py
[2026-05-03T22:34:28.962+0000] {processor.py:839} INFO - DAG(s) dict_keys(['retail_pipeline']) retrieved from /opt/airflow/dags/retail_pipeline_dag.py
[2026-05-03T22:34:29.235+0000] {logging_mixin.py:151} INFO - [2026-05-03T22:34:29.235+0000] {dag.py:2915} INFO - Sync 1 DAGs
[2026-05-03T22:34:29.260+0000] {logging_mixin.py:151} INFO - [2026-05-03T22:34:29.259+0000] {dag.py:3696} INFO - Setting next_dagrun for retail_pipeline to 2026-05-03T15:30:00+00:00, run_after=2026-05-04T15:30:00+00:00
[2026-05-03T22:34:29.312+0000] {processor.py:179} INFO - Processing /opt/airflow/dags/retail_pipeline_dag.py took 0.383 seconds
[2026-05-03T22:51:03.541+0000] {processor.py:157} INFO - Started process (PID=10194) to work on /opt/airflow/dags/retail_pipeline_dag.py
[2026-05-03T22:51:03.543+0000] {processor.py:829} INFO - Processing file /opt/airflow/dags/retail_pipeline_dag.py for tasks to queue
[2026-05-03T22:51:03.545+0000] {logging_mixin.py:151} INFO - [2026-05-03T22:51:03.545+0000] {dagbag.py:539} INFO - Filling up the DagBag from /opt/airflow/dags/retail_pipeline_dag.py
[2026-05-03T22:51:03.586+0000] {processor.py:839} INFO - DAG(s) dict_keys(['retail_pipeline']) retrieved from /opt/airflow/dags/retail_pipeline_dag.py
[2026-05-03T22:51:03.663+0000] {logging_mixin.py:151} INFO - [2026-05-03T22:51:03.663+0000] {dag.py:2915} INFO - Sync 1 DAGs
[2026-05-03T22:51:03.696+0000] {logging_mixin.py:151} INFO - [2026-05-03T22:51:03.696+0000] {dag.py:3696} INFO - Setting next_dagrun for retail_pipeline to 2026-05-03T15:30:00+00:00, run_after=2026-05-04T15:30:00+00:00
[2026-05-03T22:51:03.716+0000] {processor.py:179} INFO - Processing /opt/airflow/dags/retail_pipeline_dag.py took 0.182 seconds
[2026-05-03T23:06:57.973+0000] {processor.py:157} INFO - Started process (PID=10203) to work on /opt/airflow/dags/retail_pipeline_dag.py
[2026-05-03T23:06:57.974+0000] {processor.py:829} INFO - Processing file /opt/airflow/dags/retail_pipeline_dag.py for tasks to queue
[2026-05-03T23:06:57.975+0000] {logging_mixin.py:151} INFO - [2026-05-03T23:06:57.974+0000] {dagbag.py:539} INFO - Filling up the DagBag from /opt/airflow/dags/retail_pipeline_dag.py
[2026-05-03T23:06:57.998+0000] {processor.py:839} INFO - DAG(s) dict_keys(['retail_pipeline']) retrieved from /opt/airflow/dags/retail_pipeline_dag.py
[2026-05-03T23:06:58.036+0000] {logging_mixin.py:151} INFO - [2026-05-03T23:06:58.036+0000] {dag.py:2915} INFO - Sync 1 DAGs
[2026-05-03T23:06:58.056+0000] {logging_mixin.py:151} INFO - [2026-05-03T23:06:58.056+0000] {dag.py:3696} INFO - Setting next_dagrun for retail_pipeline to 2026-05-03T15:30:00+00:00, run_after=2026-05-04T15:30:00+00:00
[2026-05-03T23:06:58.066+0000] {processor.py:179} INFO - Processing /opt/airflow/dags/retail_pipeline_dag.py took 0.101 seconds
[2026-05-03T23:07:28.296+0000] {processor.py:157} INFO - Started process (PID=10240) to work on /opt/airflow/dags/retail_pipeline_dag.py
[2026-05-03T23:07:28.296+0000] {processor.py:829} INFO - Processing file /opt/airflow/dags/retail_pipeline_dag.py for tasks to queue
[2026-05-03T23:07:28.299+0000] {logging_mixin.py:151} INFO - [2026-05-03T23:07:28.298+0000] {dagbag.py:539} INFO - Filling up the DagBag from /opt/airflow/dags/retail_pipeline_dag.py
[2026-05-03T23:07:28.313+0000] {processor.py:839} INFO - DAG(s) dict_keys(['retail_pipeline']) retrieved from /opt/airflow/dags/retail_pipeline_dag.py
[2026-05-03T23:07:28.334+0000] {logging_mixin.py:151} INFO - [2026-05-03T23:07:28.334+0000] {dag.py:2915} INFO - Sync 1 DAGs
[2026-05-03T23:07:28.349+0000] {logging_mixin.py:151} INFO - [2026-05-03T23:07:28.349+0000] {dag.py:3696} INFO - Setting next_dagrun for retail_pipeline to 2026-05-03T15:30:00+00:00, run_after=2026-05-04T15:30:00+00:00
[2026-05-03T23:07:28.357+0000] {processor.py:179} INFO - Processing /opt/airflow/dags/retail_pipeline_dag.py took 0.064 seconds
[2026-05-03T23:11:41.660+0000] {processor.py:157} INFO - Started process (PID=10265) to work on /opt/airflow/dags/retail_pipeline_dag.py
[2026-05-03T23:11:41.661+0000] {processor.py:829} INFO - Processing file /opt/airflow/dags/retail_pipeline_dag.py for tasks to queue
[2026-05-03T23:11:41.662+0000] {logging_mixin.py:151} INFO - [2026-05-03T23:11:41.662+0000] {dagbag.py:539} INFO - Filling up the DagBag from /opt/airflow/dags/retail_pipeline_dag.py
[2026-05-03T23:11:41.675+0000] {processor.py:839} INFO - DAG(s) dict_keys(['retail_pipeline']) retrieved from /opt/airflow/dags/retail_pipeline_dag.py
[2026-05-03T23:11:41.698+0000] {logging_mixin.py:151} INFO - [2026-05-03T23:11:41.698+0000] {dag.py:2915} INFO - Sync 1 DAGs
[2026-05-03T23:11:41.712+0000] {logging_mixin.py:151} INFO - [2026-05-03T23:11:41.712+0000] {dag.py:3696} INFO - Setting next_dagrun for retail_pipeline to 2026-05-03T15:30:00+00:00, run_after=2026-05-04T15:30:00+00:00
[2026-05-03T23:11:41.724+0000] {processor.py:179} INFO - Processing /opt/airflow/dags/retail_pipeline_dag.py took 0.066 seconds
[2026-05-03T23:12:11.971+0000] {processor.py:157} INFO - Started process (PID=10287) to work on /opt/airflow/dags/retail_pipeline_dag.py
[2026-05-03T23:12:11.972+0000] {processor.py:829} INFO - Processing file /opt/airflow/dags/retail_pipeline_dag.py for tasks to queue
[2026-05-03T23:12:11.974+0000] {logging_mixin.py:151} INFO - [2026-05-03T23:12:11.974+0000] {dagbag.py:539} INFO - Filling up the DagBag from /opt/airflow/dags/retail_pipeline_dag.py
[2026-05-03T23:12:11.993+0000] {processor.py:839} INFO - DAG(s) dict_keys(['retail_pipeline']) retrieved from /opt/airflow/dags/retail_pipeline_dag.py
[2026-05-03T23:12:12.014+0000] {logging_mixin.py:151} INFO - [2026-05-03T23:12:12.014+0000] {dag.py:2915} INFO - Sync 1 DAGs
[2026-05-03T23:12:12.033+0000] {logging_mixin.py:151} INFO - [2026-05-03T23:12:12.033+0000] {dag.py:3696} INFO - Setting next_dagrun for retail_pipeline to 2026-05-03T15:30:00+00:00, run_after=2026-05-04T15:30:00+00:00
[2026-05-03T23:12:12.051+0000] {processor.py:179} INFO - Processing /opt/airflow/dags/retail_pipeline_dag.py took 0.084 seconds
[2026-05-03T23:17:21.755+0000] {processor.py:157} INFO - Started process (PID=10309) to work on /opt/airflow/dags/retail_pipeline_dag.py
[2026-05-03T23:17:21.755+0000] {processor.py:829} INFO - Processing file /opt/airflow/dags/retail_pipeline_dag.py for tasks to queue
[2026-05-03T23:17:21.757+0000] {logging_mixin.py:151} INFO - [2026-05-03T23:17:21.757+0000] {dagbag.py:539} INFO - Filling up the DagBag from /opt/airflow/dags/retail_pipeline_dag.py
[2026-05-03T23:17:21.770+0000] {processor.py:839} INFO - DAG(s) dict_keys(['retail_pipeline']) retrieved from /opt/airflow/dags/retail_pipeline_dag.py
[2026-05-03T23:17:21.796+0000] {logging_mixin.py:151} INFO - [2026-05-03T23:17:21.796+0000] {dag.py:2915} INFO - Sync 1 DAGs
[2026-05-03T23:17:21.812+0000] {logging_mixin.py:151} INFO - [2026-05-03T23:17:21.812+0000] {dag.py:3696} INFO - Setting next_dagrun for retail_pipeline to 2026-05-03T15:30:00+00:00, run_after=2026-05-04T15:30:00+00:00
[2026-05-03T23:17:21.821+0000] {processor.py:179} INFO - Processing /opt/airflow/dags/retail_pipeline_dag.py took 0.072 seconds
[2026-05-03T23:25:31.604+0000] {processor.py:157} INFO - Started process (PID=10319) to work on /opt/airflow/dags/retail_pipeline_dag.py
[2026-05-03T23:25:31.606+0000] {processor.py:829} INFO - Processing file /opt/airflow/dags/retail_pipeline_dag.py for tasks to queue
[2026-05-03T23:25:31.608+0000] {logging_mixin.py:151} INFO - [2026-05-03T23:25:31.607+0000] {dagbag.py:539} INFO - Filling up the DagBag from /opt/airflow/dags/retail_pipeline_dag.py
[2026-05-03T23:25:31.634+0000] {processor.py:839} INFO - DAG(s) dict_keys(['retail_pipeline']) retrieved from /opt/airflow/dags/retail_pipeline_dag.py
[2026-05-03T23:25:31.664+0000] {logging_mixin.py:151} INFO - [2026-05-03T23:25:31.664+0000] {dag.py:2915} INFO - Sync 1 DAGs
[2026-05-03T23:25:31.677+0000] {logging_mixin.py:151} INFO - [2026-05-03T23:25:31.677+0000] {dag.py:3696} INFO - Setting next_dagrun for retail_pipeline to 2026-05-03T15:30:00+00:00, run_after=2026-05-04T15:30:00+00:00
[2026-05-03T23:25:31.690+0000] {processor.py:179} INFO - Processing /opt/airflow/dags/retail_pipeline_dag.py took 0.093 seconds
[2026-05-03T23:26:01.996+0000] {processor.py:157} INFO - Started process (PID=10329) to work on /opt/airflow/dags/retail_pipeline_dag.py
[2026-05-03T23:26:01.997+0000] {processor.py:829} INFO - Processing file /opt/airflow/dags/retail_pipeline_dag.py for tasks to queue
[2026-05-03T23:26:01.999+0000] {logging_mixin.py:151} INFO - [2026-05-03T23:26:01.998+0000] {dagbag.py:539} INFO - Filling up the DagBag from /opt/airflow/dags/retail_pipeline_dag.py
[2026-05-03T23:26:02.019+0000] {processor.py:839} INFO - DAG(s) dict_keys(['retail_pipeline']) retrieved from /opt/airflow/dags/retail_pipeline_dag.py
[2026-05-03T23:26:02.043+0000] {logging_mixin.py:151} INFO - [2026-05-03T23:26:02.043+0000] {dag.py:2915} INFO - Sync 1 DAGs
[2026-05-03T23:26:02.054+0000] {logging_mixin.py:151} INFO - [2026-05-03T23:26:02.054+0000] {dag.py:3696} INFO - Setting next_dagrun for retail_pipeline to 2026-05-03T15:30:00+00:00, run_after=2026-05-04T15:30:00+00:00
[2026-05-03T23:26:02.064+0000] {processor.py:179} INFO - Processing /opt/airflow/dags/retail_pipeline_dag.py took 0.072 seconds
[2026-05-03T23:42:38.811+0000] {processor.py:157} INFO - Started process (PID=10339) to work on /opt/airflow/dags/retail_pipeline_dag.py
[2026-05-03T23:42:38.811+0000] {processor.py:829} INFO - Processing file /opt/airflow/dags/retail_pipeline_dag.py for tasks to queue
[2026-05-03T23:42:38.812+0000] {logging_mixin.py:151} INFO - [2026-05-03T23:42:38.812+0000] {dagbag.py:539} INFO - Filling up the DagBag from /opt/airflow/dags/retail_pipeline_dag.py
[2026-05-03T23:42:38.826+0000] {processor.py:839} INFO - DAG(s) dict_keys(['retail_pipeline']) retrieved from /opt/airflow/dags/retail_pipeline_dag.py
[2026-05-03T23:42:38.859+0000] {logging_mixin.py:151} INFO - [2026-05-03T23:42:38.859+0000] {dag.py:2915} INFO - Sync 1 DAGs
[2026-05-03T23:42:38.881+0000] {logging_mixin.py:151} INFO - [2026-05-03T23:42:38.881+0000] {dag.py:3696} INFO - Setting next_dagrun for retail_pipeline to 2026-05-03T15:30:00+00:00, run_after=2026-05-04T15:30:00+00:00
[2026-05-03T23:42:38.898+0000] {processor.py:179} INFO - Processing /opt/airflow/dags/retail_pipeline_dag.py took 0.090 seconds
[2026-05-03T23:59:32.139+0000] {processor.py:157} INFO - Started process (PID=10349) to work on /opt/airflow/dags/retail_pipeline_dag.py
[2026-05-03T23:59:32.140+0000] {processor.py:829} INFO - Processing file /opt/airflow/dags/retail_pipeline_dag.py for tasks to queue
[2026-05-03T23:59:32.141+0000] {logging_mixin.py:151} INFO - [2026-05-03T23:59:32.141+0000] {dagbag.py:539} INFO - Filling up the DagBag from /opt/airflow/dags/retail_pipeline_dag.py
[2026-05-03T23:59:32.162+0000] {processor.py:839} INFO - DAG(s) dict_keys(['retail_pipeline']) retrieved from /opt/airflow/dags/retail_pipeline_dag.py
[2026-05-03T23:59:32.188+0000] {logging_mixin.py:151} INFO - [2026-05-03T23:59:32.188+0000] {dag.py:2915} INFO - Sync 1 DAGs
[2026-05-03T23:59:32.214+0000] {logging_mixin.py:151} INFO - [2026-05-03T23:59:32.214+0000] {dag.py:3696} INFO - Setting next_dagrun for retail_pipeline to 2026-05-03T15:30:00+00:00, run_after=2026-05-04T15:30:00+00:00
[2026-05-03T23:59:32.224+0000] {processor.py:179} INFO - Processing /opt/airflow/dags/retail_pipeline_dag.py took 0.088 seconds
