[2026-05-03T08:33:49.781+0000] {processor.py:157} INFO - Started process (PID=168) to work on /opt/airflow/dags/setup_retail_pipeline.py
[2026-05-03T08:33:49.786+0000] {processor.py:829} INFO - Processing file /opt/airflow/dags/setup_retail_pipeline.py for tasks to queue
[2026-05-03T08:33:49.786+0000] {logging_mixin.py:151} INFO - [2026-05-03T08:33:49.786+0000] {dagbag.py:539} INFO - Filling up the DagBag from /opt/airflow/dags/setup_retail_pipeline.py
[2026-05-03T08:33:49.807+0000] {processor.py:839} INFO - DAG(s) dict_keys(['setup_retail_pipeline']) retrieved from /opt/airflow/dags/setup_retail_pipeline.py
[2026-05-03T08:33:49.922+0000] {logging_mixin.py:151} INFO - [2026-05-03T08:33:49.922+0000] {security.py:708} INFO - Not syncing DAG-level permissions for DAG 'DAG:setup_retail_pipeline' as access control is unset.
[2026-05-03T08:33:49.922+0000] {logging_mixin.py:151} INFO - [2026-05-03T08:33:49.922+0000] {dag.py:2915} INFO - Sync 1 DAGs
[2026-05-03T08:33:50.029+0000] {logging_mixin.py:151} INFO - [2026-05-03T08:33:50.029+0000] {dag.py:3696} INFO - Setting next_dagrun for setup_retail_pipeline to 2026-05-03T08:00:00+00:00, run_after=2026-05-03T09:00:00+00:00
[2026-05-03T08:33:50.044+0000] {processor.py:179} INFO - Processing /opt/airflow/dags/setup_retail_pipeline.py took 0.265 seconds
[2026-05-03T08:34:20.313+0000] {processor.py:157} INFO - Started process (PID=186) to work on /opt/airflow/dags/setup_retail_pipeline.py
[2026-05-03T08:34:20.313+0000] {processor.py:829} INFO - Processing file /opt/airflow/dags/setup_retail_pipeline.py for tasks to queue
[2026-05-03T08:34:20.314+0000] {logging_mixin.py:151} INFO - [2026-05-03T08:34:20.314+0000] {dagbag.py:539} INFO - Filling up the DagBag from /opt/airflow/dags/setup_retail_pipeline.py
[2026-05-03T08:34:20.330+0000] {processor.py:839} INFO - DAG(s) dict_keys(['setup_retail_pipeline']) retrieved from /opt/airflow/dags/setup_retail_pipeline.py
[2026-05-03T08:34:20.360+0000] {logging_mixin.py:151} INFO - [2026-05-03T08:34:20.360+0000] {dag.py:2915} INFO - Sync 1 DAGs
[2026-05-03T08:34:20.372+0000] {logging_mixin.py:151} INFO - [2026-05-03T08:34:20.372+0000] {dag.py:3696} INFO - Setting next_dagrun for setup_retail_pipeline to 2026-05-03T08:00:00+00:00, run_after=2026-05-03T09:00:00+00:00
[2026-05-03T08:34:20.382+0000] {processor.py:179} INFO - Processing /opt/airflow/dags/setup_retail_pipeline.py took 0.072 seconds
[2026-05-03T08:34:50.596+0000] {processor.py:157} INFO - Started process (PID=203) to work on /opt/airflow/dags/setup_retail_pipeline.py
[2026-05-03T08:34:50.596+0000] {processor.py:829} INFO - Processing file /opt/airflow/dags/setup_retail_pipeline.py for tasks to queue
[2026-05-03T08:34:50.597+0000] {logging_mixin.py:151} INFO - [2026-05-03T08:34:50.597+0000] {dagbag.py:539} INFO - Filling up the DagBag from /opt/airflow/dags/setup_retail_pipeline.py
[2026-05-03T08:34:50.607+0000] {processor.py:839} INFO - DAG(s) dict_keys(['setup_retail_pipeline']) retrieved from /opt/airflow/dags/setup_retail_pipeline.py
[2026-05-03T08:34:50.629+0000] {logging_mixin.py:151} INFO - [2026-05-03T08:34:50.629+0000] {dag.py:2915} INFO - Sync 1 DAGs
[2026-05-03T08:34:50.643+0000] {logging_mixin.py:151} INFO - [2026-05-03T08:34:50.643+0000] {dag.py:3696} INFO - Setting next_dagrun for setup_retail_pipeline to 2026-05-03T08:00:00+00:00, run_after=2026-05-03T09:00:00+00:00
[2026-05-03T08:34:50.651+0000] {processor.py:179} INFO - Processing /opt/airflow/dags/setup_retail_pipeline.py took 0.069 seconds
[2026-05-03T08:35:20.934+0000] {processor.py:157} INFO - Started process (PID=214) to work on /opt/airflow/dags/setup_retail_pipeline.py
[2026-05-03T08:35:20.935+0000] {processor.py:829} INFO - Processing file /opt/airflow/dags/setup_retail_pipeline.py for tasks to queue
[2026-05-03T08:35:20.937+0000] {logging_mixin.py:151} INFO - [2026-05-03T08:35:20.937+0000] {dagbag.py:539} INFO - Filling up the DagBag from /opt/airflow/dags/setup_retail_pipeline.py
[2026-05-03T08:35:20.951+0000] {processor.py:839} INFO - DAG(s) dict_keys(['setup_retail_pipeline']) retrieved from /opt/airflow/dags/setup_retail_pipeline.py
[2026-05-03T08:35:20.976+0000] {logging_mixin.py:151} INFO - [2026-05-03T08:35:20.976+0000] {dag.py:2915} INFO - Sync 1 DAGs
[2026-05-03T08:35:20.990+0000] {logging_mixin.py:151} INFO - [2026-05-03T08:35:20.990+0000] {dag.py:3696} INFO - Setting next_dagrun for setup_retail_pipeline to 2026-05-03T08:00:00+00:00, run_after=2026-05-03T09:00:00+00:00
[2026-05-03T08:35:21.086+0000] {processor.py:179} INFO - Processing /opt/airflow/dags/setup_retail_pipeline.py took 0.155 seconds
[2026-05-03T08:35:51.372+0000] {processor.py:157} INFO - Started process (PID=234) to work on /opt/airflow/dags/setup_retail_pipeline.py
[2026-05-03T08:35:51.373+0000] {processor.py:829} INFO - Processing file /opt/airflow/dags/setup_retail_pipeline.py for tasks to queue
[2026-05-03T08:35:51.374+0000] {logging_mixin.py:151} INFO - [2026-05-03T08:35:51.374+0000] {dagbag.py:539} INFO - Filling up the DagBag from /opt/airflow/dags/setup_retail_pipeline.py
[2026-05-03T08:35:51.388+0000] {processor.py:839} INFO - DAG(s) dict_keys(['setup_retail_pipeline']) retrieved from /opt/airflow/dags/setup_retail_pipeline.py
[2026-05-03T08:35:51.429+0000] {logging_mixin.py:151} INFO - [2026-05-03T08:35:51.429+0000] {dag.py:2915} INFO - Sync 1 DAGs
[2026-05-03T08:35:51.553+0000] {logging_mixin.py:151} INFO - [2026-05-03T08:35:51.553+0000] {dag.py:3696} INFO - Setting next_dagrun for setup_retail_pipeline to 2026-05-03T08:00:00+00:00, run_after=2026-05-03T09:00:00+00:00
[2026-05-03T08:35:51.562+0000] {processor.py:179} INFO - Processing /opt/airflow/dags/setup_retail_pipeline.py took 0.196 seconds
[2026-05-03T08:36:21.615+0000] {processor.py:157} INFO - Started process (PID=244) to work on /opt/airflow/dags/setup_retail_pipeline.py
[2026-05-03T08:36:21.616+0000] {processor.py:829} INFO - Processing file /opt/airflow/dags/setup_retail_pipeline.py for tasks to queue
[2026-05-03T08:36:21.617+0000] {logging_mixin.py:151} INFO - [2026-05-03T08:36:21.616+0000] {dagbag.py:539} INFO - Filling up the DagBag from /opt/airflow/dags/setup_retail_pipeline.py
[2026-05-03T08:36:21.633+0000] {processor.py:839} INFO - DAG(s) dict_keys(['setup_retail_pipeline']) retrieved from /opt/airflow/dags/setup_retail_pipeline.py
[2026-05-03T08:36:21.658+0000] {logging_mixin.py:151} INFO - [2026-05-03T08:36:21.658+0000] {dag.py:2915} INFO - Sync 1 DAGs
[2026-05-03T08:36:21.772+0000] {logging_mixin.py:151} INFO - [2026-05-03T08:36:21.772+0000] {dag.py:3696} INFO - Setting next_dagrun for setup_retail_pipeline to 2026-05-03T08:00:00+00:00, run_after=2026-05-03T09:00:00+00:00
[2026-05-03T08:36:21.780+0000] {processor.py:179} INFO - Processing /opt/airflow/dags/setup_retail_pipeline.py took 0.169 seconds
[2026-05-03T08:36:52.047+0000] {processor.py:157} INFO - Started process (PID=254) to work on /opt/airflow/dags/setup_retail_pipeline.py
[2026-05-03T08:36:52.048+0000] {processor.py:829} INFO - Processing file /opt/airflow/dags/setup_retail_pipeline.py for tasks to queue
[2026-05-03T08:36:52.051+0000] {logging_mixin.py:151} INFO - [2026-05-03T08:36:52.050+0000] {dagbag.py:539} INFO - Filling up the DagBag from /opt/airflow/dags/setup_retail_pipeline.py
[2026-05-03T08:36:52.075+0000] {processor.py:839} INFO - DAG(s) dict_keys(['setup_retail_pipeline']) retrieved from /opt/airflow/dags/setup_retail_pipeline.py
[2026-05-03T08:36:52.219+0000] {logging_mixin.py:151} INFO - [2026-05-03T08:36:52.219+0000] {dag.py:2915} INFO - Sync 1 DAGs
[2026-05-03T08:36:52.231+0000] {logging_mixin.py:151} INFO - [2026-05-03T08:36:52.231+0000] {dag.py:3696} INFO - Setting next_dagrun for setup_retail_pipeline to 2026-05-03T08:00:00+00:00, run_after=2026-05-03T09:00:00+00:00
[2026-05-03T08:36:52.239+0000] {processor.py:179} INFO - Processing /opt/airflow/dags/setup_retail_pipeline.py took 0.198 seconds
[2026-05-03T09:15:52.627+0000] {processor.py:157} INFO - Started process (PID=168) to work on /opt/airflow/dags/setup_retail_pipeline.py
[2026-05-03T09:15:52.628+0000] {processor.py:829} INFO - Processing file /opt/airflow/dags/setup_retail_pipeline.py for tasks to queue
[2026-05-03T09:15:52.629+0000] {logging_mixin.py:151} INFO - [2026-05-03T09:15:52.629+0000] {dagbag.py:539} INFO - Filling up the DagBag from /opt/airflow/dags/setup_retail_pipeline.py
[2026-05-03T09:15:52.649+0000] {processor.py:839} INFO - DAG(s) dict_keys(['setup_retail_pipeline']) retrieved from /opt/airflow/dags/setup_retail_pipeline.py
[2026-05-03T09:15:52.746+0000] {logging_mixin.py:151} INFO - [2026-05-03T09:15:52.746+0000] {security.py:708} INFO - Not syncing DAG-level permissions for DAG 'DAG:setup_retail_pipeline' as access control is unset.
[2026-05-03T09:15:52.747+0000] {logging_mixin.py:151} INFO - [2026-05-03T09:15:52.747+0000] {dag.py:2915} INFO - Sync 1 DAGs
[2026-05-03T09:15:52.822+0000] {logging_mixin.py:151} INFO - [2026-05-03T09:15:52.822+0000] {dag.py:3696} INFO - Setting next_dagrun for setup_retail_pipeline to 2026-05-03T08:00:00+00:00, run_after=2026-05-03T09:00:00+00:00
[2026-05-03T09:15:52.833+0000] {processor.py:179} INFO - Processing /opt/airflow/dags/setup_retail_pipeline.py took 0.207 seconds
[2026-05-03T09:16:22.953+0000] {processor.py:157} INFO - Started process (PID=253) to work on /opt/airflow/dags/setup_retail_pipeline.py
[2026-05-03T09:16:22.955+0000] {processor.py:829} INFO - Processing file /opt/airflow/dags/setup_retail_pipeline.py for tasks to queue
[2026-05-03T09:16:22.957+0000] {logging_mixin.py:151} INFO - [2026-05-03T09:16:22.957+0000] {dagbag.py:539} INFO - Filling up the DagBag from /opt/airflow/dags/setup_retail_pipeline.py
[2026-05-03T09:16:22.982+0000] {processor.py:839} INFO - DAG(s) dict_keys(['setup_retail_pipeline']) retrieved from /opt/airflow/dags/setup_retail_pipeline.py
[2026-05-03T09:16:23.010+0000] {logging_mixin.py:151} INFO - [2026-05-03T09:16:23.010+0000] {dag.py:2915} INFO - Sync 1 DAGs
[2026-05-03T09:16:23.035+0000] {processor.py:179} INFO - Processing /opt/airflow/dags/setup_retail_pipeline.py took 0.087 seconds
[2026-05-03T09:16:53.091+0000] {processor.py:157} INFO - Started process (PID=280) to work on /opt/airflow/dags/setup_retail_pipeline.py
[2026-05-03T09:16:53.092+0000] {processor.py:829} INFO - Processing file /opt/airflow/dags/setup_retail_pipeline.py for tasks to queue
[2026-05-03T09:16:53.093+0000] {logging_mixin.py:151} INFO - [2026-05-03T09:16:53.093+0000] {dagbag.py:539} INFO - Filling up the DagBag from /opt/airflow/dags/setup_retail_pipeline.py
[2026-05-03T09:16:53.103+0000] {processor.py:839} INFO - DAG(s) dict_keys(['setup_retail_pipeline']) retrieved from /opt/airflow/dags/setup_retail_pipeline.py
[2026-05-03T09:16:53.124+0000] {logging_mixin.py:151} INFO - [2026-05-03T09:16:53.124+0000] {dag.py:2915} INFO - Sync 1 DAGs
[2026-05-03T09:16:53.144+0000] {processor.py:179} INFO - Processing /opt/airflow/dags/setup_retail_pipeline.py took 0.055 seconds
[2026-05-03T09:17:23.285+0000] {processor.py:157} INFO - Started process (PID=307) to work on /opt/airflow/dags/setup_retail_pipeline.py
[2026-05-03T09:17:23.288+0000] {processor.py:829} INFO - Processing file /opt/airflow/dags/setup_retail_pipeline.py for tasks to queue
[2026-05-03T09:17:23.288+0000] {logging_mixin.py:151} INFO - [2026-05-03T09:17:23.288+0000] {dagbag.py:539} INFO - Filling up the DagBag from /opt/airflow/dags/setup_retail_pipeline.py
[2026-05-03T09:17:23.300+0000] {processor.py:839} INFO - DAG(s) dict_keys(['setup_retail_pipeline']) retrieved from /opt/airflow/dags/setup_retail_pipeline.py
[2026-05-03T09:17:23.318+0000] {logging_mixin.py:151} INFO - [2026-05-03T09:17:23.318+0000] {dag.py:2915} INFO - Sync 1 DAGs
[2026-05-03T09:17:23.445+0000] {processor.py:179} INFO - Processing /opt/airflow/dags/setup_retail_pipeline.py took 0.162 seconds
[2026-05-03T09:17:53.587+0000] {processor.py:157} INFO - Started process (PID=335) to work on /opt/airflow/dags/setup_retail_pipeline.py
[2026-05-03T09:17:53.590+0000] {processor.py:829} INFO - Processing file /opt/airflow/dags/setup_retail_pipeline.py for tasks to queue
[2026-05-03T09:17:53.590+0000] {logging_mixin.py:151} INFO - [2026-05-03T09:17:53.590+0000] {dagbag.py:539} INFO - Filling up the DagBag from /opt/airflow/dags/setup_retail_pipeline.py
[2026-05-03T09:17:53.601+0000] {processor.py:839} INFO - DAG(s) dict_keys(['setup_retail_pipeline']) retrieved from /opt/airflow/dags/setup_retail_pipeline.py
[2026-05-03T09:17:53.628+0000] {logging_mixin.py:151} INFO - [2026-05-03T09:17:53.628+0000] {dag.py:2915} INFO - Sync 1 DAGs
[2026-05-03T09:17:53.744+0000] {logging_mixin.py:151} INFO - [2026-05-03T09:17:53.744+0000] {dag.py:3696} INFO - Setting next_dagrun for setup_retail_pipeline to 2026-05-03T09:00:00+00:00, run_after=2026-05-03T10:00:00+00:00
[2026-05-03T09:17:53.753+0000] {processor.py:179} INFO - Processing /opt/airflow/dags/setup_retail_pipeline.py took 0.170 seconds
[2026-05-03T09:18:23.876+0000] {processor.py:157} INFO - Started process (PID=345) to work on /opt/airflow/dags/setup_retail_pipeline.py
[2026-05-03T09:18:23.879+0000] {processor.py:829} INFO - Processing file /opt/airflow/dags/setup_retail_pipeline.py for tasks to queue
[2026-05-03T09:18:23.879+0000] {logging_mixin.py:151} INFO - [2026-05-03T09:18:23.879+0000] {dagbag.py:539} INFO - Filling up the DagBag from /opt/airflow/dags/setup_retail_pipeline.py
[2026-05-03T09:18:23.895+0000] {processor.py:839} INFO - DAG(s) dict_keys(['setup_retail_pipeline']) retrieved from /opt/airflow/dags/setup_retail_pipeline.py
[2026-05-03T09:18:23.922+0000] {logging_mixin.py:151} INFO - [2026-05-03T09:18:23.922+0000] {dag.py:2915} INFO - Sync 1 DAGs
[2026-05-03T09:18:24.069+0000] {logging_mixin.py:151} INFO - [2026-05-03T09:18:24.069+0000] {dag.py:3696} INFO - Setting next_dagrun for setup_retail_pipeline to 2026-05-03T09:00:00+00:00, run_after=2026-05-03T10:00:00+00:00
[2026-05-03T09:18:24.084+0000] {processor.py:179} INFO - Processing /opt/airflow/dags/setup_retail_pipeline.py took 0.210 seconds
[2026-05-03T09:18:54.202+0000] {processor.py:157} INFO - Started process (PID=376) to work on /opt/airflow/dags/setup_retail_pipeline.py
[2026-05-03T09:18:54.203+0000] {processor.py:829} INFO - Processing file /opt/airflow/dags/setup_retail_pipeline.py for tasks to queue
[2026-05-03T09:18:54.204+0000] {logging_mixin.py:151} INFO - [2026-05-03T09:18:54.204+0000] {dagbag.py:539} INFO - Filling up the DagBag from /opt/airflow/dags/setup_retail_pipeline.py
[2026-05-03T09:18:54.215+0000] {processor.py:839} INFO - DAG(s) dict_keys(['setup_retail_pipeline']) retrieved from /opt/airflow/dags/setup_retail_pipeline.py
[2026-05-03T09:18:54.352+0000] {logging_mixin.py:151} INFO - [2026-05-03T09:18:54.352+0000] {dag.py:2915} INFO - Sync 1 DAGs
[2026-05-03T09:18:54.363+0000] {logging_mixin.py:151} INFO - [2026-05-03T09:18:54.363+0000] {dag.py:3696} INFO - Setting next_dagrun for setup_retail_pipeline to 2026-05-03T09:00:00+00:00, run_after=2026-05-03T10:00:00+00:00
[2026-05-03T09:18:54.380+0000] {processor.py:179} INFO - Processing /opt/airflow/dags/setup_retail_pipeline.py took 0.181 seconds
[2026-05-03T09:19:24.553+0000] {processor.py:157} INFO - Started process (PID=427) to work on /opt/airflow/dags/setup_retail_pipeline.py
[2026-05-03T09:19:24.557+0000] {processor.py:829} INFO - Processing file /opt/airflow/dags/setup_retail_pipeline.py for tasks to queue
[2026-05-03T09:19:24.558+0000] {logging_mixin.py:151} INFO - [2026-05-03T09:19:24.558+0000] {dagbag.py:539} INFO - Filling up the DagBag from /opt/airflow/dags/setup_retail_pipeline.py
[2026-05-03T09:19:24.686+0000] {processor.py:839} INFO - DAG(s) dict_keys(['setup_retail_pipeline']) retrieved from /opt/airflow/dags/setup_retail_pipeline.py
[2026-05-03T09:19:24.703+0000] {logging_mixin.py:151} INFO - [2026-05-03T09:19:24.703+0000] {dag.py:2915} INFO - Sync 1 DAGs
[2026-05-03T09:19:24.714+0000] {logging_mixin.py:151} INFO - [2026-05-03T09:19:24.714+0000] {dag.py:3696} INFO - Setting next_dagrun for setup_retail_pipeline to 2026-05-03T09:00:00+00:00, run_after=2026-05-03T10:00:00+00:00
[2026-05-03T09:19:24.722+0000] {processor.py:179} INFO - Processing /opt/airflow/dags/setup_retail_pipeline.py took 0.173 seconds
[2026-05-03T09:19:54.993+0000] {processor.py:157} INFO - Started process (PID=477) to work on /opt/airflow/dags/setup_retail_pipeline.py
[2026-05-03T09:19:54.996+0000] {processor.py:829} INFO - Processing file /opt/airflow/dags/setup_retail_pipeline.py for tasks to queue
[2026-05-03T09:19:54.997+0000] {logging_mixin.py:151} INFO - [2026-05-03T09:19:54.997+0000] {dagbag.py:539} INFO - Filling up the DagBag from /opt/airflow/dags/setup_retail_pipeline.py
[2026-05-03T09:19:55.011+0000] {processor.py:839} INFO - DAG(s) dict_keys(['setup_retail_pipeline']) retrieved from /opt/airflow/dags/setup_retail_pipeline.py
[2026-05-03T09:19:55.040+0000] {logging_mixin.py:151} INFO - [2026-05-03T09:19:55.040+0000] {dag.py:2915} INFO - Sync 1 DAGs
[2026-05-03T09:19:55.058+0000] {logging_mixin.py:151} INFO - [2026-05-03T09:19:55.058+0000] {dag.py:3696} INFO - Setting next_dagrun for setup_retail_pipeline to 2026-05-03T09:00:00+00:00, run_after=2026-05-03T10:00:00+00:00
[2026-05-03T09:19:55.071+0000] {processor.py:179} INFO - Processing /opt/airflow/dags/setup_retail_pipeline.py took 0.083 seconds
[2026-05-03T09:20:25.232+0000] {processor.py:157} INFO - Started process (PID=487) to work on /opt/airflow/dags/setup_retail_pipeline.py
[2026-05-03T09:20:25.236+0000] {processor.py:829} INFO - Processing file /opt/airflow/dags/setup_retail_pipeline.py for tasks to queue
[2026-05-03T09:20:25.236+0000] {logging_mixin.py:151} INFO - [2026-05-03T09:20:25.236+0000] {dagbag.py:539} INFO - Filling up the DagBag from /opt/airflow/dags/setup_retail_pipeline.py
[2026-05-03T09:20:25.248+0000] {processor.py:839} INFO - DAG(s) dict_keys(['setup_retail_pipeline']) retrieved from /opt/airflow/dags/setup_retail_pipeline.py
[2026-05-03T09:20:25.264+0000] {logging_mixin.py:151} INFO - [2026-05-03T09:20:25.264+0000] {dag.py:2915} INFO - Sync 1 DAGs
[2026-05-03T09:20:25.278+0000] {logging_mixin.py:151} INFO - [2026-05-03T09:20:25.278+0000] {dag.py:3696} INFO - Setting next_dagrun for setup_retail_pipeline to 2026-05-03T09:00:00+00:00, run_after=2026-05-03T10:00:00+00:00
[2026-05-03T09:20:25.287+0000] {processor.py:179} INFO - Processing /opt/airflow/dags/setup_retail_pipeline.py took 0.058 seconds
[2026-05-03T09:20:55.497+0000] {processor.py:157} INFO - Started process (PID=497) to work on /opt/airflow/dags/setup_retail_pipeline.py
[2026-05-03T09:20:55.498+0000] {processor.py:829} INFO - Processing file /opt/airflow/dags/setup_retail_pipeline.py for tasks to queue
[2026-05-03T09:20:55.499+0000] {logging_mixin.py:151} INFO - [2026-05-03T09:20:55.499+0000] {dagbag.py:539} INFO - Filling up the DagBag from /opt/airflow/dags/setup_retail_pipeline.py
[2026-05-03T09:20:55.511+0000] {processor.py:839} INFO - DAG(s) dict_keys(['setup_retail_pipeline']) retrieved from /opt/airflow/dags/setup_retail_pipeline.py
[2026-05-03T09:20:55.538+0000] {logging_mixin.py:151} INFO - [2026-05-03T09:20:55.538+0000] {dag.py:2915} INFO - Sync 1 DAGs
[2026-05-03T09:20:55.551+0000] {logging_mixin.py:151} INFO - [2026-05-03T09:20:55.551+0000] {dag.py:3696} INFO - Setting next_dagrun for setup_retail_pipeline to 2026-05-03T09:00:00+00:00, run_after=2026-05-03T10:00:00+00:00
[2026-05-03T09:20:55.565+0000] {processor.py:179} INFO - Processing /opt/airflow/dags/setup_retail_pipeline.py took 0.070 seconds
[2026-05-03T09:33:32.544+0000] {processor.py:157} INFO - Started process (PID=169) to work on /opt/airflow/dags/setup_retail_pipeline.py
[2026-05-03T09:33:32.546+0000] {processor.py:829} INFO - Processing file /opt/airflow/dags/setup_retail_pipeline.py for tasks to queue
[2026-05-03T09:33:32.547+0000] {logging_mixin.py:151} INFO - [2026-05-03T09:33:32.547+0000] {dagbag.py:539} INFO - Filling up the DagBag from /opt/airflow/dags/setup_retail_pipeline.py
[2026-05-03T09:33:32.569+0000] {processor.py:839} INFO - DAG(s) dict_keys(['setup_retail_pipeline']) retrieved from /opt/airflow/dags/setup_retail_pipeline.py
[2026-05-03T09:33:32.682+0000] {logging_mixin.py:151} INFO - [2026-05-03T09:33:32.682+0000] {security.py:708} INFO - Not syncing DAG-level permissions for DAG 'DAG:setup_retail_pipeline' as access control is unset.
[2026-05-03T09:33:32.682+0000] {logging_mixin.py:151} INFO - [2026-05-03T09:33:32.682+0000] {dag.py:2915} INFO - Sync 1 DAGs
[2026-05-03T09:33:32.786+0000] {logging_mixin.py:151} INFO - [2026-05-03T09:33:32.786+0000] {dag.py:3696} INFO - Setting next_dagrun for setup_retail_pipeline to 2026-05-03T09:00:00+00:00, run_after=2026-05-03T10:00:00+00:00
[2026-05-03T09:33:32.799+0000] {processor.py:179} INFO - Processing /opt/airflow/dags/setup_retail_pipeline.py took 0.257 seconds
[2026-05-03T09:34:03.028+0000] {processor.py:157} INFO - Started process (PID=179) to work on /opt/airflow/dags/setup_retail_pipeline.py
[2026-05-03T09:34:03.032+0000] {processor.py:829} INFO - Processing file /opt/airflow/dags/setup_retail_pipeline.py for tasks to queue
[2026-05-03T09:34:03.035+0000] {logging_mixin.py:151} INFO - [2026-05-03T09:34:03.034+0000] {dagbag.py:539} INFO - Filling up the DagBag from /opt/airflow/dags/setup_retail_pipeline.py
[2026-05-03T09:34:03.056+0000] {processor.py:839} INFO - DAG(s) dict_keys(['setup_retail_pipeline']) retrieved from /opt/airflow/dags/setup_retail_pipeline.py
[2026-05-03T09:34:03.083+0000] {logging_mixin.py:151} INFO - [2026-05-03T09:34:03.083+0000] {dag.py:2915} INFO - Sync 1 DAGs
[2026-05-03T09:34:03.093+0000] {logging_mixin.py:151} INFO - [2026-05-03T09:34:03.093+0000] {dag.py:3696} INFO - Setting next_dagrun for setup_retail_pipeline to 2026-05-03T09:00:00+00:00, run_after=2026-05-03T10:00:00+00:00
[2026-05-03T09:34:03.112+0000] {processor.py:179} INFO - Processing /opt/airflow/dags/setup_retail_pipeline.py took 0.090 seconds
[2026-05-03T09:34:33.265+0000] {processor.py:157} INFO - Started process (PID=189) to work on /opt/airflow/dags/setup_retail_pipeline.py
[2026-05-03T09:34:33.266+0000] {processor.py:829} INFO - Processing file /opt/airflow/dags/setup_retail_pipeline.py for tasks to queue
[2026-05-03T09:34:33.266+0000] {logging_mixin.py:151} INFO - [2026-05-03T09:34:33.266+0000] {dagbag.py:539} INFO - Filling up the DagBag from /opt/airflow/dags/setup_retail_pipeline.py
[2026-05-03T09:34:33.277+0000] {processor.py:839} INFO - DAG(s) dict_keys(['setup_retail_pipeline']) retrieved from /opt/airflow/dags/setup_retail_pipeline.py
[2026-05-03T09:34:33.298+0000] {logging_mixin.py:151} INFO - [2026-05-03T09:34:33.298+0000] {dag.py:2915} INFO - Sync 1 DAGs
[2026-05-03T09:34:33.309+0000] {logging_mixin.py:151} INFO - [2026-05-03T09:34:33.309+0000] {dag.py:3696} INFO - Setting next_dagrun for setup_retail_pipeline to 2026-05-03T09:00:00+00:00, run_after=2026-05-03T10:00:00+00:00
[2026-05-03T09:34:33.319+0000] {processor.py:179} INFO - Processing /opt/airflow/dags/setup_retail_pipeline.py took 0.058 seconds
[2026-05-03T09:35:03.626+0000] {processor.py:157} INFO - Started process (PID=214) to work on /opt/airflow/dags/setup_retail_pipeline.py
[2026-05-03T09:35:03.627+0000] {processor.py:829} INFO - Processing file /opt/airflow/dags/setup_retail_pipeline.py for tasks to queue
[2026-05-03T09:35:03.629+0000] {logging_mixin.py:151} INFO - [2026-05-03T09:35:03.629+0000] {dagbag.py:539} INFO - Filling up the DagBag from /opt/airflow/dags/setup_retail_pipeline.py
[2026-05-03T09:35:03.642+0000] {processor.py:839} INFO - DAG(s) dict_keys(['setup_retail_pipeline']) retrieved from /opt/airflow/dags/setup_retail_pipeline.py
[2026-05-03T09:35:03.668+0000] {logging_mixin.py:151} INFO - [2026-05-03T09:35:03.668+0000] {dag.py:2915} INFO - Sync 1 DAGs
[2026-05-03T09:35:03.679+0000] {logging_mixin.py:151} INFO - [2026-05-03T09:35:03.678+0000] {dag.py:3696} INFO - Setting next_dagrun for setup_retail_pipeline to 2026-05-03T09:00:00+00:00, run_after=2026-05-03T10:00:00+00:00
[2026-05-03T09:35:03.766+0000] {processor.py:179} INFO - Processing /opt/airflow/dags/setup_retail_pipeline.py took 0.147 seconds
[2026-05-03T09:35:34.068+0000] {processor.py:157} INFO - Started process (PID=224) to work on /opt/airflow/dags/setup_retail_pipeline.py
[2026-05-03T09:35:34.070+0000] {processor.py:829} INFO - Processing file /opt/airflow/dags/setup_retail_pipeline.py for tasks to queue
[2026-05-03T09:35:34.071+0000] {logging_mixin.py:151} INFO - [2026-05-03T09:35:34.071+0000] {dagbag.py:539} INFO - Filling up the DagBag from /opt/airflow/dags/setup_retail_pipeline.py
[2026-05-03T09:35:34.087+0000] {processor.py:839} INFO - DAG(s) dict_keys(['setup_retail_pipeline']) retrieved from /opt/airflow/dags/setup_retail_pipeline.py
[2026-05-03T09:35:34.107+0000] {logging_mixin.py:151} INFO - [2026-05-03T09:35:34.107+0000] {dag.py:2915} INFO - Sync 1 DAGs
[2026-05-03T09:35:34.237+0000] {logging_mixin.py:151} INFO - [2026-05-03T09:35:34.237+0000] {dag.py:3696} INFO - Setting next_dagrun for setup_retail_pipeline to 2026-05-03T09:00:00+00:00, run_after=2026-05-03T10:00:00+00:00
[2026-05-03T09:35:34.254+0000] {processor.py:179} INFO - Processing /opt/airflow/dags/setup_retail_pipeline.py took 0.191 seconds
[2026-05-03T09:37:49.838+0000] {processor.py:157} INFO - Started process (PID=169) to work on /opt/airflow/dags/setup_retail_pipeline.py
[2026-05-03T09:37:49.839+0000] {processor.py:829} INFO - Processing file /opt/airflow/dags/setup_retail_pipeline.py for tasks to queue
[2026-05-03T09:37:49.839+0000] {logging_mixin.py:151} INFO - [2026-05-03T09:37:49.839+0000] {dagbag.py:539} INFO - Filling up the DagBag from /opt/airflow/dags/setup_retail_pipeline.py
[2026-05-03T09:37:49.857+0000] {processor.py:839} INFO - DAG(s) dict_keys(['setup_retail_pipeline']) retrieved from /opt/airflow/dags/setup_retail_pipeline.py
[2026-05-03T09:37:49.953+0000] {logging_mixin.py:151} INFO - [2026-05-03T09:37:49.953+0000] {security.py:708} INFO - Not syncing DAG-level permissions for DAG 'DAG:setup_retail_pipeline' as access control is unset.
[2026-05-03T09:37:49.955+0000] {logging_mixin.py:151} INFO - [2026-05-03T09:37:49.955+0000] {dag.py:2915} INFO - Sync 1 DAGs
[2026-05-03T09:37:50.046+0000] {logging_mixin.py:151} INFO - [2026-05-03T09:37:50.046+0000] {dag.py:3696} INFO - Setting next_dagrun for setup_retail_pipeline to 2026-05-03T09:00:00+00:00, run_after=2026-05-03T10:00:00+00:00
[2026-05-03T09:37:50.055+0000] {processor.py:179} INFO - Processing /opt/airflow/dags/setup_retail_pipeline.py took 0.219 seconds
[2026-05-03T09:38:20.190+0000] {processor.py:157} INFO - Started process (PID=271) to work on /opt/airflow/dags/setup_retail_pipeline.py
[2026-05-03T09:38:20.190+0000] {processor.py:829} INFO - Processing file /opt/airflow/dags/setup_retail_pipeline.py for tasks to queue
[2026-05-03T09:38:20.191+0000] {logging_mixin.py:151} INFO - [2026-05-03T09:38:20.191+0000] {dagbag.py:539} INFO - Filling up the DagBag from /opt/airflow/dags/setup_retail_pipeline.py
[2026-05-03T09:38:20.203+0000] {processor.py:839} INFO - DAG(s) dict_keys(['setup_retail_pipeline']) retrieved from /opt/airflow/dags/setup_retail_pipeline.py
[2026-05-03T09:38:20.224+0000] {logging_mixin.py:151} INFO - [2026-05-03T09:38:20.224+0000] {dag.py:2915} INFO - Sync 1 DAGs
[2026-05-03T09:38:20.239+0000] {processor.py:179} INFO - Processing /opt/airflow/dags/setup_retail_pipeline.py took 0.052 seconds
[2026-05-03T09:38:50.361+0000] {processor.py:157} INFO - Started process (PID=293) to work on /opt/airflow/dags/setup_retail_pipeline.py
[2026-05-03T09:38:50.362+0000] {processor.py:829} INFO - Processing file /opt/airflow/dags/setup_retail_pipeline.py for tasks to queue
[2026-05-03T09:38:50.363+0000] {logging_mixin.py:151} INFO - [2026-05-03T09:38:50.362+0000] {dagbag.py:539} INFO - Filling up the DagBag from /opt/airflow/dags/setup_retail_pipeline.py
[2026-05-03T09:38:50.373+0000] {processor.py:839} INFO - DAG(s) dict_keys(['setup_retail_pipeline']) retrieved from /opt/airflow/dags/setup_retail_pipeline.py
[2026-05-03T09:38:50.402+0000] {logging_mixin.py:151} INFO - [2026-05-03T09:38:50.402+0000] {dag.py:2915} INFO - Sync 1 DAGs
[2026-05-03T09:38:50.415+0000] {logging_mixin.py:151} INFO - [2026-05-03T09:38:50.414+0000] {dag.py:3696} INFO - Setting next_dagrun for setup_retail_pipeline to 2026-05-03T09:00:00+00:00, run_after=2026-05-03T10:00:00+00:00
[2026-05-03T09:38:50.426+0000] {processor.py:179} INFO - Processing /opt/airflow/dags/setup_retail_pipeline.py took 0.069 seconds
[2026-05-03T09:39:20.581+0000] {processor.py:157} INFO - Started process (PID=303) to work on /opt/airflow/dags/setup_retail_pipeline.py
[2026-05-03T09:39:20.582+0000] {processor.py:829} INFO - Processing file /opt/airflow/dags/setup_retail_pipeline.py for tasks to queue
[2026-05-03T09:39:20.583+0000] {logging_mixin.py:151} INFO - [2026-05-03T09:39:20.582+0000] {dagbag.py:539} INFO - Filling up the DagBag from /opt/airflow/dags/setup_retail_pipeline.py
[2026-05-03T09:39:20.595+0000] {processor.py:839} INFO - DAG(s) dict_keys(['setup_retail_pipeline']) retrieved from /opt/airflow/dags/setup_retail_pipeline.py
[2026-05-03T09:39:20.616+0000] {logging_mixin.py:151} INFO - [2026-05-03T09:39:20.616+0000] {dag.py:2915} INFO - Sync 1 DAGs
[2026-05-03T09:39:20.629+0000] {logging_mixin.py:151} INFO - [2026-05-03T09:39:20.629+0000] {dag.py:3696} INFO - Setting next_dagrun for setup_retail_pipeline to 2026-05-03T09:00:00+00:00, run_after=2026-05-03T10:00:00+00:00
[2026-05-03T09:39:20.731+0000] {processor.py:179} INFO - Processing /opt/airflow/dags/setup_retail_pipeline.py took 0.156 seconds
[2026-05-03T09:39:50.821+0000] {processor.py:157} INFO - Started process (PID=313) to work on /opt/airflow/dags/setup_retail_pipeline.py
[2026-05-03T09:39:50.824+0000] {processor.py:829} INFO - Processing file /opt/airflow/dags/setup_retail_pipeline.py for tasks to queue
[2026-05-03T09:39:50.825+0000] {logging_mixin.py:151} INFO - [2026-05-03T09:39:50.824+0000] {dagbag.py:539} INFO - Filling up the DagBag from /opt/airflow/dags/setup_retail_pipeline.py
[2026-05-03T09:39:50.843+0000] {processor.py:839} INFO - DAG(s) dict_keys(['setup_retail_pipeline']) retrieved from /opt/airflow/dags/setup_retail_pipeline.py
[2026-05-03T09:39:50.866+0000] {logging_mixin.py:151} INFO - [2026-05-03T09:39:50.866+0000] {dag.py:2915} INFO - Sync 1 DAGs
[2026-05-03T09:39:50.985+0000] {logging_mixin.py:151} INFO - [2026-05-03T09:39:50.985+0000] {dag.py:3696} INFO - Setting next_dagrun for setup_retail_pipeline to 2026-05-03T09:00:00+00:00, run_after=2026-05-03T10:00:00+00:00
[2026-05-03T09:39:50.991+0000] {processor.py:179} INFO - Processing /opt/airflow/dags/setup_retail_pipeline.py took 0.172 seconds
[2026-05-03T09:40:21.127+0000] {processor.py:157} INFO - Started process (PID=323) to work on /opt/airflow/dags/setup_retail_pipeline.py
[2026-05-03T09:40:21.129+0000] {processor.py:829} INFO - Processing file /opt/airflow/dags/setup_retail_pipeline.py for tasks to queue
[2026-05-03T09:40:21.129+0000] {logging_mixin.py:151} INFO - [2026-05-03T09:40:21.129+0000] {dagbag.py:539} INFO - Filling up the DagBag from /opt/airflow/dags/setup_retail_pipeline.py
[2026-05-03T09:40:21.142+0000] {processor.py:839} INFO - DAG(s) dict_keys(['setup_retail_pipeline']) retrieved from /opt/airflow/dags/setup_retail_pipeline.py
[2026-05-03T09:40:21.170+0000] {logging_mixin.py:151} INFO - [2026-05-03T09:40:21.169+0000] {dag.py:2915} INFO - Sync 1 DAGs
[2026-05-03T09:40:21.268+0000] {logging_mixin.py:151} INFO - [2026-05-03T09:40:21.268+0000] {dag.py:3696} INFO - Setting next_dagrun for setup_retail_pipeline to 2026-05-03T09:00:00+00:00, run_after=2026-05-03T10:00:00+00:00
[2026-05-03T09:40:21.276+0000] {processor.py:179} INFO - Processing /opt/airflow/dags/setup_retail_pipeline.py took 0.153 seconds
[2026-05-03T09:40:51.499+0000] {processor.py:157} INFO - Started process (PID=333) to work on /opt/airflow/dags/setup_retail_pipeline.py
[2026-05-03T09:40:51.502+0000] {processor.py:829} INFO - Processing file /opt/airflow/dags/setup_retail_pipeline.py for tasks to queue
[2026-05-03T09:40:51.503+0000] {logging_mixin.py:151} INFO - [2026-05-03T09:40:51.502+0000] {dagbag.py:539} INFO - Filling up the DagBag from /opt/airflow/dags/setup_retail_pipeline.py
[2026-05-03T09:40:51.519+0000] {processor.py:839} INFO - DAG(s) dict_keys(['setup_retail_pipeline']) retrieved from /opt/airflow/dags/setup_retail_pipeline.py
[2026-05-03T09:40:51.662+0000] {logging_mixin.py:151} INFO - [2026-05-03T09:40:51.662+0000] {dag.py:2915} INFO - Sync 1 DAGs
[2026-05-03T09:40:51.670+0000] {logging_mixin.py:151} INFO - [2026-05-03T09:40:51.670+0000] {dag.py:3696} INFO - Setting next_dagrun for setup_retail_pipeline to 2026-05-03T09:00:00+00:00, run_after=2026-05-03T10:00:00+00:00
[2026-05-03T09:40:51.676+0000] {processor.py:179} INFO - Processing /opt/airflow/dags/setup_retail_pipeline.py took 0.183 seconds
[2026-05-03T09:41:21.738+0000] {processor.py:157} INFO - Started process (PID=343) to work on /opt/airflow/dags/setup_retail_pipeline.py
[2026-05-03T09:41:21.739+0000] {processor.py:829} INFO - Processing file /opt/airflow/dags/setup_retail_pipeline.py for tasks to queue
[2026-05-03T09:41:21.739+0000] {logging_mixin.py:151} INFO - [2026-05-03T09:41:21.739+0000] {dagbag.py:539} INFO - Filling up the DagBag from /opt/airflow/dags/setup_retail_pipeline.py
[2026-05-03T09:41:21.753+0000] {processor.py:839} INFO - DAG(s) dict_keys(['setup_retail_pipeline']) retrieved from /opt/airflow/dags/setup_retail_pipeline.py
[2026-05-03T09:41:21.881+0000] {logging_mixin.py:151} INFO - [2026-05-03T09:41:21.880+0000] {dag.py:2915} INFO - Sync 1 DAGs
[2026-05-03T09:41:21.889+0000] {logging_mixin.py:151} INFO - [2026-05-03T09:41:21.889+0000] {dag.py:3696} INFO - Setting next_dagrun for setup_retail_pipeline to 2026-05-03T09:00:00+00:00, run_after=2026-05-03T10:00:00+00:00
[2026-05-03T09:41:21.895+0000] {processor.py:179} INFO - Processing /opt/airflow/dags/setup_retail_pipeline.py took 0.166 seconds
[2026-05-03T09:41:52.188+0000] {processor.py:157} INFO - Started process (PID=353) to work on /opt/airflow/dags/setup_retail_pipeline.py
[2026-05-03T09:41:52.189+0000] {processor.py:829} INFO - Processing file /opt/airflow/dags/setup_retail_pipeline.py for tasks to queue
[2026-05-03T09:41:52.191+0000] {logging_mixin.py:151} INFO - [2026-05-03T09:41:52.191+0000] {dagbag.py:539} INFO - Filling up the DagBag from /opt/airflow/dags/setup_retail_pipeline.py
[2026-05-03T09:41:52.206+0000] {processor.py:839} INFO - DAG(s) dict_keys(['setup_retail_pipeline']) retrieved from /opt/airflow/dags/setup_retail_pipeline.py
[2026-05-03T09:41:52.229+0000] {logging_mixin.py:151} INFO - [2026-05-03T09:41:52.229+0000] {dag.py:2915} INFO - Sync 1 DAGs
[2026-05-03T09:41:52.240+0000] {logging_mixin.py:151} INFO - [2026-05-03T09:41:52.240+0000] {dag.py:3696} INFO - Setting next_dagrun for setup_retail_pipeline to 2026-05-03T09:00:00+00:00, run_after=2026-05-03T10:00:00+00:00
[2026-05-03T09:41:52.247+0000] {processor.py:179} INFO - Processing /opt/airflow/dags/setup_retail_pipeline.py took 0.065 seconds
[2026-05-03T09:42:22.466+0000] {processor.py:157} INFO - Started process (PID=363) to work on /opt/airflow/dags/setup_retail_pipeline.py
[2026-05-03T09:42:22.467+0000] {processor.py:829} INFO - Processing file /opt/airflow/dags/setup_retail_pipeline.py for tasks to queue
[2026-05-03T09:42:22.468+0000] {logging_mixin.py:151} INFO - [2026-05-03T09:42:22.467+0000] {dagbag.py:539} INFO - Filling up the DagBag from /opt/airflow/dags/setup_retail_pipeline.py
[2026-05-03T09:42:22.481+0000] {processor.py:839} INFO - DAG(s) dict_keys(['setup_retail_pipeline']) retrieved from /opt/airflow/dags/setup_retail_pipeline.py
[2026-05-03T09:42:22.503+0000] {logging_mixin.py:151} INFO - [2026-05-03T09:42:22.503+0000] {dag.py:2915} INFO - Sync 1 DAGs
[2026-05-03T09:42:22.512+0000] {logging_mixin.py:151} INFO - [2026-05-03T09:42:22.512+0000] {dag.py:3696} INFO - Setting next_dagrun for setup_retail_pipeline to 2026-05-03T09:00:00+00:00, run_after=2026-05-03T10:00:00+00:00
[2026-05-03T09:42:22.519+0000] {processor.py:179} INFO - Processing /opt/airflow/dags/setup_retail_pipeline.py took 0.059 seconds
[2026-05-03T09:42:52.746+0000] {processor.py:157} INFO - Started process (PID=373) to work on /opt/airflow/dags/setup_retail_pipeline.py
[2026-05-03T09:42:52.748+0000] {processor.py:829} INFO - Processing file /opt/airflow/dags/setup_retail_pipeline.py for tasks to queue
[2026-05-03T09:42:52.751+0000] {logging_mixin.py:151} INFO - [2026-05-03T09:42:52.750+0000] {dagbag.py:539} INFO - Filling up the DagBag from /opt/airflow/dags/setup_retail_pipeline.py
[2026-05-03T09:42:52.772+0000] {processor.py:839} INFO - DAG(s) dict_keys(['setup_retail_pipeline']) retrieved from /opt/airflow/dags/setup_retail_pipeline.py
[2026-05-03T09:42:52.800+0000] {logging_mixin.py:151} INFO - [2026-05-03T09:42:52.800+0000] {dag.py:2915} INFO - Sync 1 DAGs
[2026-05-03T09:42:52.814+0000] {logging_mixin.py:151} INFO - [2026-05-03T09:42:52.814+0000] {dag.py:3696} INFO - Setting next_dagrun for setup_retail_pipeline to 2026-05-03T09:00:00+00:00, run_after=2026-05-03T10:00:00+00:00
[2026-05-03T09:42:52.820+0000] {processor.py:179} INFO - Processing /opt/airflow/dags/setup_retail_pipeline.py took 0.079 seconds
[2026-05-03T09:43:22.992+0000] {processor.py:157} INFO - Started process (PID=394) to work on /opt/airflow/dags/setup_retail_pipeline.py
[2026-05-03T09:43:22.993+0000] {processor.py:829} INFO - Processing file /opt/airflow/dags/setup_retail_pipeline.py for tasks to queue
[2026-05-03T09:43:22.994+0000] {logging_mixin.py:151} INFO - [2026-05-03T09:43:22.993+0000] {dagbag.py:539} INFO - Filling up the DagBag from /opt/airflow/dags/setup_retail_pipeline.py
[2026-05-03T09:43:23.005+0000] {processor.py:839} INFO - DAG(s) dict_keys(['setup_retail_pipeline']) retrieved from /opt/airflow/dags/setup_retail_pipeline.py
[2026-05-03T09:43:23.030+0000] {logging_mixin.py:151} INFO - [2026-05-03T09:43:23.029+0000] {dag.py:2915} INFO - Sync 1 DAGs
[2026-05-03T09:43:23.040+0000] {logging_mixin.py:151} INFO - [2026-05-03T09:43:23.040+0000] {dag.py:3696} INFO - Setting next_dagrun for setup_retail_pipeline to 2026-05-03T09:00:00+00:00, run_after=2026-05-03T10:00:00+00:00
[2026-05-03T09:43:23.047+0000] {processor.py:179} INFO - Processing /opt/airflow/dags/setup_retail_pipeline.py took 0.058 seconds
[2026-05-03T09:43:53.250+0000] {processor.py:157} INFO - Started process (PID=404) to work on /opt/airflow/dags/setup_retail_pipeline.py
[2026-05-03T09:43:53.251+0000] {processor.py:829} INFO - Processing file /opt/airflow/dags/setup_retail_pipeline.py for tasks to queue
[2026-05-03T09:43:53.255+0000] {logging_mixin.py:151} INFO - [2026-05-03T09:43:53.255+0000] {dagbag.py:539} INFO - Filling up the DagBag from /opt/airflow/dags/setup_retail_pipeline.py
[2026-05-03T09:43:53.274+0000] {processor.py:839} INFO - DAG(s) dict_keys(['setup_retail_pipeline']) retrieved from /opt/airflow/dags/setup_retail_pipeline.py
[2026-05-03T09:43:53.294+0000] {logging_mixin.py:151} INFO - [2026-05-03T09:43:53.294+0000] {dag.py:2915} INFO - Sync 1 DAGs
[2026-05-03T09:43:53.304+0000] {logging_mixin.py:151} INFO - [2026-05-03T09:43:53.304+0000] {dag.py:3696} INFO - Setting next_dagrun for setup_retail_pipeline to 2026-05-03T09:00:00+00:00, run_after=2026-05-03T10:00:00+00:00
[2026-05-03T09:43:53.312+0000] {processor.py:179} INFO - Processing /opt/airflow/dags/setup_retail_pipeline.py took 0.067 seconds
[2026-05-03T09:44:23.583+0000] {processor.py:157} INFO - Started process (PID=414) to work on /opt/airflow/dags/setup_retail_pipeline.py
[2026-05-03T09:44:23.584+0000] {processor.py:829} INFO - Processing file /opt/airflow/dags/setup_retail_pipeline.py for tasks to queue
[2026-05-03T09:44:23.585+0000] {logging_mixin.py:151} INFO - [2026-05-03T09:44:23.585+0000] {dagbag.py:539} INFO - Filling up the DagBag from /opt/airflow/dags/setup_retail_pipeline.py
[2026-05-03T09:44:23.598+0000] {processor.py:839} INFO - DAG(s) dict_keys(['setup_retail_pipeline']) retrieved from /opt/airflow/dags/setup_retail_pipeline.py
[2026-05-03T09:44:23.618+0000] {logging_mixin.py:151} INFO - [2026-05-03T09:44:23.618+0000] {dag.py:2915} INFO - Sync 1 DAGs
[2026-05-03T09:44:23.629+0000] {logging_mixin.py:151} INFO - [2026-05-03T09:44:23.629+0000] {dag.py:3696} INFO - Setting next_dagrun for setup_retail_pipeline to 2026-05-03T09:00:00+00:00, run_after=2026-05-03T10:00:00+00:00
[2026-05-03T09:44:23.635+0000] {processor.py:179} INFO - Processing /opt/airflow/dags/setup_retail_pipeline.py took 0.060 seconds
[2026-05-03T09:44:53.869+0000] {processor.py:157} INFO - Started process (PID=424) to work on /opt/airflow/dags/setup_retail_pipeline.py
[2026-05-03T09:44:53.870+0000] {processor.py:829} INFO - Processing file /opt/airflow/dags/setup_retail_pipeline.py for tasks to queue
[2026-05-03T09:44:53.871+0000] {logging_mixin.py:151} INFO - [2026-05-03T09:44:53.871+0000] {dagbag.py:539} INFO - Filling up the DagBag from /opt/airflow/dags/setup_retail_pipeline.py
[2026-05-03T09:44:53.888+0000] {processor.py:839} INFO - DAG(s) dict_keys(['setup_retail_pipeline']) retrieved from /opt/airflow/dags/setup_retail_pipeline.py
[2026-05-03T09:44:53.916+0000] {logging_mixin.py:151} INFO - [2026-05-03T09:44:53.916+0000] {dag.py:2915} INFO - Sync 1 DAGs
[2026-05-03T09:44:53.935+0000] {logging_mixin.py:151} INFO - [2026-05-03T09:44:53.935+0000] {dag.py:3696} INFO - Setting next_dagrun for setup_retail_pipeline to 2026-05-03T09:00:00+00:00, run_after=2026-05-03T10:00:00+00:00
[2026-05-03T09:44:53.942+0000] {processor.py:179} INFO - Processing /opt/airflow/dags/setup_retail_pipeline.py took 0.080 seconds
[2026-05-03T09:45:24.132+0000] {processor.py:157} INFO - Started process (PID=434) to work on /opt/airflow/dags/setup_retail_pipeline.py
[2026-05-03T09:45:24.133+0000] {processor.py:829} INFO - Processing file /opt/airflow/dags/setup_retail_pipeline.py for tasks to queue
[2026-05-03T09:45:24.135+0000] {logging_mixin.py:151} INFO - [2026-05-03T09:45:24.134+0000] {dagbag.py:539} INFO - Filling up the DagBag from /opt/airflow/dags/setup_retail_pipeline.py
[2026-05-03T09:45:24.149+0000] {processor.py:839} INFO - DAG(s) dict_keys(['setup_retail_pipeline']) retrieved from /opt/airflow/dags/setup_retail_pipeline.py
[2026-05-03T09:45:24.169+0000] {logging_mixin.py:151} INFO - [2026-05-03T09:45:24.168+0000] {dag.py:2915} INFO - Sync 1 DAGs
[2026-05-03T09:45:24.179+0000] {logging_mixin.py:151} INFO - [2026-05-03T09:45:24.179+0000] {dag.py:3696} INFO - Setting next_dagrun for setup_retail_pipeline to 2026-05-03T09:00:00+00:00, run_after=2026-05-03T10:00:00+00:00
[2026-05-03T09:45:24.186+0000] {processor.py:179} INFO - Processing /opt/airflow/dags/setup_retail_pipeline.py took 0.056 seconds
[2026-05-03T09:45:54.483+0000] {processor.py:157} INFO - Started process (PID=444) to work on /opt/airflow/dags/setup_retail_pipeline.py
[2026-05-03T09:45:54.485+0000] {processor.py:829} INFO - Processing file /opt/airflow/dags/setup_retail_pipeline.py for tasks to queue
[2026-05-03T09:45:54.487+0000] {logging_mixin.py:151} INFO - [2026-05-03T09:45:54.486+0000] {dagbag.py:539} INFO - Filling up the DagBag from /opt/airflow/dags/setup_retail_pipeline.py
[2026-05-03T09:45:54.507+0000] {processor.py:839} INFO - DAG(s) dict_keys(['setup_retail_pipeline']) retrieved from /opt/airflow/dags/setup_retail_pipeline.py
[2026-05-03T09:45:54.540+0000] {logging_mixin.py:151} INFO - [2026-05-03T09:45:54.540+0000] {dag.py:2915} INFO - Sync 1 DAGs
[2026-05-03T09:45:54.557+0000] {logging_mixin.py:151} INFO - [2026-05-03T09:45:54.557+0000] {dag.py:3696} INFO - Setting next_dagrun for setup_retail_pipeline to 2026-05-03T09:00:00+00:00, run_after=2026-05-03T10:00:00+00:00
[2026-05-03T09:45:54.564+0000] {processor.py:179} INFO - Processing /opt/airflow/dags/setup_retail_pipeline.py took 0.092 seconds
[2026-05-03T09:46:24.763+0000] {processor.py:157} INFO - Started process (PID=454) to work on /opt/airflow/dags/setup_retail_pipeline.py
[2026-05-03T09:46:24.765+0000] {processor.py:829} INFO - Processing file /opt/airflow/dags/setup_retail_pipeline.py for tasks to queue
[2026-05-03T09:46:24.766+0000] {logging_mixin.py:151} INFO - [2026-05-03T09:46:24.765+0000] {dagbag.py:539} INFO - Filling up the DagBag from /opt/airflow/dags/setup_retail_pipeline.py
[2026-05-03T09:46:24.779+0000] {processor.py:839} INFO - DAG(s) dict_keys(['setup_retail_pipeline']) retrieved from /opt/airflow/dags/setup_retail_pipeline.py
[2026-05-03T09:46:24.803+0000] {logging_mixin.py:151} INFO - [2026-05-03T09:46:24.803+0000] {dag.py:2915} INFO - Sync 1 DAGs
[2026-05-03T09:46:24.820+0000] {logging_mixin.py:151} INFO - [2026-05-03T09:46:24.820+0000] {dag.py:3696} INFO - Setting next_dagrun for setup_retail_pipeline to 2026-05-03T09:00:00+00:00, run_after=2026-05-03T10:00:00+00:00
[2026-05-03T09:46:24.827+0000] {processor.py:179} INFO - Processing /opt/airflow/dags/setup_retail_pipeline.py took 0.067 seconds
[2026-05-03T09:46:55.134+0000] {processor.py:157} INFO - Started process (PID=464) to work on /opt/airflow/dags/setup_retail_pipeline.py
[2026-05-03T09:46:55.141+0000] {processor.py:829} INFO - Processing file /opt/airflow/dags/setup_retail_pipeline.py for tasks to queue
[2026-05-03T09:46:55.142+0000] {logging_mixin.py:151} INFO - [2026-05-03T09:46:55.142+0000] {dagbag.py:539} INFO - Filling up the DagBag from /opt/airflow/dags/setup_retail_pipeline.py
[2026-05-03T09:46:55.169+0000] {processor.py:839} INFO - DAG(s) dict_keys(['setup_retail_pipeline']) retrieved from /opt/airflow/dags/setup_retail_pipeline.py
[2026-05-03T09:46:55.199+0000] {logging_mixin.py:151} INFO - [2026-05-03T09:46:55.199+0000] {dag.py:2915} INFO - Sync 1 DAGs
[2026-05-03T09:46:55.214+0000] {logging_mixin.py:151} INFO - [2026-05-03T09:46:55.214+0000] {dag.py:3696} INFO - Setting next_dagrun for setup_retail_pipeline to 2026-05-03T09:00:00+00:00, run_after=2026-05-03T10:00:00+00:00
[2026-05-03T09:46:55.221+0000] {processor.py:179} INFO - Processing /opt/airflow/dags/setup_retail_pipeline.py took 0.092 seconds
[2026-05-03T09:47:25.479+0000] {processor.py:157} INFO - Started process (PID=474) to work on /opt/airflow/dags/setup_retail_pipeline.py
[2026-05-03T09:47:25.481+0000] {processor.py:829} INFO - Processing file /opt/airflow/dags/setup_retail_pipeline.py for tasks to queue
[2026-05-03T09:47:25.482+0000] {logging_mixin.py:151} INFO - [2026-05-03T09:47:25.482+0000] {dagbag.py:539} INFO - Filling up the DagBag from /opt/airflow/dags/setup_retail_pipeline.py
[2026-05-03T09:47:25.496+0000] {processor.py:839} INFO - DAG(s) dict_keys(['setup_retail_pipeline']) retrieved from /opt/airflow/dags/setup_retail_pipeline.py
[2026-05-03T09:47:25.515+0000] {logging_mixin.py:151} INFO - [2026-05-03T09:47:25.515+0000] {dag.py:2915} INFO - Sync 1 DAGs
[2026-05-03T09:47:25.526+0000] {logging_mixin.py:151} INFO - [2026-05-03T09:47:25.526+0000] {dag.py:3696} INFO - Setting next_dagrun for setup_retail_pipeline to 2026-05-03T09:00:00+00:00, run_after=2026-05-03T10:00:00+00:00
[2026-05-03T09:47:25.535+0000] {processor.py:179} INFO - Processing /opt/airflow/dags/setup_retail_pipeline.py took 0.060 seconds
[2026-05-03T09:47:55.842+0000] {processor.py:157} INFO - Started process (PID=484) to work on /opt/airflow/dags/setup_retail_pipeline.py
[2026-05-03T09:47:55.844+0000] {processor.py:829} INFO - Processing file /opt/airflow/dags/setup_retail_pipeline.py for tasks to queue
[2026-05-03T09:47:55.847+0000] {logging_mixin.py:151} INFO - [2026-05-03T09:47:55.847+0000] {dagbag.py:539} INFO - Filling up the DagBag from /opt/airflow/dags/setup_retail_pipeline.py
[2026-05-03T09:47:55.870+0000] {processor.py:839} INFO - DAG(s) dict_keys(['setup_retail_pipeline']) retrieved from /opt/airflow/dags/setup_retail_pipeline.py
[2026-05-03T09:47:55.904+0000] {logging_mixin.py:151} INFO - [2026-05-03T09:47:55.904+0000] {dag.py:2915} INFO - Sync 1 DAGs
[2026-05-03T09:47:55.918+0000] {logging_mixin.py:151} INFO - [2026-05-03T09:47:55.918+0000] {dag.py:3696} INFO - Setting next_dagrun for setup_retail_pipeline to 2026-05-03T09:00:00+00:00, run_after=2026-05-03T10:00:00+00:00
[2026-05-03T09:47:55.929+0000] {processor.py:179} INFO - Processing /opt/airflow/dags/setup_retail_pipeline.py took 0.099 seconds
[2026-05-03T09:48:26.146+0000] {processor.py:157} INFO - Started process (PID=505) to work on /opt/airflow/dags/setup_retail_pipeline.py
[2026-05-03T09:48:26.146+0000] {processor.py:829} INFO - Processing file /opt/airflow/dags/setup_retail_pipeline.py for tasks to queue
[2026-05-03T09:48:26.147+0000] {logging_mixin.py:151} INFO - [2026-05-03T09:48:26.147+0000] {dagbag.py:539} INFO - Filling up the DagBag from /opt/airflow/dags/setup_retail_pipeline.py
[2026-05-03T09:48:26.161+0000] {processor.py:839} INFO - DAG(s) dict_keys(['setup_retail_pipeline']) retrieved from /opt/airflow/dags/setup_retail_pipeline.py
[2026-05-03T09:48:26.186+0000] {logging_mixin.py:151} INFO - [2026-05-03T09:48:26.186+0000] {dag.py:2915} INFO - Sync 1 DAGs
[2026-05-03T09:48:26.197+0000] {logging_mixin.py:151} INFO - [2026-05-03T09:48:26.197+0000] {dag.py:3696} INFO - Setting next_dagrun for setup_retail_pipeline to 2026-05-03T09:00:00+00:00, run_after=2026-05-03T10:00:00+00:00
[2026-05-03T09:48:26.204+0000] {processor.py:179} INFO - Processing /opt/airflow/dags/setup_retail_pipeline.py took 0.064 seconds
[2026-05-03T09:48:56.480+0000] {processor.py:157} INFO - Started process (PID=515) to work on /opt/airflow/dags/setup_retail_pipeline.py
[2026-05-03T09:48:56.484+0000] {processor.py:829} INFO - Processing file /opt/airflow/dags/setup_retail_pipeline.py for tasks to queue
[2026-05-03T09:48:56.484+0000] {logging_mixin.py:151} INFO - [2026-05-03T09:48:56.484+0000] {dagbag.py:539} INFO - Filling up the DagBag from /opt/airflow/dags/setup_retail_pipeline.py
[2026-05-03T09:48:56.501+0000] {processor.py:839} INFO - DAG(s) dict_keys(['setup_retail_pipeline']) retrieved from /opt/airflow/dags/setup_retail_pipeline.py
[2026-05-03T09:48:56.523+0000] {logging_mixin.py:151} INFO - [2026-05-03T09:48:56.523+0000] {dag.py:2915} INFO - Sync 1 DAGs
[2026-05-03T09:48:56.779+0000] {logging_mixin.py:151} INFO - [2026-05-03T09:48:56.777+0000] {dag.py:3696} INFO - Setting next_dagrun for setup_retail_pipeline to 2026-05-03T09:00:00+00:00, run_after=2026-05-03T10:00:00+00:00
[2026-05-03T09:48:56.848+0000] {processor.py:179} INFO - Processing /opt/airflow/dags/setup_retail_pipeline.py took 0.374 seconds
[2026-05-03T09:49:27.191+0000] {processor.py:157} INFO - Started process (PID=525) to work on /opt/airflow/dags/setup_retail_pipeline.py
[2026-05-03T09:49:27.192+0000] {processor.py:829} INFO - Processing file /opt/airflow/dags/setup_retail_pipeline.py for tasks to queue
[2026-05-03T09:49:27.193+0000] {logging_mixin.py:151} INFO - [2026-05-03T09:49:27.192+0000] {dagbag.py:539} INFO - Filling up the DagBag from /opt/airflow/dags/setup_retail_pipeline.py
[2026-05-03T09:49:27.216+0000] {processor.py:839} INFO - DAG(s) dict_keys(['setup_retail_pipeline']) retrieved from /opt/airflow/dags/setup_retail_pipeline.py
[2026-05-03T09:49:27.247+0000] {logging_mixin.py:151} INFO - [2026-05-03T09:49:27.247+0000] {dag.py:2915} INFO - Sync 1 DAGs
[2026-05-03T09:49:27.259+0000] {logging_mixin.py:151} INFO - [2026-05-03T09:49:27.259+0000] {dag.py:3696} INFO - Setting next_dagrun for setup_retail_pipeline to 2026-05-03T09:00:00+00:00, run_after=2026-05-03T10:00:00+00:00
[2026-05-03T09:49:27.268+0000] {processor.py:179} INFO - Processing /opt/airflow/dags/setup_retail_pipeline.py took 0.088 seconds
[2026-05-03T09:49:57.439+0000] {processor.py:157} INFO - Started process (PID=535) to work on /opt/airflow/dags/setup_retail_pipeline.py
[2026-05-03T09:49:57.441+0000] {processor.py:829} INFO - Processing file /opt/airflow/dags/setup_retail_pipeline.py for tasks to queue
[2026-05-03T09:49:57.442+0000] {logging_mixin.py:151} INFO - [2026-05-03T09:49:57.441+0000] {dagbag.py:539} INFO - Filling up the DagBag from /opt/airflow/dags/setup_retail_pipeline.py
[2026-05-03T09:49:57.454+0000] {processor.py:839} INFO - DAG(s) dict_keys(['setup_retail_pipeline']) retrieved from /opt/airflow/dags/setup_retail_pipeline.py
[2026-05-03T09:49:57.475+0000] {logging_mixin.py:151} INFO - [2026-05-03T09:49:57.475+0000] {dag.py:2915} INFO - Sync 1 DAGs
[2026-05-03T09:49:57.489+0000] {logging_mixin.py:151} INFO - [2026-05-03T09:49:57.489+0000] {dag.py:3696} INFO - Setting next_dagrun for setup_retail_pipeline to 2026-05-03T09:00:00+00:00, run_after=2026-05-03T10:00:00+00:00
[2026-05-03T09:49:57.499+0000] {processor.py:179} INFO - Processing /opt/airflow/dags/setup_retail_pipeline.py took 0.066 seconds
[2026-05-03T09:50:27.837+0000] {processor.py:157} INFO - Started process (PID=545) to work on /opt/airflow/dags/setup_retail_pipeline.py
[2026-05-03T09:50:27.838+0000] {processor.py:829} INFO - Processing file /opt/airflow/dags/setup_retail_pipeline.py for tasks to queue
[2026-05-03T09:50:27.840+0000] {logging_mixin.py:151} INFO - [2026-05-03T09:50:27.839+0000] {dagbag.py:539} INFO - Filling up the DagBag from /opt/airflow/dags/setup_retail_pipeline.py
[2026-05-03T09:50:27.858+0000] {processor.py:839} INFO - DAG(s) dict_keys(['setup_retail_pipeline']) retrieved from /opt/airflow/dags/setup_retail_pipeline.py
[2026-05-03T09:50:27.893+0000] {logging_mixin.py:151} INFO - [2026-05-03T09:50:27.893+0000] {dag.py:2915} INFO - Sync 1 DAGs
[2026-05-03T09:50:27.904+0000] {logging_mixin.py:151} INFO - [2026-05-03T09:50:27.904+0000] {dag.py:3696} INFO - Setting next_dagrun for setup_retail_pipeline to 2026-05-03T09:00:00+00:00, run_after=2026-05-03T10:00:00+00:00
[2026-05-03T09:50:27.912+0000] {processor.py:179} INFO - Processing /opt/airflow/dags/setup_retail_pipeline.py took 0.082 seconds
[2026-05-03T09:50:58.188+0000] {processor.py:157} INFO - Started process (PID=555) to work on /opt/airflow/dags/setup_retail_pipeline.py
[2026-05-03T09:50:58.190+0000] {processor.py:829} INFO - Processing file /opt/airflow/dags/setup_retail_pipeline.py for tasks to queue
[2026-05-03T09:50:58.192+0000] {logging_mixin.py:151} INFO - [2026-05-03T09:50:58.192+0000] {dagbag.py:539} INFO - Filling up the DagBag from /opt/airflow/dags/setup_retail_pipeline.py
[2026-05-03T09:50:58.210+0000] {processor.py:839} INFO - DAG(s) dict_keys(['setup_retail_pipeline']) retrieved from /opt/airflow/dags/setup_retail_pipeline.py
[2026-05-03T09:50:58.229+0000] {logging_mixin.py:151} INFO - [2026-05-03T09:50:58.228+0000] {dag.py:2915} INFO - Sync 1 DAGs
[2026-05-03T09:50:58.238+0000] {logging_mixin.py:151} INFO - [2026-05-03T09:50:58.238+0000] {dag.py:3696} INFO - Setting next_dagrun for setup_retail_pipeline to 2026-05-03T09:00:00+00:00, run_after=2026-05-03T10:00:00+00:00
[2026-05-03T09:50:58.245+0000] {processor.py:179} INFO - Processing /opt/airflow/dags/setup_retail_pipeline.py took 0.064 seconds
[2026-05-03T09:51:28.485+0000] {processor.py:157} INFO - Started process (PID=565) to work on /opt/airflow/dags/setup_retail_pipeline.py
[2026-05-03T09:51:28.486+0000] {processor.py:829} INFO - Processing file /opt/airflow/dags/setup_retail_pipeline.py for tasks to queue
[2026-05-03T09:51:28.487+0000] {logging_mixin.py:151} INFO - [2026-05-03T09:51:28.487+0000] {dagbag.py:539} INFO - Filling up the DagBag from /opt/airflow/dags/setup_retail_pipeline.py
[2026-05-03T09:51:28.502+0000] {processor.py:839} INFO - DAG(s) dict_keys(['setup_retail_pipeline']) retrieved from /opt/airflow/dags/setup_retail_pipeline.py
[2026-05-03T09:51:28.524+0000] {logging_mixin.py:151} INFO - [2026-05-03T09:51:28.524+0000] {dag.py:2915} INFO - Sync 1 DAGs
[2026-05-03T09:51:28.535+0000] {logging_mixin.py:151} INFO - [2026-05-03T09:51:28.535+0000] {dag.py:3696} INFO - Setting next_dagrun for setup_retail_pipeline to 2026-05-03T09:00:00+00:00, run_after=2026-05-03T10:00:00+00:00
[2026-05-03T09:51:28.542+0000] {processor.py:179} INFO - Processing /opt/airflow/dags/setup_retail_pipeline.py took 0.063 seconds
[2026-05-03T09:51:58.845+0000] {processor.py:157} INFO - Started process (PID=575) to work on /opt/airflow/dags/setup_retail_pipeline.py
[2026-05-03T09:51:58.846+0000] {processor.py:829} INFO - Processing file /opt/airflow/dags/setup_retail_pipeline.py for tasks to queue
[2026-05-03T09:51:58.847+0000] {logging_mixin.py:151} INFO - [2026-05-03T09:51:58.847+0000] {dagbag.py:539} INFO - Filling up the DagBag from /opt/airflow/dags/setup_retail_pipeline.py
[2026-05-03T09:51:58.866+0000] {processor.py:839} INFO - DAG(s) dict_keys(['setup_retail_pipeline']) retrieved from /opt/airflow/dags/setup_retail_pipeline.py
[2026-05-03T09:51:58.885+0000] {logging_mixin.py:151} INFO - [2026-05-03T09:51:58.885+0000] {dag.py:2915} INFO - Sync 1 DAGs
[2026-05-03T09:51:58.895+0000] {logging_mixin.py:151} INFO - [2026-05-03T09:51:58.895+0000] {dag.py:3696} INFO - Setting next_dagrun for setup_retail_pipeline to 2026-05-03T09:00:00+00:00, run_after=2026-05-03T10:00:00+00:00
[2026-05-03T09:51:58.901+0000] {processor.py:179} INFO - Processing /opt/airflow/dags/setup_retail_pipeline.py took 0.062 seconds
[2026-05-03T09:52:29.194+0000] {processor.py:157} INFO - Started process (PID=585) to work on /opt/airflow/dags/setup_retail_pipeline.py
[2026-05-03T09:52:29.196+0000] {processor.py:829} INFO - Processing file /opt/airflow/dags/setup_retail_pipeline.py for tasks to queue
[2026-05-03T09:52:29.198+0000] {logging_mixin.py:151} INFO - [2026-05-03T09:52:29.198+0000] {dagbag.py:539} INFO - Filling up the DagBag from /opt/airflow/dags/setup_retail_pipeline.py
[2026-05-03T09:52:29.220+0000] {processor.py:839} INFO - DAG(s) dict_keys(['setup_retail_pipeline']) retrieved from /opt/airflow/dags/setup_retail_pipeline.py
[2026-05-03T09:52:29.256+0000] {logging_mixin.py:151} INFO - [2026-05-03T09:52:29.255+0000] {dag.py:2915} INFO - Sync 1 DAGs
[2026-05-03T09:52:29.270+0000] {logging_mixin.py:151} INFO - [2026-05-03T09:52:29.270+0000] {dag.py:3696} INFO - Setting next_dagrun for setup_retail_pipeline to 2026-05-03T09:00:00+00:00, run_after=2026-05-03T10:00:00+00:00
[2026-05-03T09:52:29.277+0000] {processor.py:179} INFO - Processing /opt/airflow/dags/setup_retail_pipeline.py took 0.090 seconds
[2026-05-03T09:52:59.487+0000] {processor.py:157} INFO - Started process (PID=595) to work on /opt/airflow/dags/setup_retail_pipeline.py
[2026-05-03T09:52:59.489+0000] {processor.py:829} INFO - Processing file /opt/airflow/dags/setup_retail_pipeline.py for tasks to queue
[2026-05-03T09:52:59.490+0000] {logging_mixin.py:151} INFO - [2026-05-03T09:52:59.489+0000] {dagbag.py:539} INFO - Filling up the DagBag from /opt/airflow/dags/setup_retail_pipeline.py
[2026-05-03T09:52:59.502+0000] {processor.py:839} INFO - DAG(s) dict_keys(['setup_retail_pipeline']) retrieved from /opt/airflow/dags/setup_retail_pipeline.py
[2026-05-03T09:52:59.523+0000] {logging_mixin.py:151} INFO - [2026-05-03T09:52:59.523+0000] {dag.py:2915} INFO - Sync 1 DAGs
[2026-05-03T09:52:59.533+0000] {logging_mixin.py:151} INFO - [2026-05-03T09:52:59.533+0000] {dag.py:3696} INFO - Setting next_dagrun for setup_retail_pipeline to 2026-05-03T09:00:00+00:00, run_after=2026-05-03T10:00:00+00:00
[2026-05-03T09:52:59.540+0000] {processor.py:179} INFO - Processing /opt/airflow/dags/setup_retail_pipeline.py took 0.056 seconds
[2026-05-03T09:53:29.823+0000] {processor.py:157} INFO - Started process (PID=616) to work on /opt/airflow/dags/setup_retail_pipeline.py
[2026-05-03T09:53:29.828+0000] {processor.py:829} INFO - Processing file /opt/airflow/dags/setup_retail_pipeline.py for tasks to queue
[2026-05-03T09:53:29.831+0000] {logging_mixin.py:151} INFO - [2026-05-03T09:53:29.830+0000] {dagbag.py:539} INFO - Filling up the DagBag from /opt/airflow/dags/setup_retail_pipeline.py
[2026-05-03T09:53:29.854+0000] {processor.py:839} INFO - DAG(s) dict_keys(['setup_retail_pipeline']) retrieved from /opt/airflow/dags/setup_retail_pipeline.py
[2026-05-03T09:53:29.891+0000] {logging_mixin.py:151} INFO - [2026-05-03T09:53:29.891+0000] {dag.py:2915} INFO - Sync 1 DAGs
[2026-05-03T09:53:29.907+0000] {logging_mixin.py:151} INFO - [2026-05-03T09:53:29.907+0000] {dag.py:3696} INFO - Setting next_dagrun for setup_retail_pipeline to 2026-05-03T09:00:00+00:00, run_after=2026-05-03T10:00:00+00:00
[2026-05-03T09:53:29.914+0000] {processor.py:179} INFO - Processing /opt/airflow/dags/setup_retail_pipeline.py took 0.099 seconds
[2026-05-03T09:54:00.106+0000] {processor.py:157} INFO - Started process (PID=626) to work on /opt/airflow/dags/setup_retail_pipeline.py
[2026-05-03T09:54:00.108+0000] {processor.py:829} INFO - Processing file /opt/airflow/dags/setup_retail_pipeline.py for tasks to queue
[2026-05-03T09:54:00.109+0000] {logging_mixin.py:151} INFO - [2026-05-03T09:54:00.109+0000] {dagbag.py:539} INFO - Filling up the DagBag from /opt/airflow/dags/setup_retail_pipeline.py
[2026-05-03T09:54:00.125+0000] {processor.py:839} INFO - DAG(s) dict_keys(['setup_retail_pipeline']) retrieved from /opt/airflow/dags/setup_retail_pipeline.py
[2026-05-03T09:54:00.149+0000] {logging_mixin.py:151} INFO - [2026-05-03T09:54:00.149+0000] {dag.py:2915} INFO - Sync 1 DAGs
[2026-05-03T09:54:00.161+0000] {logging_mixin.py:151} INFO - [2026-05-03T09:54:00.161+0000] {dag.py:3696} INFO - Setting next_dagrun for setup_retail_pipeline to 2026-05-03T09:00:00+00:00, run_after=2026-05-03T10:00:00+00:00
[2026-05-03T09:54:00.168+0000] {processor.py:179} INFO - Processing /opt/airflow/dags/setup_retail_pipeline.py took 0.070 seconds
[2026-05-03T09:54:30.384+0000] {processor.py:157} INFO - Started process (PID=636) to work on /opt/airflow/dags/setup_retail_pipeline.py
[2026-05-03T09:54:30.386+0000] {processor.py:829} INFO - Processing file /opt/airflow/dags/setup_retail_pipeline.py for tasks to queue
[2026-05-03T09:54:30.387+0000] {logging_mixin.py:151} INFO - [2026-05-03T09:54:30.386+0000] {dagbag.py:539} INFO - Filling up the DagBag from /opt/airflow/dags/setup_retail_pipeline.py
[2026-05-03T09:54:30.400+0000] {processor.py:839} INFO - DAG(s) dict_keys(['setup_retail_pipeline']) retrieved from /opt/airflow/dags/setup_retail_pipeline.py
[2026-05-03T09:54:30.418+0000] {logging_mixin.py:151} INFO - [2026-05-03T09:54:30.418+0000] {dag.py:2915} INFO - Sync 1 DAGs
[2026-05-03T09:54:30.428+0000] {logging_mixin.py:151} INFO - [2026-05-03T09:54:30.428+0000] {dag.py:3696} INFO - Setting next_dagrun for setup_retail_pipeline to 2026-05-03T09:00:00+00:00, run_after=2026-05-03T10:00:00+00:00
[2026-05-03T09:54:30.434+0000] {processor.py:179} INFO - Processing /opt/airflow/dags/setup_retail_pipeline.py took 0.057 seconds
[2026-05-03T09:55:00.777+0000] {processor.py:157} INFO - Started process (PID=646) to work on /opt/airflow/dags/setup_retail_pipeline.py
[2026-05-03T09:55:00.779+0000] {processor.py:829} INFO - Processing file /opt/airflow/dags/setup_retail_pipeline.py for tasks to queue
[2026-05-03T09:55:00.781+0000] {logging_mixin.py:151} INFO - [2026-05-03T09:55:00.780+0000] {dagbag.py:539} INFO - Filling up the DagBag from /opt/airflow/dags/setup_retail_pipeline.py
[2026-05-03T09:55:00.805+0000] {processor.py:839} INFO - DAG(s) dict_keys(['setup_retail_pipeline']) retrieved from /opt/airflow/dags/setup_retail_pipeline.py
[2026-05-03T09:55:00.829+0000] {logging_mixin.py:151} INFO - [2026-05-03T09:55:00.829+0000] {dag.py:2915} INFO - Sync 1 DAGs
[2026-05-03T09:55:00.843+0000] {logging_mixin.py:151} INFO - [2026-05-03T09:55:00.842+0000] {dag.py:3696} INFO - Setting next_dagrun for setup_retail_pipeline to 2026-05-03T09:00:00+00:00, run_after=2026-05-03T10:00:00+00:00
[2026-05-03T09:55:00.849+0000] {processor.py:179} INFO - Processing /opt/airflow/dags/setup_retail_pipeline.py took 0.081 seconds
[2026-05-03T09:55:31.076+0000] {processor.py:157} INFO - Started process (PID=656) to work on /opt/airflow/dags/setup_retail_pipeline.py
[2026-05-03T09:55:31.078+0000] {processor.py:829} INFO - Processing file /opt/airflow/dags/setup_retail_pipeline.py for tasks to queue
[2026-05-03T09:55:31.081+0000] {logging_mixin.py:151} INFO - [2026-05-03T09:55:31.080+0000] {dagbag.py:539} INFO - Filling up the DagBag from /opt/airflow/dags/setup_retail_pipeline.py
[2026-05-03T09:55:31.105+0000] {processor.py:839} INFO - DAG(s) dict_keys(['setup_retail_pipeline']) retrieved from /opt/airflow/dags/setup_retail_pipeline.py
[2026-05-03T09:55:31.130+0000] {logging_mixin.py:151} INFO - [2026-05-03T09:55:31.130+0000] {dag.py:2915} INFO - Sync 1 DAGs
[2026-05-03T09:55:31.146+0000] {logging_mixin.py:151} INFO - [2026-05-03T09:55:31.146+0000] {dag.py:3696} INFO - Setting next_dagrun for setup_retail_pipeline to 2026-05-03T09:00:00+00:00, run_after=2026-05-03T10:00:00+00:00
[2026-05-03T09:55:31.154+0000] {processor.py:179} INFO - Processing /opt/airflow/dags/setup_retail_pipeline.py took 0.086 seconds
[2026-05-03T09:56:01.418+0000] {processor.py:157} INFO - Started process (PID=666) to work on /opt/airflow/dags/setup_retail_pipeline.py
[2026-05-03T09:56:01.420+0000] {processor.py:829} INFO - Processing file /opt/airflow/dags/setup_retail_pipeline.py for tasks to queue
[2026-05-03T09:56:01.423+0000] {logging_mixin.py:151} INFO - [2026-05-03T09:56:01.423+0000] {dagbag.py:539} INFO - Filling up the DagBag from /opt/airflow/dags/setup_retail_pipeline.py
[2026-05-03T09:56:01.448+0000] {processor.py:839} INFO - DAG(s) dict_keys(['setup_retail_pipeline']) retrieved from /opt/airflow/dags/setup_retail_pipeline.py
[2026-05-03T09:56:01.480+0000] {logging_mixin.py:151} INFO - [2026-05-03T09:56:01.480+0000] {dag.py:2915} INFO - Sync 1 DAGs
[2026-05-03T09:56:01.496+0000] {logging_mixin.py:151} INFO - [2026-05-03T09:56:01.496+0000] {dag.py:3696} INFO - Setting next_dagrun for setup_retail_pipeline to 2026-05-03T09:00:00+00:00, run_after=2026-05-03T10:00:00+00:00
[2026-05-03T09:56:01.503+0000] {processor.py:179} INFO - Processing /opt/airflow/dags/setup_retail_pipeline.py took 0.094 seconds
[2026-05-03T09:56:31.637+0000] {processor.py:157} INFO - Started process (PID=676) to work on /opt/airflow/dags/setup_retail_pipeline.py
[2026-05-03T09:56:31.639+0000] {processor.py:829} INFO - Processing file /opt/airflow/dags/setup_retail_pipeline.py for tasks to queue
[2026-05-03T09:56:31.641+0000] {logging_mixin.py:151} INFO - [2026-05-03T09:56:31.640+0000] {dagbag.py:539} INFO - Filling up the DagBag from /opt/airflow/dags/setup_retail_pipeline.py
[2026-05-03T09:56:31.658+0000] {processor.py:839} INFO - DAG(s) dict_keys(['setup_retail_pipeline']) retrieved from /opt/airflow/dags/setup_retail_pipeline.py
[2026-05-03T09:56:31.675+0000] {logging_mixin.py:151} INFO - [2026-05-03T09:56:31.675+0000] {dag.py:2915} INFO - Sync 1 DAGs
[2026-05-03T09:56:31.685+0000] {logging_mixin.py:151} INFO - [2026-05-03T09:56:31.685+0000] {dag.py:3696} INFO - Setting next_dagrun for setup_retail_pipeline to 2026-05-03T09:00:00+00:00, run_after=2026-05-03T10:00:00+00:00
[2026-05-03T09:56:31.692+0000] {processor.py:179} INFO - Processing /opt/airflow/dags/setup_retail_pipeline.py took 0.059 seconds
[2026-05-03T09:57:02.000+0000] {processor.py:157} INFO - Started process (PID=686) to work on /opt/airflow/dags/setup_retail_pipeline.py
[2026-05-03T09:57:02.002+0000] {processor.py:829} INFO - Processing file /opt/airflow/dags/setup_retail_pipeline.py for tasks to queue
[2026-05-03T09:57:02.005+0000] {logging_mixin.py:151} INFO - [2026-05-03T09:57:02.003+0000] {dagbag.py:539} INFO - Filling up the DagBag from /opt/airflow/dags/setup_retail_pipeline.py
[2026-05-03T09:57:02.027+0000] {processor.py:839} INFO - DAG(s) dict_keys(['setup_retail_pipeline']) retrieved from /opt/airflow/dags/setup_retail_pipeline.py
[2026-05-03T09:57:02.049+0000] {logging_mixin.py:151} INFO - [2026-05-03T09:57:02.049+0000] {dag.py:2915} INFO - Sync 1 DAGs
[2026-05-03T09:57:02.061+0000] {logging_mixin.py:151} INFO - [2026-05-03T09:57:02.061+0000] {dag.py:3696} INFO - Setting next_dagrun for setup_retail_pipeline to 2026-05-03T09:00:00+00:00, run_after=2026-05-03T10:00:00+00:00
[2026-05-03T09:57:02.067+0000] {processor.py:179} INFO - Processing /opt/airflow/dags/setup_retail_pipeline.py took 0.079 seconds
[2026-05-03T09:57:32.278+0000] {processor.py:157} INFO - Started process (PID=696) to work on /opt/airflow/dags/setup_retail_pipeline.py
[2026-05-03T09:57:32.280+0000] {processor.py:829} INFO - Processing file /opt/airflow/dags/setup_retail_pipeline.py for tasks to queue
[2026-05-03T09:57:32.281+0000] {logging_mixin.py:151} INFO - [2026-05-03T09:57:32.281+0000] {dagbag.py:539} INFO - Filling up the DagBag from /opt/airflow/dags/setup_retail_pipeline.py
[2026-05-03T09:57:32.297+0000] {processor.py:839} INFO - DAG(s) dict_keys(['setup_retail_pipeline']) retrieved from /opt/airflow/dags/setup_retail_pipeline.py
[2026-05-03T09:57:32.315+0000] {logging_mixin.py:151} INFO - [2026-05-03T09:57:32.315+0000] {dag.py:2915} INFO - Sync 1 DAGs
[2026-05-03T09:57:32.325+0000] {logging_mixin.py:151} INFO - [2026-05-03T09:57:32.325+0000] {dag.py:3696} INFO - Setting next_dagrun for setup_retail_pipeline to 2026-05-03T09:00:00+00:00, run_after=2026-05-03T10:00:00+00:00
[2026-05-03T09:57:32.331+0000] {processor.py:179} INFO - Processing /opt/airflow/dags/setup_retail_pipeline.py took 0.059 seconds
[2026-05-03T09:58:02.618+0000] {processor.py:157} INFO - Started process (PID=706) to work on /opt/airflow/dags/setup_retail_pipeline.py
[2026-05-03T09:58:02.621+0000] {processor.py:829} INFO - Processing file /opt/airflow/dags/setup_retail_pipeline.py for tasks to queue
[2026-05-03T09:58:02.622+0000] {logging_mixin.py:151} INFO - [2026-05-03T09:58:02.622+0000] {dagbag.py:539} INFO - Filling up the DagBag from /opt/airflow/dags/setup_retail_pipeline.py
[2026-05-03T09:58:02.639+0000] {processor.py:839} INFO - DAG(s) dict_keys(['setup_retail_pipeline']) retrieved from /opt/airflow/dags/setup_retail_pipeline.py
[2026-05-03T09:58:02.674+0000] {logging_mixin.py:151} INFO - [2026-05-03T09:58:02.674+0000] {dag.py:2915} INFO - Sync 1 DAGs
[2026-05-03T09:58:02.686+0000] {logging_mixin.py:151} INFO - [2026-05-03T09:58:02.685+0000] {dag.py:3696} INFO - Setting next_dagrun for setup_retail_pipeline to 2026-05-03T09:00:00+00:00, run_after=2026-05-03T10:00:00+00:00
[2026-05-03T09:58:02.693+0000] {processor.py:179} INFO - Processing /opt/airflow/dags/setup_retail_pipeline.py took 0.079 seconds
[2026-05-03T09:58:32.902+0000] {processor.py:157} INFO - Started process (PID=716) to work on /opt/airflow/dags/setup_retail_pipeline.py
[2026-05-03T09:58:32.903+0000] {processor.py:829} INFO - Processing file /opt/airflow/dags/setup_retail_pipeline.py for tasks to queue
[2026-05-03T09:58:32.903+0000] {logging_mixin.py:151} INFO - [2026-05-03T09:58:32.903+0000] {dagbag.py:539} INFO - Filling up the DagBag from /opt/airflow/dags/setup_retail_pipeline.py
[2026-05-03T09:58:32.914+0000] {processor.py:839} INFO - DAG(s) dict_keys(['setup_retail_pipeline']) retrieved from /opt/airflow/dags/setup_retail_pipeline.py
[2026-05-03T09:58:32.938+0000] {logging_mixin.py:151} INFO - [2026-05-03T09:58:32.938+0000] {dag.py:2915} INFO - Sync 1 DAGs
[2026-05-03T09:58:32.947+0000] {logging_mixin.py:151} INFO - [2026-05-03T09:58:32.947+0000] {dag.py:3696} INFO - Setting next_dagrun for setup_retail_pipeline to 2026-05-03T09:00:00+00:00, run_after=2026-05-03T10:00:00+00:00
[2026-05-03T09:58:32.955+0000] {processor.py:179} INFO - Processing /opt/airflow/dags/setup_retail_pipeline.py took 0.069 seconds
[2026-05-03T09:59:03.188+0000] {processor.py:157} INFO - Started process (PID=726) to work on /opt/airflow/dags/setup_retail_pipeline.py
[2026-05-03T09:59:03.189+0000] {processor.py:829} INFO - Processing file /opt/airflow/dags/setup_retail_pipeline.py for tasks to queue
[2026-05-03T09:59:03.190+0000] {logging_mixin.py:151} INFO - [2026-05-03T09:59:03.189+0000] {dagbag.py:539} INFO - Filling up the DagBag from /opt/airflow/dags/setup_retail_pipeline.py
[2026-05-03T09:59:03.213+0000] {processor.py:839} INFO - DAG(s) dict_keys(['setup_retail_pipeline']) retrieved from /opt/airflow/dags/setup_retail_pipeline.py
[2026-05-03T09:59:03.241+0000] {logging_mixin.py:151} INFO - [2026-05-03T09:59:03.240+0000] {dag.py:2915} INFO - Sync 1 DAGs
[2026-05-03T09:59:03.253+0000] {logging_mixin.py:151} INFO - [2026-05-03T09:59:03.253+0000] {dag.py:3696} INFO - Setting next_dagrun for setup_retail_pipeline to 2026-05-03T09:00:00+00:00, run_after=2026-05-03T10:00:00+00:00
[2026-05-03T09:59:03.260+0000] {processor.py:179} INFO - Processing /opt/airflow/dags/setup_retail_pipeline.py took 0.076 seconds
[2026-05-03T09:59:33.450+0000] {processor.py:157} INFO - Started process (PID=736) to work on /opt/airflow/dags/setup_retail_pipeline.py
[2026-05-03T09:59:33.451+0000] {processor.py:829} INFO - Processing file /opt/airflow/dags/setup_retail_pipeline.py for tasks to queue
[2026-05-03T09:59:33.452+0000] {logging_mixin.py:151} INFO - [2026-05-03T09:59:33.452+0000] {dagbag.py:539} INFO - Filling up the DagBag from /opt/airflow/dags/setup_retail_pipeline.py
[2026-05-03T09:59:33.465+0000] {processor.py:839} INFO - DAG(s) dict_keys(['setup_retail_pipeline']) retrieved from /opt/airflow/dags/setup_retail_pipeline.py
[2026-05-03T09:59:33.484+0000] {logging_mixin.py:151} INFO - [2026-05-03T09:59:33.484+0000] {dag.py:2915} INFO - Sync 1 DAGs
[2026-05-03T09:59:33.496+0000] {logging_mixin.py:151} INFO - [2026-05-03T09:59:33.495+0000] {dag.py:3696} INFO - Setting next_dagrun for setup_retail_pipeline to 2026-05-03T09:00:00+00:00, run_after=2026-05-03T10:00:00+00:00
[2026-05-03T09:59:33.503+0000] {processor.py:179} INFO - Processing /opt/airflow/dags/setup_retail_pipeline.py took 0.058 seconds
[2026-05-03T10:00:03.694+0000] {processor.py:157} INFO - Started process (PID=787) to work on /opt/airflow/dags/setup_retail_pipeline.py
[2026-05-03T10:00:03.695+0000] {processor.py:829} INFO - Processing file /opt/airflow/dags/setup_retail_pipeline.py for tasks to queue
[2026-05-03T10:00:03.696+0000] {logging_mixin.py:151} INFO - [2026-05-03T10:00:03.695+0000] {dagbag.py:539} INFO - Filling up the DagBag from /opt/airflow/dags/setup_retail_pipeline.py
[2026-05-03T10:00:03.704+0000] {processor.py:839} INFO - DAG(s) dict_keys(['setup_retail_pipeline']) retrieved from /opt/airflow/dags/setup_retail_pipeline.py
[2026-05-03T10:00:03.724+0000] {logging_mixin.py:151} INFO - [2026-05-03T10:00:03.724+0000] {dag.py:2915} INFO - Sync 1 DAGs
[2026-05-03T10:00:03.746+0000] {processor.py:179} INFO - Processing /opt/airflow/dags/setup_retail_pipeline.py took 0.054 seconds
[2026-05-03T10:00:33.859+0000] {processor.py:157} INFO - Started process (PID=826) to work on /opt/airflow/dags/setup_retail_pipeline.py
[2026-05-03T10:00:33.860+0000] {processor.py:829} INFO - Processing file /opt/airflow/dags/setup_retail_pipeline.py for tasks to queue
[2026-05-03T10:00:33.860+0000] {logging_mixin.py:151} INFO - [2026-05-03T10:00:33.860+0000] {dagbag.py:539} INFO - Filling up the DagBag from /opt/airflow/dags/setup_retail_pipeline.py
[2026-05-03T10:00:33.869+0000] {processor.py:839} INFO - DAG(s) dict_keys(['setup_retail_pipeline']) retrieved from /opt/airflow/dags/setup_retail_pipeline.py
[2026-05-03T10:00:33.884+0000] {logging_mixin.py:151} INFO - [2026-05-03T10:00:33.884+0000] {dag.py:2915} INFO - Sync 1 DAGs
[2026-05-03T10:00:33.898+0000] {processor.py:179} INFO - Processing /opt/airflow/dags/setup_retail_pipeline.py took 0.042 seconds
[2026-05-03T10:01:04.140+0000] {processor.py:157} INFO - Started process (PID=848) to work on /opt/airflow/dags/setup_retail_pipeline.py
[2026-05-03T10:01:04.143+0000] {processor.py:829} INFO - Processing file /opt/airflow/dags/setup_retail_pipeline.py for tasks to queue
[2026-05-03T10:01:04.145+0000] {logging_mixin.py:151} INFO - [2026-05-03T10:01:04.144+0000] {dagbag.py:539} INFO - Filling up the DagBag from /opt/airflow/dags/setup_retail_pipeline.py
[2026-05-03T10:01:04.167+0000] {processor.py:839} INFO - DAG(s) dict_keys(['setup_retail_pipeline']) retrieved from /opt/airflow/dags/setup_retail_pipeline.py
[2026-05-03T10:01:04.193+0000] {logging_mixin.py:151} INFO - [2026-05-03T10:01:04.193+0000] {dag.py:2915} INFO - Sync 1 DAGs
[2026-05-03T10:01:04.209+0000] {logging_mixin.py:151} INFO - [2026-05-03T10:01:04.209+0000] {dag.py:3696} INFO - Setting next_dagrun for setup_retail_pipeline to 2026-05-03T10:00:00+00:00, run_after=2026-05-03T11:00:00+00:00
[2026-05-03T10:01:04.216+0000] {processor.py:179} INFO - Processing /opt/airflow/dags/setup_retail_pipeline.py took 0.086 seconds
[2026-05-03T10:01:34.388+0000] {processor.py:157} INFO - Started process (PID=858) to work on /opt/airflow/dags/setup_retail_pipeline.py
[2026-05-03T10:01:34.389+0000] {processor.py:829} INFO - Processing file /opt/airflow/dags/setup_retail_pipeline.py for tasks to queue
[2026-05-03T10:01:34.389+0000] {logging_mixin.py:151} INFO - [2026-05-03T10:01:34.389+0000] {dagbag.py:539} INFO - Filling up the DagBag from /opt/airflow/dags/setup_retail_pipeline.py
[2026-05-03T10:01:34.402+0000] {processor.py:839} INFO - DAG(s) dict_keys(['setup_retail_pipeline']) retrieved from /opt/airflow/dags/setup_retail_pipeline.py
[2026-05-03T10:01:34.423+0000] {logging_mixin.py:151} INFO - [2026-05-03T10:01:34.423+0000] {dag.py:2915} INFO - Sync 1 DAGs
[2026-05-03T10:01:34.433+0000] {logging_mixin.py:151} INFO - [2026-05-03T10:01:34.433+0000] {dag.py:3696} INFO - Setting next_dagrun for setup_retail_pipeline to 2026-05-03T10:00:00+00:00, run_after=2026-05-03T11:00:00+00:00
[2026-05-03T10:01:34.440+0000] {processor.py:179} INFO - Processing /opt/airflow/dags/setup_retail_pipeline.py took 0.057 seconds
[2026-05-03T10:02:04.749+0000] {processor.py:157} INFO - Started process (PID=868) to work on /opt/airflow/dags/setup_retail_pipeline.py
[2026-05-03T10:02:04.754+0000] {processor.py:829} INFO - Processing file /opt/airflow/dags/setup_retail_pipeline.py for tasks to queue
[2026-05-03T10:02:04.755+0000] {logging_mixin.py:151} INFO - [2026-05-03T10:02:04.755+0000] {dagbag.py:539} INFO - Filling up the DagBag from /opt/airflow/dags/setup_retail_pipeline.py
[2026-05-03T10:02:04.778+0000] {processor.py:839} INFO - DAG(s) dict_keys(['setup_retail_pipeline']) retrieved from /opt/airflow/dags/setup_retail_pipeline.py
[2026-05-03T10:02:04.822+0000] {logging_mixin.py:151} INFO - [2026-05-03T10:02:04.822+0000] {dag.py:2915} INFO - Sync 1 DAGs
[2026-05-03T10:02:04.840+0000] {logging_mixin.py:151} INFO - [2026-05-03T10:02:04.840+0000] {dag.py:3696} INFO - Setting next_dagrun for setup_retail_pipeline to 2026-05-03T10:00:00+00:00, run_after=2026-05-03T11:00:00+00:00
[2026-05-03T10:02:04.850+0000] {processor.py:179} INFO - Processing /opt/airflow/dags/setup_retail_pipeline.py took 0.110 seconds
[2026-05-03T10:02:35.095+0000] {processor.py:157} INFO - Started process (PID=878) to work on /opt/airflow/dags/setup_retail_pipeline.py
[2026-05-03T10:02:35.103+0000] {processor.py:829} INFO - Processing file /opt/airflow/dags/setup_retail_pipeline.py for tasks to queue
[2026-05-03T10:02:35.104+0000] {logging_mixin.py:151} INFO - [2026-05-03T10:02:35.104+0000] {dagbag.py:539} INFO - Filling up the DagBag from /opt/airflow/dags/setup_retail_pipeline.py
[2026-05-03T10:02:35.123+0000] {processor.py:839} INFO - DAG(s) dict_keys(['setup_retail_pipeline']) retrieved from /opt/airflow/dags/setup_retail_pipeline.py
[2026-05-03T10:02:35.161+0000] {logging_mixin.py:151} INFO - [2026-05-03T10:02:35.161+0000] {dag.py:2915} INFO - Sync 1 DAGs
[2026-05-03T10:02:35.177+0000] {logging_mixin.py:151} INFO - [2026-05-03T10:02:35.177+0000] {dag.py:3696} INFO - Setting next_dagrun for setup_retail_pipeline to 2026-05-03T10:00:00+00:00, run_after=2026-05-03T11:00:00+00:00
[2026-05-03T10:02:35.187+0000] {processor.py:179} INFO - Processing /opt/airflow/dags/setup_retail_pipeline.py took 0.112 seconds
[2026-05-03T10:03:05.382+0000] {processor.py:157} INFO - Started process (PID=888) to work on /opt/airflow/dags/setup_retail_pipeline.py
[2026-05-03T10:03:05.383+0000] {processor.py:829} INFO - Processing file /opt/airflow/dags/setup_retail_pipeline.py for tasks to queue
[2026-05-03T10:03:05.384+0000] {logging_mixin.py:151} INFO - [2026-05-03T10:03:05.384+0000] {dagbag.py:539} INFO - Filling up the DagBag from /opt/airflow/dags/setup_retail_pipeline.py
[2026-05-03T10:03:05.398+0000] {processor.py:839} INFO - DAG(s) dict_keys(['setup_retail_pipeline']) retrieved from /opt/airflow/dags/setup_retail_pipeline.py
[2026-05-03T10:03:05.418+0000] {logging_mixin.py:151} INFO - [2026-05-03T10:03:05.418+0000] {dag.py:2915} INFO - Sync 1 DAGs
[2026-05-03T10:03:05.431+0000] {logging_mixin.py:151} INFO - [2026-05-03T10:03:05.431+0000] {dag.py:3696} INFO - Setting next_dagrun for setup_retail_pipeline to 2026-05-03T10:00:00+00:00, run_after=2026-05-03T11:00:00+00:00
[2026-05-03T10:03:05.440+0000] {processor.py:179} INFO - Processing /opt/airflow/dags/setup_retail_pipeline.py took 0.063 seconds
[2026-05-03T10:03:35.700+0000] {processor.py:157} INFO - Started process (PID=898) to work on /opt/airflow/dags/setup_retail_pipeline.py
[2026-05-03T10:03:35.701+0000] {processor.py:829} INFO - Processing file /opt/airflow/dags/setup_retail_pipeline.py for tasks to queue
[2026-05-03T10:03:35.702+0000] {logging_mixin.py:151} INFO - [2026-05-03T10:03:35.701+0000] {dagbag.py:539} INFO - Filling up the DagBag from /opt/airflow/dags/setup_retail_pipeline.py
[2026-05-03T10:03:35.721+0000] {processor.py:839} INFO - DAG(s) dict_keys(['setup_retail_pipeline']) retrieved from /opt/airflow/dags/setup_retail_pipeline.py
[2026-05-03T10:03:35.748+0000] {logging_mixin.py:151} INFO - [2026-05-03T10:03:35.748+0000] {dag.py:2915} INFO - Sync 1 DAGs
[2026-05-03T10:03:35.760+0000] {logging_mixin.py:151} INFO - [2026-05-03T10:03:35.760+0000] {dag.py:3696} INFO - Setting next_dagrun for setup_retail_pipeline to 2026-05-03T10:00:00+00:00, run_after=2026-05-03T11:00:00+00:00
[2026-05-03T10:03:35.767+0000] {processor.py:179} INFO - Processing /opt/airflow/dags/setup_retail_pipeline.py took 0.073 seconds
[2026-05-03T10:04:05.996+0000] {processor.py:157} INFO - Started process (PID=908) to work on /opt/airflow/dags/setup_retail_pipeline.py
[2026-05-03T10:04:05.998+0000] {processor.py:829} INFO - Processing file /opt/airflow/dags/setup_retail_pipeline.py for tasks to queue
[2026-05-03T10:04:05.999+0000] {logging_mixin.py:151} INFO - [2026-05-03T10:04:05.999+0000] {dagbag.py:539} INFO - Filling up the DagBag from /opt/airflow/dags/setup_retail_pipeline.py
[2026-05-03T10:04:06.015+0000] {processor.py:839} INFO - DAG(s) dict_keys(['setup_retail_pipeline']) retrieved from /opt/airflow/dags/setup_retail_pipeline.py
[2026-05-03T10:04:06.034+0000] {logging_mixin.py:151} INFO - [2026-05-03T10:04:06.034+0000] {dag.py:2915} INFO - Sync 1 DAGs
[2026-05-03T10:04:06.044+0000] {logging_mixin.py:151} INFO - [2026-05-03T10:04:06.044+0000] {dag.py:3696} INFO - Setting next_dagrun for setup_retail_pipeline to 2026-05-03T10:00:00+00:00, run_after=2026-05-03T11:00:00+00:00
[2026-05-03T10:04:06.050+0000] {processor.py:179} INFO - Processing /opt/airflow/dags/setup_retail_pipeline.py took 0.058 seconds
[2026-05-03T10:04:36.337+0000] {processor.py:157} INFO - Started process (PID=918) to work on /opt/airflow/dags/setup_retail_pipeline.py
[2026-05-03T10:04:36.338+0000] {processor.py:829} INFO - Processing file /opt/airflow/dags/setup_retail_pipeline.py for tasks to queue
[2026-05-03T10:04:36.339+0000] {logging_mixin.py:151} INFO - [2026-05-03T10:04:36.339+0000] {dagbag.py:539} INFO - Filling up the DagBag from /opt/airflow/dags/setup_retail_pipeline.py
[2026-05-03T10:04:36.361+0000] {processor.py:839} INFO - DAG(s) dict_keys(['setup_retail_pipeline']) retrieved from /opt/airflow/dags/setup_retail_pipeline.py
[2026-05-03T10:04:36.394+0000] {logging_mixin.py:151} INFO - [2026-05-03T10:04:36.394+0000] {dag.py:2915} INFO - Sync 1 DAGs
[2026-05-03T10:04:36.411+0000] {logging_mixin.py:151} INFO - [2026-05-03T10:04:36.411+0000] {dag.py:3696} INFO - Setting next_dagrun for setup_retail_pipeline to 2026-05-03T10:00:00+00:00, run_after=2026-05-03T11:00:00+00:00
[2026-05-03T10:04:36.418+0000] {processor.py:179} INFO - Processing /opt/airflow/dags/setup_retail_pipeline.py took 0.089 seconds
[2026-05-03T10:05:06.634+0000] {processor.py:157} INFO - Started process (PID=928) to work on /opt/airflow/dags/setup_retail_pipeline.py
[2026-05-03T10:05:06.635+0000] {processor.py:829} INFO - Processing file /opt/airflow/dags/setup_retail_pipeline.py for tasks to queue
[2026-05-03T10:05:06.636+0000] {logging_mixin.py:151} INFO - [2026-05-03T10:05:06.636+0000] {dagbag.py:539} INFO - Filling up the DagBag from /opt/airflow/dags/setup_retail_pipeline.py
[2026-05-03T10:05:06.651+0000] {processor.py:839} INFO - DAG(s) dict_keys(['setup_retail_pipeline']) retrieved from /opt/airflow/dags/setup_retail_pipeline.py
[2026-05-03T10:05:06.675+0000] {logging_mixin.py:151} INFO - [2026-05-03T10:05:06.675+0000] {dag.py:2915} INFO - Sync 1 DAGs
[2026-05-03T10:05:06.685+0000] {logging_mixin.py:151} INFO - [2026-05-03T10:05:06.685+0000] {dag.py:3696} INFO - Setting next_dagrun for setup_retail_pipeline to 2026-05-03T10:00:00+00:00, run_after=2026-05-03T11:00:00+00:00
[2026-05-03T10:05:06.691+0000] {processor.py:179} INFO - Processing /opt/airflow/dags/setup_retail_pipeline.py took 0.062 seconds
[2026-05-03T10:05:36.908+0000] {processor.py:157} INFO - Started process (PID=938) to work on /opt/airflow/dags/setup_retail_pipeline.py
[2026-05-03T10:05:36.909+0000] {processor.py:829} INFO - Processing file /opt/airflow/dags/setup_retail_pipeline.py for tasks to queue
[2026-05-03T10:05:36.911+0000] {logging_mixin.py:151} INFO - [2026-05-03T10:05:36.911+0000] {dagbag.py:539} INFO - Filling up the DagBag from /opt/airflow/dags/setup_retail_pipeline.py
[2026-05-03T10:05:36.930+0000] {processor.py:839} INFO - DAG(s) dict_keys(['setup_retail_pipeline']) retrieved from /opt/airflow/dags/setup_retail_pipeline.py
[2026-05-03T10:05:36.964+0000] {logging_mixin.py:151} INFO - [2026-05-03T10:05:36.963+0000] {dag.py:2915} INFO - Sync 1 DAGs
[2026-05-03T10:05:36.977+0000] {logging_mixin.py:151} INFO - [2026-05-03T10:05:36.977+0000] {dag.py:3696} INFO - Setting next_dagrun for setup_retail_pipeline to 2026-05-03T10:00:00+00:00, run_after=2026-05-03T11:00:00+00:00
[2026-05-03T10:05:36.988+0000] {processor.py:179} INFO - Processing /opt/airflow/dags/setup_retail_pipeline.py took 0.086 seconds
[2026-05-03T10:06:07.239+0000] {processor.py:157} INFO - Started process (PID=948) to work on /opt/airflow/dags/setup_retail_pipeline.py
[2026-05-03T10:06:07.243+0000] {processor.py:829} INFO - Processing file /opt/airflow/dags/setup_retail_pipeline.py for tasks to queue
[2026-05-03T10:06:07.246+0000] {logging_mixin.py:151} INFO - [2026-05-03T10:06:07.246+0000] {dagbag.py:539} INFO - Filling up the DagBag from /opt/airflow/dags/setup_retail_pipeline.py
[2026-05-03T10:06:07.265+0000] {processor.py:839} INFO - DAG(s) dict_keys(['setup_retail_pipeline']) retrieved from /opt/airflow/dags/setup_retail_pipeline.py
[2026-05-03T10:06:07.297+0000] {logging_mixin.py:151} INFO - [2026-05-03T10:06:07.297+0000] {dag.py:2915} INFO - Sync 1 DAGs
[2026-05-03T10:06:07.314+0000] {logging_mixin.py:151} INFO - [2026-05-03T10:06:07.314+0000] {dag.py:3696} INFO - Setting next_dagrun for setup_retail_pipeline to 2026-05-03T10:00:00+00:00, run_after=2026-05-03T11:00:00+00:00
[2026-05-03T10:06:07.321+0000] {processor.py:179} INFO - Processing /opt/airflow/dags/setup_retail_pipeline.py took 0.092 seconds
[2026-05-03T10:06:37.547+0000] {processor.py:157} INFO - Started process (PID=958) to work on /opt/airflow/dags/setup_retail_pipeline.py
[2026-05-03T10:06:37.549+0000] {processor.py:829} INFO - Processing file /opt/airflow/dags/setup_retail_pipeline.py for tasks to queue
[2026-05-03T10:06:37.550+0000] {logging_mixin.py:151} INFO - [2026-05-03T10:06:37.550+0000] {dagbag.py:539} INFO - Filling up the DagBag from /opt/airflow/dags/setup_retail_pipeline.py
[2026-05-03T10:06:37.569+0000] {processor.py:839} INFO - DAG(s) dict_keys(['setup_retail_pipeline']) retrieved from /opt/airflow/dags/setup_retail_pipeline.py
[2026-05-03T10:06:37.592+0000] {logging_mixin.py:151} INFO - [2026-05-03T10:06:37.592+0000] {dag.py:2915} INFO - Sync 1 DAGs
[2026-05-03T10:06:37.603+0000] {logging_mixin.py:151} INFO - [2026-05-03T10:06:37.603+0000] {dag.py:3696} INFO - Setting next_dagrun for setup_retail_pipeline to 2026-05-03T10:00:00+00:00, run_after=2026-05-03T11:00:00+00:00
[2026-05-03T10:06:37.611+0000] {processor.py:179} INFO - Processing /opt/airflow/dags/setup_retail_pipeline.py took 0.072 seconds
[2026-05-03T10:07:07.808+0000] {processor.py:157} INFO - Started process (PID=968) to work on /opt/airflow/dags/setup_retail_pipeline.py
[2026-05-03T10:07:07.809+0000] {processor.py:829} INFO - Processing file /opt/airflow/dags/setup_retail_pipeline.py for tasks to queue
[2026-05-03T10:07:07.811+0000] {logging_mixin.py:151} INFO - [2026-05-03T10:07:07.810+0000] {dagbag.py:539} INFO - Filling up the DagBag from /opt/airflow/dags/setup_retail_pipeline.py
[2026-05-03T10:07:07.830+0000] {processor.py:839} INFO - DAG(s) dict_keys(['setup_retail_pipeline']) retrieved from /opt/airflow/dags/setup_retail_pipeline.py
[2026-05-03T10:07:07.849+0000] {logging_mixin.py:151} INFO - [2026-05-03T10:07:07.849+0000] {dag.py:2915} INFO - Sync 1 DAGs
[2026-05-03T10:07:07.858+0000] {logging_mixin.py:151} INFO - [2026-05-03T10:07:07.858+0000] {dag.py:3696} INFO - Setting next_dagrun for setup_retail_pipeline to 2026-05-03T10:00:00+00:00, run_after=2026-05-03T11:00:00+00:00
[2026-05-03T10:07:07.863+0000] {processor.py:179} INFO - Processing /opt/airflow/dags/setup_retail_pipeline.py took 0.059 seconds
[2026-05-03T10:07:38.095+0000] {processor.py:157} INFO - Started process (PID=978) to work on /opt/airflow/dags/setup_retail_pipeline.py
[2026-05-03T10:07:38.097+0000] {processor.py:829} INFO - Processing file /opt/airflow/dags/setup_retail_pipeline.py for tasks to queue
[2026-05-03T10:07:38.098+0000] {logging_mixin.py:151} INFO - [2026-05-03T10:07:38.097+0000] {dagbag.py:539} INFO - Filling up the DagBag from /opt/airflow/dags/setup_retail_pipeline.py
[2026-05-03T10:07:38.110+0000] {processor.py:839} INFO - DAG(s) dict_keys(['setup_retail_pipeline']) retrieved from /opt/airflow/dags/setup_retail_pipeline.py
[2026-05-03T10:07:38.127+0000] {logging_mixin.py:151} INFO - [2026-05-03T10:07:38.127+0000] {dag.py:2915} INFO - Sync 1 DAGs
[2026-05-03T10:07:38.136+0000] {logging_mixin.py:151} INFO - [2026-05-03T10:07:38.136+0000] {dag.py:3696} INFO - Setting next_dagrun for setup_retail_pipeline to 2026-05-03T10:00:00+00:00, run_after=2026-05-03T11:00:00+00:00
[2026-05-03T10:07:38.142+0000] {processor.py:179} INFO - Processing /opt/airflow/dags/setup_retail_pipeline.py took 0.052 seconds
[2026-05-03T10:08:08.368+0000] {processor.py:157} INFO - Started process (PID=988) to work on /opt/airflow/dags/setup_retail_pipeline.py
[2026-05-03T10:08:08.370+0000] {processor.py:829} INFO - Processing file /opt/airflow/dags/setup_retail_pipeline.py for tasks to queue
[2026-05-03T10:08:08.372+0000] {logging_mixin.py:151} INFO - [2026-05-03T10:08:08.371+0000] {dagbag.py:539} INFO - Filling up the DagBag from /opt/airflow/dags/setup_retail_pipeline.py
[2026-05-03T10:08:08.386+0000] {processor.py:839} INFO - DAG(s) dict_keys(['setup_retail_pipeline']) retrieved from /opt/airflow/dags/setup_retail_pipeline.py
[2026-05-03T10:08:08.404+0000] {logging_mixin.py:151} INFO - [2026-05-03T10:08:08.404+0000] {dag.py:2915} INFO - Sync 1 DAGs
[2026-05-03T10:08:08.415+0000] {logging_mixin.py:151} INFO - [2026-05-03T10:08:08.415+0000] {dag.py:3696} INFO - Setting next_dagrun for setup_retail_pipeline to 2026-05-03T10:00:00+00:00, run_after=2026-05-03T11:00:00+00:00
[2026-05-03T10:08:08.421+0000] {processor.py:179} INFO - Processing /opt/airflow/dags/setup_retail_pipeline.py took 0.057 seconds
[2026-05-03T10:08:38.698+0000] {processor.py:157} INFO - Started process (PID=998) to work on /opt/airflow/dags/setup_retail_pipeline.py
[2026-05-03T10:08:38.699+0000] {processor.py:829} INFO - Processing file /opt/airflow/dags/setup_retail_pipeline.py for tasks to queue
[2026-05-03T10:08:38.700+0000] {logging_mixin.py:151} INFO - [2026-05-03T10:08:38.700+0000] {dagbag.py:539} INFO - Filling up the DagBag from /opt/airflow/dags/setup_retail_pipeline.py
[2026-05-03T10:08:38.718+0000] {processor.py:839} INFO - DAG(s) dict_keys(['setup_retail_pipeline']) retrieved from /opt/airflow/dags/setup_retail_pipeline.py
[2026-05-03T10:08:38.749+0000] {logging_mixin.py:151} INFO - [2026-05-03T10:08:38.749+0000] {dag.py:2915} INFO - Sync 1 DAGs
[2026-05-03T10:08:38.768+0000] {logging_mixin.py:151} INFO - [2026-05-03T10:08:38.768+0000] {dag.py:3696} INFO - Setting next_dagrun for setup_retail_pipeline to 2026-05-03T10:00:00+00:00, run_after=2026-05-03T11:00:00+00:00
[2026-05-03T10:08:38.774+0000] {processor.py:179} INFO - Processing /opt/airflow/dags/setup_retail_pipeline.py took 0.084 seconds
[2026-05-03T10:09:08.947+0000] {processor.py:157} INFO - Started process (PID=1008) to work on /opt/airflow/dags/setup_retail_pipeline.py
[2026-05-03T10:09:08.949+0000] {processor.py:829} INFO - Processing file /opt/airflow/dags/setup_retail_pipeline.py for tasks to queue
[2026-05-03T10:09:08.950+0000] {logging_mixin.py:151} INFO - [2026-05-03T10:09:08.949+0000] {dagbag.py:539} INFO - Filling up the DagBag from /opt/airflow/dags/setup_retail_pipeline.py
[2026-05-03T10:09:08.964+0000] {processor.py:839} INFO - DAG(s) dict_keys(['setup_retail_pipeline']) retrieved from /opt/airflow/dags/setup_retail_pipeline.py
[2026-05-03T10:09:08.987+0000] {logging_mixin.py:151} INFO - [2026-05-03T10:09:08.987+0000] {dag.py:2915} INFO - Sync 1 DAGs
[2026-05-03T10:09:08.997+0000] {logging_mixin.py:151} INFO - [2026-05-03T10:09:08.997+0000] {dag.py:3696} INFO - Setting next_dagrun for setup_retail_pipeline to 2026-05-03T10:00:00+00:00, run_after=2026-05-03T11:00:00+00:00
[2026-05-03T10:09:09.004+0000] {processor.py:179} INFO - Processing /opt/airflow/dags/setup_retail_pipeline.py took 0.063 seconds
[2026-05-03T10:09:39.306+0000] {processor.py:157} INFO - Started process (PID=1018) to work on /opt/airflow/dags/setup_retail_pipeline.py
[2026-05-03T10:09:39.308+0000] {processor.py:829} INFO - Processing file /opt/airflow/dags/setup_retail_pipeline.py for tasks to queue
[2026-05-03T10:09:39.310+0000] {logging_mixin.py:151} INFO - [2026-05-03T10:09:39.310+0000] {dagbag.py:539} INFO - Filling up the DagBag from /opt/airflow/dags/setup_retail_pipeline.py
[2026-05-03T10:09:39.324+0000] {processor.py:839} INFO - DAG(s) dict_keys(['setup_retail_pipeline']) retrieved from /opt/airflow/dags/setup_retail_pipeline.py
[2026-05-03T10:09:39.340+0000] {logging_mixin.py:151} INFO - [2026-05-03T10:09:39.340+0000] {dag.py:2915} INFO - Sync 1 DAGs
[2026-05-03T10:09:39.350+0000] {logging_mixin.py:151} INFO - [2026-05-03T10:09:39.350+0000] {dag.py:3696} INFO - Setting next_dagrun for setup_retail_pipeline to 2026-05-03T10:00:00+00:00, run_after=2026-05-03T11:00:00+00:00
[2026-05-03T10:09:39.356+0000] {processor.py:179} INFO - Processing /opt/airflow/dags/setup_retail_pipeline.py took 0.058 seconds
[2026-05-03T10:10:09.652+0000] {processor.py:157} INFO - Started process (PID=1028) to work on /opt/airflow/dags/setup_retail_pipeline.py
[2026-05-03T10:10:09.653+0000] {processor.py:829} INFO - Processing file /opt/airflow/dags/setup_retail_pipeline.py for tasks to queue
[2026-05-03T10:10:09.656+0000] {logging_mixin.py:151} INFO - [2026-05-03T10:10:09.655+0000] {dagbag.py:539} INFO - Filling up the DagBag from /opt/airflow/dags/setup_retail_pipeline.py
[2026-05-03T10:10:09.678+0000] {processor.py:839} INFO - DAG(s) dict_keys(['setup_retail_pipeline']) retrieved from /opt/airflow/dags/setup_retail_pipeline.py
[2026-05-03T10:10:09.710+0000] {logging_mixin.py:151} INFO - [2026-05-03T10:10:09.710+0000] {dag.py:2915} INFO - Sync 1 DAGs
[2026-05-03T10:10:09.725+0000] {logging_mixin.py:151} INFO - [2026-05-03T10:10:09.725+0000] {dag.py:3696} INFO - Setting next_dagrun for setup_retail_pipeline to 2026-05-03T10:00:00+00:00, run_after=2026-05-03T11:00:00+00:00
[2026-05-03T10:10:09.732+0000] {processor.py:179} INFO - Processing /opt/airflow/dags/setup_retail_pipeline.py took 0.092 seconds
[2026-05-03T10:10:39.966+0000] {processor.py:157} INFO - Started process (PID=1038) to work on /opt/airflow/dags/setup_retail_pipeline.py
[2026-05-03T10:10:39.968+0000] {processor.py:829} INFO - Processing file /opt/airflow/dags/setup_retail_pipeline.py for tasks to queue
[2026-05-03T10:10:39.969+0000] {logging_mixin.py:151} INFO - [2026-05-03T10:10:39.969+0000] {dagbag.py:539} INFO - Filling up the DagBag from /opt/airflow/dags/setup_retail_pipeline.py
[2026-05-03T10:10:39.987+0000] {processor.py:839} INFO - DAG(s) dict_keys(['setup_retail_pipeline']) retrieved from /opt/airflow/dags/setup_retail_pipeline.py
[2026-05-03T10:10:40.015+0000] {logging_mixin.py:151} INFO - [2026-05-03T10:10:40.015+0000] {dag.py:2915} INFO - Sync 1 DAGs
[2026-05-03T10:10:40.025+0000] {logging_mixin.py:151} INFO - [2026-05-03T10:10:40.025+0000] {dag.py:3696} INFO - Setting next_dagrun for setup_retail_pipeline to 2026-05-03T10:00:00+00:00, run_after=2026-05-03T11:00:00+00:00
[2026-05-03T10:10:40.032+0000] {processor.py:179} INFO - Processing /opt/airflow/dags/setup_retail_pipeline.py took 0.076 seconds
[2026-05-03T10:11:10.267+0000] {processor.py:157} INFO - Started process (PID=1048) to work on /opt/airflow/dags/setup_retail_pipeline.py
[2026-05-03T10:11:10.268+0000] {processor.py:829} INFO - Processing file /opt/airflow/dags/setup_retail_pipeline.py for tasks to queue
[2026-05-03T10:11:10.270+0000] {logging_mixin.py:151} INFO - [2026-05-03T10:11:10.269+0000] {dagbag.py:539} INFO - Filling up the DagBag from /opt/airflow/dags/setup_retail_pipeline.py
[2026-05-03T10:11:10.288+0000] {processor.py:839} INFO - DAG(s) dict_keys(['setup_retail_pipeline']) retrieved from /opt/airflow/dags/setup_retail_pipeline.py
[2026-05-03T10:11:10.309+0000] {logging_mixin.py:151} INFO - [2026-05-03T10:11:10.309+0000] {dag.py:2915} INFO - Sync 1 DAGs
[2026-05-03T10:11:10.321+0000] {logging_mixin.py:151} INFO - [2026-05-03T10:11:10.321+0000] {dag.py:3696} INFO - Setting next_dagrun for setup_retail_pipeline to 2026-05-03T10:00:00+00:00, run_after=2026-05-03T11:00:00+00:00
[2026-05-03T10:11:10.328+0000] {processor.py:179} INFO - Processing /opt/airflow/dags/setup_retail_pipeline.py took 0.067 seconds
[2026-05-03T10:11:40.560+0000] {processor.py:157} INFO - Started process (PID=1058) to work on /opt/airflow/dags/setup_retail_pipeline.py
[2026-05-03T10:11:40.560+0000] {processor.py:829} INFO - Processing file /opt/airflow/dags/setup_retail_pipeline.py for tasks to queue
[2026-05-03T10:11:40.561+0000] {logging_mixin.py:151} INFO - [2026-05-03T10:11:40.561+0000] {dagbag.py:539} INFO - Filling up the DagBag from /opt/airflow/dags/setup_retail_pipeline.py
[2026-05-03T10:11:40.576+0000] {processor.py:839} INFO - DAG(s) dict_keys(['setup_retail_pipeline']) retrieved from /opt/airflow/dags/setup_retail_pipeline.py
[2026-05-03T10:11:40.598+0000] {logging_mixin.py:151} INFO - [2026-05-03T10:11:40.598+0000] {dag.py:2915} INFO - Sync 1 DAGs
[2026-05-03T10:11:40.617+0000] {logging_mixin.py:151} INFO - [2026-05-03T10:11:40.616+0000] {dag.py:3696} INFO - Setting next_dagrun for setup_retail_pipeline to 2026-05-03T10:00:00+00:00, run_after=2026-05-03T11:00:00+00:00
[2026-05-03T10:11:40.628+0000] {processor.py:179} INFO - Processing /opt/airflow/dags/setup_retail_pipeline.py took 0.074 seconds
[2026-05-03T10:12:10.826+0000] {processor.py:157} INFO - Started process (PID=1068) to work on /opt/airflow/dags/setup_retail_pipeline.py
[2026-05-03T10:12:10.827+0000] {processor.py:829} INFO - Processing file /opt/airflow/dags/setup_retail_pipeline.py for tasks to queue
[2026-05-03T10:12:10.829+0000] {logging_mixin.py:151} INFO - [2026-05-03T10:12:10.828+0000] {dagbag.py:539} INFO - Filling up the DagBag from /opt/airflow/dags/setup_retail_pipeline.py
[2026-05-03T10:12:10.849+0000] {processor.py:839} INFO - DAG(s) dict_keys(['setup_retail_pipeline']) retrieved from /opt/airflow/dags/setup_retail_pipeline.py
[2026-05-03T10:12:10.876+0000] {logging_mixin.py:151} INFO - [2026-05-03T10:12:10.876+0000] {dag.py:2915} INFO - Sync 1 DAGs
[2026-05-03T10:12:10.893+0000] {logging_mixin.py:151} INFO - [2026-05-03T10:12:10.893+0000] {dag.py:3696} INFO - Setting next_dagrun for setup_retail_pipeline to 2026-05-03T10:00:00+00:00, run_after=2026-05-03T11:00:00+00:00
[2026-05-03T10:12:10.902+0000] {processor.py:179} INFO - Processing /opt/airflow/dags/setup_retail_pipeline.py took 0.086 seconds
[2026-05-03T10:12:41.057+0000] {processor.py:157} INFO - Started process (PID=1078) to work on /opt/airflow/dags/setup_retail_pipeline.py
[2026-05-03T10:12:41.059+0000] {processor.py:829} INFO - Processing file /opt/airflow/dags/setup_retail_pipeline.py for tasks to queue
[2026-05-03T10:12:41.060+0000] {logging_mixin.py:151} INFO - [2026-05-03T10:12:41.059+0000] {dagbag.py:539} INFO - Filling up the DagBag from /opt/airflow/dags/setup_retail_pipeline.py
[2026-05-03T10:12:41.073+0000] {processor.py:839} INFO - DAG(s) dict_keys(['setup_retail_pipeline']) retrieved from /opt/airflow/dags/setup_retail_pipeline.py
[2026-05-03T10:12:41.094+0000] {logging_mixin.py:151} INFO - [2026-05-03T10:12:41.094+0000] {dag.py:2915} INFO - Sync 1 DAGs
[2026-05-03T10:12:41.104+0000] {logging_mixin.py:151} INFO - [2026-05-03T10:12:41.104+0000] {dag.py:3696} INFO - Setting next_dagrun for setup_retail_pipeline to 2026-05-03T10:00:00+00:00, run_after=2026-05-03T11:00:00+00:00
[2026-05-03T10:12:41.111+0000] {processor.py:179} INFO - Processing /opt/airflow/dags/setup_retail_pipeline.py took 0.060 seconds
[2026-05-03T10:13:11.375+0000] {processor.py:157} INFO - Started process (PID=1088) to work on /opt/airflow/dags/setup_retail_pipeline.py
[2026-05-03T10:13:11.377+0000] {processor.py:829} INFO - Processing file /opt/airflow/dags/setup_retail_pipeline.py for tasks to queue
[2026-05-03T10:13:11.378+0000] {logging_mixin.py:151} INFO - [2026-05-03T10:13:11.377+0000] {dagbag.py:539} INFO - Filling up the DagBag from /opt/airflow/dags/setup_retail_pipeline.py
[2026-05-03T10:13:11.395+0000] {processor.py:839} INFO - DAG(s) dict_keys(['setup_retail_pipeline']) retrieved from /opt/airflow/dags/setup_retail_pipeline.py
[2026-05-03T10:13:11.417+0000] {logging_mixin.py:151} INFO - [2026-05-03T10:13:11.417+0000] {dag.py:2915} INFO - Sync 1 DAGs
[2026-05-03T10:13:11.428+0000] {logging_mixin.py:151} INFO - [2026-05-03T10:13:11.428+0000] {dag.py:3696} INFO - Setting next_dagrun for setup_retail_pipeline to 2026-05-03T10:00:00+00:00, run_after=2026-05-03T11:00:00+00:00
[2026-05-03T10:13:11.434+0000] {processor.py:179} INFO - Processing /opt/airflow/dags/setup_retail_pipeline.py took 0.064 seconds
[2026-05-03T10:13:41.634+0000] {processor.py:157} INFO - Started process (PID=1098) to work on /opt/airflow/dags/setup_retail_pipeline.py
[2026-05-03T10:13:41.635+0000] {processor.py:829} INFO - Processing file /opt/airflow/dags/setup_retail_pipeline.py for tasks to queue
[2026-05-03T10:13:41.636+0000] {logging_mixin.py:151} INFO - [2026-05-03T10:13:41.635+0000] {dagbag.py:539} INFO - Filling up the DagBag from /opt/airflow/dags/setup_retail_pipeline.py
[2026-05-03T10:13:41.657+0000] {processor.py:839} INFO - DAG(s) dict_keys(['setup_retail_pipeline']) retrieved from /opt/airflow/dags/setup_retail_pipeline.py
[2026-05-03T10:13:41.680+0000] {logging_mixin.py:151} INFO - [2026-05-03T10:13:41.680+0000] {dag.py:2915} INFO - Sync 1 DAGs
[2026-05-03T10:13:41.692+0000] {logging_mixin.py:151} INFO - [2026-05-03T10:13:41.692+0000] {dag.py:3696} INFO - Setting next_dagrun for setup_retail_pipeline to 2026-05-03T10:00:00+00:00, run_after=2026-05-03T11:00:00+00:00
[2026-05-03T10:13:41.699+0000] {processor.py:179} INFO - Processing /opt/airflow/dags/setup_retail_pipeline.py took 0.070 seconds
[2026-05-03T10:14:11.909+0000] {processor.py:157} INFO - Started process (PID=1108) to work on /opt/airflow/dags/setup_retail_pipeline.py
[2026-05-03T10:14:11.911+0000] {processor.py:829} INFO - Processing file /opt/airflow/dags/setup_retail_pipeline.py for tasks to queue
[2026-05-03T10:14:11.912+0000] {logging_mixin.py:151} INFO - [2026-05-03T10:14:11.911+0000] {dagbag.py:539} INFO - Filling up the DagBag from /opt/airflow/dags/setup_retail_pipeline.py
[2026-05-03T10:14:11.929+0000] {processor.py:839} INFO - DAG(s) dict_keys(['setup_retail_pipeline']) retrieved from /opt/airflow/dags/setup_retail_pipeline.py
[2026-05-03T10:14:11.950+0000] {logging_mixin.py:151} INFO - [2026-05-03T10:14:11.950+0000] {dag.py:2915} INFO - Sync 1 DAGs
[2026-05-03T10:14:11.962+0000] {logging_mixin.py:151} INFO - [2026-05-03T10:14:11.962+0000] {dag.py:3696} INFO - Setting next_dagrun for setup_retail_pipeline to 2026-05-03T10:00:00+00:00, run_after=2026-05-03T11:00:00+00:00
[2026-05-03T10:14:11.970+0000] {processor.py:179} INFO - Processing /opt/airflow/dags/setup_retail_pipeline.py took 0.067 seconds
[2026-05-03T10:14:42.157+0000] {processor.py:157} INFO - Started process (PID=1118) to work on /opt/airflow/dags/setup_retail_pipeline.py
[2026-05-03T10:14:42.158+0000] {processor.py:829} INFO - Processing file /opt/airflow/dags/setup_retail_pipeline.py for tasks to queue
[2026-05-03T10:14:42.160+0000] {logging_mixin.py:151} INFO - [2026-05-03T10:14:42.159+0000] {dagbag.py:539} INFO - Filling up the DagBag from /opt/airflow/dags/setup_retail_pipeline.py
[2026-05-03T10:14:42.178+0000] {processor.py:839} INFO - DAG(s) dict_keys(['setup_retail_pipeline']) retrieved from /opt/airflow/dags/setup_retail_pipeline.py
[2026-05-03T10:14:42.198+0000] {logging_mixin.py:151} INFO - [2026-05-03T10:14:42.198+0000] {dag.py:2915} INFO - Sync 1 DAGs
[2026-05-03T10:14:42.209+0000] {logging_mixin.py:151} INFO - [2026-05-03T10:14:42.209+0000] {dag.py:3696} INFO - Setting next_dagrun for setup_retail_pipeline to 2026-05-03T10:00:00+00:00, run_after=2026-05-03T11:00:00+00:00
[2026-05-03T10:14:42.217+0000] {processor.py:179} INFO - Processing /opt/airflow/dags/setup_retail_pipeline.py took 0.066 seconds
[2026-05-03T10:15:12.405+0000] {processor.py:157} INFO - Started process (PID=1128) to work on /opt/airflow/dags/setup_retail_pipeline.py
[2026-05-03T10:15:12.406+0000] {processor.py:829} INFO - Processing file /opt/airflow/dags/setup_retail_pipeline.py for tasks to queue
[2026-05-03T10:15:12.407+0000] {logging_mixin.py:151} INFO - [2026-05-03T10:15:12.407+0000] {dagbag.py:539} INFO - Filling up the DagBag from /opt/airflow/dags/setup_retail_pipeline.py
[2026-05-03T10:15:12.423+0000] {processor.py:839} INFO - DAG(s) dict_keys(['setup_retail_pipeline']) retrieved from /opt/airflow/dags/setup_retail_pipeline.py
[2026-05-03T10:15:12.441+0000] {logging_mixin.py:151} INFO - [2026-05-03T10:15:12.441+0000] {dag.py:2915} INFO - Sync 1 DAGs
[2026-05-03T10:15:12.452+0000] {logging_mixin.py:151} INFO - [2026-05-03T10:15:12.452+0000] {dag.py:3696} INFO - Setting next_dagrun for setup_retail_pipeline to 2026-05-03T10:00:00+00:00, run_after=2026-05-03T11:00:00+00:00
[2026-05-03T10:15:12.458+0000] {processor.py:179} INFO - Processing /opt/airflow/dags/setup_retail_pipeline.py took 0.057 seconds
[2026-05-03T10:15:42.697+0000] {processor.py:157} INFO - Started process (PID=1138) to work on /opt/airflow/dags/setup_retail_pipeline.py
[2026-05-03T10:15:42.698+0000] {processor.py:829} INFO - Processing file /opt/airflow/dags/setup_retail_pipeline.py for tasks to queue
[2026-05-03T10:15:42.700+0000] {logging_mixin.py:151} INFO - [2026-05-03T10:15:42.699+0000] {dagbag.py:539} INFO - Filling up the DagBag from /opt/airflow/dags/setup_retail_pipeline.py
[2026-05-03T10:15:42.717+0000] {processor.py:839} INFO - DAG(s) dict_keys(['setup_retail_pipeline']) retrieved from /opt/airflow/dags/setup_retail_pipeline.py
[2026-05-03T10:15:42.746+0000] {logging_mixin.py:151} INFO - [2026-05-03T10:15:42.746+0000] {dag.py:2915} INFO - Sync 1 DAGs
[2026-05-03T10:15:42.762+0000] {logging_mixin.py:151} INFO - [2026-05-03T10:15:42.762+0000] {dag.py:3696} INFO - Setting next_dagrun for setup_retail_pipeline to 2026-05-03T10:00:00+00:00, run_after=2026-05-03T11:00:00+00:00
[2026-05-03T10:15:42.770+0000] {processor.py:179} INFO - Processing /opt/airflow/dags/setup_retail_pipeline.py took 0.084 seconds
[2026-05-03T10:16:12.938+0000] {processor.py:157} INFO - Started process (PID=1148) to work on /opt/airflow/dags/setup_retail_pipeline.py
[2026-05-03T10:16:12.939+0000] {processor.py:829} INFO - Processing file /opt/airflow/dags/setup_retail_pipeline.py for tasks to queue
[2026-05-03T10:16:12.940+0000] {logging_mixin.py:151} INFO - [2026-05-03T10:16:12.940+0000] {dagbag.py:539} INFO - Filling up the DagBag from /opt/airflow/dags/setup_retail_pipeline.py
[2026-05-03T10:16:12.952+0000] {processor.py:839} INFO - DAG(s) dict_keys(['setup_retail_pipeline']) retrieved from /opt/airflow/dags/setup_retail_pipeline.py
[2026-05-03T10:16:12.975+0000] {logging_mixin.py:151} INFO - [2026-05-03T10:16:12.975+0000] {dag.py:2915} INFO - Sync 1 DAGs
[2026-05-03T10:16:12.987+0000] {logging_mixin.py:151} INFO - [2026-05-03T10:16:12.987+0000] {dag.py:3696} INFO - Setting next_dagrun for setup_retail_pipeline to 2026-05-03T10:00:00+00:00, run_after=2026-05-03T11:00:00+00:00
[2026-05-03T10:16:12.993+0000] {processor.py:179} INFO - Processing /opt/airflow/dags/setup_retail_pipeline.py took 0.058 seconds
[2026-05-03T10:16:43.221+0000] {processor.py:157} INFO - Started process (PID=1158) to work on /opt/airflow/dags/setup_retail_pipeline.py
[2026-05-03T10:16:43.222+0000] {processor.py:829} INFO - Processing file /opt/airflow/dags/setup_retail_pipeline.py for tasks to queue
[2026-05-03T10:16:43.223+0000] {logging_mixin.py:151} INFO - [2026-05-03T10:16:43.223+0000] {dagbag.py:539} INFO - Filling up the DagBag from /opt/airflow/dags/setup_retail_pipeline.py
[2026-05-03T10:16:43.240+0000] {processor.py:839} INFO - DAG(s) dict_keys(['setup_retail_pipeline']) retrieved from /opt/airflow/dags/setup_retail_pipeline.py
[2026-05-03T10:16:43.260+0000] {logging_mixin.py:151} INFO - [2026-05-03T10:16:43.260+0000] {dag.py:2915} INFO - Sync 1 DAGs
[2026-05-03T10:16:43.271+0000] {logging_mixin.py:151} INFO - [2026-05-03T10:16:43.271+0000] {dag.py:3696} INFO - Setting next_dagrun for setup_retail_pipeline to 2026-05-03T10:00:00+00:00, run_after=2026-05-03T11:00:00+00:00
[2026-05-03T10:16:43.279+0000] {processor.py:179} INFO - Processing /opt/airflow/dags/setup_retail_pipeline.py took 0.064 seconds
[2026-05-03T10:17:13.517+0000] {processor.py:157} INFO - Started process (PID=1168) to work on /opt/airflow/dags/setup_retail_pipeline.py
[2026-05-03T10:17:13.520+0000] {processor.py:829} INFO - Processing file /opt/airflow/dags/setup_retail_pipeline.py for tasks to queue
[2026-05-03T10:17:13.521+0000] {logging_mixin.py:151} INFO - [2026-05-03T10:17:13.521+0000] {dagbag.py:539} INFO - Filling up the DagBag from /opt/airflow/dags/setup_retail_pipeline.py
[2026-05-03T10:17:13.547+0000] {processor.py:839} INFO - DAG(s) dict_keys(['setup_retail_pipeline']) retrieved from /opt/airflow/dags/setup_retail_pipeline.py
[2026-05-03T10:17:13.571+0000] {logging_mixin.py:151} INFO - [2026-05-03T10:17:13.571+0000] {dag.py:2915} INFO - Sync 1 DAGs
[2026-05-03T10:17:13.585+0000] {logging_mixin.py:151} INFO - [2026-05-03T10:17:13.584+0000] {dag.py:3696} INFO - Setting next_dagrun for setup_retail_pipeline to 2026-05-03T10:00:00+00:00, run_after=2026-05-03T11:00:00+00:00
[2026-05-03T10:17:13.591+0000] {processor.py:179} INFO - Processing /opt/airflow/dags/setup_retail_pipeline.py took 0.080 seconds
[2026-05-03T10:17:43.817+0000] {processor.py:157} INFO - Started process (PID=1178) to work on /opt/airflow/dags/setup_retail_pipeline.py
[2026-05-03T10:17:43.824+0000] {processor.py:829} INFO - Processing file /opt/airflow/dags/setup_retail_pipeline.py for tasks to queue
[2026-05-03T10:17:43.826+0000] {logging_mixin.py:151} INFO - [2026-05-03T10:17:43.826+0000] {dagbag.py:539} INFO - Filling up the DagBag from /opt/airflow/dags/setup_retail_pipeline.py
[2026-05-03T10:17:43.837+0000] {processor.py:839} INFO - DAG(s) dict_keys(['setup_retail_pipeline']) retrieved from /opt/airflow/dags/setup_retail_pipeline.py
[2026-05-03T10:17:43.864+0000] {logging_mixin.py:151} INFO - [2026-05-03T10:17:43.864+0000] {dag.py:2915} INFO - Sync 1 DAGs
[2026-05-03T10:17:43.878+0000] {logging_mixin.py:151} INFO - [2026-05-03T10:17:43.878+0000] {dag.py:3696} INFO - Setting next_dagrun for setup_retail_pipeline to 2026-05-03T10:00:00+00:00, run_after=2026-05-03T11:00:00+00:00
[2026-05-03T10:17:43.887+0000] {processor.py:179} INFO - Processing /opt/airflow/dags/setup_retail_pipeline.py took 0.078 seconds
[2026-05-03T10:18:14.118+0000] {processor.py:157} INFO - Started process (PID=1188) to work on /opt/airflow/dags/setup_retail_pipeline.py
[2026-05-03T10:18:14.120+0000] {processor.py:829} INFO - Processing file /opt/airflow/dags/setup_retail_pipeline.py for tasks to queue
[2026-05-03T10:18:14.121+0000] {logging_mixin.py:151} INFO - [2026-05-03T10:18:14.120+0000] {dagbag.py:539} INFO - Filling up the DagBag from /opt/airflow/dags/setup_retail_pipeline.py
[2026-05-03T10:18:14.141+0000] {processor.py:839} INFO - DAG(s) dict_keys(['setup_retail_pipeline']) retrieved from /opt/airflow/dags/setup_retail_pipeline.py
[2026-05-03T10:18:14.161+0000] {logging_mixin.py:151} INFO - [2026-05-03T10:18:14.161+0000] {dag.py:2915} INFO - Sync 1 DAGs
[2026-05-03T10:18:14.172+0000] {logging_mixin.py:151} INFO - [2026-05-03T10:18:14.172+0000] {dag.py:3696} INFO - Setting next_dagrun for setup_retail_pipeline to 2026-05-03T10:00:00+00:00, run_after=2026-05-03T11:00:00+00:00
[2026-05-03T10:18:14.181+0000] {processor.py:179} INFO - Processing /opt/airflow/dags/setup_retail_pipeline.py took 0.068 seconds
[2026-05-03T10:18:44.397+0000] {processor.py:157} INFO - Started process (PID=1198) to work on /opt/airflow/dags/setup_retail_pipeline.py
[2026-05-03T10:18:44.398+0000] {processor.py:829} INFO - Processing file /opt/airflow/dags/setup_retail_pipeline.py for tasks to queue
[2026-05-03T10:18:44.399+0000] {logging_mixin.py:151} INFO - [2026-05-03T10:18:44.399+0000] {dagbag.py:539} INFO - Filling up the DagBag from /opt/airflow/dags/setup_retail_pipeline.py
[2026-05-03T10:18:44.415+0000] {processor.py:839} INFO - DAG(s) dict_keys(['setup_retail_pipeline']) retrieved from /opt/airflow/dags/setup_retail_pipeline.py
[2026-05-03T10:18:44.436+0000] {logging_mixin.py:151} INFO - [2026-05-03T10:18:44.436+0000] {dag.py:2915} INFO - Sync 1 DAGs
[2026-05-03T10:18:44.446+0000] {logging_mixin.py:151} INFO - [2026-05-03T10:18:44.446+0000] {dag.py:3696} INFO - Setting next_dagrun for setup_retail_pipeline to 2026-05-03T10:00:00+00:00, run_after=2026-05-03T11:00:00+00:00
[2026-05-03T10:18:44.452+0000] {processor.py:179} INFO - Processing /opt/airflow/dags/setup_retail_pipeline.py took 0.059 seconds
[2026-05-03T10:19:14.681+0000] {processor.py:157} INFO - Started process (PID=1208) to work on /opt/airflow/dags/setup_retail_pipeline.py
[2026-05-03T10:19:14.682+0000] {processor.py:829} INFO - Processing file /opt/airflow/dags/setup_retail_pipeline.py for tasks to queue
[2026-05-03T10:19:14.684+0000] {logging_mixin.py:151} INFO - [2026-05-03T10:19:14.683+0000] {dagbag.py:539} INFO - Filling up the DagBag from /opt/airflow/dags/setup_retail_pipeline.py
[2026-05-03T10:19:14.699+0000] {processor.py:839} INFO - DAG(s) dict_keys(['setup_retail_pipeline']) retrieved from /opt/airflow/dags/setup_retail_pipeline.py
[2026-05-03T10:19:14.726+0000] {logging_mixin.py:151} INFO - [2026-05-03T10:19:14.726+0000] {dag.py:2915} INFO - Sync 1 DAGs
[2026-05-03T10:19:14.741+0000] {logging_mixin.py:151} INFO - [2026-05-03T10:19:14.741+0000] {dag.py:3696} INFO - Setting next_dagrun for setup_retail_pipeline to 2026-05-03T10:00:00+00:00, run_after=2026-05-03T11:00:00+00:00
[2026-05-03T10:19:14.749+0000] {processor.py:179} INFO - Processing /opt/airflow/dags/setup_retail_pipeline.py took 0.075 seconds
[2026-05-03T10:19:44.965+0000] {processor.py:157} INFO - Started process (PID=1218) to work on /opt/airflow/dags/setup_retail_pipeline.py
[2026-05-03T10:19:44.966+0000] {processor.py:829} INFO - Processing file /opt/airflow/dags/setup_retail_pipeline.py for tasks to queue
[2026-05-03T10:19:44.967+0000] {logging_mixin.py:151} INFO - [2026-05-03T10:19:44.967+0000] {dagbag.py:539} INFO - Filling up the DagBag from /opt/airflow/dags/setup_retail_pipeline.py
[2026-05-03T10:19:44.986+0000] {processor.py:839} INFO - DAG(s) dict_keys(['setup_retail_pipeline']) retrieved from /opt/airflow/dags/setup_retail_pipeline.py
[2026-05-03T10:19:45.011+0000] {logging_mixin.py:151} INFO - [2026-05-03T10:19:45.011+0000] {dag.py:2915} INFO - Sync 1 DAGs
[2026-05-03T10:19:45.032+0000] {logging_mixin.py:151} INFO - [2026-05-03T10:19:45.032+0000] {dag.py:3696} INFO - Setting next_dagrun for setup_retail_pipeline to 2026-05-03T10:00:00+00:00, run_after=2026-05-03T11:00:00+00:00
[2026-05-03T10:19:45.043+0000] {processor.py:179} INFO - Processing /opt/airflow/dags/setup_retail_pipeline.py took 0.083 seconds
[2026-05-03T10:20:15.267+0000] {processor.py:157} INFO - Started process (PID=1228) to work on /opt/airflow/dags/setup_retail_pipeline.py
[2026-05-03T10:20:15.268+0000] {processor.py:829} INFO - Processing file /opt/airflow/dags/setup_retail_pipeline.py for tasks to queue
[2026-05-03T10:20:15.269+0000] {logging_mixin.py:151} INFO - [2026-05-03T10:20:15.269+0000] {dagbag.py:539} INFO - Filling up the DagBag from /opt/airflow/dags/setup_retail_pipeline.py
[2026-05-03T10:20:15.287+0000] {processor.py:839} INFO - DAG(s) dict_keys(['setup_retail_pipeline']) retrieved from /opt/airflow/dags/setup_retail_pipeline.py
[2026-05-03T10:20:15.309+0000] {logging_mixin.py:151} INFO - [2026-05-03T10:20:15.309+0000] {dag.py:2915} INFO - Sync 1 DAGs
[2026-05-03T10:20:15.325+0000] {logging_mixin.py:151} INFO - [2026-05-03T10:20:15.325+0000] {dag.py:3696} INFO - Setting next_dagrun for setup_retail_pipeline to 2026-05-03T10:00:00+00:00, run_after=2026-05-03T11:00:00+00:00
[2026-05-03T10:20:15.332+0000] {processor.py:179} INFO - Processing /opt/airflow/dags/setup_retail_pipeline.py took 0.074 seconds
[2026-05-03T10:20:45.567+0000] {processor.py:157} INFO - Started process (PID=1238) to work on /opt/airflow/dags/setup_retail_pipeline.py
[2026-05-03T10:20:45.570+0000] {processor.py:829} INFO - Processing file /opt/airflow/dags/setup_retail_pipeline.py for tasks to queue
[2026-05-03T10:20:45.572+0000] {logging_mixin.py:151} INFO - [2026-05-03T10:20:45.571+0000] {dagbag.py:539} INFO - Filling up the DagBag from /opt/airflow/dags/setup_retail_pipeline.py
[2026-05-03T10:20:45.601+0000] {processor.py:839} INFO - DAG(s) dict_keys(['setup_retail_pipeline']) retrieved from /opt/airflow/dags/setup_retail_pipeline.py
[2026-05-03T10:20:45.628+0000] {logging_mixin.py:151} INFO - [2026-05-03T10:20:45.628+0000] {dag.py:2915} INFO - Sync 1 DAGs
[2026-05-03T10:20:45.644+0000] {logging_mixin.py:151} INFO - [2026-05-03T10:20:45.644+0000] {dag.py:3696} INFO - Setting next_dagrun for setup_retail_pipeline to 2026-05-03T10:00:00+00:00, run_after=2026-05-03T11:00:00+00:00
[2026-05-03T10:20:45.651+0000] {processor.py:179} INFO - Processing /opt/airflow/dags/setup_retail_pipeline.py took 0.090 seconds
[2026-05-03T10:21:15.833+0000] {processor.py:157} INFO - Started process (PID=1248) to work on /opt/airflow/dags/setup_retail_pipeline.py
[2026-05-03T10:21:15.834+0000] {processor.py:829} INFO - Processing file /opt/airflow/dags/setup_retail_pipeline.py for tasks to queue
[2026-05-03T10:21:15.835+0000] {logging_mixin.py:151} INFO - [2026-05-03T10:21:15.835+0000] {dagbag.py:539} INFO - Filling up the DagBag from /opt/airflow/dags/setup_retail_pipeline.py
[2026-05-03T10:21:15.852+0000] {processor.py:839} INFO - DAG(s) dict_keys(['setup_retail_pipeline']) retrieved from /opt/airflow/dags/setup_retail_pipeline.py
[2026-05-03T10:21:15.871+0000] {logging_mixin.py:151} INFO - [2026-05-03T10:21:15.871+0000] {dag.py:2915} INFO - Sync 1 DAGs
[2026-05-03T10:21:15.884+0000] {logging_mixin.py:151} INFO - [2026-05-03T10:21:15.884+0000] {dag.py:3696} INFO - Setting next_dagrun for setup_retail_pipeline to 2026-05-03T10:00:00+00:00, run_after=2026-05-03T11:00:00+00:00
[2026-05-03T10:21:15.890+0000] {processor.py:179} INFO - Processing /opt/airflow/dags/setup_retail_pipeline.py took 0.062 seconds
[2026-05-03T10:21:46.091+0000] {processor.py:157} INFO - Started process (PID=1258) to work on /opt/airflow/dags/setup_retail_pipeline.py
[2026-05-03T10:21:46.092+0000] {processor.py:829} INFO - Processing file /opt/airflow/dags/setup_retail_pipeline.py for tasks to queue
[2026-05-03T10:21:46.093+0000] {logging_mixin.py:151} INFO - [2026-05-03T10:21:46.092+0000] {dagbag.py:539} INFO - Filling up the DagBag from /opt/airflow/dags/setup_retail_pipeline.py
[2026-05-03T10:21:46.105+0000] {processor.py:839} INFO - DAG(s) dict_keys(['setup_retail_pipeline']) retrieved from /opt/airflow/dags/setup_retail_pipeline.py
[2026-05-03T10:21:46.128+0000] {logging_mixin.py:151} INFO - [2026-05-03T10:21:46.128+0000] {dag.py:2915} INFO - Sync 1 DAGs
[2026-05-03T10:21:46.137+0000] {logging_mixin.py:151} INFO - [2026-05-03T10:21:46.137+0000] {dag.py:3696} INFO - Setting next_dagrun for setup_retail_pipeline to 2026-05-03T10:00:00+00:00, run_after=2026-05-03T11:00:00+00:00
[2026-05-03T10:21:46.143+0000] {processor.py:179} INFO - Processing /opt/airflow/dags/setup_retail_pipeline.py took 0.055 seconds
[2026-05-03T10:22:16.398+0000] {processor.py:157} INFO - Started process (PID=1268) to work on /opt/airflow/dags/setup_retail_pipeline.py
[2026-05-03T10:22:16.400+0000] {processor.py:829} INFO - Processing file /opt/airflow/dags/setup_retail_pipeline.py for tasks to queue
[2026-05-03T10:22:16.401+0000] {logging_mixin.py:151} INFO - [2026-05-03T10:22:16.400+0000] {dagbag.py:539} INFO - Filling up the DagBag from /opt/airflow/dags/setup_retail_pipeline.py
[2026-05-03T10:22:16.418+0000] {processor.py:839} INFO - DAG(s) dict_keys(['setup_retail_pipeline']) retrieved from /opt/airflow/dags/setup_retail_pipeline.py
[2026-05-03T10:22:16.436+0000] {logging_mixin.py:151} INFO - [2026-05-03T10:22:16.436+0000] {dag.py:2915} INFO - Sync 1 DAGs
[2026-05-03T10:22:16.446+0000] {logging_mixin.py:151} INFO - [2026-05-03T10:22:16.446+0000] {dag.py:3696} INFO - Setting next_dagrun for setup_retail_pipeline to 2026-05-03T10:00:00+00:00, run_after=2026-05-03T11:00:00+00:00
[2026-05-03T10:22:16.454+0000] {processor.py:179} INFO - Processing /opt/airflow/dags/setup_retail_pipeline.py took 0.061 seconds
[2026-05-03T10:22:46.730+0000] {processor.py:157} INFO - Started process (PID=1278) to work on /opt/airflow/dags/setup_retail_pipeline.py
[2026-05-03T10:22:46.731+0000] {processor.py:829} INFO - Processing file /opt/airflow/dags/setup_retail_pipeline.py for tasks to queue
[2026-05-03T10:22:46.732+0000] {logging_mixin.py:151} INFO - [2026-05-03T10:22:46.732+0000] {dagbag.py:539} INFO - Filling up the DagBag from /opt/airflow/dags/setup_retail_pipeline.py
[2026-05-03T10:22:46.753+0000] {processor.py:839} INFO - DAG(s) dict_keys(['setup_retail_pipeline']) retrieved from /opt/airflow/dags/setup_retail_pipeline.py
[2026-05-03T10:22:46.783+0000] {logging_mixin.py:151} INFO - [2026-05-03T10:22:46.783+0000] {dag.py:2915} INFO - Sync 1 DAGs
[2026-05-03T10:22:46.797+0000] {logging_mixin.py:151} INFO - [2026-05-03T10:22:46.797+0000] {dag.py:3696} INFO - Setting next_dagrun for setup_retail_pipeline to 2026-05-03T10:00:00+00:00, run_after=2026-05-03T11:00:00+00:00
[2026-05-03T10:22:46.806+0000] {processor.py:179} INFO - Processing /opt/airflow/dags/setup_retail_pipeline.py took 0.084 seconds
[2026-05-03T10:23:17.002+0000] {processor.py:157} INFO - Started process (PID=1288) to work on /opt/airflow/dags/setup_retail_pipeline.py
[2026-05-03T10:23:17.003+0000] {processor.py:829} INFO - Processing file /opt/airflow/dags/setup_retail_pipeline.py for tasks to queue
[2026-05-03T10:23:17.005+0000] {logging_mixin.py:151} INFO - [2026-05-03T10:23:17.005+0000] {dagbag.py:539} INFO - Filling up the DagBag from /opt/airflow/dags/setup_retail_pipeline.py
[2026-05-03T10:23:17.021+0000] {processor.py:839} INFO - DAG(s) dict_keys(['setup_retail_pipeline']) retrieved from /opt/airflow/dags/setup_retail_pipeline.py
[2026-05-03T10:23:17.042+0000] {logging_mixin.py:151} INFO - [2026-05-03T10:23:17.042+0000] {dag.py:2915} INFO - Sync 1 DAGs
[2026-05-03T10:23:17.054+0000] {logging_mixin.py:151} INFO - [2026-05-03T10:23:17.054+0000] {dag.py:3696} INFO - Setting next_dagrun for setup_retail_pipeline to 2026-05-03T10:00:00+00:00, run_after=2026-05-03T11:00:00+00:00
[2026-05-03T10:23:17.065+0000] {processor.py:179} INFO - Processing /opt/airflow/dags/setup_retail_pipeline.py took 0.066 seconds
[2026-05-03T10:23:47.305+0000] {processor.py:157} INFO - Started process (PID=1298) to work on /opt/airflow/dags/setup_retail_pipeline.py
[2026-05-03T10:23:47.305+0000] {processor.py:829} INFO - Processing file /opt/airflow/dags/setup_retail_pipeline.py for tasks to queue
[2026-05-03T10:23:47.307+0000] {logging_mixin.py:151} INFO - [2026-05-03T10:23:47.306+0000] {dagbag.py:539} INFO - Filling up the DagBag from /opt/airflow/dags/setup_retail_pipeline.py
[2026-05-03T10:23:47.327+0000] {processor.py:839} INFO - DAG(s) dict_keys(['setup_retail_pipeline']) retrieved from /opt/airflow/dags/setup_retail_pipeline.py
[2026-05-03T10:23:47.356+0000] {logging_mixin.py:151} INFO - [2026-05-03T10:23:47.356+0000] {dag.py:2915} INFO - Sync 1 DAGs
[2026-05-03T10:23:47.367+0000] {logging_mixin.py:151} INFO - [2026-05-03T10:23:47.367+0000] {dag.py:3696} INFO - Setting next_dagrun for setup_retail_pipeline to 2026-05-03T10:00:00+00:00, run_after=2026-05-03T11:00:00+00:00
[2026-05-03T10:23:47.377+0000] {processor.py:179} INFO - Processing /opt/airflow/dags/setup_retail_pipeline.py took 0.078 seconds
[2026-05-03T10:24:17.579+0000] {processor.py:157} INFO - Started process (PID=1308) to work on /opt/airflow/dags/setup_retail_pipeline.py
[2026-05-03T10:24:17.581+0000] {processor.py:829} INFO - Processing file /opt/airflow/dags/setup_retail_pipeline.py for tasks to queue
[2026-05-03T10:24:17.582+0000] {logging_mixin.py:151} INFO - [2026-05-03T10:24:17.581+0000] {dagbag.py:539} INFO - Filling up the DagBag from /opt/airflow/dags/setup_retail_pipeline.py
[2026-05-03T10:24:17.598+0000] {processor.py:839} INFO - DAG(s) dict_keys(['setup_retail_pipeline']) retrieved from /opt/airflow/dags/setup_retail_pipeline.py
[2026-05-03T10:24:17.619+0000] {logging_mixin.py:151} INFO - [2026-05-03T10:24:17.619+0000] {dag.py:2915} INFO - Sync 1 DAGs
[2026-05-03T10:24:17.631+0000] {logging_mixin.py:151} INFO - [2026-05-03T10:24:17.631+0000] {dag.py:3696} INFO - Setting next_dagrun for setup_retail_pipeline to 2026-05-03T10:00:00+00:00, run_after=2026-05-03T11:00:00+00:00
[2026-05-03T10:24:17.638+0000] {processor.py:179} INFO - Processing /opt/airflow/dags/setup_retail_pipeline.py took 0.066 seconds
[2026-05-03T10:24:47.858+0000] {processor.py:157} INFO - Started process (PID=1318) to work on /opt/airflow/dags/setup_retail_pipeline.py
[2026-05-03T10:24:47.859+0000] {processor.py:829} INFO - Processing file /opt/airflow/dags/setup_retail_pipeline.py for tasks to queue
[2026-05-03T10:24:47.859+0000] {logging_mixin.py:151} INFO - [2026-05-03T10:24:47.859+0000] {dagbag.py:539} INFO - Filling up the DagBag from /opt/airflow/dags/setup_retail_pipeline.py
[2026-05-03T10:24:47.868+0000] {processor.py:839} INFO - DAG(s) dict_keys(['setup_retail_pipeline']) retrieved from /opt/airflow/dags/setup_retail_pipeline.py
[2026-05-03T10:24:47.882+0000] {logging_mixin.py:151} INFO - [2026-05-03T10:24:47.882+0000] {dag.py:2915} INFO - Sync 1 DAGs
[2026-05-03T10:24:47.890+0000] {logging_mixin.py:151} INFO - [2026-05-03T10:24:47.890+0000] {dag.py:3696} INFO - Setting next_dagrun for setup_retail_pipeline to 2026-05-03T10:00:00+00:00, run_after=2026-05-03T11:00:00+00:00
[2026-05-03T10:24:47.896+0000] {processor.py:179} INFO - Processing /opt/airflow/dags/setup_retail_pipeline.py took 0.040 seconds
[2026-05-03T10:25:18.145+0000] {processor.py:157} INFO - Started process (PID=1328) to work on /opt/airflow/dags/setup_retail_pipeline.py
[2026-05-03T10:25:18.146+0000] {processor.py:829} INFO - Processing file /opt/airflow/dags/setup_retail_pipeline.py for tasks to queue
[2026-05-03T10:25:18.147+0000] {logging_mixin.py:151} INFO - [2026-05-03T10:25:18.146+0000] {dagbag.py:539} INFO - Filling up the DagBag from /opt/airflow/dags/setup_retail_pipeline.py
[2026-05-03T10:25:18.158+0000] {processor.py:839} INFO - DAG(s) dict_keys(['setup_retail_pipeline']) retrieved from /opt/airflow/dags/setup_retail_pipeline.py
[2026-05-03T10:25:18.176+0000] {logging_mixin.py:151} INFO - [2026-05-03T10:25:18.176+0000] {dag.py:2915} INFO - Sync 1 DAGs
[2026-05-03T10:25:18.185+0000] {logging_mixin.py:151} INFO - [2026-05-03T10:25:18.185+0000] {dag.py:3696} INFO - Setting next_dagrun for setup_retail_pipeline to 2026-05-03T10:00:00+00:00, run_after=2026-05-03T11:00:00+00:00
[2026-05-03T10:25:18.193+0000] {processor.py:179} INFO - Processing /opt/airflow/dags/setup_retail_pipeline.py took 0.052 seconds
[2026-05-03T10:25:48.535+0000] {processor.py:157} INFO - Started process (PID=1338) to work on /opt/airflow/dags/setup_retail_pipeline.py
[2026-05-03T10:25:48.537+0000] {processor.py:829} INFO - Processing file /opt/airflow/dags/setup_retail_pipeline.py for tasks to queue
[2026-05-03T10:25:48.538+0000] {logging_mixin.py:151} INFO - [2026-05-03T10:25:48.538+0000] {dagbag.py:539} INFO - Filling up the DagBag from /opt/airflow/dags/setup_retail_pipeline.py
[2026-05-03T10:25:48.561+0000] {processor.py:839} INFO - DAG(s) dict_keys(['setup_retail_pipeline']) retrieved from /opt/airflow/dags/setup_retail_pipeline.py
[2026-05-03T10:25:48.595+0000] {logging_mixin.py:151} INFO - [2026-05-03T10:25:48.595+0000] {dag.py:2915} INFO - Sync 1 DAGs
[2026-05-03T10:25:48.607+0000] {logging_mixin.py:151} INFO - [2026-05-03T10:25:48.607+0000] {dag.py:3696} INFO - Setting next_dagrun for setup_retail_pipeline to 2026-05-03T10:00:00+00:00, run_after=2026-05-03T11:00:00+00:00
[2026-05-03T10:25:48.614+0000] {processor.py:179} INFO - Processing /opt/airflow/dags/setup_retail_pipeline.py took 0.090 seconds
[2026-05-03T10:26:18.854+0000] {processor.py:157} INFO - Started process (PID=1348) to work on /opt/airflow/dags/setup_retail_pipeline.py
[2026-05-03T10:26:18.855+0000] {processor.py:829} INFO - Processing file /opt/airflow/dags/setup_retail_pipeline.py for tasks to queue
[2026-05-03T10:26:18.856+0000] {logging_mixin.py:151} INFO - [2026-05-03T10:26:18.856+0000] {dagbag.py:539} INFO - Filling up the DagBag from /opt/airflow/dags/setup_retail_pipeline.py
[2026-05-03T10:26:18.867+0000] {processor.py:839} INFO - DAG(s) dict_keys(['setup_retail_pipeline']) retrieved from /opt/airflow/dags/setup_retail_pipeline.py
[2026-05-03T10:26:18.884+0000] {logging_mixin.py:151} INFO - [2026-05-03T10:26:18.884+0000] {dag.py:2915} INFO - Sync 1 DAGs
[2026-05-03T10:26:18.894+0000] {logging_mixin.py:151} INFO - [2026-05-03T10:26:18.894+0000] {dag.py:3696} INFO - Setting next_dagrun for setup_retail_pipeline to 2026-05-03T10:00:00+00:00, run_after=2026-05-03T11:00:00+00:00
[2026-05-03T10:26:18.900+0000] {processor.py:179} INFO - Processing /opt/airflow/dags/setup_retail_pipeline.py took 0.052 seconds
[2026-05-03T10:26:49.161+0000] {processor.py:157} INFO - Started process (PID=1358) to work on /opt/airflow/dags/setup_retail_pipeline.py
[2026-05-03T10:26:49.163+0000] {processor.py:829} INFO - Processing file /opt/airflow/dags/setup_retail_pipeline.py for tasks to queue
[2026-05-03T10:26:49.164+0000] {logging_mixin.py:151} INFO - [2026-05-03T10:26:49.164+0000] {dagbag.py:539} INFO - Filling up the DagBag from /opt/airflow/dags/setup_retail_pipeline.py
[2026-05-03T10:26:49.177+0000] {processor.py:839} INFO - DAG(s) dict_keys(['setup_retail_pipeline']) retrieved from /opt/airflow/dags/setup_retail_pipeline.py
[2026-05-03T10:26:49.198+0000] {logging_mixin.py:151} INFO - [2026-05-03T10:26:49.198+0000] {dag.py:2915} INFO - Sync 1 DAGs
[2026-05-03T10:26:49.208+0000] {logging_mixin.py:151} INFO - [2026-05-03T10:26:49.208+0000] {dag.py:3696} INFO - Setting next_dagrun for setup_retail_pipeline to 2026-05-03T10:00:00+00:00, run_after=2026-05-03T11:00:00+00:00
[2026-05-03T10:26:49.214+0000] {processor.py:179} INFO - Processing /opt/airflow/dags/setup_retail_pipeline.py took 0.056 seconds
[2026-05-03T10:27:19.541+0000] {processor.py:157} INFO - Started process (PID=1368) to work on /opt/airflow/dags/setup_retail_pipeline.py
[2026-05-03T10:27:19.542+0000] {processor.py:829} INFO - Processing file /opt/airflow/dags/setup_retail_pipeline.py for tasks to queue
[2026-05-03T10:27:19.543+0000] {logging_mixin.py:151} INFO - [2026-05-03T10:27:19.542+0000] {dagbag.py:539} INFO - Filling up the DagBag from /opt/airflow/dags/setup_retail_pipeline.py
[2026-05-03T10:27:19.567+0000] {processor.py:839} INFO - DAG(s) dict_keys(['setup_retail_pipeline']) retrieved from /opt/airflow/dags/setup_retail_pipeline.py
[2026-05-03T10:27:19.602+0000] {logging_mixin.py:151} INFO - [2026-05-03T10:27:19.602+0000] {dag.py:2915} INFO - Sync 1 DAGs
[2026-05-03T10:27:19.612+0000] {logging_mixin.py:151} INFO - [2026-05-03T10:27:19.612+0000] {dag.py:3696} INFO - Setting next_dagrun for setup_retail_pipeline to 2026-05-03T10:00:00+00:00, run_after=2026-05-03T11:00:00+00:00
[2026-05-03T10:27:19.619+0000] {processor.py:179} INFO - Processing /opt/airflow/dags/setup_retail_pipeline.py took 0.083 seconds
[2026-05-03T10:27:49.811+0000] {processor.py:157} INFO - Started process (PID=1378) to work on /opt/airflow/dags/setup_retail_pipeline.py
[2026-05-03T10:27:49.812+0000] {processor.py:829} INFO - Processing file /opt/airflow/dags/setup_retail_pipeline.py for tasks to queue
[2026-05-03T10:27:49.813+0000] {logging_mixin.py:151} INFO - [2026-05-03T10:27:49.813+0000] {dagbag.py:539} INFO - Filling up the DagBag from /opt/airflow/dags/setup_retail_pipeline.py
[2026-05-03T10:27:49.845+0000] {processor.py:839} INFO - DAG(s) dict_keys(['setup_retail_pipeline']) retrieved from /opt/airflow/dags/setup_retail_pipeline.py
[2026-05-03T10:27:49.881+0000] {logging_mixin.py:151} INFO - [2026-05-03T10:27:49.880+0000] {dag.py:2915} INFO - Sync 1 DAGs
[2026-05-03T10:27:49.895+0000] {logging_mixin.py:151} INFO - [2026-05-03T10:27:49.894+0000] {dag.py:3696} INFO - Setting next_dagrun for setup_retail_pipeline to 2026-05-03T10:00:00+00:00, run_after=2026-05-03T11:00:00+00:00
[2026-05-03T10:27:49.902+0000] {processor.py:179} INFO - Processing /opt/airflow/dags/setup_retail_pipeline.py took 0.098 seconds
[2026-05-03T10:28:20.091+0000] {processor.py:157} INFO - Started process (PID=1388) to work on /opt/airflow/dags/setup_retail_pipeline.py
[2026-05-03T10:28:20.092+0000] {processor.py:829} INFO - Processing file /opt/airflow/dags/setup_retail_pipeline.py for tasks to queue
[2026-05-03T10:28:20.094+0000] {logging_mixin.py:151} INFO - [2026-05-03T10:28:20.094+0000] {dagbag.py:539} INFO - Filling up the DagBag from /opt/airflow/dags/setup_retail_pipeline.py
[2026-05-03T10:28:20.110+0000] {processor.py:839} INFO - DAG(s) dict_keys(['setup_retail_pipeline']) retrieved from /opt/airflow/dags/setup_retail_pipeline.py
[2026-05-03T10:28:20.129+0000] {logging_mixin.py:151} INFO - [2026-05-03T10:28:20.129+0000] {dag.py:2915} INFO - Sync 1 DAGs
[2026-05-03T10:28:20.139+0000] {logging_mixin.py:151} INFO - [2026-05-03T10:28:20.139+0000] {dag.py:3696} INFO - Setting next_dagrun for setup_retail_pipeline to 2026-05-03T10:00:00+00:00, run_after=2026-05-03T11:00:00+00:00
[2026-05-03T10:28:20.145+0000] {processor.py:179} INFO - Processing /opt/airflow/dags/setup_retail_pipeline.py took 0.059 seconds
[2026-05-03T10:28:50.386+0000] {processor.py:157} INFO - Started process (PID=1398) to work on /opt/airflow/dags/setup_retail_pipeline.py
[2026-05-03T10:28:50.388+0000] {processor.py:829} INFO - Processing file /opt/airflow/dags/setup_retail_pipeline.py for tasks to queue
[2026-05-03T10:28:50.390+0000] {logging_mixin.py:151} INFO - [2026-05-03T10:28:50.389+0000] {dagbag.py:539} INFO - Filling up the DagBag from /opt/airflow/dags/setup_retail_pipeline.py
[2026-05-03T10:28:50.406+0000] {processor.py:839} INFO - DAG(s) dict_keys(['setup_retail_pipeline']) retrieved from /opt/airflow/dags/setup_retail_pipeline.py
[2026-05-03T10:28:50.428+0000] {logging_mixin.py:151} INFO - [2026-05-03T10:28:50.427+0000] {dag.py:2915} INFO - Sync 1 DAGs
[2026-05-03T10:28:50.440+0000] {logging_mixin.py:151} INFO - [2026-05-03T10:28:50.440+0000] {dag.py:3696} INFO - Setting next_dagrun for setup_retail_pipeline to 2026-05-03T10:00:00+00:00, run_after=2026-05-03T11:00:00+00:00
[2026-05-03T10:28:50.447+0000] {processor.py:179} INFO - Processing /opt/airflow/dags/setup_retail_pipeline.py took 0.068 seconds
[2026-05-03T10:29:20.710+0000] {processor.py:157} INFO - Started process (PID=1408) to work on /opt/airflow/dags/setup_retail_pipeline.py
[2026-05-03T10:29:20.712+0000] {processor.py:829} INFO - Processing file /opt/airflow/dags/setup_retail_pipeline.py for tasks to queue
[2026-05-03T10:29:20.713+0000] {logging_mixin.py:151} INFO - [2026-05-03T10:29:20.712+0000] {dagbag.py:539} INFO - Filling up the DagBag from /opt/airflow/dags/setup_retail_pipeline.py
[2026-05-03T10:29:20.734+0000] {processor.py:839} INFO - DAG(s) dict_keys(['setup_retail_pipeline']) retrieved from /opt/airflow/dags/setup_retail_pipeline.py
[2026-05-03T10:29:20.761+0000] {logging_mixin.py:151} INFO - [2026-05-03T10:29:20.761+0000] {dag.py:2915} INFO - Sync 1 DAGs
[2026-05-03T10:29:20.772+0000] {logging_mixin.py:151} INFO - [2026-05-03T10:29:20.772+0000] {dag.py:3696} INFO - Setting next_dagrun for setup_retail_pipeline to 2026-05-03T10:00:00+00:00, run_after=2026-05-03T11:00:00+00:00
[2026-05-03T10:29:20.779+0000] {processor.py:179} INFO - Processing /opt/airflow/dags/setup_retail_pipeline.py took 0.076 seconds
[2026-05-03T10:29:50.963+0000] {processor.py:157} INFO - Started process (PID=1418) to work on /opt/airflow/dags/setup_retail_pipeline.py
[2026-05-03T10:29:50.964+0000] {processor.py:829} INFO - Processing file /opt/airflow/dags/setup_retail_pipeline.py for tasks to queue
[2026-05-03T10:29:50.965+0000] {logging_mixin.py:151} INFO - [2026-05-03T10:29:50.965+0000] {dagbag.py:539} INFO - Filling up the DagBag from /opt/airflow/dags/setup_retail_pipeline.py
[2026-05-03T10:29:50.977+0000] {processor.py:839} INFO - DAG(s) dict_keys(['setup_retail_pipeline']) retrieved from /opt/airflow/dags/setup_retail_pipeline.py
[2026-05-03T10:29:51.001+0000] {logging_mixin.py:151} INFO - [2026-05-03T10:29:51.001+0000] {dag.py:2915} INFO - Sync 1 DAGs
[2026-05-03T10:29:51.011+0000] {logging_mixin.py:151} INFO - [2026-05-03T10:29:51.011+0000] {dag.py:3696} INFO - Setting next_dagrun for setup_retail_pipeline to 2026-05-03T10:00:00+00:00, run_after=2026-05-03T11:00:00+00:00
[2026-05-03T10:29:51.019+0000] {processor.py:179} INFO - Processing /opt/airflow/dags/setup_retail_pipeline.py took 0.059 seconds
[2026-05-03T10:30:21.320+0000] {processor.py:157} INFO - Started process (PID=1428) to work on /opt/airflow/dags/setup_retail_pipeline.py
[2026-05-03T10:30:21.322+0000] {processor.py:829} INFO - Processing file /opt/airflow/dags/setup_retail_pipeline.py for tasks to queue
[2026-05-03T10:30:21.323+0000] {logging_mixin.py:151} INFO - [2026-05-03T10:30:21.323+0000] {dagbag.py:539} INFO - Filling up the DagBag from /opt/airflow/dags/setup_retail_pipeline.py
[2026-05-03T10:30:21.338+0000] {processor.py:839} INFO - DAG(s) dict_keys(['setup_retail_pipeline']) retrieved from /opt/airflow/dags/setup_retail_pipeline.py
[2026-05-03T10:30:21.359+0000] {logging_mixin.py:151} INFO - [2026-05-03T10:30:21.359+0000] {dag.py:2915} INFO - Sync 1 DAGs
[2026-05-03T10:30:21.370+0000] {logging_mixin.py:151} INFO - [2026-05-03T10:30:21.370+0000] {dag.py:3696} INFO - Setting next_dagrun for setup_retail_pipeline to 2026-05-03T10:00:00+00:00, run_after=2026-05-03T11:00:00+00:00
[2026-05-03T10:30:21.377+0000] {processor.py:179} INFO - Processing /opt/airflow/dags/setup_retail_pipeline.py took 0.064 seconds
[2026-05-03T10:30:51.652+0000] {processor.py:157} INFO - Started process (PID=1438) to work on /opt/airflow/dags/setup_retail_pipeline.py
[2026-05-03T10:30:51.654+0000] {processor.py:829} INFO - Processing file /opt/airflow/dags/setup_retail_pipeline.py for tasks to queue
[2026-05-03T10:30:51.655+0000] {logging_mixin.py:151} INFO - [2026-05-03T10:30:51.654+0000] {dagbag.py:539} INFO - Filling up the DagBag from /opt/airflow/dags/setup_retail_pipeline.py
[2026-05-03T10:30:51.671+0000] {processor.py:839} INFO - DAG(s) dict_keys(['setup_retail_pipeline']) retrieved from /opt/airflow/dags/setup_retail_pipeline.py
[2026-05-03T10:30:51.696+0000] {logging_mixin.py:151} INFO - [2026-05-03T10:30:51.696+0000] {dag.py:2915} INFO - Sync 1 DAGs
[2026-05-03T10:30:51.708+0000] {logging_mixin.py:151} INFO - [2026-05-03T10:30:51.708+0000] {dag.py:3696} INFO - Setting next_dagrun for setup_retail_pipeline to 2026-05-03T10:00:00+00:00, run_after=2026-05-03T11:00:00+00:00
[2026-05-03T10:30:51.715+0000] {processor.py:179} INFO - Processing /opt/airflow/dags/setup_retail_pipeline.py took 0.071 seconds
[2026-05-03T10:31:21.923+0000] {processor.py:157} INFO - Started process (PID=1448) to work on /opt/airflow/dags/setup_retail_pipeline.py
[2026-05-03T10:31:21.927+0000] {processor.py:829} INFO - Processing file /opt/airflow/dags/setup_retail_pipeline.py for tasks to queue
[2026-05-03T10:31:21.928+0000] {logging_mixin.py:151} INFO - [2026-05-03T10:31:21.928+0000] {dagbag.py:539} INFO - Filling up the DagBag from /opt/airflow/dags/setup_retail_pipeline.py
[2026-05-03T10:31:21.944+0000] {processor.py:839} INFO - DAG(s) dict_keys(['setup_retail_pipeline']) retrieved from /opt/airflow/dags/setup_retail_pipeline.py
[2026-05-03T10:31:21.964+0000] {logging_mixin.py:151} INFO - [2026-05-03T10:31:21.964+0000] {dag.py:2915} INFO - Sync 1 DAGs
[2026-05-03T10:31:21.976+0000] {logging_mixin.py:151} INFO - [2026-05-03T10:31:21.975+0000] {dag.py:3696} INFO - Setting next_dagrun for setup_retail_pipeline to 2026-05-03T10:00:00+00:00, run_after=2026-05-03T11:00:00+00:00
[2026-05-03T10:31:21.982+0000] {processor.py:179} INFO - Processing /opt/airflow/dags/setup_retail_pipeline.py took 0.063 seconds
[2026-05-03T10:31:52.325+0000] {processor.py:157} INFO - Started process (PID=1458) to work on /opt/airflow/dags/setup_retail_pipeline.py
[2026-05-03T10:31:52.326+0000] {processor.py:829} INFO - Processing file /opt/airflow/dags/setup_retail_pipeline.py for tasks to queue
[2026-05-03T10:31:52.327+0000] {logging_mixin.py:151} INFO - [2026-05-03T10:31:52.327+0000] {dagbag.py:539} INFO - Filling up the DagBag from /opt/airflow/dags/setup_retail_pipeline.py
[2026-05-03T10:31:52.347+0000] {processor.py:839} INFO - DAG(s) dict_keys(['setup_retail_pipeline']) retrieved from /opt/airflow/dags/setup_retail_pipeline.py
[2026-05-03T10:31:52.379+0000] {logging_mixin.py:151} INFO - [2026-05-03T10:31:52.379+0000] {dag.py:2915} INFO - Sync 1 DAGs
[2026-05-03T10:31:52.393+0000] {logging_mixin.py:151} INFO - [2026-05-03T10:31:52.393+0000] {dag.py:3696} INFO - Setting next_dagrun for setup_retail_pipeline to 2026-05-03T10:00:00+00:00, run_after=2026-05-03T11:00:00+00:00
[2026-05-03T10:31:52.400+0000] {processor.py:179} INFO - Processing /opt/airflow/dags/setup_retail_pipeline.py took 0.089 seconds
[2026-05-03T10:32:22.659+0000] {processor.py:157} INFO - Started process (PID=1468) to work on /opt/airflow/dags/setup_retail_pipeline.py
[2026-05-03T10:32:22.662+0000] {processor.py:829} INFO - Processing file /opt/airflow/dags/setup_retail_pipeline.py for tasks to queue
[2026-05-03T10:32:22.665+0000] {logging_mixin.py:151} INFO - [2026-05-03T10:32:22.663+0000] {dagbag.py:539} INFO - Filling up the DagBag from /opt/airflow/dags/setup_retail_pipeline.py
[2026-05-03T10:32:22.692+0000] {processor.py:839} INFO - DAG(s) dict_keys(['setup_retail_pipeline']) retrieved from /opt/airflow/dags/setup_retail_pipeline.py
[2026-05-03T10:32:22.723+0000] {logging_mixin.py:151} INFO - [2026-05-03T10:32:22.723+0000] {dag.py:2915} INFO - Sync 1 DAGs
[2026-05-03T10:32:22.735+0000] {logging_mixin.py:151} INFO - [2026-05-03T10:32:22.735+0000] {dag.py:3696} INFO - Setting next_dagrun for setup_retail_pipeline to 2026-05-03T10:00:00+00:00, run_after=2026-05-03T11:00:00+00:00
[2026-05-03T10:32:22.742+0000] {processor.py:179} INFO - Processing /opt/airflow/dags/setup_retail_pipeline.py took 0.093 seconds
[2026-05-03T10:32:52.953+0000] {processor.py:157} INFO - Started process (PID=1478) to work on /opt/airflow/dags/setup_retail_pipeline.py
[2026-05-03T10:32:52.955+0000] {processor.py:829} INFO - Processing file /opt/airflow/dags/setup_retail_pipeline.py for tasks to queue
[2026-05-03T10:32:52.957+0000] {logging_mixin.py:151} INFO - [2026-05-03T10:32:52.957+0000] {dagbag.py:539} INFO - Filling up the DagBag from /opt/airflow/dags/setup_retail_pipeline.py
[2026-05-03T10:32:52.978+0000] {processor.py:839} INFO - DAG(s) dict_keys(['setup_retail_pipeline']) retrieved from /opt/airflow/dags/setup_retail_pipeline.py
[2026-05-03T10:32:53.018+0000] {logging_mixin.py:151} INFO - [2026-05-03T10:32:53.018+0000] {dag.py:2915} INFO - Sync 1 DAGs
[2026-05-03T10:32:53.032+0000] {logging_mixin.py:151} INFO - [2026-05-03T10:32:53.032+0000] {dag.py:3696} INFO - Setting next_dagrun for setup_retail_pipeline to 2026-05-03T10:00:00+00:00, run_after=2026-05-03T11:00:00+00:00
[2026-05-03T10:32:53.039+0000] {processor.py:179} INFO - Processing /opt/airflow/dags/setup_retail_pipeline.py took 0.095 seconds
[2026-05-03T10:33:23.212+0000] {processor.py:157} INFO - Started process (PID=1488) to work on /opt/airflow/dags/setup_retail_pipeline.py
[2026-05-03T10:33:23.214+0000] {processor.py:829} INFO - Processing file /opt/airflow/dags/setup_retail_pipeline.py for tasks to queue
[2026-05-03T10:33:23.218+0000] {logging_mixin.py:151} INFO - [2026-05-03T10:33:23.217+0000] {dagbag.py:539} INFO - Filling up the DagBag from /opt/airflow/dags/setup_retail_pipeline.py
[2026-05-03T10:33:23.240+0000] {processor.py:839} INFO - DAG(s) dict_keys(['setup_retail_pipeline']) retrieved from /opt/airflow/dags/setup_retail_pipeline.py
[2026-05-03T10:33:23.279+0000] {logging_mixin.py:151} INFO - [2026-05-03T10:33:23.279+0000] {dag.py:2915} INFO - Sync 1 DAGs
[2026-05-03T10:33:23.292+0000] {logging_mixin.py:151} INFO - [2026-05-03T10:33:23.292+0000] {dag.py:3696} INFO - Setting next_dagrun for setup_retail_pipeline to 2026-05-03T10:00:00+00:00, run_after=2026-05-03T11:00:00+00:00
[2026-05-03T10:33:23.299+0000] {processor.py:179} INFO - Processing /opt/airflow/dags/setup_retail_pipeline.py took 0.094 seconds
[2026-05-03T10:33:53.510+0000] {processor.py:157} INFO - Started process (PID=1498) to work on /opt/airflow/dags/setup_retail_pipeline.py
[2026-05-03T10:33:53.512+0000] {processor.py:829} INFO - Processing file /opt/airflow/dags/setup_retail_pipeline.py for tasks to queue
[2026-05-03T10:33:53.514+0000] {logging_mixin.py:151} INFO - [2026-05-03T10:33:53.513+0000] {dagbag.py:539} INFO - Filling up the DagBag from /opt/airflow/dags/setup_retail_pipeline.py
[2026-05-03T10:33:53.532+0000] {processor.py:839} INFO - DAG(s) dict_keys(['setup_retail_pipeline']) retrieved from /opt/airflow/dags/setup_retail_pipeline.py
[2026-05-03T10:33:53.557+0000] {logging_mixin.py:151} INFO - [2026-05-03T10:33:53.557+0000] {dag.py:2915} INFO - Sync 1 DAGs
[2026-05-03T10:33:53.575+0000] {logging_mixin.py:151} INFO - [2026-05-03T10:33:53.575+0000] {dag.py:3696} INFO - Setting next_dagrun for setup_retail_pipeline to 2026-05-03T10:00:00+00:00, run_after=2026-05-03T11:00:00+00:00
[2026-05-03T10:33:53.584+0000] {processor.py:179} INFO - Processing /opt/airflow/dags/setup_retail_pipeline.py took 0.081 seconds
[2026-05-03T10:34:23.758+0000] {processor.py:157} INFO - Started process (PID=1508) to work on /opt/airflow/dags/setup_retail_pipeline.py
[2026-05-03T10:34:23.761+0000] {processor.py:829} INFO - Processing file /opt/airflow/dags/setup_retail_pipeline.py for tasks to queue
[2026-05-03T10:34:23.761+0000] {logging_mixin.py:151} INFO - [2026-05-03T10:34:23.761+0000] {dagbag.py:539} INFO - Filling up the DagBag from /opt/airflow/dags/setup_retail_pipeline.py
[2026-05-03T10:34:23.772+0000] {processor.py:839} INFO - DAG(s) dict_keys(['setup_retail_pipeline']) retrieved from /opt/airflow/dags/setup_retail_pipeline.py
[2026-05-03T10:34:23.795+0000] {logging_mixin.py:151} INFO - [2026-05-03T10:34:23.794+0000] {dag.py:2915} INFO - Sync 1 DAGs
[2026-05-03T10:34:23.807+0000] {logging_mixin.py:151} INFO - [2026-05-03T10:34:23.807+0000] {dag.py:3696} INFO - Setting next_dagrun for setup_retail_pipeline to 2026-05-03T10:00:00+00:00, run_after=2026-05-03T11:00:00+00:00
[2026-05-03T10:34:23.816+0000] {processor.py:179} INFO - Processing /opt/airflow/dags/setup_retail_pipeline.py took 0.061 seconds
[2026-05-03T10:34:54.033+0000] {processor.py:157} INFO - Started process (PID=1518) to work on /opt/airflow/dags/setup_retail_pipeline.py
[2026-05-03T10:34:54.034+0000] {processor.py:829} INFO - Processing file /opt/airflow/dags/setup_retail_pipeline.py for tasks to queue
[2026-05-03T10:34:54.036+0000] {logging_mixin.py:151} INFO - [2026-05-03T10:34:54.035+0000] {dagbag.py:539} INFO - Filling up the DagBag from /opt/airflow/dags/setup_retail_pipeline.py
[2026-05-03T10:34:54.053+0000] {processor.py:839} INFO - DAG(s) dict_keys(['setup_retail_pipeline']) retrieved from /opt/airflow/dags/setup_retail_pipeline.py
[2026-05-03T10:34:54.077+0000] {logging_mixin.py:151} INFO - [2026-05-03T10:34:54.076+0000] {dag.py:2915} INFO - Sync 1 DAGs
[2026-05-03T10:34:54.089+0000] {logging_mixin.py:151} INFO - [2026-05-03T10:34:54.089+0000] {dag.py:3696} INFO - Setting next_dagrun for setup_retail_pipeline to 2026-05-03T10:00:00+00:00, run_after=2026-05-03T11:00:00+00:00
[2026-05-03T10:34:54.097+0000] {processor.py:179} INFO - Processing /opt/airflow/dags/setup_retail_pipeline.py took 0.076 seconds
[2026-05-03T10:35:24.275+0000] {processor.py:157} INFO - Started process (PID=1528) to work on /opt/airflow/dags/setup_retail_pipeline.py
[2026-05-03T10:35:24.276+0000] {processor.py:829} INFO - Processing file /opt/airflow/dags/setup_retail_pipeline.py for tasks to queue
[2026-05-03T10:35:24.277+0000] {logging_mixin.py:151} INFO - [2026-05-03T10:35:24.277+0000] {dagbag.py:539} INFO - Filling up the DagBag from /opt/airflow/dags/setup_retail_pipeline.py
[2026-05-03T10:35:24.293+0000] {processor.py:839} INFO - DAG(s) dict_keys(['setup_retail_pipeline']) retrieved from /opt/airflow/dags/setup_retail_pipeline.py
[2026-05-03T10:35:24.312+0000] {logging_mixin.py:151} INFO - [2026-05-03T10:35:24.312+0000] {dag.py:2915} INFO - Sync 1 DAGs
[2026-05-03T10:35:24.323+0000] {logging_mixin.py:151} INFO - [2026-05-03T10:35:24.323+0000] {dag.py:3696} INFO - Setting next_dagrun for setup_retail_pipeline to 2026-05-03T10:00:00+00:00, run_after=2026-05-03T11:00:00+00:00
[2026-05-03T10:35:24.329+0000] {processor.py:179} INFO - Processing /opt/airflow/dags/setup_retail_pipeline.py took 0.059 seconds
[2026-05-03T10:35:54.563+0000] {processor.py:157} INFO - Started process (PID=1538) to work on /opt/airflow/dags/setup_retail_pipeline.py
[2026-05-03T10:35:54.565+0000] {processor.py:829} INFO - Processing file /opt/airflow/dags/setup_retail_pipeline.py for tasks to queue
[2026-05-03T10:35:54.566+0000] {logging_mixin.py:151} INFO - [2026-05-03T10:35:54.566+0000] {dagbag.py:539} INFO - Filling up the DagBag from /opt/airflow/dags/setup_retail_pipeline.py
[2026-05-03T10:35:54.597+0000] {processor.py:839} INFO - DAG(s) dict_keys(['setup_retail_pipeline']) retrieved from /opt/airflow/dags/setup_retail_pipeline.py
[2026-05-03T10:35:54.631+0000] {logging_mixin.py:151} INFO - [2026-05-03T10:35:54.631+0000] {dag.py:2915} INFO - Sync 1 DAGs
[2026-05-03T10:35:54.646+0000] {logging_mixin.py:151} INFO - [2026-05-03T10:35:54.646+0000] {dag.py:3696} INFO - Setting next_dagrun for setup_retail_pipeline to 2026-05-03T10:00:00+00:00, run_after=2026-05-03T11:00:00+00:00
[2026-05-03T10:35:54.656+0000] {processor.py:179} INFO - Processing /opt/airflow/dags/setup_retail_pipeline.py took 0.103 seconds
[2026-05-03T10:36:24.807+0000] {processor.py:157} INFO - Started process (PID=1548) to work on /opt/airflow/dags/setup_retail_pipeline.py
[2026-05-03T10:36:24.808+0000] {processor.py:829} INFO - Processing file /opt/airflow/dags/setup_retail_pipeline.py for tasks to queue
[2026-05-03T10:36:24.809+0000] {logging_mixin.py:151} INFO - [2026-05-03T10:36:24.808+0000] {dagbag.py:539} INFO - Filling up the DagBag from /opt/airflow/dags/setup_retail_pipeline.py
[2026-05-03T10:36:24.824+0000] {processor.py:839} INFO - DAG(s) dict_keys(['setup_retail_pipeline']) retrieved from /opt/airflow/dags/setup_retail_pipeline.py
[2026-05-03T10:36:24.842+0000] {logging_mixin.py:151} INFO - [2026-05-03T10:36:24.842+0000] {dag.py:2915} INFO - Sync 1 DAGs
[2026-05-03T10:36:24.851+0000] {logging_mixin.py:151} INFO - [2026-05-03T10:36:24.851+0000] {dag.py:3696} INFO - Setting next_dagrun for setup_retail_pipeline to 2026-05-03T10:00:00+00:00, run_after=2026-05-03T11:00:00+00:00
[2026-05-03T10:36:24.857+0000] {processor.py:179} INFO - Processing /opt/airflow/dags/setup_retail_pipeline.py took 0.055 seconds
[2026-05-03T10:36:55.062+0000] {processor.py:157} INFO - Started process (PID=1558) to work on /opt/airflow/dags/setup_retail_pipeline.py
[2026-05-03T10:36:55.064+0000] {processor.py:829} INFO - Processing file /opt/airflow/dags/setup_retail_pipeline.py for tasks to queue
[2026-05-03T10:36:55.065+0000] {logging_mixin.py:151} INFO - [2026-05-03T10:36:55.065+0000] {dagbag.py:539} INFO - Filling up the DagBag from /opt/airflow/dags/setup_retail_pipeline.py
[2026-05-03T10:36:55.098+0000] {processor.py:839} INFO - DAG(s) dict_keys(['setup_retail_pipeline']) retrieved from /opt/airflow/dags/setup_retail_pipeline.py
[2026-05-03T10:36:55.128+0000] {logging_mixin.py:151} INFO - [2026-05-03T10:36:55.128+0000] {dag.py:2915} INFO - Sync 1 DAGs
[2026-05-03T10:36:55.141+0000] {logging_mixin.py:151} INFO - [2026-05-03T10:36:55.141+0000] {dag.py:3696} INFO - Setting next_dagrun for setup_retail_pipeline to 2026-05-03T10:00:00+00:00, run_after=2026-05-03T11:00:00+00:00
[2026-05-03T10:36:55.148+0000] {processor.py:179} INFO - Processing /opt/airflow/dags/setup_retail_pipeline.py took 0.094 seconds
[2026-05-03T10:37:25.326+0000] {processor.py:157} INFO - Started process (PID=1568) to work on /opt/airflow/dags/setup_retail_pipeline.py
[2026-05-03T10:37:25.328+0000] {processor.py:829} INFO - Processing file /opt/airflow/dags/setup_retail_pipeline.py for tasks to queue
[2026-05-03T10:37:25.329+0000] {logging_mixin.py:151} INFO - [2026-05-03T10:37:25.328+0000] {dagbag.py:539} INFO - Filling up the DagBag from /opt/airflow/dags/setup_retail_pipeline.py
[2026-05-03T10:37:25.346+0000] {processor.py:839} INFO - DAG(s) dict_keys(['setup_retail_pipeline']) retrieved from /opt/airflow/dags/setup_retail_pipeline.py
[2026-05-03T10:37:25.364+0000] {logging_mixin.py:151} INFO - [2026-05-03T10:37:25.364+0000] {dag.py:2915} INFO - Sync 1 DAGs
[2026-05-03T10:37:25.374+0000] {logging_mixin.py:151} INFO - [2026-05-03T10:37:25.374+0000] {dag.py:3696} INFO - Setting next_dagrun for setup_retail_pipeline to 2026-05-03T10:00:00+00:00, run_after=2026-05-03T11:00:00+00:00
[2026-05-03T10:37:25.380+0000] {processor.py:179} INFO - Processing /opt/airflow/dags/setup_retail_pipeline.py took 0.060 seconds
[2026-05-03T10:37:55.682+0000] {processor.py:157} INFO - Started process (PID=1578) to work on /opt/airflow/dags/setup_retail_pipeline.py
[2026-05-03T10:37:55.686+0000] {processor.py:829} INFO - Processing file /opt/airflow/dags/setup_retail_pipeline.py for tasks to queue
[2026-05-03T10:37:55.687+0000] {logging_mixin.py:151} INFO - [2026-05-03T10:37:55.686+0000] {dagbag.py:539} INFO - Filling up the DagBag from /opt/airflow/dags/setup_retail_pipeline.py
[2026-05-03T10:37:55.703+0000] {processor.py:839} INFO - DAG(s) dict_keys(['setup_retail_pipeline']) retrieved from /opt/airflow/dags/setup_retail_pipeline.py
[2026-05-03T10:37:55.728+0000] {logging_mixin.py:151} INFO - [2026-05-03T10:37:55.728+0000] {dag.py:2915} INFO - Sync 1 DAGs
[2026-05-03T10:37:55.742+0000] {logging_mixin.py:151} INFO - [2026-05-03T10:37:55.741+0000] {dag.py:3696} INFO - Setting next_dagrun for setup_retail_pipeline to 2026-05-03T10:00:00+00:00, run_after=2026-05-03T11:00:00+00:00
[2026-05-03T10:37:55.750+0000] {processor.py:179} INFO - Processing /opt/airflow/dags/setup_retail_pipeline.py took 0.076 seconds
[2026-05-03T10:38:25.966+0000] {processor.py:157} INFO - Started process (PID=1588) to work on /opt/airflow/dags/setup_retail_pipeline.py
[2026-05-03T10:38:25.969+0000] {processor.py:829} INFO - Processing file /opt/airflow/dags/setup_retail_pipeline.py for tasks to queue
[2026-05-03T10:38:25.970+0000] {logging_mixin.py:151} INFO - [2026-05-03T10:38:25.970+0000] {dagbag.py:539} INFO - Filling up the DagBag from /opt/airflow/dags/setup_retail_pipeline.py
[2026-05-03T10:38:25.986+0000] {processor.py:839} INFO - DAG(s) dict_keys(['setup_retail_pipeline']) retrieved from /opt/airflow/dags/setup_retail_pipeline.py
[2026-05-03T10:38:26.011+0000] {logging_mixin.py:151} INFO - [2026-05-03T10:38:26.011+0000] {dag.py:2915} INFO - Sync 1 DAGs
[2026-05-03T10:38:26.027+0000] {logging_mixin.py:151} INFO - [2026-05-03T10:38:26.027+0000] {dag.py:3696} INFO - Setting next_dagrun for setup_retail_pipeline to 2026-05-03T10:00:00+00:00, run_after=2026-05-03T11:00:00+00:00
[2026-05-03T10:38:26.038+0000] {processor.py:179} INFO - Processing /opt/airflow/dags/setup_retail_pipeline.py took 0.077 seconds
[2026-05-03T10:38:56.219+0000] {processor.py:157} INFO - Started process (PID=1598) to work on /opt/airflow/dags/setup_retail_pipeline.py
[2026-05-03T10:38:56.221+0000] {processor.py:829} INFO - Processing file /opt/airflow/dags/setup_retail_pipeline.py for tasks to queue
[2026-05-03T10:38:56.222+0000] {logging_mixin.py:151} INFO - [2026-05-03T10:38:56.222+0000] {dagbag.py:539} INFO - Filling up the DagBag from /opt/airflow/dags/setup_retail_pipeline.py
[2026-05-03T10:38:56.237+0000] {processor.py:839} INFO - DAG(s) dict_keys(['setup_retail_pipeline']) retrieved from /opt/airflow/dags/setup_retail_pipeline.py
[2026-05-03T10:38:56.257+0000] {logging_mixin.py:151} INFO - [2026-05-03T10:38:56.257+0000] {dag.py:2915} INFO - Sync 1 DAGs
[2026-05-03T10:38:56.267+0000] {logging_mixin.py:151} INFO - [2026-05-03T10:38:56.267+0000] {dag.py:3696} INFO - Setting next_dagrun for setup_retail_pipeline to 2026-05-03T10:00:00+00:00, run_after=2026-05-03T11:00:00+00:00
[2026-05-03T10:38:56.273+0000] {processor.py:179} INFO - Processing /opt/airflow/dags/setup_retail_pipeline.py took 0.061 seconds
[2026-05-03T10:39:26.571+0000] {processor.py:157} INFO - Started process (PID=1608) to work on /opt/airflow/dags/setup_retail_pipeline.py
[2026-05-03T10:39:26.572+0000] {processor.py:829} INFO - Processing file /opt/airflow/dags/setup_retail_pipeline.py for tasks to queue
[2026-05-03T10:39:26.573+0000] {logging_mixin.py:151} INFO - [2026-05-03T10:39:26.573+0000] {dagbag.py:539} INFO - Filling up the DagBag from /opt/airflow/dags/setup_retail_pipeline.py
[2026-05-03T10:39:26.590+0000] {processor.py:839} INFO - DAG(s) dict_keys(['setup_retail_pipeline']) retrieved from /opt/airflow/dags/setup_retail_pipeline.py
[2026-05-03T10:39:26.621+0000] {logging_mixin.py:151} INFO - [2026-05-03T10:39:26.621+0000] {dag.py:2915} INFO - Sync 1 DAGs
[2026-05-03T10:39:26.639+0000] {logging_mixin.py:151} INFO - [2026-05-03T10:39:26.639+0000] {dag.py:3696} INFO - Setting next_dagrun for setup_retail_pipeline to 2026-05-03T10:00:00+00:00, run_after=2026-05-03T11:00:00+00:00
[2026-05-03T10:39:26.647+0000] {processor.py:179} INFO - Processing /opt/airflow/dags/setup_retail_pipeline.py took 0.083 seconds
[2026-05-03T10:39:56.841+0000] {processor.py:157} INFO - Started process (PID=1618) to work on /opt/airflow/dags/setup_retail_pipeline.py
[2026-05-03T10:39:56.844+0000] {processor.py:829} INFO - Processing file /opt/airflow/dags/setup_retail_pipeline.py for tasks to queue
[2026-05-03T10:39:56.846+0000] {logging_mixin.py:151} INFO - [2026-05-03T10:39:56.845+0000] {dagbag.py:539} INFO - Filling up the DagBag from /opt/airflow/dags/setup_retail_pipeline.py
[2026-05-03T10:39:56.868+0000] {processor.py:839} INFO - DAG(s) dict_keys(['setup_retail_pipeline']) retrieved from /opt/airflow/dags/setup_retail_pipeline.py
[2026-05-03T10:39:56.903+0000] {logging_mixin.py:151} INFO - [2026-05-03T10:39:56.903+0000] {dag.py:2915} INFO - Sync 1 DAGs
[2026-05-03T10:39:56.917+0000] {logging_mixin.py:151} INFO - [2026-05-03T10:39:56.917+0000] {dag.py:3696} INFO - Setting next_dagrun for setup_retail_pipeline to 2026-05-03T10:00:00+00:00, run_after=2026-05-03T11:00:00+00:00
[2026-05-03T10:39:56.924+0000] {processor.py:179} INFO - Processing /opt/airflow/dags/setup_retail_pipeline.py took 0.090 seconds
[2026-05-03T10:40:27.131+0000] {processor.py:157} INFO - Started process (PID=1628) to work on /opt/airflow/dags/setup_retail_pipeline.py
[2026-05-03T10:40:27.133+0000] {processor.py:829} INFO - Processing file /opt/airflow/dags/setup_retail_pipeline.py for tasks to queue
[2026-05-03T10:40:27.138+0000] {logging_mixin.py:151} INFO - [2026-05-03T10:40:27.134+0000] {dagbag.py:539} INFO - Filling up the DagBag from /opt/airflow/dags/setup_retail_pipeline.py
[2026-05-03T10:40:27.155+0000] {processor.py:839} INFO - DAG(s) dict_keys(['setup_retail_pipeline']) retrieved from /opt/airflow/dags/setup_retail_pipeline.py
[2026-05-03T10:40:27.195+0000] {logging_mixin.py:151} INFO - [2026-05-03T10:40:27.195+0000] {dag.py:2915} INFO - Sync 1 DAGs
[2026-05-03T10:40:27.214+0000] {logging_mixin.py:151} INFO - [2026-05-03T10:40:27.214+0000] {dag.py:3696} INFO - Setting next_dagrun for setup_retail_pipeline to 2026-05-03T10:00:00+00:00, run_after=2026-05-03T11:00:00+00:00
[2026-05-03T10:40:27.222+0000] {processor.py:179} INFO - Processing /opt/airflow/dags/setup_retail_pipeline.py took 0.099 seconds
[2026-05-03T10:40:57.386+0000] {processor.py:157} INFO - Started process (PID=1638) to work on /opt/airflow/dags/setup_retail_pipeline.py
[2026-05-03T10:40:57.388+0000] {processor.py:829} INFO - Processing file /opt/airflow/dags/setup_retail_pipeline.py for tasks to queue
[2026-05-03T10:40:57.390+0000] {logging_mixin.py:151} INFO - [2026-05-03T10:40:57.389+0000] {dagbag.py:539} INFO - Filling up the DagBag from /opt/airflow/dags/setup_retail_pipeline.py
[2026-05-03T10:40:57.412+0000] {processor.py:839} INFO - DAG(s) dict_keys(['setup_retail_pipeline']) retrieved from /opt/airflow/dags/setup_retail_pipeline.py
[2026-05-03T10:40:57.433+0000] {logging_mixin.py:151} INFO - [2026-05-03T10:40:57.433+0000] {dag.py:2915} INFO - Sync 1 DAGs
[2026-05-03T10:40:57.444+0000] {logging_mixin.py:151} INFO - [2026-05-03T10:40:57.444+0000] {dag.py:3696} INFO - Setting next_dagrun for setup_retail_pipeline to 2026-05-03T10:00:00+00:00, run_after=2026-05-03T11:00:00+00:00
[2026-05-03T10:40:57.451+0000] {processor.py:179} INFO - Processing /opt/airflow/dags/setup_retail_pipeline.py took 0.072 seconds
[2026-05-03T10:41:27.634+0000] {processor.py:157} INFO - Started process (PID=1648) to work on /opt/airflow/dags/setup_retail_pipeline.py
[2026-05-03T10:41:27.636+0000] {processor.py:829} INFO - Processing file /opt/airflow/dags/setup_retail_pipeline.py for tasks to queue
[2026-05-03T10:41:27.637+0000] {logging_mixin.py:151} INFO - [2026-05-03T10:41:27.636+0000] {dagbag.py:539} INFO - Filling up the DagBag from /opt/airflow/dags/setup_retail_pipeline.py
[2026-05-03T10:41:27.649+0000] {processor.py:839} INFO - DAG(s) dict_keys(['setup_retail_pipeline']) retrieved from /opt/airflow/dags/setup_retail_pipeline.py
[2026-05-03T10:41:27.667+0000] {logging_mixin.py:151} INFO - [2026-05-03T10:41:27.667+0000] {dag.py:2915} INFO - Sync 1 DAGs
[2026-05-03T10:41:27.677+0000] {logging_mixin.py:151} INFO - [2026-05-03T10:41:27.677+0000] {dag.py:3696} INFO - Setting next_dagrun for setup_retail_pipeline to 2026-05-03T10:00:00+00:00, run_after=2026-05-03T11:00:00+00:00
[2026-05-03T10:41:27.684+0000] {processor.py:179} INFO - Processing /opt/airflow/dags/setup_retail_pipeline.py took 0.053 seconds
[2026-05-03T10:41:57.858+0000] {processor.py:157} INFO - Started process (PID=1658) to work on /opt/airflow/dags/setup_retail_pipeline.py
[2026-05-03T10:41:57.859+0000] {processor.py:829} INFO - Processing file /opt/airflow/dags/setup_retail_pipeline.py for tasks to queue
[2026-05-03T10:41:57.861+0000] {logging_mixin.py:151} INFO - [2026-05-03T10:41:57.861+0000] {dagbag.py:539} INFO - Filling up the DagBag from /opt/airflow/dags/setup_retail_pipeline.py
[2026-05-03T10:41:57.874+0000] {processor.py:839} INFO - DAG(s) dict_keys(['setup_retail_pipeline']) retrieved from /opt/airflow/dags/setup_retail_pipeline.py
[2026-05-03T10:41:57.893+0000] {logging_mixin.py:151} INFO - [2026-05-03T10:41:57.893+0000] {dag.py:2915} INFO - Sync 1 DAGs
[2026-05-03T10:41:57.902+0000] {logging_mixin.py:151} INFO - [2026-05-03T10:41:57.902+0000] {dag.py:3696} INFO - Setting next_dagrun for setup_retail_pipeline to 2026-05-03T10:00:00+00:00, run_after=2026-05-03T11:00:00+00:00
[2026-05-03T10:41:57.908+0000] {processor.py:179} INFO - Processing /opt/airflow/dags/setup_retail_pipeline.py took 0.053 seconds
[2026-05-03T10:42:28.152+0000] {processor.py:157} INFO - Started process (PID=1668) to work on /opt/airflow/dags/setup_retail_pipeline.py
[2026-05-03T10:42:28.153+0000] {processor.py:829} INFO - Processing file /opt/airflow/dags/setup_retail_pipeline.py for tasks to queue
[2026-05-03T10:42:28.155+0000] {logging_mixin.py:151} INFO - [2026-05-03T10:42:28.154+0000] {dagbag.py:539} INFO - Filling up the DagBag from /opt/airflow/dags/setup_retail_pipeline.py
[2026-05-03T10:42:28.180+0000] {processor.py:839} INFO - DAG(s) dict_keys(['setup_retail_pipeline']) retrieved from /opt/airflow/dags/setup_retail_pipeline.py
[2026-05-03T10:42:28.207+0000] {logging_mixin.py:151} INFO - [2026-05-03T10:42:28.207+0000] {dag.py:2915} INFO - Sync 1 DAGs
[2026-05-03T10:42:28.225+0000] {logging_mixin.py:151} INFO - [2026-05-03T10:42:28.225+0000] {dag.py:3696} INFO - Setting next_dagrun for setup_retail_pipeline to 2026-05-03T10:00:00+00:00, run_after=2026-05-03T11:00:00+00:00
[2026-05-03T10:42:28.236+0000] {processor.py:179} INFO - Processing /opt/airflow/dags/setup_retail_pipeline.py took 0.090 seconds
[2026-05-03T10:42:58.480+0000] {processor.py:157} INFO - Started process (PID=1678) to work on /opt/airflow/dags/setup_retail_pipeline.py
[2026-05-03T10:42:58.483+0000] {processor.py:829} INFO - Processing file /opt/airflow/dags/setup_retail_pipeline.py for tasks to queue
[2026-05-03T10:42:58.484+0000] {logging_mixin.py:151} INFO - [2026-05-03T10:42:58.484+0000] {dagbag.py:539} INFO - Filling up the DagBag from /opt/airflow/dags/setup_retail_pipeline.py
[2026-05-03T10:42:58.503+0000] {processor.py:839} INFO - DAG(s) dict_keys(['setup_retail_pipeline']) retrieved from /opt/airflow/dags/setup_retail_pipeline.py
[2026-05-03T10:42:58.532+0000] {logging_mixin.py:151} INFO - [2026-05-03T10:42:58.532+0000] {dag.py:2915} INFO - Sync 1 DAGs
[2026-05-03T10:42:58.552+0000] {logging_mixin.py:151} INFO - [2026-05-03T10:42:58.552+0000] {dag.py:3696} INFO - Setting next_dagrun for setup_retail_pipeline to 2026-05-03T10:00:00+00:00, run_after=2026-05-03T11:00:00+00:00
[2026-05-03T10:42:58.559+0000] {processor.py:179} INFO - Processing /opt/airflow/dags/setup_retail_pipeline.py took 0.085 seconds
[2026-05-03T10:43:28.797+0000] {processor.py:157} INFO - Started process (PID=1688) to work on /opt/airflow/dags/setup_retail_pipeline.py
[2026-05-03T10:43:28.800+0000] {processor.py:829} INFO - Processing file /opt/airflow/dags/setup_retail_pipeline.py for tasks to queue
[2026-05-03T10:43:28.802+0000] {logging_mixin.py:151} INFO - [2026-05-03T10:43:28.801+0000] {dagbag.py:539} INFO - Filling up the DagBag from /opt/airflow/dags/setup_retail_pipeline.py
[2026-05-03T10:43:28.819+0000] {processor.py:839} INFO - DAG(s) dict_keys(['setup_retail_pipeline']) retrieved from /opt/airflow/dags/setup_retail_pipeline.py
[2026-05-03T10:43:28.856+0000] {logging_mixin.py:151} INFO - [2026-05-03T10:43:28.856+0000] {dag.py:2915} INFO - Sync 1 DAGs
[2026-05-03T10:43:28.872+0000] {logging_mixin.py:151} INFO - [2026-05-03T10:43:28.872+0000] {dag.py:3696} INFO - Setting next_dagrun for setup_retail_pipeline to 2026-05-03T10:00:00+00:00, run_after=2026-05-03T11:00:00+00:00
[2026-05-03T10:43:28.881+0000] {processor.py:179} INFO - Processing /opt/airflow/dags/setup_retail_pipeline.py took 0.090 seconds
[2026-05-03T10:43:59.111+0000] {processor.py:157} INFO - Started process (PID=1698) to work on /opt/airflow/dags/setup_retail_pipeline.py
[2026-05-03T10:43:59.112+0000] {processor.py:829} INFO - Processing file /opt/airflow/dags/setup_retail_pipeline.py for tasks to queue
[2026-05-03T10:43:59.113+0000] {logging_mixin.py:151} INFO - [2026-05-03T10:43:59.113+0000] {dagbag.py:539} INFO - Filling up the DagBag from /opt/airflow/dags/setup_retail_pipeline.py
[2026-05-03T10:43:59.132+0000] {processor.py:839} INFO - DAG(s) dict_keys(['setup_retail_pipeline']) retrieved from /opt/airflow/dags/setup_retail_pipeline.py
[2026-05-03T10:43:59.165+0000] {logging_mixin.py:151} INFO - [2026-05-03T10:43:59.165+0000] {dag.py:2915} INFO - Sync 1 DAGs
[2026-05-03T10:43:59.182+0000] {logging_mixin.py:151} INFO - [2026-05-03T10:43:59.182+0000] {dag.py:3696} INFO - Setting next_dagrun for setup_retail_pipeline to 2026-05-03T10:00:00+00:00, run_after=2026-05-03T11:00:00+00:00
[2026-05-03T10:43:59.192+0000] {processor.py:179} INFO - Processing /opt/airflow/dags/setup_retail_pipeline.py took 0.089 seconds
[2026-05-03T10:44:29.348+0000] {processor.py:157} INFO - Started process (PID=1708) to work on /opt/airflow/dags/setup_retail_pipeline.py
[2026-05-03T10:44:29.350+0000] {processor.py:829} INFO - Processing file /opt/airflow/dags/setup_retail_pipeline.py for tasks to queue
[2026-05-03T10:44:29.353+0000] {logging_mixin.py:151} INFO - [2026-05-03T10:44:29.350+0000] {dagbag.py:539} INFO - Filling up the DagBag from /opt/airflow/dags/setup_retail_pipeline.py
[2026-05-03T10:44:29.363+0000] {processor.py:839} INFO - DAG(s) dict_keys(['setup_retail_pipeline']) retrieved from /opt/airflow/dags/setup_retail_pipeline.py
[2026-05-03T10:44:29.379+0000] {logging_mixin.py:151} INFO - [2026-05-03T10:44:29.379+0000] {dag.py:2915} INFO - Sync 1 DAGs
[2026-05-03T10:44:29.389+0000] {logging_mixin.py:151} INFO - [2026-05-03T10:44:29.389+0000] {dag.py:3696} INFO - Setting next_dagrun for setup_retail_pipeline to 2026-05-03T10:00:00+00:00, run_after=2026-05-03T11:00:00+00:00
[2026-05-03T10:44:29.395+0000] {processor.py:179} INFO - Processing /opt/airflow/dags/setup_retail_pipeline.py took 0.053 seconds
[2026-05-03T10:44:59.683+0000] {processor.py:157} INFO - Started process (PID=1718) to work on /opt/airflow/dags/setup_retail_pipeline.py
[2026-05-03T10:44:59.685+0000] {processor.py:829} INFO - Processing file /opt/airflow/dags/setup_retail_pipeline.py for tasks to queue
[2026-05-03T10:44:59.687+0000] {logging_mixin.py:151} INFO - [2026-05-03T10:44:59.686+0000] {dagbag.py:539} INFO - Filling up the DagBag from /opt/airflow/dags/setup_retail_pipeline.py
[2026-05-03T10:44:59.709+0000] {processor.py:839} INFO - DAG(s) dict_keys(['setup_retail_pipeline']) retrieved from /opt/airflow/dags/setup_retail_pipeline.py
[2026-05-03T10:44:59.745+0000] {logging_mixin.py:151} INFO - [2026-05-03T10:44:59.745+0000] {dag.py:2915} INFO - Sync 1 DAGs
[2026-05-03T10:44:59.760+0000] {logging_mixin.py:151} INFO - [2026-05-03T10:44:59.759+0000] {dag.py:3696} INFO - Setting next_dagrun for setup_retail_pipeline to 2026-05-03T10:00:00+00:00, run_after=2026-05-03T11:00:00+00:00
[2026-05-03T10:44:59.767+0000] {processor.py:179} INFO - Processing /opt/airflow/dags/setup_retail_pipeline.py took 0.098 seconds
[2026-05-03T10:45:29.943+0000] {processor.py:157} INFO - Started process (PID=1728) to work on /opt/airflow/dags/setup_retail_pipeline.py
[2026-05-03T10:45:29.947+0000] {processor.py:829} INFO - Processing file /opt/airflow/dags/setup_retail_pipeline.py for tasks to queue
[2026-05-03T10:45:29.948+0000] {logging_mixin.py:151} INFO - [2026-05-03T10:45:29.947+0000] {dagbag.py:539} INFO - Filling up the DagBag from /opt/airflow/dags/setup_retail_pipeline.py
[2026-05-03T10:45:29.966+0000] {processor.py:839} INFO - DAG(s) dict_keys(['setup_retail_pipeline']) retrieved from /opt/airflow/dags/setup_retail_pipeline.py
[2026-05-03T10:45:29.992+0000] {logging_mixin.py:151} INFO - [2026-05-03T10:45:29.992+0000] {dag.py:2915} INFO - Sync 1 DAGs
[2026-05-03T10:45:30.006+0000] {logging_mixin.py:151} INFO - [2026-05-03T10:45:30.006+0000] {dag.py:3696} INFO - Setting next_dagrun for setup_retail_pipeline to 2026-05-03T10:00:00+00:00, run_after=2026-05-03T11:00:00+00:00
[2026-05-03T10:45:30.013+0000] {processor.py:179} INFO - Processing /opt/airflow/dags/setup_retail_pipeline.py took 0.074 seconds
[2026-05-03T10:46:00.232+0000] {processor.py:157} INFO - Started process (PID=1738) to work on /opt/airflow/dags/setup_retail_pipeline.py
[2026-05-03T10:46:00.233+0000] {processor.py:829} INFO - Processing file /opt/airflow/dags/setup_retail_pipeline.py for tasks to queue
[2026-05-03T10:46:00.235+0000] {logging_mixin.py:151} INFO - [2026-05-03T10:46:00.234+0000] {dagbag.py:539} INFO - Filling up the DagBag from /opt/airflow/dags/setup_retail_pipeline.py
[2026-05-03T10:46:00.252+0000] {processor.py:839} INFO - DAG(s) dict_keys(['setup_retail_pipeline']) retrieved from /opt/airflow/dags/setup_retail_pipeline.py
[2026-05-03T10:46:00.278+0000] {logging_mixin.py:151} INFO - [2026-05-03T10:46:00.278+0000] {dag.py:2915} INFO - Sync 1 DAGs
[2026-05-03T10:46:00.291+0000] {logging_mixin.py:151} INFO - [2026-05-03T10:46:00.291+0000] {dag.py:3696} INFO - Setting next_dagrun for setup_retail_pipeline to 2026-05-03T10:00:00+00:00, run_after=2026-05-03T11:00:00+00:00
[2026-05-03T10:46:00.298+0000] {processor.py:179} INFO - Processing /opt/airflow/dags/setup_retail_pipeline.py took 0.072 seconds
[2026-05-03T10:46:30.497+0000] {processor.py:157} INFO - Started process (PID=1748) to work on /opt/airflow/dags/setup_retail_pipeline.py
[2026-05-03T10:46:30.498+0000] {processor.py:829} INFO - Processing file /opt/airflow/dags/setup_retail_pipeline.py for tasks to queue
[2026-05-03T10:46:30.500+0000] {logging_mixin.py:151} INFO - [2026-05-03T10:46:30.499+0000] {dagbag.py:539} INFO - Filling up the DagBag from /opt/airflow/dags/setup_retail_pipeline.py
[2026-05-03T10:46:30.515+0000] {processor.py:839} INFO - DAG(s) dict_keys(['setup_retail_pipeline']) retrieved from /opt/airflow/dags/setup_retail_pipeline.py
[2026-05-03T10:46:30.547+0000] {logging_mixin.py:151} INFO - [2026-05-03T10:46:30.547+0000] {dag.py:2915} INFO - Sync 1 DAGs
[2026-05-03T10:46:30.567+0000] {logging_mixin.py:151} INFO - [2026-05-03T10:46:30.567+0000] {dag.py:3696} INFO - Setting next_dagrun for setup_retail_pipeline to 2026-05-03T10:00:00+00:00, run_after=2026-05-03T11:00:00+00:00
[2026-05-03T10:46:30.575+0000] {processor.py:179} INFO - Processing /opt/airflow/dags/setup_retail_pipeline.py took 0.093 seconds
[2026-05-03T10:47:00.828+0000] {processor.py:157} INFO - Started process (PID=1758) to work on /opt/airflow/dags/setup_retail_pipeline.py
[2026-05-03T10:47:00.829+0000] {processor.py:829} INFO - Processing file /opt/airflow/dags/setup_retail_pipeline.py for tasks to queue
[2026-05-03T10:47:00.830+0000] {logging_mixin.py:151} INFO - [2026-05-03T10:47:00.830+0000] {dagbag.py:539} INFO - Filling up the DagBag from /opt/airflow/dags/setup_retail_pipeline.py
[2026-05-03T10:47:00.844+0000] {processor.py:839} INFO - DAG(s) dict_keys(['setup_retail_pipeline']) retrieved from /opt/airflow/dags/setup_retail_pipeline.py
[2026-05-03T10:47:00.866+0000] {logging_mixin.py:151} INFO - [2026-05-03T10:47:00.866+0000] {dag.py:2915} INFO - Sync 1 DAGs
[2026-05-03T10:47:00.877+0000] {logging_mixin.py:151} INFO - [2026-05-03T10:47:00.877+0000] {dag.py:3696} INFO - Setting next_dagrun for setup_retail_pipeline to 2026-05-03T10:00:00+00:00, run_after=2026-05-03T11:00:00+00:00
[2026-05-03T10:47:00.885+0000] {processor.py:179} INFO - Processing /opt/airflow/dags/setup_retail_pipeline.py took 0.063 seconds
[2026-05-03T10:47:31.045+0000] {processor.py:157} INFO - Started process (PID=1768) to work on /opt/airflow/dags/setup_retail_pipeline.py
[2026-05-03T10:47:31.046+0000] {processor.py:829} INFO - Processing file /opt/airflow/dags/setup_retail_pipeline.py for tasks to queue
[2026-05-03T10:47:31.047+0000] {logging_mixin.py:151} INFO - [2026-05-03T10:47:31.047+0000] {dagbag.py:539} INFO - Filling up the DagBag from /opt/airflow/dags/setup_retail_pipeline.py
[2026-05-03T10:47:31.061+0000] {processor.py:839} INFO - DAG(s) dict_keys(['setup_retail_pipeline']) retrieved from /opt/airflow/dags/setup_retail_pipeline.py
[2026-05-03T10:47:31.082+0000] {logging_mixin.py:151} INFO - [2026-05-03T10:47:31.082+0000] {dag.py:2915} INFO - Sync 1 DAGs
[2026-05-03T10:47:31.092+0000] {logging_mixin.py:151} INFO - [2026-05-03T10:47:31.092+0000] {dag.py:3696} INFO - Setting next_dagrun for setup_retail_pipeline to 2026-05-03T10:00:00+00:00, run_after=2026-05-03T11:00:00+00:00
[2026-05-03T10:47:31.100+0000] {processor.py:179} INFO - Processing /opt/airflow/dags/setup_retail_pipeline.py took 0.060 seconds
[2026-05-03T10:48:01.374+0000] {processor.py:157} INFO - Started process (PID=1778) to work on /opt/airflow/dags/setup_retail_pipeline.py
[2026-05-03T10:48:01.376+0000] {processor.py:829} INFO - Processing file /opt/airflow/dags/setup_retail_pipeline.py for tasks to queue
[2026-05-03T10:48:01.379+0000] {logging_mixin.py:151} INFO - [2026-05-03T10:48:01.378+0000] {dagbag.py:539} INFO - Filling up the DagBag from /opt/airflow/dags/setup_retail_pipeline.py
[2026-05-03T10:48:01.394+0000] {processor.py:839} INFO - DAG(s) dict_keys(['setup_retail_pipeline']) retrieved from /opt/airflow/dags/setup_retail_pipeline.py
[2026-05-03T10:48:01.415+0000] {logging_mixin.py:151} INFO - [2026-05-03T10:48:01.415+0000] {dag.py:2915} INFO - Sync 1 DAGs
[2026-05-03T10:48:01.428+0000] {logging_mixin.py:151} INFO - [2026-05-03T10:48:01.428+0000] {dag.py:3696} INFO - Setting next_dagrun for setup_retail_pipeline to 2026-05-03T10:00:00+00:00, run_after=2026-05-03T11:00:00+00:00
[2026-05-03T10:48:01.435+0000] {processor.py:179} INFO - Processing /opt/airflow/dags/setup_retail_pipeline.py took 0.068 seconds
[2026-05-03T10:48:31.627+0000] {processor.py:157} INFO - Started process (PID=1788) to work on /opt/airflow/dags/setup_retail_pipeline.py
[2026-05-03T10:48:31.630+0000] {processor.py:829} INFO - Processing file /opt/airflow/dags/setup_retail_pipeline.py for tasks to queue
[2026-05-03T10:48:31.631+0000] {logging_mixin.py:151} INFO - [2026-05-03T10:48:31.631+0000] {dagbag.py:539} INFO - Filling up the DagBag from /opt/airflow/dags/setup_retail_pipeline.py
[2026-05-03T10:48:31.647+0000] {processor.py:839} INFO - DAG(s) dict_keys(['setup_retail_pipeline']) retrieved from /opt/airflow/dags/setup_retail_pipeline.py
[2026-05-03T10:48:31.663+0000] {logging_mixin.py:151} INFO - [2026-05-03T10:48:31.663+0000] {dag.py:2915} INFO - Sync 1 DAGs
[2026-05-03T10:48:31.674+0000] {logging_mixin.py:151} INFO - [2026-05-03T10:48:31.674+0000] {dag.py:3696} INFO - Setting next_dagrun for setup_retail_pipeline to 2026-05-03T10:00:00+00:00, run_after=2026-05-03T11:00:00+00:00
[2026-05-03T10:48:31.680+0000] {processor.py:179} INFO - Processing /opt/airflow/dags/setup_retail_pipeline.py took 0.057 seconds
[2026-05-03T10:49:01.930+0000] {processor.py:157} INFO - Started process (PID=1798) to work on /opt/airflow/dags/setup_retail_pipeline.py
[2026-05-03T10:49:01.932+0000] {processor.py:829} INFO - Processing file /opt/airflow/dags/setup_retail_pipeline.py for tasks to queue
[2026-05-03T10:49:01.933+0000] {logging_mixin.py:151} INFO - [2026-05-03T10:49:01.933+0000] {dagbag.py:539} INFO - Filling up the DagBag from /opt/airflow/dags/setup_retail_pipeline.py
[2026-05-03T10:49:01.949+0000] {processor.py:839} INFO - DAG(s) dict_keys(['setup_retail_pipeline']) retrieved from /opt/airflow/dags/setup_retail_pipeline.py
[2026-05-03T10:49:01.965+0000] {logging_mixin.py:151} INFO - [2026-05-03T10:49:01.965+0000] {dag.py:2915} INFO - Sync 1 DAGs
[2026-05-03T10:49:01.975+0000] {logging_mixin.py:151} INFO - [2026-05-03T10:49:01.975+0000] {dag.py:3696} INFO - Setting next_dagrun for setup_retail_pipeline to 2026-05-03T10:00:00+00:00, run_after=2026-05-03T11:00:00+00:00
[2026-05-03T10:49:01.982+0000] {processor.py:179} INFO - Processing /opt/airflow/dags/setup_retail_pipeline.py took 0.057 seconds
[2026-05-03T10:49:32.215+0000] {processor.py:157} INFO - Started process (PID=1808) to work on /opt/airflow/dags/setup_retail_pipeline.py
[2026-05-03T10:49:32.217+0000] {processor.py:829} INFO - Processing file /opt/airflow/dags/setup_retail_pipeline.py for tasks to queue
[2026-05-03T10:49:32.219+0000] {logging_mixin.py:151} INFO - [2026-05-03T10:49:32.218+0000] {dagbag.py:539} INFO - Filling up the DagBag from /opt/airflow/dags/setup_retail_pipeline.py
[2026-05-03T10:49:32.235+0000] {processor.py:839} INFO - DAG(s) dict_keys(['setup_retail_pipeline']) retrieved from /opt/airflow/dags/setup_retail_pipeline.py
[2026-05-03T10:49:32.270+0000] {logging_mixin.py:151} INFO - [2026-05-03T10:49:32.270+0000] {dag.py:2915} INFO - Sync 1 DAGs
[2026-05-03T10:49:32.283+0000] {logging_mixin.py:151} INFO - [2026-05-03T10:49:32.283+0000] {dag.py:3696} INFO - Setting next_dagrun for setup_retail_pipeline to 2026-05-03T10:00:00+00:00, run_after=2026-05-03T11:00:00+00:00
[2026-05-03T10:49:32.290+0000] {processor.py:179} INFO - Processing /opt/airflow/dags/setup_retail_pipeline.py took 0.081 seconds
[2026-05-03T10:50:02.472+0000] {processor.py:157} INFO - Started process (PID=1818) to work on /opt/airflow/dags/setup_retail_pipeline.py
[2026-05-03T10:50:02.476+0000] {processor.py:829} INFO - Processing file /opt/airflow/dags/setup_retail_pipeline.py for tasks to queue
[2026-05-03T10:50:02.477+0000] {logging_mixin.py:151} INFO - [2026-05-03T10:50:02.476+0000] {dagbag.py:539} INFO - Filling up the DagBag from /opt/airflow/dags/setup_retail_pipeline.py
[2026-05-03T10:50:02.494+0000] {processor.py:839} INFO - DAG(s) dict_keys(['setup_retail_pipeline']) retrieved from /opt/airflow/dags/setup_retail_pipeline.py
[2026-05-03T10:50:02.512+0000] {logging_mixin.py:151} INFO - [2026-05-03T10:50:02.512+0000] {dag.py:2915} INFO - Sync 1 DAGs
[2026-05-03T10:50:02.524+0000] {logging_mixin.py:151} INFO - [2026-05-03T10:50:02.524+0000] {dag.py:3696} INFO - Setting next_dagrun for setup_retail_pipeline to 2026-05-03T10:00:00+00:00, run_after=2026-05-03T11:00:00+00:00
[2026-05-03T10:50:02.530+0000] {processor.py:179} INFO - Processing /opt/airflow/dags/setup_retail_pipeline.py took 0.063 seconds
[2026-05-03T10:50:32.749+0000] {processor.py:157} INFO - Started process (PID=1828) to work on /opt/airflow/dags/setup_retail_pipeline.py
[2026-05-03T10:50:32.750+0000] {processor.py:829} INFO - Processing file /opt/airflow/dags/setup_retail_pipeline.py for tasks to queue
[2026-05-03T10:50:32.752+0000] {logging_mixin.py:151} INFO - [2026-05-03T10:50:32.752+0000] {dagbag.py:539} INFO - Filling up the DagBag from /opt/airflow/dags/setup_retail_pipeline.py
[2026-05-03T10:50:32.767+0000] {processor.py:839} INFO - DAG(s) dict_keys(['setup_retail_pipeline']) retrieved from /opt/airflow/dags/setup_retail_pipeline.py
[2026-05-03T10:50:32.792+0000] {logging_mixin.py:151} INFO - [2026-05-03T10:50:32.792+0000] {dag.py:2915} INFO - Sync 1 DAGs
[2026-05-03T10:50:32.804+0000] {logging_mixin.py:151} INFO - [2026-05-03T10:50:32.804+0000] {dag.py:3696} INFO - Setting next_dagrun for setup_retail_pipeline to 2026-05-03T10:00:00+00:00, run_after=2026-05-03T11:00:00+00:00
[2026-05-03T10:50:32.810+0000] {processor.py:179} INFO - Processing /opt/airflow/dags/setup_retail_pipeline.py took 0.069 seconds
[2026-05-03T10:51:02.980+0000] {processor.py:157} INFO - Started process (PID=1838) to work on /opt/airflow/dags/setup_retail_pipeline.py
[2026-05-03T10:51:02.983+0000] {processor.py:829} INFO - Processing file /opt/airflow/dags/setup_retail_pipeline.py for tasks to queue
[2026-05-03T10:51:02.984+0000] {logging_mixin.py:151} INFO - [2026-05-03T10:51:02.984+0000] {dagbag.py:539} INFO - Filling up the DagBag from /opt/airflow/dags/setup_retail_pipeline.py
[2026-05-03T10:51:03.001+0000] {processor.py:839} INFO - DAG(s) dict_keys(['setup_retail_pipeline']) retrieved from /opt/airflow/dags/setup_retail_pipeline.py
[2026-05-03T10:51:03.018+0000] {logging_mixin.py:151} INFO - [2026-05-03T10:51:03.018+0000] {dag.py:2915} INFO - Sync 1 DAGs
[2026-05-03T10:51:03.028+0000] {logging_mixin.py:151} INFO - [2026-05-03T10:51:03.028+0000] {dag.py:3696} INFO - Setting next_dagrun for setup_retail_pipeline to 2026-05-03T10:00:00+00:00, run_after=2026-05-03T11:00:00+00:00
[2026-05-03T10:51:03.034+0000] {processor.py:179} INFO - Processing /opt/airflow/dags/setup_retail_pipeline.py took 0.058 seconds
[2026-05-03T10:51:33.238+0000] {processor.py:157} INFO - Started process (PID=1848) to work on /opt/airflow/dags/setup_retail_pipeline.py
[2026-05-03T10:51:33.239+0000] {processor.py:829} INFO - Processing file /opt/airflow/dags/setup_retail_pipeline.py for tasks to queue
[2026-05-03T10:51:33.241+0000] {logging_mixin.py:151} INFO - [2026-05-03T10:51:33.241+0000] {dagbag.py:539} INFO - Filling up the DagBag from /opt/airflow/dags/setup_retail_pipeline.py
[2026-05-03T10:51:33.256+0000] {processor.py:839} INFO - DAG(s) dict_keys(['setup_retail_pipeline']) retrieved from /opt/airflow/dags/setup_retail_pipeline.py
[2026-05-03T10:51:33.275+0000] {logging_mixin.py:151} INFO - [2026-05-03T10:51:33.275+0000] {dag.py:2915} INFO - Sync 1 DAGs
[2026-05-03T10:51:33.286+0000] {logging_mixin.py:151} INFO - [2026-05-03T10:51:33.285+0000] {dag.py:3696} INFO - Setting next_dagrun for setup_retail_pipeline to 2026-05-03T10:00:00+00:00, run_after=2026-05-03T11:00:00+00:00
[2026-05-03T10:51:33.292+0000] {processor.py:179} INFO - Processing /opt/airflow/dags/setup_retail_pipeline.py took 0.061 seconds
[2026-05-03T10:52:03.510+0000] {processor.py:157} INFO - Started process (PID=1858) to work on /opt/airflow/dags/setup_retail_pipeline.py
[2026-05-03T10:52:03.512+0000] {processor.py:829} INFO - Processing file /opt/airflow/dags/setup_retail_pipeline.py for tasks to queue
[2026-05-03T10:52:03.513+0000] {logging_mixin.py:151} INFO - [2026-05-03T10:52:03.512+0000] {dagbag.py:539} INFO - Filling up the DagBag from /opt/airflow/dags/setup_retail_pipeline.py
[2026-05-03T10:52:03.529+0000] {processor.py:839} INFO - DAG(s) dict_keys(['setup_retail_pipeline']) retrieved from /opt/airflow/dags/setup_retail_pipeline.py
[2026-05-03T10:52:03.557+0000] {logging_mixin.py:151} INFO - [2026-05-03T10:52:03.557+0000] {dag.py:2915} INFO - Sync 1 DAGs
[2026-05-03T10:52:03.569+0000] {logging_mixin.py:151} INFO - [2026-05-03T10:52:03.569+0000] {dag.py:3696} INFO - Setting next_dagrun for setup_retail_pipeline to 2026-05-03T10:00:00+00:00, run_after=2026-05-03T11:00:00+00:00
[2026-05-03T10:52:03.576+0000] {processor.py:179} INFO - Processing /opt/airflow/dags/setup_retail_pipeline.py took 0.073 seconds
[2026-05-03T10:52:33.801+0000] {processor.py:157} INFO - Started process (PID=1868) to work on /opt/airflow/dags/setup_retail_pipeline.py
[2026-05-03T10:52:33.802+0000] {processor.py:829} INFO - Processing file /opt/airflow/dags/setup_retail_pipeline.py for tasks to queue
[2026-05-03T10:52:33.803+0000] {logging_mixin.py:151} INFO - [2026-05-03T10:52:33.803+0000] {dagbag.py:539} INFO - Filling up the DagBag from /opt/airflow/dags/setup_retail_pipeline.py
[2026-05-03T10:52:33.825+0000] {processor.py:839} INFO - DAG(s) dict_keys(['setup_retail_pipeline']) retrieved from /opt/airflow/dags/setup_retail_pipeline.py
[2026-05-03T10:52:33.847+0000] {logging_mixin.py:151} INFO - [2026-05-03T10:52:33.847+0000] {dag.py:2915} INFO - Sync 1 DAGs
[2026-05-03T10:52:33.860+0000] {logging_mixin.py:151} INFO - [2026-05-03T10:52:33.860+0000] {dag.py:3696} INFO - Setting next_dagrun for setup_retail_pipeline to 2026-05-03T10:00:00+00:00, run_after=2026-05-03T11:00:00+00:00
[2026-05-03T10:52:33.868+0000] {processor.py:179} INFO - Processing /opt/airflow/dags/setup_retail_pipeline.py took 0.074 seconds
[2026-05-03T10:53:04.120+0000] {processor.py:157} INFO - Started process (PID=1878) to work on /opt/airflow/dags/setup_retail_pipeline.py
[2026-05-03T10:53:04.121+0000] {processor.py:829} INFO - Processing file /opt/airflow/dags/setup_retail_pipeline.py for tasks to queue
[2026-05-03T10:53:04.122+0000] {logging_mixin.py:151} INFO - [2026-05-03T10:53:04.122+0000] {dagbag.py:539} INFO - Filling up the DagBag from /opt/airflow/dags/setup_retail_pipeline.py
[2026-05-03T10:53:04.138+0000] {processor.py:839} INFO - DAG(s) dict_keys(['setup_retail_pipeline']) retrieved from /opt/airflow/dags/setup_retail_pipeline.py
[2026-05-03T10:53:04.159+0000] {logging_mixin.py:151} INFO - [2026-05-03T10:53:04.159+0000] {dag.py:2915} INFO - Sync 1 DAGs
[2026-05-03T10:53:04.171+0000] {logging_mixin.py:151} INFO - [2026-05-03T10:53:04.171+0000] {dag.py:3696} INFO - Setting next_dagrun for setup_retail_pipeline to 2026-05-03T10:00:00+00:00, run_after=2026-05-03T11:00:00+00:00
[2026-05-03T10:53:04.177+0000] {processor.py:179} INFO - Processing /opt/airflow/dags/setup_retail_pipeline.py took 0.063 seconds
[2026-05-03T10:53:34.390+0000] {processor.py:157} INFO - Started process (PID=1888) to work on /opt/airflow/dags/setup_retail_pipeline.py
[2026-05-03T10:53:34.391+0000] {processor.py:829} INFO - Processing file /opt/airflow/dags/setup_retail_pipeline.py for tasks to queue
[2026-05-03T10:53:34.392+0000] {logging_mixin.py:151} INFO - [2026-05-03T10:53:34.392+0000] {dagbag.py:539} INFO - Filling up the DagBag from /opt/airflow/dags/setup_retail_pipeline.py
[2026-05-03T10:53:34.408+0000] {processor.py:839} INFO - DAG(s) dict_keys(['setup_retail_pipeline']) retrieved from /opt/airflow/dags/setup_retail_pipeline.py
[2026-05-03T10:53:34.430+0000] {logging_mixin.py:151} INFO - [2026-05-03T10:53:34.430+0000] {dag.py:2915} INFO - Sync 1 DAGs
[2026-05-03T10:53:34.439+0000] {logging_mixin.py:151} INFO - [2026-05-03T10:53:34.439+0000] {dag.py:3696} INFO - Setting next_dagrun for setup_retail_pipeline to 2026-05-03T10:00:00+00:00, run_after=2026-05-03T11:00:00+00:00
[2026-05-03T10:53:34.444+0000] {processor.py:179} INFO - Processing /opt/airflow/dags/setup_retail_pipeline.py took 0.065 seconds
[2026-05-03T10:54:04.639+0000] {processor.py:157} INFO - Started process (PID=1898) to work on /opt/airflow/dags/setup_retail_pipeline.py
[2026-05-03T10:54:04.641+0000] {processor.py:829} INFO - Processing file /opt/airflow/dags/setup_retail_pipeline.py for tasks to queue
[2026-05-03T10:54:04.642+0000] {logging_mixin.py:151} INFO - [2026-05-03T10:54:04.641+0000] {dagbag.py:539} INFO - Filling up the DagBag from /opt/airflow/dags/setup_retail_pipeline.py
[2026-05-03T10:54:04.657+0000] {processor.py:839} INFO - DAG(s) dict_keys(['setup_retail_pipeline']) retrieved from /opt/airflow/dags/setup_retail_pipeline.py
[2026-05-03T10:54:04.689+0000] {logging_mixin.py:151} INFO - [2026-05-03T10:54:04.689+0000] {dag.py:2915} INFO - Sync 1 DAGs
[2026-05-03T10:54:04.703+0000] {logging_mixin.py:151} INFO - [2026-05-03T10:54:04.703+0000] {dag.py:3696} INFO - Setting next_dagrun for setup_retail_pipeline to 2026-05-03T10:00:00+00:00, run_after=2026-05-03T11:00:00+00:00
[2026-05-03T10:54:04.711+0000] {processor.py:179} INFO - Processing /opt/airflow/dags/setup_retail_pipeline.py took 0.077 seconds
[2026-05-03T10:54:34.905+0000] {processor.py:157} INFO - Started process (PID=1908) to work on /opt/airflow/dags/setup_retail_pipeline.py
[2026-05-03T10:54:34.906+0000] {processor.py:829} INFO - Processing file /opt/airflow/dags/setup_retail_pipeline.py for tasks to queue
[2026-05-03T10:54:34.908+0000] {logging_mixin.py:151} INFO - [2026-05-03T10:54:34.907+0000] {dagbag.py:539} INFO - Filling up the DagBag from /opt/airflow/dags/setup_retail_pipeline.py
[2026-05-03T10:54:34.924+0000] {processor.py:839} INFO - DAG(s) dict_keys(['setup_retail_pipeline']) retrieved from /opt/airflow/dags/setup_retail_pipeline.py
[2026-05-03T10:54:34.942+0000] {logging_mixin.py:151} INFO - [2026-05-03T10:54:34.942+0000] {dag.py:2915} INFO - Sync 1 DAGs
[2026-05-03T10:54:34.953+0000] {logging_mixin.py:151} INFO - [2026-05-03T10:54:34.953+0000] {dag.py:3696} INFO - Setting next_dagrun for setup_retail_pipeline to 2026-05-03T10:00:00+00:00, run_after=2026-05-03T11:00:00+00:00
[2026-05-03T10:54:34.960+0000] {processor.py:179} INFO - Processing /opt/airflow/dags/setup_retail_pipeline.py took 0.061 seconds
[2026-05-03T10:55:05.160+0000] {processor.py:157} INFO - Started process (PID=1918) to work on /opt/airflow/dags/setup_retail_pipeline.py
[2026-05-03T10:55:05.162+0000] {processor.py:829} INFO - Processing file /opt/airflow/dags/setup_retail_pipeline.py for tasks to queue
[2026-05-03T10:55:05.164+0000] {logging_mixin.py:151} INFO - [2026-05-03T10:55:05.163+0000] {dagbag.py:539} INFO - Filling up the DagBag from /opt/airflow/dags/setup_retail_pipeline.py
[2026-05-03T10:55:05.178+0000] {processor.py:839} INFO - DAG(s) dict_keys(['setup_retail_pipeline']) retrieved from /opt/airflow/dags/setup_retail_pipeline.py
[2026-05-03T10:55:05.199+0000] {logging_mixin.py:151} INFO - [2026-05-03T10:55:05.199+0000] {dag.py:2915} INFO - Sync 1 DAGs
[2026-05-03T10:55:05.214+0000] {logging_mixin.py:151} INFO - [2026-05-03T10:55:05.214+0000] {dag.py:3696} INFO - Setting next_dagrun for setup_retail_pipeline to 2026-05-03T10:00:00+00:00, run_after=2026-05-03T11:00:00+00:00
[2026-05-03T10:55:05.223+0000] {processor.py:179} INFO - Processing /opt/airflow/dags/setup_retail_pipeline.py took 0.069 seconds
[2026-05-03T10:55:35.414+0000] {processor.py:157} INFO - Started process (PID=1928) to work on /opt/airflow/dags/setup_retail_pipeline.py
[2026-05-03T10:55:35.416+0000] {processor.py:829} INFO - Processing file /opt/airflow/dags/setup_retail_pipeline.py for tasks to queue
[2026-05-03T10:55:35.417+0000] {logging_mixin.py:151} INFO - [2026-05-03T10:55:35.417+0000] {dagbag.py:539} INFO - Filling up the DagBag from /opt/airflow/dags/setup_retail_pipeline.py
[2026-05-03T10:55:35.433+0000] {processor.py:839} INFO - DAG(s) dict_keys(['setup_retail_pipeline']) retrieved from /opt/airflow/dags/setup_retail_pipeline.py
[2026-05-03T10:55:35.452+0000] {logging_mixin.py:151} INFO - [2026-05-03T10:55:35.452+0000] {dag.py:2915} INFO - Sync 1 DAGs
[2026-05-03T10:55:35.463+0000] {logging_mixin.py:151} INFO - [2026-05-03T10:55:35.463+0000] {dag.py:3696} INFO - Setting next_dagrun for setup_retail_pipeline to 2026-05-03T10:00:00+00:00, run_after=2026-05-03T11:00:00+00:00
[2026-05-03T10:55:35.469+0000] {processor.py:179} INFO - Processing /opt/airflow/dags/setup_retail_pipeline.py took 0.061 seconds
[2026-05-03T10:56:05.671+0000] {processor.py:157} INFO - Started process (PID=1938) to work on /opt/airflow/dags/setup_retail_pipeline.py
[2026-05-03T10:56:05.672+0000] {processor.py:829} INFO - Processing file /opt/airflow/dags/setup_retail_pipeline.py for tasks to queue
[2026-05-03T10:56:05.674+0000] {logging_mixin.py:151} INFO - [2026-05-03T10:56:05.673+0000] {dagbag.py:539} INFO - Filling up the DagBag from /opt/airflow/dags/setup_retail_pipeline.py
[2026-05-03T10:56:05.687+0000] {processor.py:839} INFO - DAG(s) dict_keys(['setup_retail_pipeline']) retrieved from /opt/airflow/dags/setup_retail_pipeline.py
[2026-05-03T10:56:05.704+0000] {logging_mixin.py:151} INFO - [2026-05-03T10:56:05.704+0000] {dag.py:2915} INFO - Sync 1 DAGs
[2026-05-03T10:56:05.713+0000] {logging_mixin.py:151} INFO - [2026-05-03T10:56:05.713+0000] {dag.py:3696} INFO - Setting next_dagrun for setup_retail_pipeline to 2026-05-03T10:00:00+00:00, run_after=2026-05-03T11:00:00+00:00
[2026-05-03T10:56:05.719+0000] {processor.py:179} INFO - Processing /opt/airflow/dags/setup_retail_pipeline.py took 0.051 seconds
[2026-05-03T10:56:35.959+0000] {processor.py:157} INFO - Started process (PID=1948) to work on /opt/airflow/dags/setup_retail_pipeline.py
[2026-05-03T10:56:35.962+0000] {processor.py:829} INFO - Processing file /opt/airflow/dags/setup_retail_pipeline.py for tasks to queue
[2026-05-03T10:56:35.963+0000] {logging_mixin.py:151} INFO - [2026-05-03T10:56:35.963+0000] {dagbag.py:539} INFO - Filling up the DagBag from /opt/airflow/dags/setup_retail_pipeline.py
[2026-05-03T10:56:35.979+0000] {processor.py:839} INFO - DAG(s) dict_keys(['setup_retail_pipeline']) retrieved from /opt/airflow/dags/setup_retail_pipeline.py
[2026-05-03T10:56:35.999+0000] {logging_mixin.py:151} INFO - [2026-05-03T10:56:35.999+0000] {dag.py:2915} INFO - Sync 1 DAGs
[2026-05-03T10:56:36.010+0000] {logging_mixin.py:151} INFO - [2026-05-03T10:56:36.010+0000] {dag.py:3696} INFO - Setting next_dagrun for setup_retail_pipeline to 2026-05-03T10:00:00+00:00, run_after=2026-05-03T11:00:00+00:00
[2026-05-03T10:56:36.017+0000] {processor.py:179} INFO - Processing /opt/airflow/dags/setup_retail_pipeline.py took 0.063 seconds
[2026-05-03T10:57:06.222+0000] {processor.py:157} INFO - Started process (PID=1958) to work on /opt/airflow/dags/setup_retail_pipeline.py
[2026-05-03T10:57:06.223+0000] {processor.py:829} INFO - Processing file /opt/airflow/dags/setup_retail_pipeline.py for tasks to queue
[2026-05-03T10:57:06.225+0000] {logging_mixin.py:151} INFO - [2026-05-03T10:57:06.224+0000] {dagbag.py:539} INFO - Filling up the DagBag from /opt/airflow/dags/setup_retail_pipeline.py
[2026-05-03T10:57:06.238+0000] {processor.py:839} INFO - DAG(s) dict_keys(['setup_retail_pipeline']) retrieved from /opt/airflow/dags/setup_retail_pipeline.py
[2026-05-03T10:57:06.255+0000] {logging_mixin.py:151} INFO - [2026-05-03T10:57:06.255+0000] {dag.py:2915} INFO - Sync 1 DAGs
[2026-05-03T10:57:06.265+0000] {logging_mixin.py:151} INFO - [2026-05-03T10:57:06.265+0000] {dag.py:3696} INFO - Setting next_dagrun for setup_retail_pipeline to 2026-05-03T10:00:00+00:00, run_after=2026-05-03T11:00:00+00:00
[2026-05-03T10:57:06.271+0000] {processor.py:179} INFO - Processing /opt/airflow/dags/setup_retail_pipeline.py took 0.056 seconds
[2026-05-03T10:57:36.483+0000] {processor.py:157} INFO - Started process (PID=1968) to work on /opt/airflow/dags/setup_retail_pipeline.py
[2026-05-03T10:57:36.484+0000] {processor.py:829} INFO - Processing file /opt/airflow/dags/setup_retail_pipeline.py for tasks to queue
[2026-05-03T10:57:36.485+0000] {logging_mixin.py:151} INFO - [2026-05-03T10:57:36.485+0000] {dagbag.py:539} INFO - Filling up the DagBag from /opt/airflow/dags/setup_retail_pipeline.py
[2026-05-03T10:57:36.498+0000] {processor.py:839} INFO - DAG(s) dict_keys(['setup_retail_pipeline']) retrieved from /opt/airflow/dags/setup_retail_pipeline.py
[2026-05-03T10:57:36.517+0000] {logging_mixin.py:151} INFO - [2026-05-03T10:57:36.517+0000] {dag.py:2915} INFO - Sync 1 DAGs
[2026-05-03T10:57:36.528+0000] {logging_mixin.py:151} INFO - [2026-05-03T10:57:36.528+0000] {dag.py:3696} INFO - Setting next_dagrun for setup_retail_pipeline to 2026-05-03T10:00:00+00:00, run_after=2026-05-03T11:00:00+00:00
[2026-05-03T10:57:36.535+0000] {processor.py:179} INFO - Processing /opt/airflow/dags/setup_retail_pipeline.py took 0.057 seconds
[2026-05-03T10:58:06.788+0000] {processor.py:157} INFO - Started process (PID=1978) to work on /opt/airflow/dags/setup_retail_pipeline.py
[2026-05-03T10:58:06.789+0000] {processor.py:829} INFO - Processing file /opt/airflow/dags/setup_retail_pipeline.py for tasks to queue
[2026-05-03T10:58:06.791+0000] {logging_mixin.py:151} INFO - [2026-05-03T10:58:06.790+0000] {dagbag.py:539} INFO - Filling up the DagBag from /opt/airflow/dags/setup_retail_pipeline.py
[2026-05-03T10:58:06.811+0000] {processor.py:839} INFO - DAG(s) dict_keys(['setup_retail_pipeline']) retrieved from /opt/airflow/dags/setup_retail_pipeline.py
[2026-05-03T10:58:06.843+0000] {logging_mixin.py:151} INFO - [2026-05-03T10:58:06.843+0000] {dag.py:2915} INFO - Sync 1 DAGs
[2026-05-03T10:58:06.857+0000] {logging_mixin.py:151} INFO - [2026-05-03T10:58:06.856+0000] {dag.py:3696} INFO - Setting next_dagrun for setup_retail_pipeline to 2026-05-03T10:00:00+00:00, run_after=2026-05-03T11:00:00+00:00
[2026-05-03T10:58:06.865+0000] {processor.py:179} INFO - Processing /opt/airflow/dags/setup_retail_pipeline.py took 0.085 seconds
[2026-05-03T10:58:37.093+0000] {processor.py:157} INFO - Started process (PID=1988) to work on /opt/airflow/dags/setup_retail_pipeline.py
[2026-05-03T10:58:37.094+0000] {processor.py:829} INFO - Processing file /opt/airflow/dags/setup_retail_pipeline.py for tasks to queue
[2026-05-03T10:58:37.095+0000] {logging_mixin.py:151} INFO - [2026-05-03T10:58:37.095+0000] {dagbag.py:539} INFO - Filling up the DagBag from /opt/airflow/dags/setup_retail_pipeline.py
[2026-05-03T10:58:37.114+0000] {processor.py:839} INFO - DAG(s) dict_keys(['setup_retail_pipeline']) retrieved from /opt/airflow/dags/setup_retail_pipeline.py
[2026-05-03T10:58:37.132+0000] {logging_mixin.py:151} INFO - [2026-05-03T10:58:37.132+0000] {dag.py:2915} INFO - Sync 1 DAGs
[2026-05-03T10:58:37.142+0000] {logging_mixin.py:151} INFO - [2026-05-03T10:58:37.142+0000] {dag.py:3696} INFO - Setting next_dagrun for setup_retail_pipeline to 2026-05-03T10:00:00+00:00, run_after=2026-05-03T11:00:00+00:00
[2026-05-03T10:58:37.148+0000] {processor.py:179} INFO - Processing /opt/airflow/dags/setup_retail_pipeline.py took 0.059 seconds
[2026-05-03T10:59:07.368+0000] {processor.py:157} INFO - Started process (PID=1998) to work on /opt/airflow/dags/setup_retail_pipeline.py
[2026-05-03T10:59:07.370+0000] {processor.py:829} INFO - Processing file /opt/airflow/dags/setup_retail_pipeline.py for tasks to queue
[2026-05-03T10:59:07.371+0000] {logging_mixin.py:151} INFO - [2026-05-03T10:59:07.371+0000] {dagbag.py:539} INFO - Filling up the DagBag from /opt/airflow/dags/setup_retail_pipeline.py
[2026-05-03T10:59:07.389+0000] {processor.py:839} INFO - DAG(s) dict_keys(['setup_retail_pipeline']) retrieved from /opt/airflow/dags/setup_retail_pipeline.py
[2026-05-03T10:59:07.407+0000] {logging_mixin.py:151} INFO - [2026-05-03T10:59:07.407+0000] {dag.py:2915} INFO - Sync 1 DAGs
[2026-05-03T10:59:07.417+0000] {logging_mixin.py:151} INFO - [2026-05-03T10:59:07.417+0000] {dag.py:3696} INFO - Setting next_dagrun for setup_retail_pipeline to 2026-05-03T10:00:00+00:00, run_after=2026-05-03T11:00:00+00:00
[2026-05-03T10:59:07.423+0000] {processor.py:179} INFO - Processing /opt/airflow/dags/setup_retail_pipeline.py took 0.060 seconds
[2026-05-03T10:59:37.663+0000] {processor.py:157} INFO - Started process (PID=2008) to work on /opt/airflow/dags/setup_retail_pipeline.py
[2026-05-03T10:59:37.665+0000] {processor.py:829} INFO - Processing file /opt/airflow/dags/setup_retail_pipeline.py for tasks to queue
[2026-05-03T10:59:37.668+0000] {logging_mixin.py:151} INFO - [2026-05-03T10:59:37.667+0000] {dagbag.py:539} INFO - Filling up the DagBag from /opt/airflow/dags/setup_retail_pipeline.py
[2026-05-03T10:59:37.684+0000] {processor.py:839} INFO - DAG(s) dict_keys(['setup_retail_pipeline']) retrieved from /opt/airflow/dags/setup_retail_pipeline.py
[2026-05-03T10:59:37.716+0000] {logging_mixin.py:151} INFO - [2026-05-03T10:59:37.716+0000] {dag.py:2915} INFO - Sync 1 DAGs
[2026-05-03T10:59:37.727+0000] {logging_mixin.py:151} INFO - [2026-05-03T10:59:37.727+0000] {dag.py:3696} INFO - Setting next_dagrun for setup_retail_pipeline to 2026-05-03T10:00:00+00:00, run_after=2026-05-03T11:00:00+00:00
[2026-05-03T10:59:37.735+0000] {processor.py:179} INFO - Processing /opt/airflow/dags/setup_retail_pipeline.py took 0.076 seconds
[2026-05-03T11:00:07.984+0000] {processor.py:157} INFO - Started process (PID=2062) to work on /opt/airflow/dags/setup_retail_pipeline.py
[2026-05-03T11:00:07.984+0000] {processor.py:829} INFO - Processing file /opt/airflow/dags/setup_retail_pipeline.py for tasks to queue
[2026-05-03T11:00:07.985+0000] {logging_mixin.py:151} INFO - [2026-05-03T11:00:07.985+0000] {dagbag.py:539} INFO - Filling up the DagBag from /opt/airflow/dags/setup_retail_pipeline.py
[2026-05-03T11:00:08.004+0000] {processor.py:839} INFO - DAG(s) dict_keys(['setup_retail_pipeline']) retrieved from /opt/airflow/dags/setup_retail_pipeline.py
[2026-05-03T11:00:08.023+0000] {logging_mixin.py:151} INFO - [2026-05-03T11:00:08.023+0000] {dag.py:2915} INFO - Sync 1 DAGs
[2026-05-03T11:00:08.042+0000] {processor.py:179} INFO - Processing /opt/airflow/dags/setup_retail_pipeline.py took 0.068 seconds
[2026-05-03T11:00:38.153+0000] {processor.py:157} INFO - Started process (PID=2111) to work on /opt/airflow/dags/setup_retail_pipeline.py
[2026-05-03T11:00:38.154+0000] {processor.py:829} INFO - Processing file /opt/airflow/dags/setup_retail_pipeline.py for tasks to queue
[2026-05-03T11:00:38.154+0000] {logging_mixin.py:151} INFO - [2026-05-03T11:00:38.154+0000] {dagbag.py:539} INFO - Filling up the DagBag from /opt/airflow/dags/setup_retail_pipeline.py
[2026-05-03T11:00:38.163+0000] {processor.py:839} INFO - DAG(s) dict_keys(['setup_retail_pipeline']) retrieved from /opt/airflow/dags/setup_retail_pipeline.py
[2026-05-03T11:00:38.177+0000] {logging_mixin.py:151} INFO - [2026-05-03T11:00:38.177+0000] {dag.py:2915} INFO - Sync 1 DAGs
[2026-05-03T11:00:38.192+0000] {processor.py:179} INFO - Processing /opt/airflow/dags/setup_retail_pipeline.py took 0.041 seconds
[2026-05-03T11:01:08.474+0000] {processor.py:157} INFO - Started process (PID=2121) to work on /opt/airflow/dags/setup_retail_pipeline.py
[2026-05-03T11:01:08.477+0000] {processor.py:829} INFO - Processing file /opt/airflow/dags/setup_retail_pipeline.py for tasks to queue
[2026-05-03T11:01:08.478+0000] {logging_mixin.py:151} INFO - [2026-05-03T11:01:08.477+0000] {dagbag.py:539} INFO - Filling up the DagBag from /opt/airflow/dags/setup_retail_pipeline.py
[2026-05-03T11:01:08.493+0000] {processor.py:839} INFO - DAG(s) dict_keys(['setup_retail_pipeline']) retrieved from /opt/airflow/dags/setup_retail_pipeline.py
[2026-05-03T11:01:08.519+0000] {logging_mixin.py:151} INFO - [2026-05-03T11:01:08.519+0000] {dag.py:2915} INFO - Sync 1 DAGs
[2026-05-03T11:01:08.529+0000] {logging_mixin.py:151} INFO - [2026-05-03T11:01:08.529+0000] {dag.py:3696} INFO - Setting next_dagrun for setup_retail_pipeline to 2026-05-03T11:00:00+00:00, run_after=2026-05-03T12:00:00+00:00
[2026-05-03T11:01:08.537+0000] {processor.py:179} INFO - Processing /opt/airflow/dags/setup_retail_pipeline.py took 0.070 seconds
[2026-05-03T11:01:38.754+0000] {processor.py:157} INFO - Started process (PID=2131) to work on /opt/airflow/dags/setup_retail_pipeline.py
[2026-05-03T11:01:38.755+0000] {processor.py:829} INFO - Processing file /opt/airflow/dags/setup_retail_pipeline.py for tasks to queue
[2026-05-03T11:01:38.757+0000] {logging_mixin.py:151} INFO - [2026-05-03T11:01:38.756+0000] {dagbag.py:539} INFO - Filling up the DagBag from /opt/airflow/dags/setup_retail_pipeline.py
[2026-05-03T11:01:38.772+0000] {processor.py:839} INFO - DAG(s) dict_keys(['setup_retail_pipeline']) retrieved from /opt/airflow/dags/setup_retail_pipeline.py
[2026-05-03T11:01:38.788+0000] {logging_mixin.py:151} INFO - [2026-05-03T11:01:38.788+0000] {dag.py:2915} INFO - Sync 1 DAGs
[2026-05-03T11:01:38.797+0000] {logging_mixin.py:151} INFO - [2026-05-03T11:01:38.797+0000] {dag.py:3696} INFO - Setting next_dagrun for setup_retail_pipeline to 2026-05-03T11:00:00+00:00, run_after=2026-05-03T12:00:00+00:00
[2026-05-03T11:01:38.803+0000] {processor.py:179} INFO - Processing /opt/airflow/dags/setup_retail_pipeline.py took 0.053 seconds
[2026-05-03T11:02:09.074+0000] {processor.py:157} INFO - Started process (PID=2141) to work on /opt/airflow/dags/setup_retail_pipeline.py
[2026-05-03T11:02:09.075+0000] {processor.py:829} INFO - Processing file /opt/airflow/dags/setup_retail_pipeline.py for tasks to queue
[2026-05-03T11:02:09.076+0000] {logging_mixin.py:151} INFO - [2026-05-03T11:02:09.076+0000] {dagbag.py:539} INFO - Filling up the DagBag from /opt/airflow/dags/setup_retail_pipeline.py
[2026-05-03T11:02:09.094+0000] {processor.py:839} INFO - DAG(s) dict_keys(['setup_retail_pipeline']) retrieved from /opt/airflow/dags/setup_retail_pipeline.py
[2026-05-03T11:02:09.129+0000] {logging_mixin.py:151} INFO - [2026-05-03T11:02:09.129+0000] {dag.py:2915} INFO - Sync 1 DAGs
[2026-05-03T11:02:09.148+0000] {logging_mixin.py:151} INFO - [2026-05-03T11:02:09.148+0000] {dag.py:3696} INFO - Setting next_dagrun for setup_retail_pipeline to 2026-05-03T11:00:00+00:00, run_after=2026-05-03T12:00:00+00:00
[2026-05-03T11:02:09.156+0000] {processor.py:179} INFO - Processing /opt/airflow/dags/setup_retail_pipeline.py took 0.089 seconds
[2026-05-03T11:02:39.319+0000] {processor.py:157} INFO - Started process (PID=2151) to work on /opt/airflow/dags/setup_retail_pipeline.py
[2026-05-03T11:02:39.320+0000] {processor.py:829} INFO - Processing file /opt/airflow/dags/setup_retail_pipeline.py for tasks to queue
[2026-05-03T11:02:39.321+0000] {logging_mixin.py:151} INFO - [2026-05-03T11:02:39.321+0000] {dagbag.py:539} INFO - Filling up the DagBag from /opt/airflow/dags/setup_retail_pipeline.py
[2026-05-03T11:02:39.336+0000] {processor.py:839} INFO - DAG(s) dict_keys(['setup_retail_pipeline']) retrieved from /opt/airflow/dags/setup_retail_pipeline.py
[2026-05-03T11:02:39.352+0000] {logging_mixin.py:151} INFO - [2026-05-03T11:02:39.352+0000] {dag.py:2915} INFO - Sync 1 DAGs
[2026-05-03T11:02:39.362+0000] {logging_mixin.py:151} INFO - [2026-05-03T11:02:39.361+0000] {dag.py:3696} INFO - Setting next_dagrun for setup_retail_pipeline to 2026-05-03T11:00:00+00:00, run_after=2026-05-03T12:00:00+00:00
[2026-05-03T11:02:39.368+0000] {processor.py:179} INFO - Processing /opt/airflow/dags/setup_retail_pipeline.py took 0.053 seconds
[2026-05-03T11:03:09.652+0000] {processor.py:157} INFO - Started process (PID=2161) to work on /opt/airflow/dags/setup_retail_pipeline.py
[2026-05-03T11:03:09.653+0000] {processor.py:829} INFO - Processing file /opt/airflow/dags/setup_retail_pipeline.py for tasks to queue
[2026-05-03T11:03:09.654+0000] {logging_mixin.py:151} INFO - [2026-05-03T11:03:09.654+0000] {dagbag.py:539} INFO - Filling up the DagBag from /opt/airflow/dags/setup_retail_pipeline.py
[2026-05-03T11:03:09.679+0000] {processor.py:839} INFO - DAG(s) dict_keys(['setup_retail_pipeline']) retrieved from /opt/airflow/dags/setup_retail_pipeline.py
[2026-05-03T11:03:09.701+0000] {logging_mixin.py:151} INFO - [2026-05-03T11:03:09.701+0000] {dag.py:2915} INFO - Sync 1 DAGs
[2026-05-03T11:03:09.711+0000] {logging_mixin.py:151} INFO - [2026-05-03T11:03:09.711+0000] {dag.py:3696} INFO - Setting next_dagrun for setup_retail_pipeline to 2026-05-03T11:00:00+00:00, run_after=2026-05-03T12:00:00+00:00
[2026-05-03T11:03:09.719+0000] {processor.py:179} INFO - Processing /opt/airflow/dags/setup_retail_pipeline.py took 0.079 seconds
[2026-05-03T11:03:39.928+0000] {processor.py:157} INFO - Started process (PID=2171) to work on /opt/airflow/dags/setup_retail_pipeline.py
[2026-05-03T11:03:39.930+0000] {processor.py:829} INFO - Processing file /opt/airflow/dags/setup_retail_pipeline.py for tasks to queue
[2026-05-03T11:03:39.931+0000] {logging_mixin.py:151} INFO - [2026-05-03T11:03:39.931+0000] {dagbag.py:539} INFO - Filling up the DagBag from /opt/airflow/dags/setup_retail_pipeline.py
[2026-05-03T11:03:39.947+0000] {processor.py:839} INFO - DAG(s) dict_keys(['setup_retail_pipeline']) retrieved from /opt/airflow/dags/setup_retail_pipeline.py
[2026-05-03T11:03:39.967+0000] {logging_mixin.py:151} INFO - [2026-05-03T11:03:39.966+0000] {dag.py:2915} INFO - Sync 1 DAGs
[2026-05-03T11:03:39.976+0000] {logging_mixin.py:151} INFO - [2026-05-03T11:03:39.976+0000] {dag.py:3696} INFO - Setting next_dagrun for setup_retail_pipeline to 2026-05-03T11:00:00+00:00, run_after=2026-05-03T12:00:00+00:00
[2026-05-03T11:03:39.982+0000] {processor.py:179} INFO - Processing /opt/airflow/dags/setup_retail_pipeline.py took 0.058 seconds
[2026-05-03T11:04:10.245+0000] {processor.py:157} INFO - Started process (PID=2181) to work on /opt/airflow/dags/setup_retail_pipeline.py
[2026-05-03T11:04:10.246+0000] {processor.py:829} INFO - Processing file /opt/airflow/dags/setup_retail_pipeline.py for tasks to queue
[2026-05-03T11:04:10.247+0000] {logging_mixin.py:151} INFO - [2026-05-03T11:04:10.246+0000] {dagbag.py:539} INFO - Filling up the DagBag from /opt/airflow/dags/setup_retail_pipeline.py
[2026-05-03T11:04:10.271+0000] {processor.py:839} INFO - DAG(s) dict_keys(['setup_retail_pipeline']) retrieved from /opt/airflow/dags/setup_retail_pipeline.py
[2026-05-03T11:04:10.291+0000] {logging_mixin.py:151} INFO - [2026-05-03T11:04:10.291+0000] {dag.py:2915} INFO - Sync 1 DAGs
[2026-05-03T11:04:10.305+0000] {logging_mixin.py:151} INFO - [2026-05-03T11:04:10.305+0000] {dag.py:3696} INFO - Setting next_dagrun for setup_retail_pipeline to 2026-05-03T11:00:00+00:00, run_after=2026-05-03T12:00:00+00:00
[2026-05-03T11:04:10.311+0000] {processor.py:179} INFO - Processing /opt/airflow/dags/setup_retail_pipeline.py took 0.073 seconds
[2026-05-03T11:04:40.509+0000] {processor.py:157} INFO - Started process (PID=2191) to work on /opt/airflow/dags/setup_retail_pipeline.py
[2026-05-03T11:04:40.510+0000] {processor.py:829} INFO - Processing file /opt/airflow/dags/setup_retail_pipeline.py for tasks to queue
[2026-05-03T11:04:40.511+0000] {logging_mixin.py:151} INFO - [2026-05-03T11:04:40.511+0000] {dagbag.py:539} INFO - Filling up the DagBag from /opt/airflow/dags/setup_retail_pipeline.py
[2026-05-03T11:04:40.526+0000] {processor.py:839} INFO - DAG(s) dict_keys(['setup_retail_pipeline']) retrieved from /opt/airflow/dags/setup_retail_pipeline.py
[2026-05-03T11:04:40.547+0000] {logging_mixin.py:151} INFO - [2026-05-03T11:04:40.547+0000] {dag.py:2915} INFO - Sync 1 DAGs
[2026-05-03T11:04:40.559+0000] {logging_mixin.py:151} INFO - [2026-05-03T11:04:40.559+0000] {dag.py:3696} INFO - Setting next_dagrun for setup_retail_pipeline to 2026-05-03T11:00:00+00:00, run_after=2026-05-03T12:00:00+00:00
[2026-05-03T11:04:40.565+0000] {processor.py:179} INFO - Processing /opt/airflow/dags/setup_retail_pipeline.py took 0.061 seconds
[2026-05-03T11:05:10.821+0000] {processor.py:157} INFO - Started process (PID=2201) to work on /opt/airflow/dags/setup_retail_pipeline.py
[2026-05-03T11:05:10.822+0000] {processor.py:829} INFO - Processing file /opt/airflow/dags/setup_retail_pipeline.py for tasks to queue
[2026-05-03T11:05:10.824+0000] {logging_mixin.py:151} INFO - [2026-05-03T11:05:10.824+0000] {dagbag.py:539} INFO - Filling up the DagBag from /opt/airflow/dags/setup_retail_pipeline.py
[2026-05-03T11:05:10.844+0000] {processor.py:839} INFO - DAG(s) dict_keys(['setup_retail_pipeline']) retrieved from /opt/airflow/dags/setup_retail_pipeline.py
[2026-05-03T11:05:10.874+0000] {logging_mixin.py:151} INFO - [2026-05-03T11:05:10.873+0000] {dag.py:2915} INFO - Sync 1 DAGs
[2026-05-03T11:05:10.888+0000] {logging_mixin.py:151} INFO - [2026-05-03T11:05:10.888+0000] {dag.py:3696} INFO - Setting next_dagrun for setup_retail_pipeline to 2026-05-03T11:00:00+00:00, run_after=2026-05-03T12:00:00+00:00
[2026-05-03T11:05:10.895+0000] {processor.py:179} INFO - Processing /opt/airflow/dags/setup_retail_pipeline.py took 0.081 seconds
[2026-05-03T11:05:41.114+0000] {processor.py:157} INFO - Started process (PID=2211) to work on /opt/airflow/dags/setup_retail_pipeline.py
[2026-05-03T11:05:41.115+0000] {processor.py:829} INFO - Processing file /opt/airflow/dags/setup_retail_pipeline.py for tasks to queue
[2026-05-03T11:05:41.118+0000] {logging_mixin.py:151} INFO - [2026-05-03T11:05:41.118+0000] {dagbag.py:539} INFO - Filling up the DagBag from /opt/airflow/dags/setup_retail_pipeline.py
[2026-05-03T11:05:41.130+0000] {processor.py:839} INFO - DAG(s) dict_keys(['setup_retail_pipeline']) retrieved from /opt/airflow/dags/setup_retail_pipeline.py
[2026-05-03T11:05:41.149+0000] {logging_mixin.py:151} INFO - [2026-05-03T11:05:41.149+0000] {dag.py:2915} INFO - Sync 1 DAGs
[2026-05-03T11:05:41.160+0000] {logging_mixin.py:151} INFO - [2026-05-03T11:05:41.160+0000] {dag.py:3696} INFO - Setting next_dagrun for setup_retail_pipeline to 2026-05-03T11:00:00+00:00, run_after=2026-05-03T12:00:00+00:00
[2026-05-03T11:05:41.166+0000] {processor.py:179} INFO - Processing /opt/airflow/dags/setup_retail_pipeline.py took 0.058 seconds
[2026-05-03T11:06:11.416+0000] {processor.py:157} INFO - Started process (PID=2221) to work on /opt/airflow/dags/setup_retail_pipeline.py
[2026-05-03T11:06:11.418+0000] {processor.py:829} INFO - Processing file /opt/airflow/dags/setup_retail_pipeline.py for tasks to queue
[2026-05-03T11:06:11.421+0000] {logging_mixin.py:151} INFO - [2026-05-03T11:06:11.420+0000] {dagbag.py:539} INFO - Filling up the DagBag from /opt/airflow/dags/setup_retail_pipeline.py
[2026-05-03T11:06:11.441+0000] {processor.py:839} INFO - DAG(s) dict_keys(['setup_retail_pipeline']) retrieved from /opt/airflow/dags/setup_retail_pipeline.py
[2026-05-03T11:06:11.467+0000] {logging_mixin.py:151} INFO - [2026-05-03T11:06:11.467+0000] {dag.py:2915} INFO - Sync 1 DAGs
[2026-05-03T11:06:11.482+0000] {logging_mixin.py:151} INFO - [2026-05-03T11:06:11.481+0000] {dag.py:3696} INFO - Setting next_dagrun for setup_retail_pipeline to 2026-05-03T11:00:00+00:00, run_after=2026-05-03T12:00:00+00:00
[2026-05-03T11:06:11.488+0000] {processor.py:179} INFO - Processing /opt/airflow/dags/setup_retail_pipeline.py took 0.084 seconds
[2026-05-03T11:06:41.738+0000] {processor.py:157} INFO - Started process (PID=2231) to work on /opt/airflow/dags/setup_retail_pipeline.py
[2026-05-03T11:06:41.741+0000] {processor.py:829} INFO - Processing file /opt/airflow/dags/setup_retail_pipeline.py for tasks to queue
[2026-05-03T11:06:41.742+0000] {logging_mixin.py:151} INFO - [2026-05-03T11:06:41.742+0000] {dagbag.py:539} INFO - Filling up the DagBag from /opt/airflow/dags/setup_retail_pipeline.py
[2026-05-03T11:06:41.756+0000] {processor.py:839} INFO - DAG(s) dict_keys(['setup_retail_pipeline']) retrieved from /opt/airflow/dags/setup_retail_pipeline.py
[2026-05-03T11:06:41.776+0000] {logging_mixin.py:151} INFO - [2026-05-03T11:06:41.776+0000] {dag.py:2915} INFO - Sync 1 DAGs
[2026-05-03T11:06:41.796+0000] {logging_mixin.py:151} INFO - [2026-05-03T11:06:41.796+0000] {dag.py:3696} INFO - Setting next_dagrun for setup_retail_pipeline to 2026-05-03T11:00:00+00:00, run_after=2026-05-03T12:00:00+00:00
[2026-05-03T11:06:41.805+0000] {processor.py:179} INFO - Processing /opt/airflow/dags/setup_retail_pipeline.py took 0.072 seconds
[2026-05-03T11:07:12.069+0000] {processor.py:157} INFO - Started process (PID=2241) to work on /opt/airflow/dags/setup_retail_pipeline.py
[2026-05-03T11:07:12.070+0000] {processor.py:829} INFO - Processing file /opt/airflow/dags/setup_retail_pipeline.py for tasks to queue
[2026-05-03T11:07:12.071+0000] {logging_mixin.py:151} INFO - [2026-05-03T11:07:12.070+0000] {dagbag.py:539} INFO - Filling up the DagBag from /opt/airflow/dags/setup_retail_pipeline.py
[2026-05-03T11:07:12.085+0000] {processor.py:839} INFO - DAG(s) dict_keys(['setup_retail_pipeline']) retrieved from /opt/airflow/dags/setup_retail_pipeline.py
[2026-05-03T11:07:12.114+0000] {logging_mixin.py:151} INFO - [2026-05-03T11:07:12.114+0000] {dag.py:2915} INFO - Sync 1 DAGs
[2026-05-03T11:07:12.128+0000] {logging_mixin.py:151} INFO - [2026-05-03T11:07:12.128+0000] {dag.py:3696} INFO - Setting next_dagrun for setup_retail_pipeline to 2026-05-03T11:00:00+00:00, run_after=2026-05-03T12:00:00+00:00
[2026-05-03T11:07:12.135+0000] {processor.py:179} INFO - Processing /opt/airflow/dags/setup_retail_pipeline.py took 0.079 seconds
[2026-05-03T11:07:42.347+0000] {processor.py:157} INFO - Started process (PID=2251) to work on /opt/airflow/dags/setup_retail_pipeline.py
[2026-05-03T11:07:42.349+0000] {processor.py:829} INFO - Processing file /opt/airflow/dags/setup_retail_pipeline.py for tasks to queue
[2026-05-03T11:07:42.349+0000] {logging_mixin.py:151} INFO - [2026-05-03T11:07:42.349+0000] {dagbag.py:539} INFO - Filling up the DagBag from /opt/airflow/dags/setup_retail_pipeline.py
[2026-05-03T11:07:42.369+0000] {processor.py:839} INFO - DAG(s) dict_keys(['setup_retail_pipeline']) retrieved from /opt/airflow/dags/setup_retail_pipeline.py
[2026-05-03T11:07:42.389+0000] {logging_mixin.py:151} INFO - [2026-05-03T11:07:42.389+0000] {dag.py:2915} INFO - Sync 1 DAGs
[2026-05-03T11:07:42.401+0000] {logging_mixin.py:151} INFO - [2026-05-03T11:07:42.401+0000] {dag.py:3696} INFO - Setting next_dagrun for setup_retail_pipeline to 2026-05-03T11:00:00+00:00, run_after=2026-05-03T12:00:00+00:00
[2026-05-03T11:07:42.410+0000] {processor.py:179} INFO - Processing /opt/airflow/dags/setup_retail_pipeline.py took 0.072 seconds
[2026-05-03T11:08:12.681+0000] {processor.py:157} INFO - Started process (PID=2261) to work on /opt/airflow/dags/setup_retail_pipeline.py
[2026-05-03T11:08:12.682+0000] {processor.py:829} INFO - Processing file /opt/airflow/dags/setup_retail_pipeline.py for tasks to queue
[2026-05-03T11:08:12.684+0000] {logging_mixin.py:151} INFO - [2026-05-03T11:08:12.683+0000] {dagbag.py:539} INFO - Filling up the DagBag from /opt/airflow/dags/setup_retail_pipeline.py
[2026-05-03T11:08:12.708+0000] {processor.py:839} INFO - DAG(s) dict_keys(['setup_retail_pipeline']) retrieved from /opt/airflow/dags/setup_retail_pipeline.py
[2026-05-03T11:08:12.738+0000] {logging_mixin.py:151} INFO - [2026-05-03T11:08:12.738+0000] {dag.py:2915} INFO - Sync 1 DAGs
[2026-05-03T11:08:12.752+0000] {logging_mixin.py:151} INFO - [2026-05-03T11:08:12.752+0000] {dag.py:3696} INFO - Setting next_dagrun for setup_retail_pipeline to 2026-05-03T11:00:00+00:00, run_after=2026-05-03T12:00:00+00:00
[2026-05-03T11:08:12.763+0000] {processor.py:179} INFO - Processing /opt/airflow/dags/setup_retail_pipeline.py took 0.089 seconds
[2026-05-03T11:08:43.018+0000] {processor.py:157} INFO - Started process (PID=2271) to work on /opt/airflow/dags/setup_retail_pipeline.py
[2026-05-03T11:08:43.019+0000] {processor.py:829} INFO - Processing file /opt/airflow/dags/setup_retail_pipeline.py for tasks to queue
[2026-05-03T11:08:43.020+0000] {logging_mixin.py:151} INFO - [2026-05-03T11:08:43.019+0000] {dagbag.py:539} INFO - Filling up the DagBag from /opt/airflow/dags/setup_retail_pipeline.py
[2026-05-03T11:08:43.034+0000] {processor.py:839} INFO - DAG(s) dict_keys(['setup_retail_pipeline']) retrieved from /opt/airflow/dags/setup_retail_pipeline.py
[2026-05-03T11:08:43.061+0000] {logging_mixin.py:151} INFO - [2026-05-03T11:08:43.061+0000] {dag.py:2915} INFO - Sync 1 DAGs
[2026-05-03T11:08:43.074+0000] {logging_mixin.py:151} INFO - [2026-05-03T11:08:43.074+0000] {dag.py:3696} INFO - Setting next_dagrun for setup_retail_pipeline to 2026-05-03T11:00:00+00:00, run_after=2026-05-03T12:00:00+00:00
[2026-05-03T11:08:43.082+0000] {processor.py:179} INFO - Processing /opt/airflow/dags/setup_retail_pipeline.py took 0.079 seconds
[2026-05-03T11:09:13.314+0000] {processor.py:157} INFO - Started process (PID=2281) to work on /opt/airflow/dags/setup_retail_pipeline.py
[2026-05-03T11:09:13.315+0000] {processor.py:829} INFO - Processing file /opt/airflow/dags/setup_retail_pipeline.py for tasks to queue
[2026-05-03T11:09:13.316+0000] {logging_mixin.py:151} INFO - [2026-05-03T11:09:13.316+0000] {dagbag.py:539} INFO - Filling up the DagBag from /opt/airflow/dags/setup_retail_pipeline.py
[2026-05-03T11:09:13.329+0000] {processor.py:839} INFO - DAG(s) dict_keys(['setup_retail_pipeline']) retrieved from /opt/airflow/dags/setup_retail_pipeline.py
[2026-05-03T11:09:13.346+0000] {logging_mixin.py:151} INFO - [2026-05-03T11:09:13.346+0000] {dag.py:2915} INFO - Sync 1 DAGs
[2026-05-03T11:09:13.358+0000] {logging_mixin.py:151} INFO - [2026-05-03T11:09:13.358+0000] {dag.py:3696} INFO - Setting next_dagrun for setup_retail_pipeline to 2026-05-03T11:00:00+00:00, run_after=2026-05-03T12:00:00+00:00
[2026-05-03T11:09:13.366+0000] {processor.py:179} INFO - Processing /opt/airflow/dags/setup_retail_pipeline.py took 0.068 seconds
[2026-05-03T11:09:43.609+0000] {processor.py:157} INFO - Started process (PID=2291) to work on /opt/airflow/dags/setup_retail_pipeline.py
[2026-05-03T11:09:43.610+0000] {processor.py:829} INFO - Processing file /opt/airflow/dags/setup_retail_pipeline.py for tasks to queue
[2026-05-03T11:09:43.612+0000] {logging_mixin.py:151} INFO - [2026-05-03T11:09:43.611+0000] {dagbag.py:539} INFO - Filling up the DagBag from /opt/airflow/dags/setup_retail_pipeline.py
[2026-05-03T11:09:43.636+0000] {processor.py:839} INFO - DAG(s) dict_keys(['setup_retail_pipeline']) retrieved from /opt/airflow/dags/setup_retail_pipeline.py
[2026-05-03T11:09:43.670+0000] {logging_mixin.py:151} INFO - [2026-05-03T11:09:43.670+0000] {dag.py:2915} INFO - Sync 1 DAGs
[2026-05-03T11:09:43.685+0000] {logging_mixin.py:151} INFO - [2026-05-03T11:09:43.685+0000] {dag.py:3696} INFO - Setting next_dagrun for setup_retail_pipeline to 2026-05-03T11:00:00+00:00, run_after=2026-05-03T12:00:00+00:00
[2026-05-03T11:09:43.692+0000] {processor.py:179} INFO - Processing /opt/airflow/dags/setup_retail_pipeline.py took 0.094 seconds
[2026-05-03T11:10:13.848+0000] {processor.py:157} INFO - Started process (PID=2301) to work on /opt/airflow/dags/setup_retail_pipeline.py
[2026-05-03T11:10:13.849+0000] {processor.py:829} INFO - Processing file /opt/airflow/dags/setup_retail_pipeline.py for tasks to queue
[2026-05-03T11:10:13.850+0000] {logging_mixin.py:151} INFO - [2026-05-03T11:10:13.850+0000] {dagbag.py:539} INFO - Filling up the DagBag from /opt/airflow/dags/setup_retail_pipeline.py
[2026-05-03T11:10:13.862+0000] {processor.py:839} INFO - DAG(s) dict_keys(['setup_retail_pipeline']) retrieved from /opt/airflow/dags/setup_retail_pipeline.py
[2026-05-03T11:10:13.882+0000] {logging_mixin.py:151} INFO - [2026-05-03T11:10:13.882+0000] {dag.py:2915} INFO - Sync 1 DAGs
[2026-05-03T11:10:13.892+0000] {logging_mixin.py:151} INFO - [2026-05-03T11:10:13.892+0000] {dag.py:3696} INFO - Setting next_dagrun for setup_retail_pipeline to 2026-05-03T11:00:00+00:00, run_after=2026-05-03T12:00:00+00:00
[2026-05-03T11:10:13.899+0000] {processor.py:179} INFO - Processing /opt/airflow/dags/setup_retail_pipeline.py took 0.057 seconds
[2026-05-03T11:10:44.178+0000] {processor.py:157} INFO - Started process (PID=2311) to work on /opt/airflow/dags/setup_retail_pipeline.py
[2026-05-03T11:10:44.179+0000] {processor.py:829} INFO - Processing file /opt/airflow/dags/setup_retail_pipeline.py for tasks to queue
[2026-05-03T11:10:44.182+0000] {logging_mixin.py:151} INFO - [2026-05-03T11:10:44.180+0000] {dagbag.py:539} INFO - Filling up the DagBag from /opt/airflow/dags/setup_retail_pipeline.py
[2026-05-03T11:10:44.200+0000] {processor.py:839} INFO - DAG(s) dict_keys(['setup_retail_pipeline']) retrieved from /opt/airflow/dags/setup_retail_pipeline.py
[2026-05-03T11:10:44.225+0000] {logging_mixin.py:151} INFO - [2026-05-03T11:10:44.225+0000] {dag.py:2915} INFO - Sync 1 DAGs
[2026-05-03T11:10:44.237+0000] {logging_mixin.py:151} INFO - [2026-05-03T11:10:44.237+0000] {dag.py:3696} INFO - Setting next_dagrun for setup_retail_pipeline to 2026-05-03T11:00:00+00:00, run_after=2026-05-03T12:00:00+00:00
[2026-05-03T11:10:44.244+0000] {processor.py:179} INFO - Processing /opt/airflow/dags/setup_retail_pipeline.py took 0.073 seconds
[2026-05-03T11:11:14.487+0000] {processor.py:157} INFO - Started process (PID=2321) to work on /opt/airflow/dags/setup_retail_pipeline.py
[2026-05-03T11:11:14.489+0000] {processor.py:829} INFO - Processing file /opt/airflow/dags/setup_retail_pipeline.py for tasks to queue
[2026-05-03T11:11:14.490+0000] {logging_mixin.py:151} INFO - [2026-05-03T11:11:14.490+0000] {dagbag.py:539} INFO - Filling up the DagBag from /opt/airflow/dags/setup_retail_pipeline.py
[2026-05-03T11:11:14.507+0000] {processor.py:839} INFO - DAG(s) dict_keys(['setup_retail_pipeline']) retrieved from /opt/airflow/dags/setup_retail_pipeline.py
[2026-05-03T11:11:14.524+0000] {logging_mixin.py:151} INFO - [2026-05-03T11:11:14.524+0000] {dag.py:2915} INFO - Sync 1 DAGs
[2026-05-03T11:11:14.534+0000] {logging_mixin.py:151} INFO - [2026-05-03T11:11:14.533+0000] {dag.py:3696} INFO - Setting next_dagrun for setup_retail_pipeline to 2026-05-03T11:00:00+00:00, run_after=2026-05-03T12:00:00+00:00
[2026-05-03T11:11:14.540+0000] {processor.py:179} INFO - Processing /opt/airflow/dags/setup_retail_pipeline.py took 0.059 seconds
[2026-05-03T11:11:44.785+0000] {processor.py:157} INFO - Started process (PID=2331) to work on /opt/airflow/dags/setup_retail_pipeline.py
[2026-05-03T11:11:44.786+0000] {processor.py:829} INFO - Processing file /opt/airflow/dags/setup_retail_pipeline.py for tasks to queue
[2026-05-03T11:11:44.788+0000] {logging_mixin.py:151} INFO - [2026-05-03T11:11:44.787+0000] {dagbag.py:539} INFO - Filling up the DagBag from /opt/airflow/dags/setup_retail_pipeline.py
[2026-05-03T11:11:44.802+0000] {processor.py:839} INFO - DAG(s) dict_keys(['setup_retail_pipeline']) retrieved from /opt/airflow/dags/setup_retail_pipeline.py
[2026-05-03T11:11:44.819+0000] {logging_mixin.py:151} INFO - [2026-05-03T11:11:44.819+0000] {dag.py:2915} INFO - Sync 1 DAGs
[2026-05-03T11:11:44.830+0000] {logging_mixin.py:151} INFO - [2026-05-03T11:11:44.830+0000] {dag.py:3696} INFO - Setting next_dagrun for setup_retail_pipeline to 2026-05-03T11:00:00+00:00, run_after=2026-05-03T12:00:00+00:00
[2026-05-03T11:11:44.836+0000] {processor.py:179} INFO - Processing /opt/airflow/dags/setup_retail_pipeline.py took 0.057 seconds
[2026-05-03T11:12:15.029+0000] {processor.py:157} INFO - Started process (PID=2341) to work on /opt/airflow/dags/setup_retail_pipeline.py
[2026-05-03T11:12:15.030+0000] {processor.py:829} INFO - Processing file /opt/airflow/dags/setup_retail_pipeline.py for tasks to queue
[2026-05-03T11:12:15.032+0000] {logging_mixin.py:151} INFO - [2026-05-03T11:12:15.031+0000] {dagbag.py:539} INFO - Filling up the DagBag from /opt/airflow/dags/setup_retail_pipeline.py
[2026-05-03T11:12:15.051+0000] {processor.py:839} INFO - DAG(s) dict_keys(['setup_retail_pipeline']) retrieved from /opt/airflow/dags/setup_retail_pipeline.py
[2026-05-03T11:12:15.081+0000] {logging_mixin.py:151} INFO - [2026-05-03T11:12:15.081+0000] {dag.py:2915} INFO - Sync 1 DAGs
[2026-05-03T11:12:15.097+0000] {logging_mixin.py:151} INFO - [2026-05-03T11:12:15.097+0000] {dag.py:3696} INFO - Setting next_dagrun for setup_retail_pipeline to 2026-05-03T11:00:00+00:00, run_after=2026-05-03T12:00:00+00:00
[2026-05-03T11:12:15.104+0000] {processor.py:179} INFO - Processing /opt/airflow/dags/setup_retail_pipeline.py took 0.081 seconds
[2026-05-03T11:12:45.289+0000] {processor.py:157} INFO - Started process (PID=2351) to work on /opt/airflow/dags/setup_retail_pipeline.py
[2026-05-03T11:12:45.292+0000] {processor.py:829} INFO - Processing file /opt/airflow/dags/setup_retail_pipeline.py for tasks to queue
[2026-05-03T11:12:45.293+0000] {logging_mixin.py:151} INFO - [2026-05-03T11:12:45.293+0000] {dagbag.py:539} INFO - Filling up the DagBag from /opt/airflow/dags/setup_retail_pipeline.py
[2026-05-03T11:12:45.309+0000] {processor.py:839} INFO - DAG(s) dict_keys(['setup_retail_pipeline']) retrieved from /opt/airflow/dags/setup_retail_pipeline.py
[2026-05-03T11:12:45.333+0000] {logging_mixin.py:151} INFO - [2026-05-03T11:12:45.333+0000] {dag.py:2915} INFO - Sync 1 DAGs
[2026-05-03T11:12:45.346+0000] {logging_mixin.py:151} INFO - [2026-05-03T11:12:45.346+0000] {dag.py:3696} INFO - Setting next_dagrun for setup_retail_pipeline to 2026-05-03T11:00:00+00:00, run_after=2026-05-03T12:00:00+00:00
[2026-05-03T11:12:45.354+0000] {processor.py:179} INFO - Processing /opt/airflow/dags/setup_retail_pipeline.py took 0.070 seconds
[2026-05-03T11:13:15.573+0000] {processor.py:157} INFO - Started process (PID=2361) to work on /opt/airflow/dags/setup_retail_pipeline.py
[2026-05-03T11:13:15.574+0000] {processor.py:829} INFO - Processing file /opt/airflow/dags/setup_retail_pipeline.py for tasks to queue
[2026-05-03T11:13:15.575+0000] {logging_mixin.py:151} INFO - [2026-05-03T11:13:15.574+0000] {dagbag.py:539} INFO - Filling up the DagBag from /opt/airflow/dags/setup_retail_pipeline.py
[2026-05-03T11:13:15.589+0000] {processor.py:839} INFO - DAG(s) dict_keys(['setup_retail_pipeline']) retrieved from /opt/airflow/dags/setup_retail_pipeline.py
[2026-05-03T11:13:15.609+0000] {logging_mixin.py:151} INFO - [2026-05-03T11:13:15.609+0000] {dag.py:2915} INFO - Sync 1 DAGs
[2026-05-03T11:13:15.619+0000] {logging_mixin.py:151} INFO - [2026-05-03T11:13:15.619+0000] {dag.py:3696} INFO - Setting next_dagrun for setup_retail_pipeline to 2026-05-03T11:00:00+00:00, run_after=2026-05-03T12:00:00+00:00
[2026-05-03T11:13:15.625+0000] {processor.py:179} INFO - Processing /opt/airflow/dags/setup_retail_pipeline.py took 0.057 seconds
[2026-05-03T11:13:45.873+0000] {processor.py:157} INFO - Started process (PID=2371) to work on /opt/airflow/dags/setup_retail_pipeline.py
[2026-05-03T11:13:45.875+0000] {processor.py:829} INFO - Processing file /opt/airflow/dags/setup_retail_pipeline.py for tasks to queue
[2026-05-03T11:13:45.878+0000] {logging_mixin.py:151} INFO - [2026-05-03T11:13:45.877+0000] {dagbag.py:539} INFO - Filling up the DagBag from /opt/airflow/dags/setup_retail_pipeline.py
[2026-05-03T11:13:45.891+0000] {processor.py:839} INFO - DAG(s) dict_keys(['setup_retail_pipeline']) retrieved from /opt/airflow/dags/setup_retail_pipeline.py
[2026-05-03T11:13:45.920+0000] {logging_mixin.py:151} INFO - [2026-05-03T11:13:45.920+0000] {dag.py:2915} INFO - Sync 1 DAGs
[2026-05-03T11:13:45.934+0000] {logging_mixin.py:151} INFO - [2026-05-03T11:13:45.934+0000] {dag.py:3696} INFO - Setting next_dagrun for setup_retail_pipeline to 2026-05-03T11:00:00+00:00, run_after=2026-05-03T12:00:00+00:00
[2026-05-03T11:13:45.941+0000] {processor.py:179} INFO - Processing /opt/airflow/dags/setup_retail_pipeline.py took 0.080 seconds
[2026-05-03T11:14:16.135+0000] {processor.py:157} INFO - Started process (PID=2381) to work on /opt/airflow/dags/setup_retail_pipeline.py
[2026-05-03T11:14:16.137+0000] {processor.py:829} INFO - Processing file /opt/airflow/dags/setup_retail_pipeline.py for tasks to queue
[2026-05-03T11:14:16.138+0000] {logging_mixin.py:151} INFO - [2026-05-03T11:14:16.137+0000] {dagbag.py:539} INFO - Filling up the DagBag from /opt/airflow/dags/setup_retail_pipeline.py
[2026-05-03T11:14:16.155+0000] {processor.py:839} INFO - DAG(s) dict_keys(['setup_retail_pipeline']) retrieved from /opt/airflow/dags/setup_retail_pipeline.py
[2026-05-03T11:14:16.177+0000] {logging_mixin.py:151} INFO - [2026-05-03T11:14:16.177+0000] {dag.py:2915} INFO - Sync 1 DAGs
[2026-05-03T11:14:16.187+0000] {logging_mixin.py:151} INFO - [2026-05-03T11:14:16.187+0000] {dag.py:3696} INFO - Setting next_dagrun for setup_retail_pipeline to 2026-05-03T11:00:00+00:00, run_after=2026-05-03T12:00:00+00:00
[2026-05-03T11:14:16.193+0000] {processor.py:179} INFO - Processing /opt/airflow/dags/setup_retail_pipeline.py took 0.064 seconds
[2026-05-03T11:14:46.507+0000] {processor.py:157} INFO - Started process (PID=2391) to work on /opt/airflow/dags/setup_retail_pipeline.py
[2026-05-03T11:14:46.509+0000] {processor.py:829} INFO - Processing file /opt/airflow/dags/setup_retail_pipeline.py for tasks to queue
[2026-05-03T11:14:46.510+0000] {logging_mixin.py:151} INFO - [2026-05-03T11:14:46.510+0000] {dagbag.py:539} INFO - Filling up the DagBag from /opt/airflow/dags/setup_retail_pipeline.py
[2026-05-03T11:14:46.528+0000] {processor.py:839} INFO - DAG(s) dict_keys(['setup_retail_pipeline']) retrieved from /opt/airflow/dags/setup_retail_pipeline.py
[2026-05-03T11:14:46.558+0000] {logging_mixin.py:151} INFO - [2026-05-03T11:14:46.558+0000] {dag.py:2915} INFO - Sync 1 DAGs
[2026-05-03T11:14:46.571+0000] {logging_mixin.py:151} INFO - [2026-05-03T11:14:46.571+0000] {dag.py:3696} INFO - Setting next_dagrun for setup_retail_pipeline to 2026-05-03T11:00:00+00:00, run_after=2026-05-03T12:00:00+00:00
[2026-05-03T11:14:46.580+0000] {processor.py:179} INFO - Processing /opt/airflow/dags/setup_retail_pipeline.py took 0.081 seconds
[2026-05-03T11:15:16.802+0000] {processor.py:157} INFO - Started process (PID=2401) to work on /opt/airflow/dags/setup_retail_pipeline.py
[2026-05-03T11:15:16.803+0000] {processor.py:829} INFO - Processing file /opt/airflow/dags/setup_retail_pipeline.py for tasks to queue
[2026-05-03T11:15:16.804+0000] {logging_mixin.py:151} INFO - [2026-05-03T11:15:16.804+0000] {dagbag.py:539} INFO - Filling up the DagBag from /opt/airflow/dags/setup_retail_pipeline.py
[2026-05-03T11:15:16.820+0000] {processor.py:839} INFO - DAG(s) dict_keys(['setup_retail_pipeline']) retrieved from /opt/airflow/dags/setup_retail_pipeline.py
[2026-05-03T11:15:16.840+0000] {logging_mixin.py:151} INFO - [2026-05-03T11:15:16.840+0000] {dag.py:2915} INFO - Sync 1 DAGs
[2026-05-03T11:15:16.851+0000] {logging_mixin.py:151} INFO - [2026-05-03T11:15:16.851+0000] {dag.py:3696} INFO - Setting next_dagrun for setup_retail_pipeline to 2026-05-03T11:00:00+00:00, run_after=2026-05-03T12:00:00+00:00
[2026-05-03T11:15:16.858+0000] {processor.py:179} INFO - Processing /opt/airflow/dags/setup_retail_pipeline.py took 0.073 seconds
[2026-05-03T11:15:47.118+0000] {processor.py:157} INFO - Started process (PID=2411) to work on /opt/airflow/dags/setup_retail_pipeline.py
[2026-05-03T11:15:47.119+0000] {processor.py:829} INFO - Processing file /opt/airflow/dags/setup_retail_pipeline.py for tasks to queue
[2026-05-03T11:15:47.122+0000] {logging_mixin.py:151} INFO - [2026-05-03T11:15:47.121+0000] {dagbag.py:539} INFO - Filling up the DagBag from /opt/airflow/dags/setup_retail_pipeline.py
[2026-05-03T11:15:47.148+0000] {processor.py:839} INFO - DAG(s) dict_keys(['setup_retail_pipeline']) retrieved from /opt/airflow/dags/setup_retail_pipeline.py
[2026-05-03T11:15:47.173+0000] {logging_mixin.py:151} INFO - [2026-05-03T11:15:47.173+0000] {dag.py:2915} INFO - Sync 1 DAGs
[2026-05-03T11:15:47.186+0000] {logging_mixin.py:151} INFO - [2026-05-03T11:15:47.186+0000] {dag.py:3696} INFO - Setting next_dagrun for setup_retail_pipeline to 2026-05-03T11:00:00+00:00, run_after=2026-05-03T12:00:00+00:00
[2026-05-03T11:15:47.194+0000] {processor.py:179} INFO - Processing /opt/airflow/dags/setup_retail_pipeline.py took 0.085 seconds
[2026-05-03T11:16:17.471+0000] {processor.py:157} INFO - Started process (PID=2421) to work on /opt/airflow/dags/setup_retail_pipeline.py
[2026-05-03T11:16:17.473+0000] {processor.py:829} INFO - Processing file /opt/airflow/dags/setup_retail_pipeline.py for tasks to queue
[2026-05-03T11:16:17.473+0000] {logging_mixin.py:151} INFO - [2026-05-03T11:16:17.473+0000] {dagbag.py:539} INFO - Filling up the DagBag from /opt/airflow/dags/setup_retail_pipeline.py
[2026-05-03T11:16:17.486+0000] {processor.py:839} INFO - DAG(s) dict_keys(['setup_retail_pipeline']) retrieved from /opt/airflow/dags/setup_retail_pipeline.py
[2026-05-03T11:16:17.505+0000] {logging_mixin.py:151} INFO - [2026-05-03T11:16:17.505+0000] {dag.py:2915} INFO - Sync 1 DAGs
[2026-05-03T11:16:17.519+0000] {logging_mixin.py:151} INFO - [2026-05-03T11:16:17.519+0000] {dag.py:3696} INFO - Setting next_dagrun for setup_retail_pipeline to 2026-05-03T11:00:00+00:00, run_after=2026-05-03T12:00:00+00:00
[2026-05-03T11:16:17.526+0000] {processor.py:179} INFO - Processing /opt/airflow/dags/setup_retail_pipeline.py took 0.063 seconds
[2026-05-03T11:16:47.821+0000] {processor.py:157} INFO - Started process (PID=2431) to work on /opt/airflow/dags/setup_retail_pipeline.py
[2026-05-03T11:16:47.822+0000] {processor.py:829} INFO - Processing file /opt/airflow/dags/setup_retail_pipeline.py for tasks to queue
[2026-05-03T11:16:47.825+0000] {logging_mixin.py:151} INFO - [2026-05-03T11:16:47.824+0000] {dagbag.py:539} INFO - Filling up the DagBag from /opt/airflow/dags/setup_retail_pipeline.py
[2026-05-03T11:16:47.846+0000] {processor.py:839} INFO - DAG(s) dict_keys(['setup_retail_pipeline']) retrieved from /opt/airflow/dags/setup_retail_pipeline.py
[2026-05-03T11:16:47.872+0000] {logging_mixin.py:151} INFO - [2026-05-03T11:16:47.872+0000] {dag.py:2915} INFO - Sync 1 DAGs
[2026-05-03T11:16:47.886+0000] {logging_mixin.py:151} INFO - [2026-05-03T11:16:47.886+0000] {dag.py:3696} INFO - Setting next_dagrun for setup_retail_pipeline to 2026-05-03T11:00:00+00:00, run_after=2026-05-03T12:00:00+00:00
[2026-05-03T11:16:47.894+0000] {processor.py:179} INFO - Processing /opt/airflow/dags/setup_retail_pipeline.py took 0.083 seconds
[2026-05-03T11:17:18.092+0000] {processor.py:157} INFO - Started process (PID=2441) to work on /opt/airflow/dags/setup_retail_pipeline.py
[2026-05-03T11:17:18.093+0000] {processor.py:829} INFO - Processing file /opt/airflow/dags/setup_retail_pipeline.py for tasks to queue
[2026-05-03T11:17:18.094+0000] {logging_mixin.py:151} INFO - [2026-05-03T11:17:18.093+0000] {dagbag.py:539} INFO - Filling up the DagBag from /opt/airflow/dags/setup_retail_pipeline.py
[2026-05-03T11:17:18.105+0000] {processor.py:839} INFO - DAG(s) dict_keys(['setup_retail_pipeline']) retrieved from /opt/airflow/dags/setup_retail_pipeline.py
[2026-05-03T11:17:18.123+0000] {logging_mixin.py:151} INFO - [2026-05-03T11:17:18.123+0000] {dag.py:2915} INFO - Sync 1 DAGs
[2026-05-03T11:17:18.134+0000] {logging_mixin.py:151} INFO - [2026-05-03T11:17:18.134+0000] {dag.py:3696} INFO - Setting next_dagrun for setup_retail_pipeline to 2026-05-03T11:00:00+00:00, run_after=2026-05-03T12:00:00+00:00
[2026-05-03T11:17:18.140+0000] {processor.py:179} INFO - Processing /opt/airflow/dags/setup_retail_pipeline.py took 0.054 seconds
[2026-05-03T11:17:48.378+0000] {processor.py:157} INFO - Started process (PID=2451) to work on /opt/airflow/dags/setup_retail_pipeline.py
[2026-05-03T11:17:48.382+0000] {processor.py:829} INFO - Processing file /opt/airflow/dags/setup_retail_pipeline.py for tasks to queue
[2026-05-03T11:17:48.383+0000] {logging_mixin.py:151} INFO - [2026-05-03T11:17:48.383+0000] {dagbag.py:539} INFO - Filling up the DagBag from /opt/airflow/dags/setup_retail_pipeline.py
[2026-05-03T11:17:48.402+0000] {processor.py:839} INFO - DAG(s) dict_keys(['setup_retail_pipeline']) retrieved from /opt/airflow/dags/setup_retail_pipeline.py
[2026-05-03T11:17:48.426+0000] {logging_mixin.py:151} INFO - [2026-05-03T11:17:48.425+0000] {dag.py:2915} INFO - Sync 1 DAGs
[2026-05-03T11:17:48.440+0000] {logging_mixin.py:151} INFO - [2026-05-03T11:17:48.440+0000] {dag.py:3696} INFO - Setting next_dagrun for setup_retail_pipeline to 2026-05-03T11:00:00+00:00, run_after=2026-05-03T12:00:00+00:00
[2026-05-03T11:17:48.447+0000] {processor.py:179} INFO - Processing /opt/airflow/dags/setup_retail_pipeline.py took 0.074 seconds
[2026-05-03T11:18:18.698+0000] {processor.py:157} INFO - Started process (PID=2461) to work on /opt/airflow/dags/setup_retail_pipeline.py
[2026-05-03T11:18:18.699+0000] {processor.py:829} INFO - Processing file /opt/airflow/dags/setup_retail_pipeline.py for tasks to queue
[2026-05-03T11:18:18.701+0000] {logging_mixin.py:151} INFO - [2026-05-03T11:18:18.700+0000] {dagbag.py:539} INFO - Filling up the DagBag from /opt/airflow/dags/setup_retail_pipeline.py
[2026-05-03T11:18:18.720+0000] {processor.py:839} INFO - DAG(s) dict_keys(['setup_retail_pipeline']) retrieved from /opt/airflow/dags/setup_retail_pipeline.py
[2026-05-03T11:18:18.755+0000] {logging_mixin.py:151} INFO - [2026-05-03T11:18:18.755+0000] {dag.py:2915} INFO - Sync 1 DAGs
[2026-05-03T11:18:18.768+0000] {logging_mixin.py:151} INFO - [2026-05-03T11:18:18.768+0000] {dag.py:3696} INFO - Setting next_dagrun for setup_retail_pipeline to 2026-05-03T11:00:00+00:00, run_after=2026-05-03T12:00:00+00:00
[2026-05-03T11:18:18.775+0000] {processor.py:179} INFO - Processing /opt/airflow/dags/setup_retail_pipeline.py took 0.084 seconds
[2026-05-03T11:18:48.972+0000] {processor.py:157} INFO - Started process (PID=2471) to work on /opt/airflow/dags/setup_retail_pipeline.py
[2026-05-03T11:18:48.972+0000] {processor.py:829} INFO - Processing file /opt/airflow/dags/setup_retail_pipeline.py for tasks to queue
[2026-05-03T11:18:48.974+0000] {logging_mixin.py:151} INFO - [2026-05-03T11:18:48.974+0000] {dagbag.py:539} INFO - Filling up the DagBag from /opt/airflow/dags/setup_retail_pipeline.py
[2026-05-03T11:18:48.988+0000] {processor.py:839} INFO - DAG(s) dict_keys(['setup_retail_pipeline']) retrieved from /opt/airflow/dags/setup_retail_pipeline.py
[2026-05-03T11:18:49.005+0000] {logging_mixin.py:151} INFO - [2026-05-03T11:18:49.005+0000] {dag.py:2915} INFO - Sync 1 DAGs
[2026-05-03T11:18:49.017+0000] {logging_mixin.py:151} INFO - [2026-05-03T11:18:49.017+0000] {dag.py:3696} INFO - Setting next_dagrun for setup_retail_pipeline to 2026-05-03T11:00:00+00:00, run_after=2026-05-03T12:00:00+00:00
[2026-05-03T11:18:49.025+0000] {processor.py:179} INFO - Processing /opt/airflow/dags/setup_retail_pipeline.py took 0.058 seconds
[2026-05-03T11:19:19.272+0000] {processor.py:157} INFO - Started process (PID=2481) to work on /opt/airflow/dags/setup_retail_pipeline.py
[2026-05-03T11:19:19.273+0000] {processor.py:829} INFO - Processing file /opt/airflow/dags/setup_retail_pipeline.py for tasks to queue
[2026-05-03T11:19:19.275+0000] {logging_mixin.py:151} INFO - [2026-05-03T11:19:19.275+0000] {dagbag.py:539} INFO - Filling up the DagBag from /opt/airflow/dags/setup_retail_pipeline.py
[2026-05-03T11:19:19.288+0000] {processor.py:839} INFO - DAG(s) dict_keys(['setup_retail_pipeline']) retrieved from /opt/airflow/dags/setup_retail_pipeline.py
[2026-05-03T11:19:19.309+0000] {logging_mixin.py:151} INFO - [2026-05-03T11:19:19.309+0000] {dag.py:2915} INFO - Sync 1 DAGs
[2026-05-03T11:19:19.321+0000] {logging_mixin.py:151} INFO - [2026-05-03T11:19:19.321+0000] {dag.py:3696} INFO - Setting next_dagrun for setup_retail_pipeline to 2026-05-03T11:00:00+00:00, run_after=2026-05-03T12:00:00+00:00
[2026-05-03T11:19:19.327+0000] {processor.py:179} INFO - Processing /opt/airflow/dags/setup_retail_pipeline.py took 0.064 seconds
[2026-05-03T11:19:49.552+0000] {processor.py:157} INFO - Started process (PID=2491) to work on /opt/airflow/dags/setup_retail_pipeline.py
[2026-05-03T11:19:49.554+0000] {processor.py:829} INFO - Processing file /opt/airflow/dags/setup_retail_pipeline.py for tasks to queue
[2026-05-03T11:19:49.555+0000] {logging_mixin.py:151} INFO - [2026-05-03T11:19:49.555+0000] {dagbag.py:539} INFO - Filling up the DagBag from /opt/airflow/dags/setup_retail_pipeline.py
[2026-05-03T11:19:49.569+0000] {processor.py:839} INFO - DAG(s) dict_keys(['setup_retail_pipeline']) retrieved from /opt/airflow/dags/setup_retail_pipeline.py
[2026-05-03T11:19:49.589+0000] {logging_mixin.py:151} INFO - [2026-05-03T11:19:49.589+0000] {dag.py:2915} INFO - Sync 1 DAGs
[2026-05-03T11:19:49.599+0000] {logging_mixin.py:151} INFO - [2026-05-03T11:19:49.599+0000] {dag.py:3696} INFO - Setting next_dagrun for setup_retail_pipeline to 2026-05-03T11:00:00+00:00, run_after=2026-05-03T12:00:00+00:00
[2026-05-03T11:19:49.612+0000] {processor.py:179} INFO - Processing /opt/airflow/dags/setup_retail_pipeline.py took 0.064 seconds
[2026-05-03T11:20:19.843+0000] {processor.py:157} INFO - Started process (PID=2501) to work on /opt/airflow/dags/setup_retail_pipeline.py
[2026-05-03T11:20:19.845+0000] {processor.py:829} INFO - Processing file /opt/airflow/dags/setup_retail_pipeline.py for tasks to queue
[2026-05-03T11:20:19.846+0000] {logging_mixin.py:151} INFO - [2026-05-03T11:20:19.846+0000] {dagbag.py:539} INFO - Filling up the DagBag from /opt/airflow/dags/setup_retail_pipeline.py
[2026-05-03T11:20:19.860+0000] {processor.py:839} INFO - DAG(s) dict_keys(['setup_retail_pipeline']) retrieved from /opt/airflow/dags/setup_retail_pipeline.py
[2026-05-03T11:20:19.880+0000] {logging_mixin.py:151} INFO - [2026-05-03T11:20:19.880+0000] {dag.py:2915} INFO - Sync 1 DAGs
[2026-05-03T11:20:19.890+0000] {logging_mixin.py:151} INFO - [2026-05-03T11:20:19.890+0000] {dag.py:3696} INFO - Setting next_dagrun for setup_retail_pipeline to 2026-05-03T11:00:00+00:00, run_after=2026-05-03T12:00:00+00:00
[2026-05-03T11:20:19.896+0000] {processor.py:179} INFO - Processing /opt/airflow/dags/setup_retail_pipeline.py took 0.060 seconds
[2026-05-03T11:20:50.143+0000] {processor.py:157} INFO - Started process (PID=2511) to work on /opt/airflow/dags/setup_retail_pipeline.py
[2026-05-03T11:20:50.145+0000] {processor.py:829} INFO - Processing file /opt/airflow/dags/setup_retail_pipeline.py for tasks to queue
[2026-05-03T11:20:50.147+0000] {logging_mixin.py:151} INFO - [2026-05-03T11:20:50.146+0000] {dagbag.py:539} INFO - Filling up the DagBag from /opt/airflow/dags/setup_retail_pipeline.py
[2026-05-03T11:20:50.162+0000] {processor.py:839} INFO - DAG(s) dict_keys(['setup_retail_pipeline']) retrieved from /opt/airflow/dags/setup_retail_pipeline.py
[2026-05-03T11:20:50.192+0000] {logging_mixin.py:151} INFO - [2026-05-03T11:20:50.192+0000] {dag.py:2915} INFO - Sync 1 DAGs
[2026-05-03T11:20:50.208+0000] {logging_mixin.py:151} INFO - [2026-05-03T11:20:50.208+0000] {dag.py:3696} INFO - Setting next_dagrun for setup_retail_pipeline to 2026-05-03T11:00:00+00:00, run_after=2026-05-03T12:00:00+00:00
[2026-05-03T11:20:50.215+0000] {processor.py:179} INFO - Processing /opt/airflow/dags/setup_retail_pipeline.py took 0.079 seconds
[2026-05-03T11:21:20.420+0000] {processor.py:157} INFO - Started process (PID=2521) to work on /opt/airflow/dags/setup_retail_pipeline.py
[2026-05-03T11:21:20.422+0000] {processor.py:829} INFO - Processing file /opt/airflow/dags/setup_retail_pipeline.py for tasks to queue
[2026-05-03T11:21:20.423+0000] {logging_mixin.py:151} INFO - [2026-05-03T11:21:20.422+0000] {dagbag.py:539} INFO - Filling up the DagBag from /opt/airflow/dags/setup_retail_pipeline.py
[2026-05-03T11:21:20.437+0000] {processor.py:839} INFO - DAG(s) dict_keys(['setup_retail_pipeline']) retrieved from /opt/airflow/dags/setup_retail_pipeline.py
[2026-05-03T11:21:20.455+0000] {logging_mixin.py:151} INFO - [2026-05-03T11:21:20.455+0000] {dag.py:2915} INFO - Sync 1 DAGs
[2026-05-03T11:21:20.465+0000] {logging_mixin.py:151} INFO - [2026-05-03T11:21:20.465+0000] {dag.py:3696} INFO - Setting next_dagrun for setup_retail_pipeline to 2026-05-03T11:00:00+00:00, run_after=2026-05-03T12:00:00+00:00
[2026-05-03T11:21:20.471+0000] {processor.py:179} INFO - Processing /opt/airflow/dags/setup_retail_pipeline.py took 0.056 seconds
[2026-05-03T11:21:50.748+0000] {processor.py:157} INFO - Started process (PID=2531) to work on /opt/airflow/dags/setup_retail_pipeline.py
[2026-05-03T11:21:50.750+0000] {processor.py:829} INFO - Processing file /opt/airflow/dags/setup_retail_pipeline.py for tasks to queue
[2026-05-03T11:21:50.751+0000] {logging_mixin.py:151} INFO - [2026-05-03T11:21:50.751+0000] {dagbag.py:539} INFO - Filling up the DagBag from /opt/airflow/dags/setup_retail_pipeline.py
[2026-05-03T11:21:50.768+0000] {processor.py:839} INFO - DAG(s) dict_keys(['setup_retail_pipeline']) retrieved from /opt/airflow/dags/setup_retail_pipeline.py
[2026-05-03T11:21:50.783+0000] {logging_mixin.py:151} INFO - [2026-05-03T11:21:50.783+0000] {dag.py:2915} INFO - Sync 1 DAGs
[2026-05-03T11:21:50.795+0000] {logging_mixin.py:151} INFO - [2026-05-03T11:21:50.795+0000] {dag.py:3696} INFO - Setting next_dagrun for setup_retail_pipeline to 2026-05-03T11:00:00+00:00, run_after=2026-05-03T12:00:00+00:00
[2026-05-03T11:21:50.804+0000] {processor.py:179} INFO - Processing /opt/airflow/dags/setup_retail_pipeline.py took 0.063 seconds
[2026-05-03T11:22:21.027+0000] {processor.py:157} INFO - Started process (PID=2541) to work on /opt/airflow/dags/setup_retail_pipeline.py
[2026-05-03T11:22:21.029+0000] {processor.py:829} INFO - Processing file /opt/airflow/dags/setup_retail_pipeline.py for tasks to queue
[2026-05-03T11:22:21.030+0000] {logging_mixin.py:151} INFO - [2026-05-03T11:22:21.029+0000] {dagbag.py:539} INFO - Filling up the DagBag from /opt/airflow/dags/setup_retail_pipeline.py
[2026-05-03T11:22:21.046+0000] {processor.py:839} INFO - DAG(s) dict_keys(['setup_retail_pipeline']) retrieved from /opt/airflow/dags/setup_retail_pipeline.py
[2026-05-03T11:22:21.069+0000] {logging_mixin.py:151} INFO - [2026-05-03T11:22:21.068+0000] {dag.py:2915} INFO - Sync 1 DAGs
[2026-05-03T11:22:21.085+0000] {logging_mixin.py:151} INFO - [2026-05-03T11:22:21.085+0000] {dag.py:3696} INFO - Setting next_dagrun for setup_retail_pipeline to 2026-05-03T11:00:00+00:00, run_after=2026-05-03T12:00:00+00:00
[2026-05-03T11:22:21.092+0000] {processor.py:179} INFO - Processing /opt/airflow/dags/setup_retail_pipeline.py took 0.070 seconds
[2026-05-03T11:22:51.310+0000] {processor.py:157} INFO - Started process (PID=2551) to work on /opt/airflow/dags/setup_retail_pipeline.py
[2026-05-03T11:22:51.312+0000] {processor.py:829} INFO - Processing file /opt/airflow/dags/setup_retail_pipeline.py for tasks to queue
[2026-05-03T11:22:51.314+0000] {logging_mixin.py:151} INFO - [2026-05-03T11:22:51.313+0000] {dagbag.py:539} INFO - Filling up the DagBag from /opt/airflow/dags/setup_retail_pipeline.py
[2026-05-03T11:22:51.331+0000] {processor.py:839} INFO - DAG(s) dict_keys(['setup_retail_pipeline']) retrieved from /opt/airflow/dags/setup_retail_pipeline.py
[2026-05-03T11:22:51.352+0000] {logging_mixin.py:151} INFO - [2026-05-03T11:22:51.352+0000] {dag.py:2915} INFO - Sync 1 DAGs
[2026-05-03T11:22:51.365+0000] {logging_mixin.py:151} INFO - [2026-05-03T11:22:51.365+0000] {dag.py:3696} INFO - Setting next_dagrun for setup_retail_pipeline to 2026-05-03T11:00:00+00:00, run_after=2026-05-03T12:00:00+00:00
[2026-05-03T11:22:51.372+0000] {processor.py:179} INFO - Processing /opt/airflow/dags/setup_retail_pipeline.py took 0.068 seconds
[2026-05-03T11:23:21.572+0000] {processor.py:157} INFO - Started process (PID=2561) to work on /opt/airflow/dags/setup_retail_pipeline.py
[2026-05-03T11:23:21.574+0000] {processor.py:829} INFO - Processing file /opt/airflow/dags/setup_retail_pipeline.py for tasks to queue
[2026-05-03T11:23:21.575+0000] {logging_mixin.py:151} INFO - [2026-05-03T11:23:21.574+0000] {dagbag.py:539} INFO - Filling up the DagBag from /opt/airflow/dags/setup_retail_pipeline.py
[2026-05-03T11:23:21.593+0000] {processor.py:839} INFO - DAG(s) dict_keys(['setup_retail_pipeline']) retrieved from /opt/airflow/dags/setup_retail_pipeline.py
[2026-05-03T11:23:21.613+0000] {logging_mixin.py:151} INFO - [2026-05-03T11:23:21.613+0000] {dag.py:2915} INFO - Sync 1 DAGs
[2026-05-03T11:23:21.624+0000] {logging_mixin.py:151} INFO - [2026-05-03T11:23:21.624+0000] {dag.py:3696} INFO - Setting next_dagrun for setup_retail_pipeline to 2026-05-03T11:00:00+00:00, run_after=2026-05-03T12:00:00+00:00
[2026-05-03T11:23:21.631+0000] {processor.py:179} INFO - Processing /opt/airflow/dags/setup_retail_pipeline.py took 0.066 seconds
[2026-05-03T11:23:51.819+0000] {processor.py:157} INFO - Started process (PID=2571) to work on /opt/airflow/dags/setup_retail_pipeline.py
[2026-05-03T11:23:51.820+0000] {processor.py:829} INFO - Processing file /opt/airflow/dags/setup_retail_pipeline.py for tasks to queue
[2026-05-03T11:23:51.820+0000] {logging_mixin.py:151} INFO - [2026-05-03T11:23:51.820+0000] {dagbag.py:539} INFO - Filling up the DagBag from /opt/airflow/dags/setup_retail_pipeline.py
[2026-05-03T11:23:51.830+0000] {processor.py:839} INFO - DAG(s) dict_keys(['setup_retail_pipeline']) retrieved from /opt/airflow/dags/setup_retail_pipeline.py
[2026-05-03T11:23:51.846+0000] {logging_mixin.py:151} INFO - [2026-05-03T11:23:51.846+0000] {dag.py:2915} INFO - Sync 1 DAGs
[2026-05-03T11:23:51.855+0000] {logging_mixin.py:151} INFO - [2026-05-03T11:23:51.855+0000] {dag.py:3696} INFO - Setting next_dagrun for setup_retail_pipeline to 2026-05-03T11:00:00+00:00, run_after=2026-05-03T12:00:00+00:00
[2026-05-03T11:23:51.861+0000] {processor.py:179} INFO - Processing /opt/airflow/dags/setup_retail_pipeline.py took 0.045 seconds
[2026-05-03T11:24:22.230+0000] {processor.py:157} INFO - Started process (PID=2581) to work on /opt/airflow/dags/setup_retail_pipeline.py
[2026-05-03T11:24:22.231+0000] {processor.py:829} INFO - Processing file /opt/airflow/dags/setup_retail_pipeline.py for tasks to queue
[2026-05-03T11:24:22.233+0000] {logging_mixin.py:151} INFO - [2026-05-03T11:24:22.232+0000] {dagbag.py:539} INFO - Filling up the DagBag from /opt/airflow/dags/setup_retail_pipeline.py
[2026-05-03T11:24:22.264+0000] {processor.py:839} INFO - DAG(s) dict_keys(['setup_retail_pipeline']) retrieved from /opt/airflow/dags/setup_retail_pipeline.py
[2026-05-03T11:24:22.295+0000] {logging_mixin.py:151} INFO - [2026-05-03T11:24:22.294+0000] {dag.py:2915} INFO - Sync 1 DAGs
[2026-05-03T11:24:22.307+0000] {logging_mixin.py:151} INFO - [2026-05-03T11:24:22.307+0000] {dag.py:3696} INFO - Setting next_dagrun for setup_retail_pipeline to 2026-05-03T11:00:00+00:00, run_after=2026-05-03T12:00:00+00:00
[2026-05-03T11:24:22.314+0000] {processor.py:179} INFO - Processing /opt/airflow/dags/setup_retail_pipeline.py took 0.097 seconds
[2026-05-03T11:24:52.507+0000] {processor.py:157} INFO - Started process (PID=2591) to work on /opt/airflow/dags/setup_retail_pipeline.py
[2026-05-03T11:24:52.508+0000] {processor.py:829} INFO - Processing file /opt/airflow/dags/setup_retail_pipeline.py for tasks to queue
[2026-05-03T11:24:52.509+0000] {logging_mixin.py:151} INFO - [2026-05-03T11:24:52.508+0000] {dagbag.py:539} INFO - Filling up the DagBag from /opt/airflow/dags/setup_retail_pipeline.py
[2026-05-03T11:24:52.523+0000] {processor.py:839} INFO - DAG(s) dict_keys(['setup_retail_pipeline']) retrieved from /opt/airflow/dags/setup_retail_pipeline.py
[2026-05-03T11:24:52.546+0000] {logging_mixin.py:151} INFO - [2026-05-03T11:24:52.546+0000] {dag.py:2915} INFO - Sync 1 DAGs
[2026-05-03T11:24:52.559+0000] {logging_mixin.py:151} INFO - [2026-05-03T11:24:52.559+0000] {dag.py:3696} INFO - Setting next_dagrun for setup_retail_pipeline to 2026-05-03T11:00:00+00:00, run_after=2026-05-03T12:00:00+00:00
[2026-05-03T11:24:52.566+0000] {processor.py:179} INFO - Processing /opt/airflow/dags/setup_retail_pipeline.py took 0.067 seconds
[2026-05-03T11:25:22.775+0000] {processor.py:157} INFO - Started process (PID=2601) to work on /opt/airflow/dags/setup_retail_pipeline.py
[2026-05-03T11:25:22.777+0000] {processor.py:829} INFO - Processing file /opt/airflow/dags/setup_retail_pipeline.py for tasks to queue
[2026-05-03T11:25:22.779+0000] {logging_mixin.py:151} INFO - [2026-05-03T11:25:22.778+0000] {dagbag.py:539} INFO - Filling up the DagBag from /opt/airflow/dags/setup_retail_pipeline.py
[2026-05-03T11:25:22.809+0000] {processor.py:839} INFO - DAG(s) dict_keys(['setup_retail_pipeline']) retrieved from /opt/airflow/dags/setup_retail_pipeline.py
[2026-05-03T11:25:22.848+0000] {logging_mixin.py:151} INFO - [2026-05-03T11:25:22.847+0000] {dag.py:2915} INFO - Sync 1 DAGs
[2026-05-03T11:25:22.864+0000] {logging_mixin.py:151} INFO - [2026-05-03T11:25:22.864+0000] {dag.py:3696} INFO - Setting next_dagrun for setup_retail_pipeline to 2026-05-03T11:00:00+00:00, run_after=2026-05-03T12:00:00+00:00
[2026-05-03T11:25:22.872+0000] {processor.py:179} INFO - Processing /opt/airflow/dags/setup_retail_pipeline.py took 0.106 seconds
[2026-05-03T11:25:53.032+0000] {processor.py:157} INFO - Started process (PID=2611) to work on /opt/airflow/dags/setup_retail_pipeline.py
[2026-05-03T11:25:53.034+0000] {processor.py:829} INFO - Processing file /opt/airflow/dags/setup_retail_pipeline.py for tasks to queue
[2026-05-03T11:25:53.035+0000] {logging_mixin.py:151} INFO - [2026-05-03T11:25:53.035+0000] {dagbag.py:539} INFO - Filling up the DagBag from /opt/airflow/dags/setup_retail_pipeline.py
[2026-05-03T11:25:53.047+0000] {processor.py:839} INFO - DAG(s) dict_keys(['setup_retail_pipeline']) retrieved from /opt/airflow/dags/setup_retail_pipeline.py
[2026-05-03T11:25:53.069+0000] {logging_mixin.py:151} INFO - [2026-05-03T11:25:53.068+0000] {dag.py:2915} INFO - Sync 1 DAGs
[2026-05-03T11:25:53.080+0000] {logging_mixin.py:151} INFO - [2026-05-03T11:25:53.080+0000] {dag.py:3696} INFO - Setting next_dagrun for setup_retail_pipeline to 2026-05-03T11:00:00+00:00, run_after=2026-05-03T12:00:00+00:00
[2026-05-03T11:25:53.088+0000] {processor.py:179} INFO - Processing /opt/airflow/dags/setup_retail_pipeline.py took 0.060 seconds
[2026-05-03T11:26:23.379+0000] {processor.py:157} INFO - Started process (PID=2621) to work on /opt/airflow/dags/setup_retail_pipeline.py
[2026-05-03T11:26:23.380+0000] {processor.py:829} INFO - Processing file /opt/airflow/dags/setup_retail_pipeline.py for tasks to queue
[2026-05-03T11:26:23.381+0000] {logging_mixin.py:151} INFO - [2026-05-03T11:26:23.380+0000] {dagbag.py:539} INFO - Filling up the DagBag from /opt/airflow/dags/setup_retail_pipeline.py
[2026-05-03T11:26:23.407+0000] {processor.py:839} INFO - DAG(s) dict_keys(['setup_retail_pipeline']) retrieved from /opt/airflow/dags/setup_retail_pipeline.py
[2026-05-03T11:26:23.446+0000] {logging_mixin.py:151} INFO - [2026-05-03T11:26:23.446+0000] {dag.py:2915} INFO - Sync 1 DAGs
[2026-05-03T11:26:23.465+0000] {logging_mixin.py:151} INFO - [2026-05-03T11:26:23.465+0000] {dag.py:3696} INFO - Setting next_dagrun for setup_retail_pipeline to 2026-05-03T11:00:00+00:00, run_after=2026-05-03T12:00:00+00:00
[2026-05-03T11:26:23.473+0000] {processor.py:179} INFO - Processing /opt/airflow/dags/setup_retail_pipeline.py took 0.103 seconds
[2026-05-03T11:26:53.667+0000] {processor.py:157} INFO - Started process (PID=2631) to work on /opt/airflow/dags/setup_retail_pipeline.py
[2026-05-03T11:26:53.668+0000] {processor.py:829} INFO - Processing file /opt/airflow/dags/setup_retail_pipeline.py for tasks to queue
[2026-05-03T11:26:53.669+0000] {logging_mixin.py:151} INFO - [2026-05-03T11:26:53.668+0000] {dagbag.py:539} INFO - Filling up the DagBag from /opt/airflow/dags/setup_retail_pipeline.py
[2026-05-03T11:26:53.689+0000] {processor.py:839} INFO - DAG(s) dict_keys(['setup_retail_pipeline']) retrieved from /opt/airflow/dags/setup_retail_pipeline.py
[2026-05-03T11:26:53.713+0000] {logging_mixin.py:151} INFO - [2026-05-03T11:26:53.713+0000] {dag.py:2915} INFO - Sync 1 DAGs
[2026-05-03T11:26:53.731+0000] {logging_mixin.py:151} INFO - [2026-05-03T11:26:53.731+0000] {dag.py:3696} INFO - Setting next_dagrun for setup_retail_pipeline to 2026-05-03T11:00:00+00:00, run_after=2026-05-03T12:00:00+00:00
[2026-05-03T11:26:53.738+0000] {processor.py:179} INFO - Processing /opt/airflow/dags/setup_retail_pipeline.py took 0.080 seconds
[2026-05-03T11:27:23.963+0000] {processor.py:157} INFO - Started process (PID=2641) to work on /opt/airflow/dags/setup_retail_pipeline.py
[2026-05-03T11:27:23.964+0000] {processor.py:829} INFO - Processing file /opt/airflow/dags/setup_retail_pipeline.py for tasks to queue
[2026-05-03T11:27:23.965+0000] {logging_mixin.py:151} INFO - [2026-05-03T11:27:23.965+0000] {dagbag.py:539} INFO - Filling up the DagBag from /opt/airflow/dags/setup_retail_pipeline.py
[2026-05-03T11:27:23.987+0000] {processor.py:839} INFO - DAG(s) dict_keys(['setup_retail_pipeline']) retrieved from /opt/airflow/dags/setup_retail_pipeline.py
[2026-05-03T11:27:24.020+0000] {logging_mixin.py:151} INFO - [2026-05-03T11:27:24.020+0000] {dag.py:2915} INFO - Sync 1 DAGs
[2026-05-03T11:27:24.033+0000] {logging_mixin.py:151} INFO - [2026-05-03T11:27:24.033+0000] {dag.py:3696} INFO - Setting next_dagrun for setup_retail_pipeline to 2026-05-03T11:00:00+00:00, run_after=2026-05-03T12:00:00+00:00
[2026-05-03T11:27:24.041+0000] {processor.py:179} INFO - Processing /opt/airflow/dags/setup_retail_pipeline.py took 0.085 seconds
[2026-05-03T11:27:54.221+0000] {processor.py:157} INFO - Started process (PID=2651) to work on /opt/airflow/dags/setup_retail_pipeline.py
[2026-05-03T11:27:54.223+0000] {processor.py:829} INFO - Processing file /opt/airflow/dags/setup_retail_pipeline.py for tasks to queue
[2026-05-03T11:27:54.225+0000] {logging_mixin.py:151} INFO - [2026-05-03T11:27:54.225+0000] {dagbag.py:539} INFO - Filling up the DagBag from /opt/airflow/dags/setup_retail_pipeline.py
[2026-05-03T11:27:54.240+0000] {processor.py:839} INFO - DAG(s) dict_keys(['setup_retail_pipeline']) retrieved from /opt/airflow/dags/setup_retail_pipeline.py
[2026-05-03T11:27:54.262+0000] {logging_mixin.py:151} INFO - [2026-05-03T11:27:54.262+0000] {dag.py:2915} INFO - Sync 1 DAGs
[2026-05-03T11:27:54.274+0000] {logging_mixin.py:151} INFO - [2026-05-03T11:27:54.273+0000] {dag.py:3696} INFO - Setting next_dagrun for setup_retail_pipeline to 2026-05-03T11:00:00+00:00, run_after=2026-05-03T12:00:00+00:00
[2026-05-03T11:27:54.281+0000] {processor.py:179} INFO - Processing /opt/airflow/dags/setup_retail_pipeline.py took 0.067 seconds
[2026-05-03T11:28:24.472+0000] {processor.py:157} INFO - Started process (PID=2661) to work on /opt/airflow/dags/setup_retail_pipeline.py
[2026-05-03T11:28:24.475+0000] {processor.py:829} INFO - Processing file /opt/airflow/dags/setup_retail_pipeline.py for tasks to queue
[2026-05-03T11:28:24.478+0000] {logging_mixin.py:151} INFO - [2026-05-03T11:28:24.476+0000] {dagbag.py:539} INFO - Filling up the DagBag from /opt/airflow/dags/setup_retail_pipeline.py
[2026-05-03T11:28:24.493+0000] {processor.py:839} INFO - DAG(s) dict_keys(['setup_retail_pipeline']) retrieved from /opt/airflow/dags/setup_retail_pipeline.py
[2026-05-03T11:28:24.510+0000] {logging_mixin.py:151} INFO - [2026-05-03T11:28:24.510+0000] {dag.py:2915} INFO - Sync 1 DAGs
[2026-05-03T11:28:24.519+0000] {logging_mixin.py:151} INFO - [2026-05-03T11:28:24.519+0000] {dag.py:3696} INFO - Setting next_dagrun for setup_retail_pipeline to 2026-05-03T11:00:00+00:00, run_after=2026-05-03T12:00:00+00:00
[2026-05-03T11:28:24.526+0000] {processor.py:179} INFO - Processing /opt/airflow/dags/setup_retail_pipeline.py took 0.057 seconds
[2026-05-03T11:28:54.713+0000] {processor.py:157} INFO - Started process (PID=2671) to work on /opt/airflow/dags/setup_retail_pipeline.py
[2026-05-03T11:28:54.714+0000] {processor.py:829} INFO - Processing file /opt/airflow/dags/setup_retail_pipeline.py for tasks to queue
[2026-05-03T11:28:54.716+0000] {logging_mixin.py:151} INFO - [2026-05-03T11:28:54.715+0000] {dagbag.py:539} INFO - Filling up the DagBag from /opt/airflow/dags/setup_retail_pipeline.py
[2026-05-03T11:28:54.729+0000] {processor.py:839} INFO - DAG(s) dict_keys(['setup_retail_pipeline']) retrieved from /opt/airflow/dags/setup_retail_pipeline.py
[2026-05-03T11:28:54.746+0000] {logging_mixin.py:151} INFO - [2026-05-03T11:28:54.746+0000] {dag.py:2915} INFO - Sync 1 DAGs
[2026-05-03T11:28:54.757+0000] {logging_mixin.py:151} INFO - [2026-05-03T11:28:54.757+0000] {dag.py:3696} INFO - Setting next_dagrun for setup_retail_pipeline to 2026-05-03T11:00:00+00:00, run_after=2026-05-03T12:00:00+00:00
[2026-05-03T11:28:54.764+0000] {processor.py:179} INFO - Processing /opt/airflow/dags/setup_retail_pipeline.py took 0.056 seconds
[2026-05-03T11:29:24.983+0000] {processor.py:157} INFO - Started process (PID=2681) to work on /opt/airflow/dags/setup_retail_pipeline.py
[2026-05-03T11:29:24.985+0000] {processor.py:829} INFO - Processing file /opt/airflow/dags/setup_retail_pipeline.py for tasks to queue
[2026-05-03T11:29:24.987+0000] {logging_mixin.py:151} INFO - [2026-05-03T11:29:24.986+0000] {dagbag.py:539} INFO - Filling up the DagBag from /opt/airflow/dags/setup_retail_pipeline.py
[2026-05-03T11:29:25.002+0000] {processor.py:839} INFO - DAG(s) dict_keys(['setup_retail_pipeline']) retrieved from /opt/airflow/dags/setup_retail_pipeline.py
[2026-05-03T11:29:25.022+0000] {logging_mixin.py:151} INFO - [2026-05-03T11:29:25.022+0000] {dag.py:2915} INFO - Sync 1 DAGs
[2026-05-03T11:29:25.032+0000] {logging_mixin.py:151} INFO - [2026-05-03T11:29:25.032+0000] {dag.py:3696} INFO - Setting next_dagrun for setup_retail_pipeline to 2026-05-03T11:00:00+00:00, run_after=2026-05-03T12:00:00+00:00
[2026-05-03T11:29:25.038+0000] {processor.py:179} INFO - Processing /opt/airflow/dags/setup_retail_pipeline.py took 0.061 seconds
[2026-05-03T11:29:55.247+0000] {processor.py:157} INFO - Started process (PID=2691) to work on /opt/airflow/dags/setup_retail_pipeline.py
[2026-05-03T11:29:55.249+0000] {processor.py:829} INFO - Processing file /opt/airflow/dags/setup_retail_pipeline.py for tasks to queue
[2026-05-03T11:29:55.249+0000] {logging_mixin.py:151} INFO - [2026-05-03T11:29:55.249+0000] {dagbag.py:539} INFO - Filling up the DagBag from /opt/airflow/dags/setup_retail_pipeline.py
[2026-05-03T11:29:55.263+0000] {processor.py:839} INFO - DAG(s) dict_keys(['setup_retail_pipeline']) retrieved from /opt/airflow/dags/setup_retail_pipeline.py
[2026-05-03T11:29:55.283+0000] {logging_mixin.py:151} INFO - [2026-05-03T11:29:55.283+0000] {dag.py:2915} INFO - Sync 1 DAGs
[2026-05-03T11:29:55.295+0000] {logging_mixin.py:151} INFO - [2026-05-03T11:29:55.295+0000] {dag.py:3696} INFO - Setting next_dagrun for setup_retail_pipeline to 2026-05-03T11:00:00+00:00, run_after=2026-05-03T12:00:00+00:00
[2026-05-03T11:29:55.304+0000] {processor.py:179} INFO - Processing /opt/airflow/dags/setup_retail_pipeline.py took 0.065 seconds
[2026-05-03T11:30:25.474+0000] {processor.py:157} INFO - Started process (PID=2701) to work on /opt/airflow/dags/setup_retail_pipeline.py
[2026-05-03T11:30:25.476+0000] {processor.py:829} INFO - Processing file /opt/airflow/dags/setup_retail_pipeline.py for tasks to queue
[2026-05-03T11:30:25.477+0000] {logging_mixin.py:151} INFO - [2026-05-03T11:30:25.477+0000] {dagbag.py:539} INFO - Filling up the DagBag from /opt/airflow/dags/setup_retail_pipeline.py
[2026-05-03T11:30:25.493+0000] {processor.py:839} INFO - DAG(s) dict_keys(['setup_retail_pipeline']) retrieved from /opt/airflow/dags/setup_retail_pipeline.py
[2026-05-03T11:30:25.517+0000] {logging_mixin.py:151} INFO - [2026-05-03T11:30:25.517+0000] {dag.py:2915} INFO - Sync 1 DAGs
[2026-05-03T11:30:25.529+0000] {logging_mixin.py:151} INFO - [2026-05-03T11:30:25.529+0000] {dag.py:3696} INFO - Setting next_dagrun for setup_retail_pipeline to 2026-05-03T11:00:00+00:00, run_after=2026-05-03T12:00:00+00:00
[2026-05-03T11:30:25.536+0000] {processor.py:179} INFO - Processing /opt/airflow/dags/setup_retail_pipeline.py took 0.068 seconds
[2026-05-03T11:30:55.795+0000] {processor.py:157} INFO - Started process (PID=2711) to work on /opt/airflow/dags/setup_retail_pipeline.py
[2026-05-03T11:30:55.800+0000] {processor.py:829} INFO - Processing file /opt/airflow/dags/setup_retail_pipeline.py for tasks to queue
[2026-05-03T11:30:55.801+0000] {logging_mixin.py:151} INFO - [2026-05-03T11:30:55.801+0000] {dagbag.py:539} INFO - Filling up the DagBag from /opt/airflow/dags/setup_retail_pipeline.py
[2026-05-03T11:30:55.819+0000] {processor.py:839} INFO - DAG(s) dict_keys(['setup_retail_pipeline']) retrieved from /opt/airflow/dags/setup_retail_pipeline.py
[2026-05-03T11:30:55.843+0000] {logging_mixin.py:151} INFO - [2026-05-03T11:30:55.843+0000] {dag.py:2915} INFO - Sync 1 DAGs
[2026-05-03T11:30:55.854+0000] {logging_mixin.py:151} INFO - [2026-05-03T11:30:55.854+0000] {dag.py:3696} INFO - Setting next_dagrun for setup_retail_pipeline to 2026-05-03T11:00:00+00:00, run_after=2026-05-03T12:00:00+00:00
[2026-05-03T11:30:55.862+0000] {processor.py:179} INFO - Processing /opt/airflow/dags/setup_retail_pipeline.py took 0.079 seconds
[2026-05-03T11:31:26.048+0000] {processor.py:157} INFO - Started process (PID=2721) to work on /opt/airflow/dags/setup_retail_pipeline.py
[2026-05-03T11:31:26.050+0000] {processor.py:829} INFO - Processing file /opt/airflow/dags/setup_retail_pipeline.py for tasks to queue
[2026-05-03T11:31:26.051+0000] {logging_mixin.py:151} INFO - [2026-05-03T11:31:26.051+0000] {dagbag.py:539} INFO - Filling up the DagBag from /opt/airflow/dags/setup_retail_pipeline.py
[2026-05-03T11:31:26.063+0000] {processor.py:839} INFO - DAG(s) dict_keys(['setup_retail_pipeline']) retrieved from /opt/airflow/dags/setup_retail_pipeline.py
[2026-05-03T11:31:26.081+0000] {logging_mixin.py:151} INFO - [2026-05-03T11:31:26.081+0000] {dag.py:2915} INFO - Sync 1 DAGs
[2026-05-03T11:31:26.091+0000] {logging_mixin.py:151} INFO - [2026-05-03T11:31:26.091+0000] {dag.py:3696} INFO - Setting next_dagrun for setup_retail_pipeline to 2026-05-03T11:00:00+00:00, run_after=2026-05-03T12:00:00+00:00
[2026-05-03T11:31:26.098+0000] {processor.py:179} INFO - Processing /opt/airflow/dags/setup_retail_pipeline.py took 0.055 seconds
[2026-05-03T11:31:56.371+0000] {processor.py:157} INFO - Started process (PID=2731) to work on /opt/airflow/dags/setup_retail_pipeline.py
[2026-05-03T11:31:56.373+0000] {processor.py:829} INFO - Processing file /opt/airflow/dags/setup_retail_pipeline.py for tasks to queue
[2026-05-03T11:31:56.375+0000] {logging_mixin.py:151} INFO - [2026-05-03T11:31:56.375+0000] {dagbag.py:539} INFO - Filling up the DagBag from /opt/airflow/dags/setup_retail_pipeline.py
[2026-05-03T11:31:56.390+0000] {processor.py:839} INFO - DAG(s) dict_keys(['setup_retail_pipeline']) retrieved from /opt/airflow/dags/setup_retail_pipeline.py
[2026-05-03T11:31:56.413+0000] {logging_mixin.py:151} INFO - [2026-05-03T11:31:56.413+0000] {dag.py:2915} INFO - Sync 1 DAGs
[2026-05-03T11:31:56.425+0000] {logging_mixin.py:151} INFO - [2026-05-03T11:31:56.425+0000] {dag.py:3696} INFO - Setting next_dagrun for setup_retail_pipeline to 2026-05-03T11:00:00+00:00, run_after=2026-05-03T12:00:00+00:00
[2026-05-03T11:31:56.431+0000] {processor.py:179} INFO - Processing /opt/airflow/dags/setup_retail_pipeline.py took 0.065 seconds
[2026-05-03T11:32:26.687+0000] {processor.py:157} INFO - Started process (PID=2741) to work on /opt/airflow/dags/setup_retail_pipeline.py
[2026-05-03T11:32:26.689+0000] {processor.py:829} INFO - Processing file /opt/airflow/dags/setup_retail_pipeline.py for tasks to queue
[2026-05-03T11:32:26.690+0000] {logging_mixin.py:151} INFO - [2026-05-03T11:32:26.689+0000] {dagbag.py:539} INFO - Filling up the DagBag from /opt/airflow/dags/setup_retail_pipeline.py
[2026-05-03T11:32:26.710+0000] {processor.py:839} INFO - DAG(s) dict_keys(['setup_retail_pipeline']) retrieved from /opt/airflow/dags/setup_retail_pipeline.py
[2026-05-03T11:32:26.729+0000] {logging_mixin.py:151} INFO - [2026-05-03T11:32:26.729+0000] {dag.py:2915} INFO - Sync 1 DAGs
[2026-05-03T11:32:26.747+0000] {logging_mixin.py:151} INFO - [2026-05-03T11:32:26.747+0000] {dag.py:3696} INFO - Setting next_dagrun for setup_retail_pipeline to 2026-05-03T11:00:00+00:00, run_after=2026-05-03T12:00:00+00:00
[2026-05-03T11:32:26.755+0000] {processor.py:179} INFO - Processing /opt/airflow/dags/setup_retail_pipeline.py took 0.075 seconds
[2026-05-03T11:32:56.947+0000] {processor.py:157} INFO - Started process (PID=2751) to work on /opt/airflow/dags/setup_retail_pipeline.py
[2026-05-03T11:32:56.950+0000] {processor.py:829} INFO - Processing file /opt/airflow/dags/setup_retail_pipeline.py for tasks to queue
[2026-05-03T11:32:56.951+0000] {logging_mixin.py:151} INFO - [2026-05-03T11:32:56.950+0000] {dagbag.py:539} INFO - Filling up the DagBag from /opt/airflow/dags/setup_retail_pipeline.py
[2026-05-03T11:32:56.971+0000] {processor.py:839} INFO - DAG(s) dict_keys(['setup_retail_pipeline']) retrieved from /opt/airflow/dags/setup_retail_pipeline.py
[2026-05-03T11:32:56.991+0000] {logging_mixin.py:151} INFO - [2026-05-03T11:32:56.991+0000] {dag.py:2915} INFO - Sync 1 DAGs
[2026-05-03T11:32:57.001+0000] {logging_mixin.py:151} INFO - [2026-05-03T11:32:57.001+0000] {dag.py:3696} INFO - Setting next_dagrun for setup_retail_pipeline to 2026-05-03T11:00:00+00:00, run_after=2026-05-03T12:00:00+00:00
[2026-05-03T11:32:57.009+0000] {processor.py:179} INFO - Processing /opt/airflow/dags/setup_retail_pipeline.py took 0.069 seconds
[2026-05-03T11:33:27.182+0000] {processor.py:157} INFO - Started process (PID=2761) to work on /opt/airflow/dags/setup_retail_pipeline.py
[2026-05-03T11:33:27.183+0000] {processor.py:829} INFO - Processing file /opt/airflow/dags/setup_retail_pipeline.py for tasks to queue
[2026-05-03T11:33:27.185+0000] {logging_mixin.py:151} INFO - [2026-05-03T11:33:27.184+0000] {dagbag.py:539} INFO - Filling up the DagBag from /opt/airflow/dags/setup_retail_pipeline.py
[2026-05-03T11:33:27.202+0000] {processor.py:839} INFO - DAG(s) dict_keys(['setup_retail_pipeline']) retrieved from /opt/airflow/dags/setup_retail_pipeline.py
[2026-05-03T11:33:27.221+0000] {logging_mixin.py:151} INFO - [2026-05-03T11:33:27.221+0000] {dag.py:2915} INFO - Sync 1 DAGs
[2026-05-03T11:33:27.236+0000] {logging_mixin.py:151} INFO - [2026-05-03T11:33:27.236+0000] {dag.py:3696} INFO - Setting next_dagrun for setup_retail_pipeline to 2026-05-03T11:00:00+00:00, run_after=2026-05-03T12:00:00+00:00
[2026-05-03T11:33:27.243+0000] {processor.py:179} INFO - Processing /opt/airflow/dags/setup_retail_pipeline.py took 0.065 seconds
[2026-05-03T11:33:57.421+0000] {processor.py:157} INFO - Started process (PID=2771) to work on /opt/airflow/dags/setup_retail_pipeline.py
[2026-05-03T11:33:57.424+0000] {processor.py:829} INFO - Processing file /opt/airflow/dags/setup_retail_pipeline.py for tasks to queue
[2026-05-03T11:33:57.425+0000] {logging_mixin.py:151} INFO - [2026-05-03T11:33:57.424+0000] {dagbag.py:539} INFO - Filling up the DagBag from /opt/airflow/dags/setup_retail_pipeline.py
[2026-05-03T11:33:57.436+0000] {processor.py:839} INFO - DAG(s) dict_keys(['setup_retail_pipeline']) retrieved from /opt/airflow/dags/setup_retail_pipeline.py
[2026-05-03T11:33:57.461+0000] {logging_mixin.py:151} INFO - [2026-05-03T11:33:57.461+0000] {dag.py:2915} INFO - Sync 1 DAGs
[2026-05-03T11:33:57.477+0000] {logging_mixin.py:151} INFO - [2026-05-03T11:33:57.477+0000] {dag.py:3696} INFO - Setting next_dagrun for setup_retail_pipeline to 2026-05-03T11:00:00+00:00, run_after=2026-05-03T12:00:00+00:00
[2026-05-03T11:33:57.483+0000] {processor.py:179} INFO - Processing /opt/airflow/dags/setup_retail_pipeline.py took 0.066 seconds
[2026-05-03T11:34:27.712+0000] {processor.py:157} INFO - Started process (PID=2781) to work on /opt/airflow/dags/setup_retail_pipeline.py
[2026-05-03T11:34:27.716+0000] {processor.py:829} INFO - Processing file /opt/airflow/dags/setup_retail_pipeline.py for tasks to queue
[2026-05-03T11:34:27.720+0000] {logging_mixin.py:151} INFO - [2026-05-03T11:34:27.720+0000] {dagbag.py:539} INFO - Filling up the DagBag from /opt/airflow/dags/setup_retail_pipeline.py
[2026-05-03T11:34:27.746+0000] {processor.py:839} INFO - DAG(s) dict_keys(['setup_retail_pipeline']) retrieved from /opt/airflow/dags/setup_retail_pipeline.py
[2026-05-03T11:34:27.784+0000] {logging_mixin.py:151} INFO - [2026-05-03T11:34:27.784+0000] {dag.py:2915} INFO - Sync 1 DAGs
[2026-05-03T11:34:27.802+0000] {logging_mixin.py:151} INFO - [2026-05-03T11:34:27.802+0000] {dag.py:3696} INFO - Setting next_dagrun for setup_retail_pipeline to 2026-05-03T11:00:00+00:00, run_after=2026-05-03T12:00:00+00:00
[2026-05-03T11:34:27.813+0000] {processor.py:179} INFO - Processing /opt/airflow/dags/setup_retail_pipeline.py took 0.113 seconds
[2026-05-03T11:34:57.985+0000] {processor.py:157} INFO - Started process (PID=2791) to work on /opt/airflow/dags/setup_retail_pipeline.py
[2026-05-03T11:34:57.988+0000] {processor.py:829} INFO - Processing file /opt/airflow/dags/setup_retail_pipeline.py for tasks to queue
[2026-05-03T11:34:57.990+0000] {logging_mixin.py:151} INFO - [2026-05-03T11:34:57.989+0000] {dagbag.py:539} INFO - Filling up the DagBag from /opt/airflow/dags/setup_retail_pipeline.py
[2026-05-03T11:34:58.013+0000] {processor.py:839} INFO - DAG(s) dict_keys(['setup_retail_pipeline']) retrieved from /opt/airflow/dags/setup_retail_pipeline.py
[2026-05-03T11:34:58.046+0000] {logging_mixin.py:151} INFO - [2026-05-03T11:34:58.046+0000] {dag.py:2915} INFO - Sync 1 DAGs
[2026-05-03T11:34:58.061+0000] {logging_mixin.py:151} INFO - [2026-05-03T11:34:58.061+0000] {dag.py:3696} INFO - Setting next_dagrun for setup_retail_pipeline to 2026-05-03T11:00:00+00:00, run_after=2026-05-03T12:00:00+00:00
[2026-05-03T11:34:58.068+0000] {processor.py:179} INFO - Processing /opt/airflow/dags/setup_retail_pipeline.py took 0.089 seconds
[2026-05-03T11:35:28.291+0000] {processor.py:157} INFO - Started process (PID=2801) to work on /opt/airflow/dags/setup_retail_pipeline.py
[2026-05-03T11:35:28.292+0000] {processor.py:829} INFO - Processing file /opt/airflow/dags/setup_retail_pipeline.py for tasks to queue
[2026-05-03T11:35:28.293+0000] {logging_mixin.py:151} INFO - [2026-05-03T11:35:28.293+0000] {dagbag.py:539} INFO - Filling up the DagBag from /opt/airflow/dags/setup_retail_pipeline.py
[2026-05-03T11:35:28.309+0000] {processor.py:839} INFO - DAG(s) dict_keys(['setup_retail_pipeline']) retrieved from /opt/airflow/dags/setup_retail_pipeline.py
[2026-05-03T11:35:28.327+0000] {logging_mixin.py:151} INFO - [2026-05-03T11:35:28.327+0000] {dag.py:2915} INFO - Sync 1 DAGs
[2026-05-03T11:35:28.337+0000] {logging_mixin.py:151} INFO - [2026-05-03T11:35:28.337+0000] {dag.py:3696} INFO - Setting next_dagrun for setup_retail_pipeline to 2026-05-03T11:00:00+00:00, run_after=2026-05-03T12:00:00+00:00
[2026-05-03T11:35:28.344+0000] {processor.py:179} INFO - Processing /opt/airflow/dags/setup_retail_pipeline.py took 0.058 seconds
[2026-05-03T11:35:58.649+0000] {processor.py:157} INFO - Started process (PID=2811) to work on /opt/airflow/dags/setup_retail_pipeline.py
[2026-05-03T11:35:58.654+0000] {processor.py:829} INFO - Processing file /opt/airflow/dags/setup_retail_pipeline.py for tasks to queue
[2026-05-03T11:35:58.655+0000] {logging_mixin.py:151} INFO - [2026-05-03T11:35:58.655+0000] {dagbag.py:539} INFO - Filling up the DagBag from /opt/airflow/dags/setup_retail_pipeline.py
[2026-05-03T11:35:58.672+0000] {processor.py:839} INFO - DAG(s) dict_keys(['setup_retail_pipeline']) retrieved from /opt/airflow/dags/setup_retail_pipeline.py
[2026-05-03T11:35:58.698+0000] {logging_mixin.py:151} INFO - [2026-05-03T11:35:58.698+0000] {dag.py:2915} INFO - Sync 1 DAGs
[2026-05-03T11:35:58.715+0000] {logging_mixin.py:151} INFO - [2026-05-03T11:35:58.715+0000] {dag.py:3696} INFO - Setting next_dagrun for setup_retail_pipeline to 2026-05-03T11:00:00+00:00, run_after=2026-05-03T12:00:00+00:00
[2026-05-03T11:35:58.723+0000] {processor.py:179} INFO - Processing /opt/airflow/dags/setup_retail_pipeline.py took 0.083 seconds
[2026-05-03T11:36:28.931+0000] {processor.py:157} INFO - Started process (PID=2821) to work on /opt/airflow/dags/setup_retail_pipeline.py
[2026-05-03T11:36:28.933+0000] {processor.py:829} INFO - Processing file /opt/airflow/dags/setup_retail_pipeline.py for tasks to queue
[2026-05-03T11:36:28.934+0000] {logging_mixin.py:151} INFO - [2026-05-03T11:36:28.934+0000] {dagbag.py:539} INFO - Filling up the DagBag from /opt/airflow/dags/setup_retail_pipeline.py
[2026-05-03T11:36:28.963+0000] {processor.py:839} INFO - DAG(s) dict_keys(['setup_retail_pipeline']) retrieved from /opt/airflow/dags/setup_retail_pipeline.py
[2026-05-03T11:36:29.009+0000] {logging_mixin.py:151} INFO - [2026-05-03T11:36:29.009+0000] {dag.py:2915} INFO - Sync 1 DAGs
[2026-05-03T11:36:29.024+0000] {logging_mixin.py:151} INFO - [2026-05-03T11:36:29.023+0000] {dag.py:3696} INFO - Setting next_dagrun for setup_retail_pipeline to 2026-05-03T11:00:00+00:00, run_after=2026-05-03T12:00:00+00:00
[2026-05-03T11:36:29.033+0000] {processor.py:179} INFO - Processing /opt/airflow/dags/setup_retail_pipeline.py took 0.108 seconds
[2026-05-03T11:36:59.208+0000] {processor.py:157} INFO - Started process (PID=2831) to work on /opt/airflow/dags/setup_retail_pipeline.py
[2026-05-03T11:36:59.209+0000] {processor.py:829} INFO - Processing file /opt/airflow/dags/setup_retail_pipeline.py for tasks to queue
[2026-05-03T11:36:59.210+0000] {logging_mixin.py:151} INFO - [2026-05-03T11:36:59.209+0000] {dagbag.py:539} INFO - Filling up the DagBag from /opt/airflow/dags/setup_retail_pipeline.py
[2026-05-03T11:36:59.239+0000] {processor.py:839} INFO - DAG(s) dict_keys(['setup_retail_pipeline']) retrieved from /opt/airflow/dags/setup_retail_pipeline.py
[2026-05-03T11:36:59.273+0000] {logging_mixin.py:151} INFO - [2026-05-03T11:36:59.273+0000] {dag.py:2915} INFO - Sync 1 DAGs
[2026-05-03T11:36:59.292+0000] {logging_mixin.py:151} INFO - [2026-05-03T11:36:59.292+0000] {dag.py:3696} INFO - Setting next_dagrun for setup_retail_pipeline to 2026-05-03T11:00:00+00:00, run_after=2026-05-03T12:00:00+00:00
[2026-05-03T11:36:59.301+0000] {processor.py:179} INFO - Processing /opt/airflow/dags/setup_retail_pipeline.py took 0.100 seconds
[2026-05-03T11:37:29.485+0000] {processor.py:157} INFO - Started process (PID=2841) to work on /opt/airflow/dags/setup_retail_pipeline.py
[2026-05-03T11:37:29.492+0000] {processor.py:829} INFO - Processing file /opt/airflow/dags/setup_retail_pipeline.py for tasks to queue
[2026-05-03T11:37:29.497+0000] {logging_mixin.py:151} INFO - [2026-05-03T11:37:29.496+0000] {dagbag.py:539} INFO - Filling up the DagBag from /opt/airflow/dags/setup_retail_pipeline.py
[2026-05-03T11:37:29.523+0000] {processor.py:839} INFO - DAG(s) dict_keys(['setup_retail_pipeline']) retrieved from /opt/airflow/dags/setup_retail_pipeline.py
[2026-05-03T11:37:29.568+0000] {logging_mixin.py:151} INFO - [2026-05-03T11:37:29.568+0000] {dag.py:2915} INFO - Sync 1 DAGs
[2026-05-03T11:37:29.587+0000] {logging_mixin.py:151} INFO - [2026-05-03T11:37:29.587+0000] {dag.py:3696} INFO - Setting next_dagrun for setup_retail_pipeline to 2026-05-03T11:00:00+00:00, run_after=2026-05-03T12:00:00+00:00
[2026-05-03T11:37:29.595+0000] {processor.py:179} INFO - Processing /opt/airflow/dags/setup_retail_pipeline.py took 0.122 seconds
[2026-05-03T11:37:59.720+0000] {processor.py:157} INFO - Started process (PID=2851) to work on /opt/airflow/dags/setup_retail_pipeline.py
[2026-05-03T11:37:59.721+0000] {processor.py:829} INFO - Processing file /opt/airflow/dags/setup_retail_pipeline.py for tasks to queue
[2026-05-03T11:37:59.722+0000] {logging_mixin.py:151} INFO - [2026-05-03T11:37:59.722+0000] {dagbag.py:539} INFO - Filling up the DagBag from /opt/airflow/dags/setup_retail_pipeline.py
[2026-05-03T11:37:59.740+0000] {processor.py:839} INFO - DAG(s) dict_keys(['setup_retail_pipeline']) retrieved from /opt/airflow/dags/setup_retail_pipeline.py
[2026-05-03T11:37:59.762+0000] {logging_mixin.py:151} INFO - [2026-05-03T11:37:59.762+0000] {dag.py:2915} INFO - Sync 1 DAGs
[2026-05-03T11:37:59.774+0000] {logging_mixin.py:151} INFO - [2026-05-03T11:37:59.773+0000] {dag.py:3696} INFO - Setting next_dagrun for setup_retail_pipeline to 2026-05-03T11:00:00+00:00, run_after=2026-05-03T12:00:00+00:00
[2026-05-03T11:37:59.780+0000] {processor.py:179} INFO - Processing /opt/airflow/dags/setup_retail_pipeline.py took 0.067 seconds
[2026-05-03T11:38:30.009+0000] {processor.py:157} INFO - Started process (PID=2861) to work on /opt/airflow/dags/setup_retail_pipeline.py
[2026-05-03T11:38:30.010+0000] {processor.py:829} INFO - Processing file /opt/airflow/dags/setup_retail_pipeline.py for tasks to queue
[2026-05-03T11:38:30.011+0000] {logging_mixin.py:151} INFO - [2026-05-03T11:38:30.010+0000] {dagbag.py:539} INFO - Filling up the DagBag from /opt/airflow/dags/setup_retail_pipeline.py
[2026-05-03T11:38:30.023+0000] {processor.py:839} INFO - DAG(s) dict_keys(['setup_retail_pipeline']) retrieved from /opt/airflow/dags/setup_retail_pipeline.py
[2026-05-03T11:38:30.041+0000] {logging_mixin.py:151} INFO - [2026-05-03T11:38:30.040+0000] {dag.py:2915} INFO - Sync 1 DAGs
[2026-05-03T11:38:30.050+0000] {logging_mixin.py:151} INFO - [2026-05-03T11:38:30.050+0000] {dag.py:3696} INFO - Setting next_dagrun for setup_retail_pipeline to 2026-05-03T11:00:00+00:00, run_after=2026-05-03T12:00:00+00:00
[2026-05-03T11:38:30.056+0000] {processor.py:179} INFO - Processing /opt/airflow/dags/setup_retail_pipeline.py took 0.054 seconds
[2026-05-03T11:39:00.218+0000] {processor.py:157} INFO - Started process (PID=2871) to work on /opt/airflow/dags/setup_retail_pipeline.py
[2026-05-03T11:39:00.219+0000] {processor.py:829} INFO - Processing file /opt/airflow/dags/setup_retail_pipeline.py for tasks to queue
[2026-05-03T11:39:00.221+0000] {logging_mixin.py:151} INFO - [2026-05-03T11:39:00.220+0000] {dagbag.py:539} INFO - Filling up the DagBag from /opt/airflow/dags/setup_retail_pipeline.py
[2026-05-03T11:39:00.234+0000] {processor.py:839} INFO - DAG(s) dict_keys(['setup_retail_pipeline']) retrieved from /opt/airflow/dags/setup_retail_pipeline.py
[2026-05-03T11:39:00.251+0000] {logging_mixin.py:151} INFO - [2026-05-03T11:39:00.251+0000] {dag.py:2915} INFO - Sync 1 DAGs
[2026-05-03T11:39:00.260+0000] {logging_mixin.py:151} INFO - [2026-05-03T11:39:00.260+0000] {dag.py:3696} INFO - Setting next_dagrun for setup_retail_pipeline to 2026-05-03T11:00:00+00:00, run_after=2026-05-03T12:00:00+00:00
[2026-05-03T11:39:00.266+0000] {processor.py:179} INFO - Processing /opt/airflow/dags/setup_retail_pipeline.py took 0.051 seconds
[2026-05-03T11:39:30.476+0000] {processor.py:157} INFO - Started process (PID=2881) to work on /opt/airflow/dags/setup_retail_pipeline.py
[2026-05-03T11:39:30.478+0000] {processor.py:829} INFO - Processing file /opt/airflow/dags/setup_retail_pipeline.py for tasks to queue
[2026-05-03T11:39:30.479+0000] {logging_mixin.py:151} INFO - [2026-05-03T11:39:30.479+0000] {dagbag.py:539} INFO - Filling up the DagBag from /opt/airflow/dags/setup_retail_pipeline.py
[2026-05-03T11:39:30.496+0000] {processor.py:839} INFO - DAG(s) dict_keys(['setup_retail_pipeline']) retrieved from /opt/airflow/dags/setup_retail_pipeline.py
[2026-05-03T11:39:30.518+0000] {logging_mixin.py:151} INFO - [2026-05-03T11:39:30.518+0000] {dag.py:2915} INFO - Sync 1 DAGs
[2026-05-03T11:39:30.530+0000] {logging_mixin.py:151} INFO - [2026-05-03T11:39:30.530+0000] {dag.py:3696} INFO - Setting next_dagrun for setup_retail_pipeline to 2026-05-03T11:00:00+00:00, run_after=2026-05-03T12:00:00+00:00
[2026-05-03T11:39:30.537+0000] {processor.py:179} INFO - Processing /opt/airflow/dags/setup_retail_pipeline.py took 0.069 seconds
[2026-05-03T11:40:00.709+0000] {processor.py:157} INFO - Started process (PID=2891) to work on /opt/airflow/dags/setup_retail_pipeline.py
[2026-05-03T11:40:00.710+0000] {processor.py:829} INFO - Processing file /opt/airflow/dags/setup_retail_pipeline.py for tasks to queue
[2026-05-03T11:40:00.711+0000] {logging_mixin.py:151} INFO - [2026-05-03T11:40:00.711+0000] {dagbag.py:539} INFO - Filling up the DagBag from /opt/airflow/dags/setup_retail_pipeline.py
[2026-05-03T11:40:00.733+0000] {processor.py:839} INFO - DAG(s) dict_keys(['setup_retail_pipeline']) retrieved from /opt/airflow/dags/setup_retail_pipeline.py
[2026-05-03T11:40:00.761+0000] {logging_mixin.py:151} INFO - [2026-05-03T11:40:00.761+0000] {dag.py:2915} INFO - Sync 1 DAGs
[2026-05-03T11:40:00.772+0000] {logging_mixin.py:151} INFO - [2026-05-03T11:40:00.772+0000] {dag.py:3696} INFO - Setting next_dagrun for setup_retail_pipeline to 2026-05-03T11:00:00+00:00, run_after=2026-05-03T12:00:00+00:00
[2026-05-03T11:40:00.788+0000] {processor.py:179} INFO - Processing /opt/airflow/dags/setup_retail_pipeline.py took 0.083 seconds
[2026-05-03T11:40:30.952+0000] {processor.py:157} INFO - Started process (PID=2901) to work on /opt/airflow/dags/setup_retail_pipeline.py
[2026-05-03T11:40:30.952+0000] {processor.py:829} INFO - Processing file /opt/airflow/dags/setup_retail_pipeline.py for tasks to queue
[2026-05-03T11:40:30.953+0000] {logging_mixin.py:151} INFO - [2026-05-03T11:40:30.953+0000] {dagbag.py:539} INFO - Filling up the DagBag from /opt/airflow/dags/setup_retail_pipeline.py
[2026-05-03T11:40:30.970+0000] {processor.py:839} INFO - DAG(s) dict_keys(['setup_retail_pipeline']) retrieved from /opt/airflow/dags/setup_retail_pipeline.py
[2026-05-03T11:40:30.987+0000] {logging_mixin.py:151} INFO - [2026-05-03T11:40:30.987+0000] {dag.py:2915} INFO - Sync 1 DAGs
[2026-05-03T11:40:31.002+0000] {logging_mixin.py:151} INFO - [2026-05-03T11:40:31.002+0000] {dag.py:3696} INFO - Setting next_dagrun for setup_retail_pipeline to 2026-05-03T11:00:00+00:00, run_after=2026-05-03T12:00:00+00:00
[2026-05-03T11:40:31.008+0000] {processor.py:179} INFO - Processing /opt/airflow/dags/setup_retail_pipeline.py took 0.061 seconds
[2026-05-03T11:41:01.228+0000] {processor.py:157} INFO - Started process (PID=2911) to work on /opt/airflow/dags/setup_retail_pipeline.py
[2026-05-03T11:41:01.230+0000] {processor.py:829} INFO - Processing file /opt/airflow/dags/setup_retail_pipeline.py for tasks to queue
[2026-05-03T11:41:01.231+0000] {logging_mixin.py:151} INFO - [2026-05-03T11:41:01.230+0000] {dagbag.py:539} INFO - Filling up the DagBag from /opt/airflow/dags/setup_retail_pipeline.py
[2026-05-03T11:41:01.245+0000] {processor.py:839} INFO - DAG(s) dict_keys(['setup_retail_pipeline']) retrieved from /opt/airflow/dags/setup_retail_pipeline.py
[2026-05-03T11:41:01.263+0000] {logging_mixin.py:151} INFO - [2026-05-03T11:41:01.263+0000] {dag.py:2915} INFO - Sync 1 DAGs
[2026-05-03T11:41:01.273+0000] {logging_mixin.py:151} INFO - [2026-05-03T11:41:01.273+0000] {dag.py:3696} INFO - Setting next_dagrun for setup_retail_pipeline to 2026-05-03T11:00:00+00:00, run_after=2026-05-03T12:00:00+00:00
[2026-05-03T11:41:01.279+0000] {processor.py:179} INFO - Processing /opt/airflow/dags/setup_retail_pipeline.py took 0.056 seconds
[2026-05-03T11:41:31.449+0000] {processor.py:157} INFO - Started process (PID=2921) to work on /opt/airflow/dags/setup_retail_pipeline.py
[2026-05-03T11:41:31.450+0000] {processor.py:829} INFO - Processing file /opt/airflow/dags/setup_retail_pipeline.py for tasks to queue
[2026-05-03T11:41:31.451+0000] {logging_mixin.py:151} INFO - [2026-05-03T11:41:31.451+0000] {dagbag.py:539} INFO - Filling up the DagBag from /opt/airflow/dags/setup_retail_pipeline.py
[2026-05-03T11:41:31.462+0000] {processor.py:839} INFO - DAG(s) dict_keys(['setup_retail_pipeline']) retrieved from /opt/airflow/dags/setup_retail_pipeline.py
[2026-05-03T11:41:31.480+0000] {logging_mixin.py:151} INFO - [2026-05-03T11:41:31.480+0000] {dag.py:2915} INFO - Sync 1 DAGs
[2026-05-03T11:41:31.489+0000] {logging_mixin.py:151} INFO - [2026-05-03T11:41:31.489+0000] {dag.py:3696} INFO - Setting next_dagrun for setup_retail_pipeline to 2026-05-03T11:00:00+00:00, run_after=2026-05-03T12:00:00+00:00
[2026-05-03T11:41:31.496+0000] {processor.py:179} INFO - Processing /opt/airflow/dags/setup_retail_pipeline.py took 0.053 seconds
[2026-05-03T11:42:01.732+0000] {processor.py:157} INFO - Started process (PID=2931) to work on /opt/airflow/dags/setup_retail_pipeline.py
[2026-05-03T11:42:01.733+0000] {processor.py:829} INFO - Processing file /opt/airflow/dags/setup_retail_pipeline.py for tasks to queue
[2026-05-03T11:42:01.734+0000] {logging_mixin.py:151} INFO - [2026-05-03T11:42:01.733+0000] {dagbag.py:539} INFO - Filling up the DagBag from /opt/airflow/dags/setup_retail_pipeline.py
[2026-05-03T11:42:01.746+0000] {processor.py:839} INFO - DAG(s) dict_keys(['setup_retail_pipeline']) retrieved from /opt/airflow/dags/setup_retail_pipeline.py
[2026-05-03T11:42:01.762+0000] {logging_mixin.py:151} INFO - [2026-05-03T11:42:01.762+0000] {dag.py:2915} INFO - Sync 1 DAGs
[2026-05-03T11:42:01.770+0000] {logging_mixin.py:151} INFO - [2026-05-03T11:42:01.770+0000] {dag.py:3696} INFO - Setting next_dagrun for setup_retail_pipeline to 2026-05-03T11:00:00+00:00, run_after=2026-05-03T12:00:00+00:00
[2026-05-03T11:42:01.777+0000] {processor.py:179} INFO - Processing /opt/airflow/dags/setup_retail_pipeline.py took 0.051 seconds
[2026-05-03T11:42:32.007+0000] {processor.py:157} INFO - Started process (PID=2941) to work on /opt/airflow/dags/setup_retail_pipeline.py
[2026-05-03T11:42:32.008+0000] {processor.py:829} INFO - Processing file /opt/airflow/dags/setup_retail_pipeline.py for tasks to queue
[2026-05-03T11:42:32.009+0000] {logging_mixin.py:151} INFO - [2026-05-03T11:42:32.009+0000] {dagbag.py:539} INFO - Filling up the DagBag from /opt/airflow/dags/setup_retail_pipeline.py
[2026-05-03T11:42:32.021+0000] {processor.py:839} INFO - DAG(s) dict_keys(['setup_retail_pipeline']) retrieved from /opt/airflow/dags/setup_retail_pipeline.py
[2026-05-03T11:42:32.040+0000] {logging_mixin.py:151} INFO - [2026-05-03T11:42:32.040+0000] {dag.py:2915} INFO - Sync 1 DAGs
[2026-05-03T11:42:32.049+0000] {logging_mixin.py:151} INFO - [2026-05-03T11:42:32.049+0000] {dag.py:3696} INFO - Setting next_dagrun for setup_retail_pipeline to 2026-05-03T11:00:00+00:00, run_after=2026-05-03T12:00:00+00:00
[2026-05-03T11:42:32.055+0000] {processor.py:179} INFO - Processing /opt/airflow/dags/setup_retail_pipeline.py took 0.051 seconds
[2026-05-03T11:43:02.263+0000] {processor.py:157} INFO - Started process (PID=2951) to work on /opt/airflow/dags/setup_retail_pipeline.py
[2026-05-03T11:43:02.265+0000] {processor.py:829} INFO - Processing file /opt/airflow/dags/setup_retail_pipeline.py for tasks to queue
[2026-05-03T11:43:02.267+0000] {logging_mixin.py:151} INFO - [2026-05-03T11:43:02.266+0000] {dagbag.py:539} INFO - Filling up the DagBag from /opt/airflow/dags/setup_retail_pipeline.py
[2026-05-03T11:43:02.284+0000] {processor.py:839} INFO - DAG(s) dict_keys(['setup_retail_pipeline']) retrieved from /opt/airflow/dags/setup_retail_pipeline.py
[2026-05-03T11:43:02.307+0000] {logging_mixin.py:151} INFO - [2026-05-03T11:43:02.307+0000] {dag.py:2915} INFO - Sync 1 DAGs
[2026-05-03T11:43:02.320+0000] {logging_mixin.py:151} INFO - [2026-05-03T11:43:02.320+0000] {dag.py:3696} INFO - Setting next_dagrun for setup_retail_pipeline to 2026-05-03T11:00:00+00:00, run_after=2026-05-03T12:00:00+00:00
[2026-05-03T11:43:02.329+0000] {processor.py:179} INFO - Processing /opt/airflow/dags/setup_retail_pipeline.py took 0.072 seconds
[2026-05-03T11:43:32.481+0000] {processor.py:157} INFO - Started process (PID=2961) to work on /opt/airflow/dags/setup_retail_pipeline.py
[2026-05-03T11:43:32.483+0000] {processor.py:829} INFO - Processing file /opt/airflow/dags/setup_retail_pipeline.py for tasks to queue
[2026-05-03T11:43:32.483+0000] {logging_mixin.py:151} INFO - [2026-05-03T11:43:32.483+0000] {dagbag.py:539} INFO - Filling up the DagBag from /opt/airflow/dags/setup_retail_pipeline.py
[2026-05-03T11:43:32.497+0000] {processor.py:839} INFO - DAG(s) dict_keys(['setup_retail_pipeline']) retrieved from /opt/airflow/dags/setup_retail_pipeline.py
[2026-05-03T11:43:32.514+0000] {logging_mixin.py:151} INFO - [2026-05-03T11:43:32.514+0000] {dag.py:2915} INFO - Sync 1 DAGs
[2026-05-03T11:43:32.524+0000] {logging_mixin.py:151} INFO - [2026-05-03T11:43:32.524+0000] {dag.py:3696} INFO - Setting next_dagrun for setup_retail_pipeline to 2026-05-03T11:00:00+00:00, run_after=2026-05-03T12:00:00+00:00
[2026-05-03T11:43:32.530+0000] {processor.py:179} INFO - Processing /opt/airflow/dags/setup_retail_pipeline.py took 0.053 seconds
[2026-05-03T11:44:02.735+0000] {processor.py:157} INFO - Started process (PID=2971) to work on /opt/airflow/dags/setup_retail_pipeline.py
[2026-05-03T11:44:02.738+0000] {processor.py:829} INFO - Processing file /opt/airflow/dags/setup_retail_pipeline.py for tasks to queue
[2026-05-03T11:44:02.740+0000] {logging_mixin.py:151} INFO - [2026-05-03T11:44:02.739+0000] {dagbag.py:539} INFO - Filling up the DagBag from /opt/airflow/dags/setup_retail_pipeline.py
[2026-05-03T11:44:02.755+0000] {processor.py:839} INFO - DAG(s) dict_keys(['setup_retail_pipeline']) retrieved from /opt/airflow/dags/setup_retail_pipeline.py
[2026-05-03T11:44:02.782+0000] {logging_mixin.py:151} INFO - [2026-05-03T11:44:02.782+0000] {dag.py:2915} INFO - Sync 1 DAGs
[2026-05-03T11:44:02.796+0000] {logging_mixin.py:151} INFO - [2026-05-03T11:44:02.796+0000] {dag.py:3696} INFO - Setting next_dagrun for setup_retail_pipeline to 2026-05-03T11:00:00+00:00, run_after=2026-05-03T12:00:00+00:00
[2026-05-03T11:44:02.803+0000] {processor.py:179} INFO - Processing /opt/airflow/dags/setup_retail_pipeline.py took 0.074 seconds
[2026-05-03T11:44:33.000+0000] {processor.py:157} INFO - Started process (PID=2981) to work on /opt/airflow/dags/setup_retail_pipeline.py
[2026-05-03T11:44:33.001+0000] {processor.py:829} INFO - Processing file /opt/airflow/dags/setup_retail_pipeline.py for tasks to queue
[2026-05-03T11:44:33.002+0000] {logging_mixin.py:151} INFO - [2026-05-03T11:44:33.001+0000] {dagbag.py:539} INFO - Filling up the DagBag from /opt/airflow/dags/setup_retail_pipeline.py
[2026-05-03T11:44:33.022+0000] {processor.py:839} INFO - DAG(s) dict_keys(['setup_retail_pipeline']) retrieved from /opt/airflow/dags/setup_retail_pipeline.py
[2026-05-03T11:44:33.050+0000] {logging_mixin.py:151} INFO - [2026-05-03T11:44:33.050+0000] {dag.py:2915} INFO - Sync 1 DAGs
[2026-05-03T11:44:33.062+0000] {logging_mixin.py:151} INFO - [2026-05-03T11:44:33.062+0000] {dag.py:3696} INFO - Setting next_dagrun for setup_retail_pipeline to 2026-05-03T11:00:00+00:00, run_after=2026-05-03T12:00:00+00:00
[2026-05-03T11:44:33.068+0000] {processor.py:179} INFO - Processing /opt/airflow/dags/setup_retail_pipeline.py took 0.076 seconds
[2026-05-03T11:45:03.270+0000] {processor.py:157} INFO - Started process (PID=2991) to work on /opt/airflow/dags/setup_retail_pipeline.py
[2026-05-03T11:45:03.273+0000] {processor.py:829} INFO - Processing file /opt/airflow/dags/setup_retail_pipeline.py for tasks to queue
[2026-05-03T11:45:03.274+0000] {logging_mixin.py:151} INFO - [2026-05-03T11:45:03.274+0000] {dagbag.py:539} INFO - Filling up the DagBag from /opt/airflow/dags/setup_retail_pipeline.py
[2026-05-03T11:45:03.298+0000] {processor.py:839} INFO - DAG(s) dict_keys(['setup_retail_pipeline']) retrieved from /opt/airflow/dags/setup_retail_pipeline.py
[2026-05-03T11:45:03.326+0000] {logging_mixin.py:151} INFO - [2026-05-03T11:45:03.326+0000] {dag.py:2915} INFO - Sync 1 DAGs
[2026-05-03T11:45:03.339+0000] {logging_mixin.py:151} INFO - [2026-05-03T11:45:03.339+0000] {dag.py:3696} INFO - Setting next_dagrun for setup_retail_pipeline to 2026-05-03T11:00:00+00:00, run_after=2026-05-03T12:00:00+00:00
[2026-05-03T11:45:03.346+0000] {processor.py:179} INFO - Processing /opt/airflow/dags/setup_retail_pipeline.py took 0.085 seconds
[2026-05-03T11:45:33.528+0000] {processor.py:157} INFO - Started process (PID=3001) to work on /opt/airflow/dags/setup_retail_pipeline.py
[2026-05-03T11:45:33.529+0000] {processor.py:829} INFO - Processing file /opt/airflow/dags/setup_retail_pipeline.py for tasks to queue
[2026-05-03T11:45:33.530+0000] {logging_mixin.py:151} INFO - [2026-05-03T11:45:33.530+0000] {dagbag.py:539} INFO - Filling up the DagBag from /opt/airflow/dags/setup_retail_pipeline.py
[2026-05-03T11:45:33.551+0000] {processor.py:839} INFO - DAG(s) dict_keys(['setup_retail_pipeline']) retrieved from /opt/airflow/dags/setup_retail_pipeline.py
[2026-05-03T11:45:33.577+0000] {logging_mixin.py:151} INFO - [2026-05-03T11:45:33.577+0000] {dag.py:2915} INFO - Sync 1 DAGs
[2026-05-03T11:45:33.589+0000] {logging_mixin.py:151} INFO - [2026-05-03T11:45:33.589+0000] {dag.py:3696} INFO - Setting next_dagrun for setup_retail_pipeline to 2026-05-03T11:00:00+00:00, run_after=2026-05-03T12:00:00+00:00
[2026-05-03T11:45:33.597+0000] {processor.py:179} INFO - Processing /opt/airflow/dags/setup_retail_pipeline.py took 0.075 seconds
[2026-05-03T11:46:03.734+0000] {processor.py:157} INFO - Started process (PID=3011) to work on /opt/airflow/dags/setup_retail_pipeline.py
[2026-05-03T11:46:03.735+0000] {processor.py:829} INFO - Processing file /opt/airflow/dags/setup_retail_pipeline.py for tasks to queue
[2026-05-03T11:46:03.736+0000] {logging_mixin.py:151} INFO - [2026-05-03T11:46:03.736+0000] {dagbag.py:539} INFO - Filling up the DagBag from /opt/airflow/dags/setup_retail_pipeline.py
[2026-05-03T11:46:03.752+0000] {processor.py:839} INFO - DAG(s) dict_keys(['setup_retail_pipeline']) retrieved from /opt/airflow/dags/setup_retail_pipeline.py
[2026-05-03T11:46:03.769+0000] {logging_mixin.py:151} INFO - [2026-05-03T11:46:03.769+0000] {dag.py:2915} INFO - Sync 1 DAGs
[2026-05-03T11:46:03.780+0000] {logging_mixin.py:151} INFO - [2026-05-03T11:46:03.780+0000] {dag.py:3696} INFO - Setting next_dagrun for setup_retail_pipeline to 2026-05-03T11:00:00+00:00, run_after=2026-05-03T12:00:00+00:00
[2026-05-03T11:46:03.787+0000] {processor.py:179} INFO - Processing /opt/airflow/dags/setup_retail_pipeline.py took 0.057 seconds
[2026-05-03T11:46:34.039+0000] {processor.py:157} INFO - Started process (PID=3021) to work on /opt/airflow/dags/setup_retail_pipeline.py
[2026-05-03T11:46:34.041+0000] {processor.py:829} INFO - Processing file /opt/airflow/dags/setup_retail_pipeline.py for tasks to queue
[2026-05-03T11:46:34.042+0000] {logging_mixin.py:151} INFO - [2026-05-03T11:46:34.042+0000] {dagbag.py:539} INFO - Filling up the DagBag from /opt/airflow/dags/setup_retail_pipeline.py
[2026-05-03T11:46:34.060+0000] {processor.py:839} INFO - DAG(s) dict_keys(['setup_retail_pipeline']) retrieved from /opt/airflow/dags/setup_retail_pipeline.py
[2026-05-03T11:46:34.086+0000] {logging_mixin.py:151} INFO - [2026-05-03T11:46:34.086+0000] {dag.py:2915} INFO - Sync 1 DAGs
[2026-05-03T11:46:34.101+0000] {logging_mixin.py:151} INFO - [2026-05-03T11:46:34.101+0000] {dag.py:3696} INFO - Setting next_dagrun for setup_retail_pipeline to 2026-05-03T11:00:00+00:00, run_after=2026-05-03T12:00:00+00:00
[2026-05-03T11:46:34.110+0000] {processor.py:179} INFO - Processing /opt/airflow/dags/setup_retail_pipeline.py took 0.078 seconds
[2026-05-03T11:47:04.337+0000] {processor.py:157} INFO - Started process (PID=3031) to work on /opt/airflow/dags/setup_retail_pipeline.py
[2026-05-03T11:47:04.339+0000] {processor.py:829} INFO - Processing file /opt/airflow/dags/setup_retail_pipeline.py for tasks to queue
[2026-05-03T11:47:04.340+0000] {logging_mixin.py:151} INFO - [2026-05-03T11:47:04.339+0000] {dagbag.py:539} INFO - Filling up the DagBag from /opt/airflow/dags/setup_retail_pipeline.py
[2026-05-03T11:47:04.352+0000] {processor.py:839} INFO - DAG(s) dict_keys(['setup_retail_pipeline']) retrieved from /opt/airflow/dags/setup_retail_pipeline.py
[2026-05-03T11:47:04.374+0000] {logging_mixin.py:151} INFO - [2026-05-03T11:47:04.374+0000] {dag.py:2915} INFO - Sync 1 DAGs
[2026-05-03T11:47:04.383+0000] {logging_mixin.py:151} INFO - [2026-05-03T11:47:04.383+0000] {dag.py:3696} INFO - Setting next_dagrun for setup_retail_pipeline to 2026-05-03T11:00:00+00:00, run_after=2026-05-03T12:00:00+00:00
[2026-05-03T11:47:04.389+0000] {processor.py:179} INFO - Processing /opt/airflow/dags/setup_retail_pipeline.py took 0.058 seconds
[2026-05-03T11:47:34.586+0000] {processor.py:157} INFO - Started process (PID=3041) to work on /opt/airflow/dags/setup_retail_pipeline.py
[2026-05-03T11:47:34.588+0000] {processor.py:829} INFO - Processing file /opt/airflow/dags/setup_retail_pipeline.py for tasks to queue
[2026-05-03T11:47:34.590+0000] {logging_mixin.py:151} INFO - [2026-05-03T11:47:34.589+0000] {dagbag.py:539} INFO - Filling up the DagBag from /opt/airflow/dags/setup_retail_pipeline.py
[2026-05-03T11:47:34.606+0000] {processor.py:839} INFO - DAG(s) dict_keys(['setup_retail_pipeline']) retrieved from /opt/airflow/dags/setup_retail_pipeline.py
[2026-05-03T11:47:34.627+0000] {logging_mixin.py:151} INFO - [2026-05-03T11:47:34.627+0000] {dag.py:2915} INFO - Sync 1 DAGs
[2026-05-03T11:47:34.639+0000] {logging_mixin.py:151} INFO - [2026-05-03T11:47:34.639+0000] {dag.py:3696} INFO - Setting next_dagrun for setup_retail_pipeline to 2026-05-03T11:00:00+00:00, run_after=2026-05-03T12:00:00+00:00
[2026-05-03T11:47:34.647+0000] {processor.py:179} INFO - Processing /opt/airflow/dags/setup_retail_pipeline.py took 0.067 seconds
[2026-05-03T11:48:04.812+0000] {processor.py:157} INFO - Started process (PID=3051) to work on /opt/airflow/dags/setup_retail_pipeline.py
[2026-05-03T11:48:04.813+0000] {processor.py:829} INFO - Processing file /opt/airflow/dags/setup_retail_pipeline.py for tasks to queue
[2026-05-03T11:48:04.814+0000] {logging_mixin.py:151} INFO - [2026-05-03T11:48:04.814+0000] {dagbag.py:539} INFO - Filling up the DagBag from /opt/airflow/dags/setup_retail_pipeline.py
[2026-05-03T11:48:04.827+0000] {processor.py:839} INFO - DAG(s) dict_keys(['setup_retail_pipeline']) retrieved from /opt/airflow/dags/setup_retail_pipeline.py
[2026-05-03T11:48:04.857+0000] {logging_mixin.py:151} INFO - [2026-05-03T11:48:04.857+0000] {dag.py:2915} INFO - Sync 1 DAGs
[2026-05-03T11:48:04.869+0000] {logging_mixin.py:151} INFO - [2026-05-03T11:48:04.869+0000] {dag.py:3696} INFO - Setting next_dagrun for setup_retail_pipeline to 2026-05-03T11:00:00+00:00, run_after=2026-05-03T12:00:00+00:00
[2026-05-03T11:48:04.877+0000] {processor.py:179} INFO - Processing /opt/airflow/dags/setup_retail_pipeline.py took 0.070 seconds
[2026-05-03T11:48:35.063+0000] {processor.py:157} INFO - Started process (PID=3061) to work on /opt/airflow/dags/setup_retail_pipeline.py
[2026-05-03T11:48:35.064+0000] {processor.py:829} INFO - Processing file /opt/airflow/dags/setup_retail_pipeline.py for tasks to queue
[2026-05-03T11:48:35.065+0000] {logging_mixin.py:151} INFO - [2026-05-03T11:48:35.065+0000] {dagbag.py:539} INFO - Filling up the DagBag from /opt/airflow/dags/setup_retail_pipeline.py
[2026-05-03T11:48:35.082+0000] {processor.py:839} INFO - DAG(s) dict_keys(['setup_retail_pipeline']) retrieved from /opt/airflow/dags/setup_retail_pipeline.py
[2026-05-03T11:48:35.109+0000] {logging_mixin.py:151} INFO - [2026-05-03T11:48:35.109+0000] {dag.py:2915} INFO - Sync 1 DAGs
[2026-05-03T11:48:35.124+0000] {logging_mixin.py:151} INFO - [2026-05-03T11:48:35.124+0000] {dag.py:3696} INFO - Setting next_dagrun for setup_retail_pipeline to 2026-05-03T11:00:00+00:00, run_after=2026-05-03T12:00:00+00:00
[2026-05-03T11:48:35.134+0000] {processor.py:179} INFO - Processing /opt/airflow/dags/setup_retail_pipeline.py took 0.078 seconds
[2026-05-03T11:49:05.327+0000] {processor.py:157} INFO - Started process (PID=3071) to work on /opt/airflow/dags/setup_retail_pipeline.py
[2026-05-03T11:49:05.330+0000] {processor.py:829} INFO - Processing file /opt/airflow/dags/setup_retail_pipeline.py for tasks to queue
[2026-05-03T11:49:05.331+0000] {logging_mixin.py:151} INFO - [2026-05-03T11:49:05.330+0000] {dagbag.py:539} INFO - Filling up the DagBag from /opt/airflow/dags/setup_retail_pipeline.py
[2026-05-03T11:49:05.358+0000] {processor.py:839} INFO - DAG(s) dict_keys(['setup_retail_pipeline']) retrieved from /opt/airflow/dags/setup_retail_pipeline.py
[2026-05-03T11:49:05.396+0000] {logging_mixin.py:151} INFO - [2026-05-03T11:49:05.396+0000] {dag.py:2915} INFO - Sync 1 DAGs
[2026-05-03T11:49:05.411+0000] {logging_mixin.py:151} INFO - [2026-05-03T11:49:05.411+0000] {dag.py:3696} INFO - Setting next_dagrun for setup_retail_pipeline to 2026-05-03T11:00:00+00:00, run_after=2026-05-03T12:00:00+00:00
[2026-05-03T11:49:05.422+0000] {processor.py:179} INFO - Processing /opt/airflow/dags/setup_retail_pipeline.py took 0.100 seconds
[2026-05-03T11:49:35.534+0000] {processor.py:157} INFO - Started process (PID=3081) to work on /opt/airflow/dags/setup_retail_pipeline.py
[2026-05-03T11:49:35.535+0000] {processor.py:829} INFO - Processing file /opt/airflow/dags/setup_retail_pipeline.py for tasks to queue
[2026-05-03T11:49:35.537+0000] {logging_mixin.py:151} INFO - [2026-05-03T11:49:35.537+0000] {dagbag.py:539} INFO - Filling up the DagBag from /opt/airflow/dags/setup_retail_pipeline.py
[2026-05-03T11:49:35.551+0000] {processor.py:839} INFO - DAG(s) dict_keys(['setup_retail_pipeline']) retrieved from /opt/airflow/dags/setup_retail_pipeline.py
[2026-05-03T11:49:35.568+0000] {logging_mixin.py:151} INFO - [2026-05-03T11:49:35.567+0000] {dag.py:2915} INFO - Sync 1 DAGs
[2026-05-03T11:49:35.577+0000] {logging_mixin.py:151} INFO - [2026-05-03T11:49:35.577+0000] {dag.py:3696} INFO - Setting next_dagrun for setup_retail_pipeline to 2026-05-03T11:00:00+00:00, run_after=2026-05-03T12:00:00+00:00
[2026-05-03T11:49:35.584+0000] {processor.py:179} INFO - Processing /opt/airflow/dags/setup_retail_pipeline.py took 0.058 seconds
[2026-05-03T11:50:05.854+0000] {processor.py:157} INFO - Started process (PID=3091) to work on /opt/airflow/dags/setup_retail_pipeline.py
[2026-05-03T11:50:05.855+0000] {processor.py:829} INFO - Processing file /opt/airflow/dags/setup_retail_pipeline.py for tasks to queue
[2026-05-03T11:50:05.861+0000] {logging_mixin.py:151} INFO - [2026-05-03T11:50:05.856+0000] {dagbag.py:539} INFO - Filling up the DagBag from /opt/airflow/dags/setup_retail_pipeline.py
[2026-05-03T11:50:05.887+0000] {processor.py:839} INFO - DAG(s) dict_keys(['setup_retail_pipeline']) retrieved from /opt/airflow/dags/setup_retail_pipeline.py
[2026-05-03T11:50:05.925+0000] {logging_mixin.py:151} INFO - [2026-05-03T11:50:05.925+0000] {dag.py:2915} INFO - Sync 1 DAGs
[2026-05-03T11:50:05.942+0000] {logging_mixin.py:151} INFO - [2026-05-03T11:50:05.942+0000] {dag.py:3696} INFO - Setting next_dagrun for setup_retail_pipeline to 2026-05-03T11:00:00+00:00, run_after=2026-05-03T12:00:00+00:00
[2026-05-03T11:50:05.952+0000] {processor.py:179} INFO - Processing /opt/airflow/dags/setup_retail_pipeline.py took 0.110 seconds
[2026-05-03T11:50:36.132+0000] {processor.py:157} INFO - Started process (PID=3101) to work on /opt/airflow/dags/setup_retail_pipeline.py
[2026-05-03T11:50:36.134+0000] {processor.py:829} INFO - Processing file /opt/airflow/dags/setup_retail_pipeline.py for tasks to queue
[2026-05-03T11:50:36.137+0000] {logging_mixin.py:151} INFO - [2026-05-03T11:50:36.136+0000] {dagbag.py:539} INFO - Filling up the DagBag from /opt/airflow/dags/setup_retail_pipeline.py
[2026-05-03T11:50:36.173+0000] {processor.py:839} INFO - DAG(s) dict_keys(['setup_retail_pipeline']) retrieved from /opt/airflow/dags/setup_retail_pipeline.py
[2026-05-03T11:50:36.212+0000] {logging_mixin.py:151} INFO - [2026-05-03T11:50:36.212+0000] {dag.py:2915} INFO - Sync 1 DAGs
[2026-05-03T11:50:36.228+0000] {logging_mixin.py:151} INFO - [2026-05-03T11:50:36.228+0000] {dag.py:3696} INFO - Setting next_dagrun for setup_retail_pipeline to 2026-05-03T11:00:00+00:00, run_after=2026-05-03T12:00:00+00:00
[2026-05-03T11:50:36.236+0000] {processor.py:179} INFO - Processing /opt/airflow/dags/setup_retail_pipeline.py took 0.120 seconds
[2026-05-03T11:51:06.395+0000] {processor.py:157} INFO - Started process (PID=3111) to work on /opt/airflow/dags/setup_retail_pipeline.py
[2026-05-03T11:51:06.396+0000] {processor.py:829} INFO - Processing file /opt/airflow/dags/setup_retail_pipeline.py for tasks to queue
[2026-05-03T11:51:06.397+0000] {logging_mixin.py:151} INFO - [2026-05-03T11:51:06.397+0000] {dagbag.py:539} INFO - Filling up the DagBag from /opt/airflow/dags/setup_retail_pipeline.py
[2026-05-03T11:51:06.417+0000] {processor.py:839} INFO - DAG(s) dict_keys(['setup_retail_pipeline']) retrieved from /opt/airflow/dags/setup_retail_pipeline.py
[2026-05-03T11:51:06.440+0000] {logging_mixin.py:151} INFO - [2026-05-03T11:51:06.440+0000] {dag.py:2915} INFO - Sync 1 DAGs
[2026-05-03T11:51:06.452+0000] {logging_mixin.py:151} INFO - [2026-05-03T11:51:06.452+0000] {dag.py:3696} INFO - Setting next_dagrun for setup_retail_pipeline to 2026-05-03T11:00:00+00:00, run_after=2026-05-03T12:00:00+00:00
[2026-05-03T11:51:06.459+0000] {processor.py:179} INFO - Processing /opt/airflow/dags/setup_retail_pipeline.py took 0.071 seconds
[2026-05-03T11:51:36.655+0000] {processor.py:157} INFO - Started process (PID=3121) to work on /opt/airflow/dags/setup_retail_pipeline.py
[2026-05-03T11:51:36.657+0000] {processor.py:829} INFO - Processing file /opt/airflow/dags/setup_retail_pipeline.py for tasks to queue
[2026-05-03T11:51:36.658+0000] {logging_mixin.py:151} INFO - [2026-05-03T11:51:36.658+0000] {dagbag.py:539} INFO - Filling up the DagBag from /opt/airflow/dags/setup_retail_pipeline.py
[2026-05-03T11:51:36.678+0000] {processor.py:839} INFO - DAG(s) dict_keys(['setup_retail_pipeline']) retrieved from /opt/airflow/dags/setup_retail_pipeline.py
[2026-05-03T11:51:36.700+0000] {logging_mixin.py:151} INFO - [2026-05-03T11:51:36.700+0000] {dag.py:2915} INFO - Sync 1 DAGs
[2026-05-03T11:51:36.712+0000] {logging_mixin.py:151} INFO - [2026-05-03T11:51:36.712+0000] {dag.py:3696} INFO - Setting next_dagrun for setup_retail_pipeline to 2026-05-03T11:00:00+00:00, run_after=2026-05-03T12:00:00+00:00
[2026-05-03T11:51:36.721+0000] {processor.py:179} INFO - Processing /opt/airflow/dags/setup_retail_pipeline.py took 0.073 seconds
[2026-05-03T11:52:06.885+0000] {processor.py:157} INFO - Started process (PID=3131) to work on /opt/airflow/dags/setup_retail_pipeline.py
[2026-05-03T11:52:06.886+0000] {processor.py:829} INFO - Processing file /opt/airflow/dags/setup_retail_pipeline.py for tasks to queue
[2026-05-03T11:52:06.887+0000] {logging_mixin.py:151} INFO - [2026-05-03T11:52:06.887+0000] {dagbag.py:539} INFO - Filling up the DagBag from /opt/airflow/dags/setup_retail_pipeline.py
[2026-05-03T11:52:06.901+0000] {processor.py:839} INFO - DAG(s) dict_keys(['setup_retail_pipeline']) retrieved from /opt/airflow/dags/setup_retail_pipeline.py
[2026-05-03T11:52:06.920+0000] {logging_mixin.py:151} INFO - [2026-05-03T11:52:06.920+0000] {dag.py:2915} INFO - Sync 1 DAGs
[2026-05-03T11:52:06.932+0000] {logging_mixin.py:151} INFO - [2026-05-03T11:52:06.932+0000] {dag.py:3696} INFO - Setting next_dagrun for setup_retail_pipeline to 2026-05-03T11:00:00+00:00, run_after=2026-05-03T12:00:00+00:00
[2026-05-03T11:52:06.939+0000] {processor.py:179} INFO - Processing /opt/airflow/dags/setup_retail_pipeline.py took 0.058 seconds
[2026-05-03T11:52:37.139+0000] {processor.py:157} INFO - Started process (PID=3141) to work on /opt/airflow/dags/setup_retail_pipeline.py
[2026-05-03T11:52:37.141+0000] {processor.py:829} INFO - Processing file /opt/airflow/dags/setup_retail_pipeline.py for tasks to queue
[2026-05-03T11:52:37.142+0000] {logging_mixin.py:151} INFO - [2026-05-03T11:52:37.142+0000] {dagbag.py:539} INFO - Filling up the DagBag from /opt/airflow/dags/setup_retail_pipeline.py
[2026-05-03T11:52:37.154+0000] {processor.py:839} INFO - DAG(s) dict_keys(['setup_retail_pipeline']) retrieved from /opt/airflow/dags/setup_retail_pipeline.py
[2026-05-03T11:52:37.172+0000] {logging_mixin.py:151} INFO - [2026-05-03T11:52:37.172+0000] {dag.py:2915} INFO - Sync 1 DAGs
[2026-05-03T11:52:37.183+0000] {logging_mixin.py:151} INFO - [2026-05-03T11:52:37.183+0000] {dag.py:3696} INFO - Setting next_dagrun for setup_retail_pipeline to 2026-05-03T11:00:00+00:00, run_after=2026-05-03T12:00:00+00:00
[2026-05-03T11:52:37.189+0000] {processor.py:179} INFO - Processing /opt/airflow/dags/setup_retail_pipeline.py took 0.055 seconds
[2026-05-03T11:53:07.472+0000] {processor.py:157} INFO - Started process (PID=3151) to work on /opt/airflow/dags/setup_retail_pipeline.py
[2026-05-03T11:53:07.474+0000] {processor.py:829} INFO - Processing file /opt/airflow/dags/setup_retail_pipeline.py for tasks to queue
[2026-05-03T11:53:07.475+0000] {logging_mixin.py:151} INFO - [2026-05-03T11:53:07.474+0000] {dagbag.py:539} INFO - Filling up the DagBag from /opt/airflow/dags/setup_retail_pipeline.py
[2026-05-03T11:53:07.492+0000] {processor.py:839} INFO - DAG(s) dict_keys(['setup_retail_pipeline']) retrieved from /opt/airflow/dags/setup_retail_pipeline.py
[2026-05-03T11:53:07.521+0000] {logging_mixin.py:151} INFO - [2026-05-03T11:53:07.521+0000] {dag.py:2915} INFO - Sync 1 DAGs
[2026-05-03T11:53:07.540+0000] {logging_mixin.py:151} INFO - [2026-05-03T11:53:07.540+0000] {dag.py:3696} INFO - Setting next_dagrun for setup_retail_pipeline to 2026-05-03T11:00:00+00:00, run_after=2026-05-03T12:00:00+00:00
[2026-05-03T11:53:07.548+0000] {processor.py:179} INFO - Processing /opt/airflow/dags/setup_retail_pipeline.py took 0.081 seconds
[2026-05-03T11:53:37.680+0000] {processor.py:157} INFO - Started process (PID=3161) to work on /opt/airflow/dags/setup_retail_pipeline.py
[2026-05-03T11:53:37.681+0000] {processor.py:829} INFO - Processing file /opt/airflow/dags/setup_retail_pipeline.py for tasks to queue
[2026-05-03T11:53:37.681+0000] {logging_mixin.py:151} INFO - [2026-05-03T11:53:37.681+0000] {dagbag.py:539} INFO - Filling up the DagBag from /opt/airflow/dags/setup_retail_pipeline.py
[2026-05-03T11:53:37.689+0000] {processor.py:839} INFO - DAG(s) dict_keys(['setup_retail_pipeline']) retrieved from /opt/airflow/dags/setup_retail_pipeline.py
[2026-05-03T11:53:37.708+0000] {logging_mixin.py:151} INFO - [2026-05-03T11:53:37.708+0000] {dag.py:2915} INFO - Sync 1 DAGs
[2026-05-03T11:53:37.717+0000] {logging_mixin.py:151} INFO - [2026-05-03T11:53:37.717+0000] {dag.py:3696} INFO - Setting next_dagrun for setup_retail_pipeline to 2026-05-03T11:00:00+00:00, run_after=2026-05-03T12:00:00+00:00
[2026-05-03T11:53:37.723+0000] {processor.py:179} INFO - Processing /opt/airflow/dags/setup_retail_pipeline.py took 0.046 seconds
[2026-05-03T11:54:07.930+0000] {processor.py:157} INFO - Started process (PID=3171) to work on /opt/airflow/dags/setup_retail_pipeline.py
[2026-05-03T11:54:07.931+0000] {processor.py:829} INFO - Processing file /opt/airflow/dags/setup_retail_pipeline.py for tasks to queue
[2026-05-03T11:54:07.932+0000] {logging_mixin.py:151} INFO - [2026-05-03T11:54:07.932+0000] {dagbag.py:539} INFO - Filling up the DagBag from /opt/airflow/dags/setup_retail_pipeline.py
[2026-05-03T11:54:07.944+0000] {processor.py:839} INFO - DAG(s) dict_keys(['setup_retail_pipeline']) retrieved from /opt/airflow/dags/setup_retail_pipeline.py
[2026-05-03T11:54:07.964+0000] {logging_mixin.py:151} INFO - [2026-05-03T11:54:07.964+0000] {dag.py:2915} INFO - Sync 1 DAGs
[2026-05-03T11:54:07.974+0000] {logging_mixin.py:151} INFO - [2026-05-03T11:54:07.974+0000] {dag.py:3696} INFO - Setting next_dagrun for setup_retail_pipeline to 2026-05-03T11:00:00+00:00, run_after=2026-05-03T12:00:00+00:00
[2026-05-03T11:54:07.981+0000] {processor.py:179} INFO - Processing /opt/airflow/dags/setup_retail_pipeline.py took 0.056 seconds
[2026-05-03T11:54:38.217+0000] {processor.py:157} INFO - Started process (PID=3181) to work on /opt/airflow/dags/setup_retail_pipeline.py
[2026-05-03T11:54:38.218+0000] {processor.py:829} INFO - Processing file /opt/airflow/dags/setup_retail_pipeline.py for tasks to queue
[2026-05-03T11:54:38.219+0000] {logging_mixin.py:151} INFO - [2026-05-03T11:54:38.219+0000] {dagbag.py:539} INFO - Filling up the DagBag from /opt/airflow/dags/setup_retail_pipeline.py
[2026-05-03T11:54:38.233+0000] {processor.py:839} INFO - DAG(s) dict_keys(['setup_retail_pipeline']) retrieved from /opt/airflow/dags/setup_retail_pipeline.py
[2026-05-03T11:54:38.251+0000] {logging_mixin.py:151} INFO - [2026-05-03T11:54:38.251+0000] {dag.py:2915} INFO - Sync 1 DAGs
[2026-05-03T11:54:38.262+0000] {logging_mixin.py:151} INFO - [2026-05-03T11:54:38.262+0000] {dag.py:3696} INFO - Setting next_dagrun for setup_retail_pipeline to 2026-05-03T11:00:00+00:00, run_after=2026-05-03T12:00:00+00:00
[2026-05-03T11:54:38.269+0000] {processor.py:179} INFO - Processing /opt/airflow/dags/setup_retail_pipeline.py took 0.056 seconds
[2026-05-03T11:55:08.448+0000] {processor.py:157} INFO - Started process (PID=3191) to work on /opt/airflow/dags/setup_retail_pipeline.py
[2026-05-03T11:55:08.449+0000] {processor.py:829} INFO - Processing file /opt/airflow/dags/setup_retail_pipeline.py for tasks to queue
[2026-05-03T11:55:08.450+0000] {logging_mixin.py:151} INFO - [2026-05-03T11:55:08.450+0000] {dagbag.py:539} INFO - Filling up the DagBag from /opt/airflow/dags/setup_retail_pipeline.py
[2026-05-03T11:55:08.467+0000] {processor.py:839} INFO - DAG(s) dict_keys(['setup_retail_pipeline']) retrieved from /opt/airflow/dags/setup_retail_pipeline.py
[2026-05-03T11:55:08.485+0000] {logging_mixin.py:151} INFO - [2026-05-03T11:55:08.485+0000] {dag.py:2915} INFO - Sync 1 DAGs
[2026-05-03T11:55:08.496+0000] {logging_mixin.py:151} INFO - [2026-05-03T11:55:08.496+0000] {dag.py:3696} INFO - Setting next_dagrun for setup_retail_pipeline to 2026-05-03T11:00:00+00:00, run_after=2026-05-03T12:00:00+00:00
[2026-05-03T11:55:08.503+0000] {processor.py:179} INFO - Processing /opt/airflow/dags/setup_retail_pipeline.py took 0.058 seconds
[2026-05-03T11:55:38.683+0000] {processor.py:157} INFO - Started process (PID=3201) to work on /opt/airflow/dags/setup_retail_pipeline.py
[2026-05-03T11:55:38.684+0000] {processor.py:829} INFO - Processing file /opt/airflow/dags/setup_retail_pipeline.py for tasks to queue
[2026-05-03T11:55:38.687+0000] {logging_mixin.py:151} INFO - [2026-05-03T11:55:38.686+0000] {dagbag.py:539} INFO - Filling up the DagBag from /opt/airflow/dags/setup_retail_pipeline.py
[2026-05-03T11:55:38.718+0000] {processor.py:839} INFO - DAG(s) dict_keys(['setup_retail_pipeline']) retrieved from /opt/airflow/dags/setup_retail_pipeline.py
[2026-05-03T11:55:38.749+0000] {logging_mixin.py:151} INFO - [2026-05-03T11:55:38.749+0000] {dag.py:2915} INFO - Sync 1 DAGs
[2026-05-03T11:55:38.768+0000] {logging_mixin.py:151} INFO - [2026-05-03T11:55:38.768+0000] {dag.py:3696} INFO - Setting next_dagrun for setup_retail_pipeline to 2026-05-03T11:00:00+00:00, run_after=2026-05-03T12:00:00+00:00
[2026-05-03T11:55:38.776+0000] {processor.py:179} INFO - Processing /opt/airflow/dags/setup_retail_pipeline.py took 0.104 seconds
[2026-05-03T11:56:08.896+0000] {processor.py:157} INFO - Started process (PID=3211) to work on /opt/airflow/dags/setup_retail_pipeline.py
[2026-05-03T11:56:08.898+0000] {processor.py:829} INFO - Processing file /opt/airflow/dags/setup_retail_pipeline.py for tasks to queue
[2026-05-03T11:56:08.899+0000] {logging_mixin.py:151} INFO - [2026-05-03T11:56:08.898+0000] {dagbag.py:539} INFO - Filling up the DagBag from /opt/airflow/dags/setup_retail_pipeline.py
[2026-05-03T11:56:08.911+0000] {processor.py:839} INFO - DAG(s) dict_keys(['setup_retail_pipeline']) retrieved from /opt/airflow/dags/setup_retail_pipeline.py
[2026-05-03T11:56:08.936+0000] {logging_mixin.py:151} INFO - [2026-05-03T11:56:08.936+0000] {dag.py:2915} INFO - Sync 1 DAGs
[2026-05-03T11:56:08.947+0000] {logging_mixin.py:151} INFO - [2026-05-03T11:56:08.947+0000] {dag.py:3696} INFO - Setting next_dagrun for setup_retail_pipeline to 2026-05-03T11:00:00+00:00, run_after=2026-05-03T12:00:00+00:00
[2026-05-03T11:56:08.954+0000] {processor.py:179} INFO - Processing /opt/airflow/dags/setup_retail_pipeline.py took 0.062 seconds
[2026-05-03T11:56:39.180+0000] {processor.py:157} INFO - Started process (PID=3221) to work on /opt/airflow/dags/setup_retail_pipeline.py
[2026-05-03T11:56:39.180+0000] {processor.py:829} INFO - Processing file /opt/airflow/dags/setup_retail_pipeline.py for tasks to queue
[2026-05-03T11:56:39.181+0000] {logging_mixin.py:151} INFO - [2026-05-03T11:56:39.181+0000] {dagbag.py:539} INFO - Filling up the DagBag from /opt/airflow/dags/setup_retail_pipeline.py
[2026-05-03T11:56:39.188+0000] {processor.py:839} INFO - DAG(s) dict_keys(['setup_retail_pipeline']) retrieved from /opt/airflow/dags/setup_retail_pipeline.py
[2026-05-03T11:56:39.204+0000] {logging_mixin.py:151} INFO - [2026-05-03T11:56:39.204+0000] {dag.py:2915} INFO - Sync 1 DAGs
[2026-05-03T11:56:39.214+0000] {logging_mixin.py:151} INFO - [2026-05-03T11:56:39.214+0000] {dag.py:3696} INFO - Setting next_dagrun for setup_retail_pipeline to 2026-05-03T11:00:00+00:00, run_after=2026-05-03T12:00:00+00:00
[2026-05-03T11:56:39.220+0000] {processor.py:179} INFO - Processing /opt/airflow/dags/setup_retail_pipeline.py took 0.046 seconds
[2026-05-03T11:57:09.409+0000] {processor.py:157} INFO - Started process (PID=3231) to work on /opt/airflow/dags/setup_retail_pipeline.py
[2026-05-03T11:57:09.411+0000] {processor.py:829} INFO - Processing file /opt/airflow/dags/setup_retail_pipeline.py for tasks to queue
[2026-05-03T11:57:09.413+0000] {logging_mixin.py:151} INFO - [2026-05-03T11:57:09.412+0000] {dagbag.py:539} INFO - Filling up the DagBag from /opt/airflow/dags/setup_retail_pipeline.py
[2026-05-03T11:57:09.432+0000] {processor.py:839} INFO - DAG(s) dict_keys(['setup_retail_pipeline']) retrieved from /opt/airflow/dags/setup_retail_pipeline.py
[2026-05-03T11:57:09.453+0000] {logging_mixin.py:151} INFO - [2026-05-03T11:57:09.453+0000] {dag.py:2915} INFO - Sync 1 DAGs
[2026-05-03T11:57:09.464+0000] {logging_mixin.py:151} INFO - [2026-05-03T11:57:09.464+0000] {dag.py:3696} INFO - Setting next_dagrun for setup_retail_pipeline to 2026-05-03T11:00:00+00:00, run_after=2026-05-03T12:00:00+00:00
[2026-05-03T11:57:09.472+0000] {processor.py:179} INFO - Processing /opt/airflow/dags/setup_retail_pipeline.py took 0.069 seconds
[2026-05-03T11:57:39.658+0000] {processor.py:157} INFO - Started process (PID=3241) to work on /opt/airflow/dags/setup_retail_pipeline.py
[2026-05-03T11:57:39.659+0000] {processor.py:829} INFO - Processing file /opt/airflow/dags/setup_retail_pipeline.py for tasks to queue
[2026-05-03T11:57:39.661+0000] {logging_mixin.py:151} INFO - [2026-05-03T11:57:39.660+0000] {dagbag.py:539} INFO - Filling up the DagBag from /opt/airflow/dags/setup_retail_pipeline.py
[2026-05-03T11:57:39.675+0000] {processor.py:839} INFO - DAG(s) dict_keys(['setup_retail_pipeline']) retrieved from /opt/airflow/dags/setup_retail_pipeline.py
[2026-05-03T11:57:39.693+0000] {logging_mixin.py:151} INFO - [2026-05-03T11:57:39.693+0000] {dag.py:2915} INFO - Sync 1 DAGs
[2026-05-03T11:57:39.703+0000] {logging_mixin.py:151} INFO - [2026-05-03T11:57:39.703+0000] {dag.py:3696} INFO - Setting next_dagrun for setup_retail_pipeline to 2026-05-03T11:00:00+00:00, run_after=2026-05-03T12:00:00+00:00
[2026-05-03T11:57:39.710+0000] {processor.py:179} INFO - Processing /opt/airflow/dags/setup_retail_pipeline.py took 0.057 seconds
[2026-05-03T11:58:09.908+0000] {processor.py:157} INFO - Started process (PID=3251) to work on /opt/airflow/dags/setup_retail_pipeline.py
[2026-05-03T11:58:09.909+0000] {processor.py:829} INFO - Processing file /opt/airflow/dags/setup_retail_pipeline.py for tasks to queue
[2026-05-03T11:58:09.911+0000] {logging_mixin.py:151} INFO - [2026-05-03T11:58:09.910+0000] {dagbag.py:539} INFO - Filling up the DagBag from /opt/airflow/dags/setup_retail_pipeline.py
[2026-05-03T11:58:09.924+0000] {processor.py:839} INFO - DAG(s) dict_keys(['setup_retail_pipeline']) retrieved from /opt/airflow/dags/setup_retail_pipeline.py
[2026-05-03T11:58:09.945+0000] {logging_mixin.py:151} INFO - [2026-05-03T11:58:09.945+0000] {dag.py:2915} INFO - Sync 1 DAGs
[2026-05-03T11:58:09.956+0000] {logging_mixin.py:151} INFO - [2026-05-03T11:58:09.956+0000] {dag.py:3696} INFO - Setting next_dagrun for setup_retail_pipeline to 2026-05-03T11:00:00+00:00, run_after=2026-05-03T12:00:00+00:00
[2026-05-03T11:58:09.962+0000] {processor.py:179} INFO - Processing /opt/airflow/dags/setup_retail_pipeline.py took 0.059 seconds
[2026-05-03T11:58:40.141+0000] {processor.py:157} INFO - Started process (PID=3261) to work on /opt/airflow/dags/setup_retail_pipeline.py
[2026-05-03T11:58:40.142+0000] {processor.py:829} INFO - Processing file /opt/airflow/dags/setup_retail_pipeline.py for tasks to queue
[2026-05-03T11:58:40.144+0000] {logging_mixin.py:151} INFO - [2026-05-03T11:58:40.143+0000] {dagbag.py:539} INFO - Filling up the DagBag from /opt/airflow/dags/setup_retail_pipeline.py
[2026-05-03T11:58:40.158+0000] {processor.py:839} INFO - DAG(s) dict_keys(['setup_retail_pipeline']) retrieved from /opt/airflow/dags/setup_retail_pipeline.py
[2026-05-03T11:58:40.177+0000] {logging_mixin.py:151} INFO - [2026-05-03T11:58:40.177+0000] {dag.py:2915} INFO - Sync 1 DAGs
[2026-05-03T11:58:40.186+0000] {logging_mixin.py:151} INFO - [2026-05-03T11:58:40.186+0000] {dag.py:3696} INFO - Setting next_dagrun for setup_retail_pipeline to 2026-05-03T11:00:00+00:00, run_after=2026-05-03T12:00:00+00:00
[2026-05-03T11:58:40.193+0000] {processor.py:179} INFO - Processing /opt/airflow/dags/setup_retail_pipeline.py took 0.055 seconds
[2026-05-03T11:59:10.394+0000] {processor.py:157} INFO - Started process (PID=3271) to work on /opt/airflow/dags/setup_retail_pipeline.py
[2026-05-03T11:59:10.395+0000] {processor.py:829} INFO - Processing file /opt/airflow/dags/setup_retail_pipeline.py for tasks to queue
[2026-05-03T11:59:10.397+0000] {logging_mixin.py:151} INFO - [2026-05-03T11:59:10.396+0000] {dagbag.py:539} INFO - Filling up the DagBag from /opt/airflow/dags/setup_retail_pipeline.py
[2026-05-03T11:59:10.426+0000] {processor.py:839} INFO - DAG(s) dict_keys(['setup_retail_pipeline']) retrieved from /opt/airflow/dags/setup_retail_pipeline.py
[2026-05-03T11:59:10.458+0000] {logging_mixin.py:151} INFO - [2026-05-03T11:59:10.458+0000] {dag.py:2915} INFO - Sync 1 DAGs
[2026-05-03T11:59:10.472+0000] {logging_mixin.py:151} INFO - [2026-05-03T11:59:10.472+0000] {dag.py:3696} INFO - Setting next_dagrun for setup_retail_pipeline to 2026-05-03T11:00:00+00:00, run_after=2026-05-03T12:00:00+00:00
[2026-05-03T11:59:10.479+0000] {processor.py:179} INFO - Processing /opt/airflow/dags/setup_retail_pipeline.py took 0.093 seconds
[2026-05-03T11:59:40.629+0000] {processor.py:157} INFO - Started process (PID=3281) to work on /opt/airflow/dags/setup_retail_pipeline.py
[2026-05-03T11:59:40.630+0000] {processor.py:829} INFO - Processing file /opt/airflow/dags/setup_retail_pipeline.py for tasks to queue
[2026-05-03T11:59:40.631+0000] {logging_mixin.py:151} INFO - [2026-05-03T11:59:40.631+0000] {dagbag.py:539} INFO - Filling up the DagBag from /opt/airflow/dags/setup_retail_pipeline.py
[2026-05-03T11:59:40.643+0000] {processor.py:839} INFO - DAG(s) dict_keys(['setup_retail_pipeline']) retrieved from /opt/airflow/dags/setup_retail_pipeline.py
[2026-05-03T11:59:40.662+0000] {logging_mixin.py:151} INFO - [2026-05-03T11:59:40.662+0000] {dag.py:2915} INFO - Sync 1 DAGs
[2026-05-03T11:59:40.672+0000] {logging_mixin.py:151} INFO - [2026-05-03T11:59:40.672+0000] {dag.py:3696} INFO - Setting next_dagrun for setup_retail_pipeline to 2026-05-03T11:00:00+00:00, run_after=2026-05-03T12:00:00+00:00
[2026-05-03T11:59:40.679+0000] {processor.py:179} INFO - Processing /opt/airflow/dags/setup_retail_pipeline.py took 0.054 seconds
[2026-05-03T12:00:10.866+0000] {processor.py:157} INFO - Started process (PID=3332) to work on /opt/airflow/dags/setup_retail_pipeline.py
[2026-05-03T12:00:10.867+0000] {processor.py:829} INFO - Processing file /opt/airflow/dags/setup_retail_pipeline.py for tasks to queue
[2026-05-03T12:00:10.868+0000] {logging_mixin.py:151} INFO - [2026-05-03T12:00:10.868+0000] {dagbag.py:539} INFO - Filling up the DagBag from /opt/airflow/dags/setup_retail_pipeline.py
[2026-05-03T12:00:10.906+0000] {processor.py:839} INFO - DAG(s) dict_keys(['setup_retail_pipeline']) retrieved from /opt/airflow/dags/setup_retail_pipeline.py
[2026-05-03T12:00:10.941+0000] {logging_mixin.py:151} INFO - [2026-05-03T12:00:10.941+0000] {dag.py:2915} INFO - Sync 1 DAGs
[2026-05-03T12:00:10.969+0000] {processor.py:179} INFO - Processing /opt/airflow/dags/setup_retail_pipeline.py took 0.109 seconds
[2026-05-03T12:00:40.991+0000] {processor.py:157} INFO - Started process (PID=3380) to work on /opt/airflow/dags/setup_retail_pipeline.py
[2026-05-03T12:00:40.993+0000] {processor.py:829} INFO - Processing file /opt/airflow/dags/setup_retail_pipeline.py for tasks to queue
[2026-05-03T12:00:40.994+0000] {logging_mixin.py:151} INFO - [2026-05-03T12:00:40.994+0000] {dagbag.py:539} INFO - Filling up the DagBag from /opt/airflow/dags/setup_retail_pipeline.py
[2026-05-03T12:00:41.004+0000] {processor.py:839} INFO - DAG(s) dict_keys(['setup_retail_pipeline']) retrieved from /opt/airflow/dags/setup_retail_pipeline.py
[2026-05-03T12:00:41.024+0000] {logging_mixin.py:151} INFO - [2026-05-03T12:00:41.024+0000] {dag.py:2915} INFO - Sync 1 DAGs
[2026-05-03T12:00:41.034+0000] {logging_mixin.py:151} INFO - [2026-05-03T12:00:41.034+0000] {dag.py:3696} INFO - Setting next_dagrun for setup_retail_pipeline to 2026-05-03T12:00:00+00:00, run_after=2026-05-03T13:00:00+00:00
[2026-05-03T12:00:41.044+0000] {processor.py:179} INFO - Processing /opt/airflow/dags/setup_retail_pipeline.py took 0.056 seconds
[2026-05-03T12:01:11.213+0000] {processor.py:157} INFO - Started process (PID=3390) to work on /opt/airflow/dags/setup_retail_pipeline.py
[2026-05-03T12:01:11.214+0000] {processor.py:829} INFO - Processing file /opt/airflow/dags/setup_retail_pipeline.py for tasks to queue
[2026-05-03T12:01:11.215+0000] {logging_mixin.py:151} INFO - [2026-05-03T12:01:11.215+0000] {dagbag.py:539} INFO - Filling up the DagBag from /opt/airflow/dags/setup_retail_pipeline.py
[2026-05-03T12:01:11.232+0000] {processor.py:839} INFO - DAG(s) dict_keys(['setup_retail_pipeline']) retrieved from /opt/airflow/dags/setup_retail_pipeline.py
[2026-05-03T12:01:11.256+0000] {logging_mixin.py:151} INFO - [2026-05-03T12:01:11.256+0000] {dag.py:2915} INFO - Sync 1 DAGs
[2026-05-03T12:01:11.268+0000] {logging_mixin.py:151} INFO - [2026-05-03T12:01:11.268+0000] {dag.py:3696} INFO - Setting next_dagrun for setup_retail_pipeline to 2026-05-03T12:00:00+00:00, run_after=2026-05-03T13:00:00+00:00
[2026-05-03T12:01:11.277+0000] {processor.py:179} INFO - Processing /opt/airflow/dags/setup_retail_pipeline.py took 0.069 seconds
[2026-05-03T12:01:41.403+0000] {processor.py:157} INFO - Started process (PID=3400) to work on /opt/airflow/dags/setup_retail_pipeline.py
[2026-05-03T12:01:41.403+0000] {processor.py:829} INFO - Processing file /opt/airflow/dags/setup_retail_pipeline.py for tasks to queue
[2026-05-03T12:01:41.404+0000] {logging_mixin.py:151} INFO - [2026-05-03T12:01:41.404+0000] {dagbag.py:539} INFO - Filling up the DagBag from /opt/airflow/dags/setup_retail_pipeline.py
[2026-05-03T12:01:41.416+0000] {processor.py:839} INFO - DAG(s) dict_keys(['setup_retail_pipeline']) retrieved from /opt/airflow/dags/setup_retail_pipeline.py
[2026-05-03T12:01:41.438+0000] {logging_mixin.py:151} INFO - [2026-05-03T12:01:41.438+0000] {dag.py:2915} INFO - Sync 1 DAGs
[2026-05-03T12:01:41.452+0000] {logging_mixin.py:151} INFO - [2026-05-03T12:01:41.452+0000] {dag.py:3696} INFO - Setting next_dagrun for setup_retail_pipeline to 2026-05-03T12:00:00+00:00, run_after=2026-05-03T13:00:00+00:00
[2026-05-03T12:01:41.462+0000] {processor.py:179} INFO - Processing /opt/airflow/dags/setup_retail_pipeline.py took 0.063 seconds
[2026-05-03T12:02:11.666+0000] {processor.py:157} INFO - Started process (PID=3410) to work on /opt/airflow/dags/setup_retail_pipeline.py
[2026-05-03T12:02:11.668+0000] {processor.py:829} INFO - Processing file /opt/airflow/dags/setup_retail_pipeline.py for tasks to queue
[2026-05-03T12:02:11.669+0000] {logging_mixin.py:151} INFO - [2026-05-03T12:02:11.669+0000] {dagbag.py:539} INFO - Filling up the DagBag from /opt/airflow/dags/setup_retail_pipeline.py
[2026-05-03T12:02:11.685+0000] {processor.py:839} INFO - DAG(s) dict_keys(['setup_retail_pipeline']) retrieved from /opt/airflow/dags/setup_retail_pipeline.py
[2026-05-03T12:02:11.705+0000] {logging_mixin.py:151} INFO - [2026-05-03T12:02:11.705+0000] {dag.py:2915} INFO - Sync 1 DAGs
[2026-05-03T12:02:11.721+0000] {logging_mixin.py:151} INFO - [2026-05-03T12:02:11.721+0000] {dag.py:3696} INFO - Setting next_dagrun for setup_retail_pipeline to 2026-05-03T12:00:00+00:00, run_after=2026-05-03T13:00:00+00:00
[2026-05-03T12:02:11.731+0000] {processor.py:179} INFO - Processing /opt/airflow/dags/setup_retail_pipeline.py took 0.071 seconds
[2026-05-03T12:02:41.944+0000] {processor.py:157} INFO - Started process (PID=3420) to work on /opt/airflow/dags/setup_retail_pipeline.py
[2026-05-03T12:02:41.945+0000] {processor.py:829} INFO - Processing file /opt/airflow/dags/setup_retail_pipeline.py for tasks to queue
[2026-05-03T12:02:41.946+0000] {logging_mixin.py:151} INFO - [2026-05-03T12:02:41.946+0000] {dagbag.py:539} INFO - Filling up the DagBag from /opt/airflow/dags/setup_retail_pipeline.py
[2026-05-03T12:02:41.962+0000] {processor.py:839} INFO - DAG(s) dict_keys(['setup_retail_pipeline']) retrieved from /opt/airflow/dags/setup_retail_pipeline.py
[2026-05-03T12:02:41.986+0000] {logging_mixin.py:151} INFO - [2026-05-03T12:02:41.986+0000] {dag.py:2915} INFO - Sync 1 DAGs
[2026-05-03T12:02:41.999+0000] {logging_mixin.py:151} INFO - [2026-05-03T12:02:41.999+0000] {dag.py:3696} INFO - Setting next_dagrun for setup_retail_pipeline to 2026-05-03T12:00:00+00:00, run_after=2026-05-03T13:00:00+00:00
[2026-05-03T12:02:42.008+0000] {processor.py:179} INFO - Processing /opt/airflow/dags/setup_retail_pipeline.py took 0.068 seconds
[2026-05-03T12:03:12.242+0000] {processor.py:157} INFO - Started process (PID=3430) to work on /opt/airflow/dags/setup_retail_pipeline.py
[2026-05-03T12:03:12.243+0000] {processor.py:829} INFO - Processing file /opt/airflow/dags/setup_retail_pipeline.py for tasks to queue
[2026-05-03T12:03:12.244+0000] {logging_mixin.py:151} INFO - [2026-05-03T12:03:12.244+0000] {dagbag.py:539} INFO - Filling up the DagBag from /opt/airflow/dags/setup_retail_pipeline.py
[2026-05-03T12:03:12.259+0000] {processor.py:839} INFO - DAG(s) dict_keys(['setup_retail_pipeline']) retrieved from /opt/airflow/dags/setup_retail_pipeline.py
[2026-05-03T12:03:12.281+0000] {logging_mixin.py:151} INFO - [2026-05-03T12:03:12.280+0000] {dag.py:2915} INFO - Sync 1 DAGs
[2026-05-03T12:03:12.292+0000] {logging_mixin.py:151} INFO - [2026-05-03T12:03:12.292+0000] {dag.py:3696} INFO - Setting next_dagrun for setup_retail_pipeline to 2026-05-03T12:00:00+00:00, run_after=2026-05-03T13:00:00+00:00
[2026-05-03T12:03:12.304+0000] {processor.py:179} INFO - Processing /opt/airflow/dags/setup_retail_pipeline.py took 0.066 seconds
[2026-05-03T12:03:42.553+0000] {processor.py:157} INFO - Started process (PID=3440) to work on /opt/airflow/dags/setup_retail_pipeline.py
[2026-05-03T12:03:42.554+0000] {processor.py:829} INFO - Processing file /opt/airflow/dags/setup_retail_pipeline.py for tasks to queue
[2026-05-03T12:03:42.555+0000] {logging_mixin.py:151} INFO - [2026-05-03T12:03:42.555+0000] {dagbag.py:539} INFO - Filling up the DagBag from /opt/airflow/dags/setup_retail_pipeline.py
[2026-05-03T12:03:42.570+0000] {processor.py:839} INFO - DAG(s) dict_keys(['setup_retail_pipeline']) retrieved from /opt/airflow/dags/setup_retail_pipeline.py
[2026-05-03T12:03:42.590+0000] {logging_mixin.py:151} INFO - [2026-05-03T12:03:42.590+0000] {dag.py:2915} INFO - Sync 1 DAGs
[2026-05-03T12:03:42.604+0000] {logging_mixin.py:151} INFO - [2026-05-03T12:03:42.604+0000] {dag.py:3696} INFO - Setting next_dagrun for setup_retail_pipeline to 2026-05-03T12:00:00+00:00, run_after=2026-05-03T13:00:00+00:00
[2026-05-03T12:03:42.613+0000] {processor.py:179} INFO - Processing /opt/airflow/dags/setup_retail_pipeline.py took 0.066 seconds
[2026-05-03T12:04:12.780+0000] {processor.py:157} INFO - Started process (PID=3450) to work on /opt/airflow/dags/setup_retail_pipeline.py
[2026-05-03T12:04:12.782+0000] {processor.py:829} INFO - Processing file /opt/airflow/dags/setup_retail_pipeline.py for tasks to queue
[2026-05-03T12:04:12.783+0000] {logging_mixin.py:151} INFO - [2026-05-03T12:04:12.782+0000] {dagbag.py:539} INFO - Filling up the DagBag from /opt/airflow/dags/setup_retail_pipeline.py
[2026-05-03T12:04:12.801+0000] {processor.py:839} INFO - DAG(s) dict_keys(['setup_retail_pipeline']) retrieved from /opt/airflow/dags/setup_retail_pipeline.py
[2026-05-03T12:04:12.822+0000] {logging_mixin.py:151} INFO - [2026-05-03T12:04:12.822+0000] {dag.py:2915} INFO - Sync 1 DAGs
[2026-05-03T12:04:12.833+0000] {logging_mixin.py:151} INFO - [2026-05-03T12:04:12.833+0000] {dag.py:3696} INFO - Setting next_dagrun for setup_retail_pipeline to 2026-05-03T12:00:00+00:00, run_after=2026-05-03T13:00:00+00:00
[2026-05-03T12:04:12.842+0000] {processor.py:179} INFO - Processing /opt/airflow/dags/setup_retail_pipeline.py took 0.068 seconds
[2026-05-03T12:04:42.981+0000] {processor.py:157} INFO - Started process (PID=3460) to work on /opt/airflow/dags/setup_retail_pipeline.py
[2026-05-03T12:04:42.982+0000] {processor.py:829} INFO - Processing file /opt/airflow/dags/setup_retail_pipeline.py for tasks to queue
[2026-05-03T12:04:42.983+0000] {logging_mixin.py:151} INFO - [2026-05-03T12:04:42.983+0000] {dagbag.py:539} INFO - Filling up the DagBag from /opt/airflow/dags/setup_retail_pipeline.py
[2026-05-03T12:04:42.995+0000] {processor.py:839} INFO - DAG(s) dict_keys(['setup_retail_pipeline']) retrieved from /opt/airflow/dags/setup_retail_pipeline.py
[2026-05-03T12:04:43.019+0000] {logging_mixin.py:151} INFO - [2026-05-03T12:04:43.019+0000] {dag.py:2915} INFO - Sync 1 DAGs
[2026-05-03T12:04:43.030+0000] {logging_mixin.py:151} INFO - [2026-05-03T12:04:43.030+0000] {dag.py:3696} INFO - Setting next_dagrun for setup_retail_pipeline to 2026-05-03T12:00:00+00:00, run_after=2026-05-03T13:00:00+00:00
[2026-05-03T12:04:43.038+0000] {processor.py:179} INFO - Processing /opt/airflow/dags/setup_retail_pipeline.py took 0.061 seconds
[2026-05-03T12:05:13.307+0000] {processor.py:157} INFO - Started process (PID=3470) to work on /opt/airflow/dags/setup_retail_pipeline.py
[2026-05-03T12:05:13.308+0000] {processor.py:829} INFO - Processing file /opt/airflow/dags/setup_retail_pipeline.py for tasks to queue
[2026-05-03T12:05:13.309+0000] {logging_mixin.py:151} INFO - [2026-05-03T12:05:13.309+0000] {dagbag.py:539} INFO - Filling up the DagBag from /opt/airflow/dags/setup_retail_pipeline.py
[2026-05-03T12:05:13.333+0000] {processor.py:839} INFO - DAG(s) dict_keys(['setup_retail_pipeline']) retrieved from /opt/airflow/dags/setup_retail_pipeline.py
[2026-05-03T12:05:13.359+0000] {logging_mixin.py:151} INFO - [2026-05-03T12:05:13.359+0000] {dag.py:2915} INFO - Sync 1 DAGs
[2026-05-03T12:05:13.375+0000] {logging_mixin.py:151} INFO - [2026-05-03T12:05:13.375+0000] {dag.py:3696} INFO - Setting next_dagrun for setup_retail_pipeline to 2026-05-03T12:00:00+00:00, run_after=2026-05-03T13:00:00+00:00
[2026-05-03T12:05:13.385+0000] {processor.py:179} INFO - Processing /opt/airflow/dags/setup_retail_pipeline.py took 0.084 seconds
[2026-05-03T12:05:43.612+0000] {processor.py:157} INFO - Started process (PID=3480) to work on /opt/airflow/dags/setup_retail_pipeline.py
[2026-05-03T12:05:43.613+0000] {processor.py:829} INFO - Processing file /opt/airflow/dags/setup_retail_pipeline.py for tasks to queue
[2026-05-03T12:05:43.615+0000] {logging_mixin.py:151} INFO - [2026-05-03T12:05:43.614+0000] {dagbag.py:539} INFO - Filling up the DagBag from /opt/airflow/dags/setup_retail_pipeline.py
[2026-05-03T12:05:43.629+0000] {processor.py:839} INFO - DAG(s) dict_keys(['setup_retail_pipeline']) retrieved from /opt/airflow/dags/setup_retail_pipeline.py
[2026-05-03T12:05:43.650+0000] {logging_mixin.py:151} INFO - [2026-05-03T12:05:43.650+0000] {dag.py:2915} INFO - Sync 1 DAGs
[2026-05-03T12:05:43.661+0000] {logging_mixin.py:151} INFO - [2026-05-03T12:05:43.661+0000] {dag.py:3696} INFO - Setting next_dagrun for setup_retail_pipeline to 2026-05-03T12:00:00+00:00, run_after=2026-05-03T13:00:00+00:00
[2026-05-03T12:05:43.671+0000] {processor.py:179} INFO - Processing /opt/airflow/dags/setup_retail_pipeline.py took 0.062 seconds
[2026-05-03T12:06:13.907+0000] {processor.py:157} INFO - Started process (PID=3490) to work on /opt/airflow/dags/setup_retail_pipeline.py
[2026-05-03T12:06:13.908+0000] {processor.py:829} INFO - Processing file /opt/airflow/dags/setup_retail_pipeline.py for tasks to queue
[2026-05-03T12:06:13.910+0000] {logging_mixin.py:151} INFO - [2026-05-03T12:06:13.910+0000] {dagbag.py:539} INFO - Filling up the DagBag from /opt/airflow/dags/setup_retail_pipeline.py
[2026-05-03T12:06:13.927+0000] {processor.py:839} INFO - DAG(s) dict_keys(['setup_retail_pipeline']) retrieved from /opt/airflow/dags/setup_retail_pipeline.py
[2026-05-03T12:06:13.949+0000] {logging_mixin.py:151} INFO - [2026-05-03T12:06:13.949+0000] {dag.py:2915} INFO - Sync 1 DAGs
[2026-05-03T12:06:13.961+0000] {logging_mixin.py:151} INFO - [2026-05-03T12:06:13.961+0000] {dag.py:3696} INFO - Setting next_dagrun for setup_retail_pipeline to 2026-05-03T12:00:00+00:00, run_after=2026-05-03T13:00:00+00:00
[2026-05-03T12:06:13.970+0000] {processor.py:179} INFO - Processing /opt/airflow/dags/setup_retail_pipeline.py took 0.067 seconds
[2026-05-03T12:06:44.230+0000] {processor.py:157} INFO - Started process (PID=3500) to work on /opt/airflow/dags/setup_retail_pipeline.py
[2026-05-03T12:06:44.234+0000] {processor.py:829} INFO - Processing file /opt/airflow/dags/setup_retail_pipeline.py for tasks to queue
[2026-05-03T12:06:44.235+0000] {logging_mixin.py:151} INFO - [2026-05-03T12:06:44.234+0000] {dagbag.py:539} INFO - Filling up the DagBag from /opt/airflow/dags/setup_retail_pipeline.py
[2026-05-03T12:06:44.250+0000] {processor.py:839} INFO - DAG(s) dict_keys(['setup_retail_pipeline']) retrieved from /opt/airflow/dags/setup_retail_pipeline.py
[2026-05-03T12:06:44.279+0000] {logging_mixin.py:151} INFO - [2026-05-03T12:06:44.279+0000] {dag.py:2915} INFO - Sync 1 DAGs
[2026-05-03T12:06:44.295+0000] {logging_mixin.py:151} INFO - [2026-05-03T12:06:44.295+0000] {dag.py:3696} INFO - Setting next_dagrun for setup_retail_pipeline to 2026-05-03T12:00:00+00:00, run_after=2026-05-03T13:00:00+00:00
[2026-05-03T12:06:44.305+0000] {processor.py:179} INFO - Processing /opt/airflow/dags/setup_retail_pipeline.py took 0.080 seconds
[2026-05-03T12:07:14.569+0000] {processor.py:157} INFO - Started process (PID=3510) to work on /opt/airflow/dags/setup_retail_pipeline.py
[2026-05-03T12:07:14.571+0000] {processor.py:829} INFO - Processing file /opt/airflow/dags/setup_retail_pipeline.py for tasks to queue
[2026-05-03T12:07:14.571+0000] {logging_mixin.py:151} INFO - [2026-05-03T12:07:14.571+0000] {dagbag.py:539} INFO - Filling up the DagBag from /opt/airflow/dags/setup_retail_pipeline.py
[2026-05-03T12:07:14.585+0000] {processor.py:839} INFO - DAG(s) dict_keys(['setup_retail_pipeline']) retrieved from /opt/airflow/dags/setup_retail_pipeline.py
[2026-05-03T12:07:14.605+0000] {logging_mixin.py:151} INFO - [2026-05-03T12:07:14.605+0000] {dag.py:2915} INFO - Sync 1 DAGs
[2026-05-03T12:07:14.616+0000] {logging_mixin.py:151} INFO - [2026-05-03T12:07:14.615+0000] {dag.py:3696} INFO - Setting next_dagrun for setup_retail_pipeline to 2026-05-03T12:00:00+00:00, run_after=2026-05-03T13:00:00+00:00
[2026-05-03T12:07:14.626+0000] {processor.py:179} INFO - Processing /opt/airflow/dags/setup_retail_pipeline.py took 0.062 seconds
[2026-05-03T12:07:44.792+0000] {processor.py:157} INFO - Started process (PID=3520) to work on /opt/airflow/dags/setup_retail_pipeline.py
[2026-05-03T12:07:44.793+0000] {processor.py:829} INFO - Processing file /opt/airflow/dags/setup_retail_pipeline.py for tasks to queue
[2026-05-03T12:07:44.795+0000] {logging_mixin.py:151} INFO - [2026-05-03T12:07:44.794+0000] {dagbag.py:539} INFO - Filling up the DagBag from /opt/airflow/dags/setup_retail_pipeline.py
[2026-05-03T12:07:44.813+0000] {processor.py:839} INFO - DAG(s) dict_keys(['setup_retail_pipeline']) retrieved from /opt/airflow/dags/setup_retail_pipeline.py
[2026-05-03T12:07:44.841+0000] {logging_mixin.py:151} INFO - [2026-05-03T12:07:44.841+0000] {dag.py:2915} INFO - Sync 1 DAGs
[2026-05-03T12:07:44.852+0000] {logging_mixin.py:151} INFO - [2026-05-03T12:07:44.852+0000] {dag.py:3696} INFO - Setting next_dagrun for setup_retail_pipeline to 2026-05-03T12:00:00+00:00, run_after=2026-05-03T13:00:00+00:00
[2026-05-03T12:07:44.862+0000] {processor.py:179} INFO - Processing /opt/airflow/dags/setup_retail_pipeline.py took 0.075 seconds
[2026-05-03T12:08:15.113+0000] {processor.py:157} INFO - Started process (PID=3530) to work on /opt/airflow/dags/setup_retail_pipeline.py
[2026-05-03T12:08:15.114+0000] {processor.py:829} INFO - Processing file /opt/airflow/dags/setup_retail_pipeline.py for tasks to queue
[2026-05-03T12:08:15.115+0000] {logging_mixin.py:151} INFO - [2026-05-03T12:08:15.115+0000] {dagbag.py:539} INFO - Filling up the DagBag from /opt/airflow/dags/setup_retail_pipeline.py
[2026-05-03T12:08:15.129+0000] {processor.py:839} INFO - DAG(s) dict_keys(['setup_retail_pipeline']) retrieved from /opt/airflow/dags/setup_retail_pipeline.py
[2026-05-03T12:08:15.150+0000] {logging_mixin.py:151} INFO - [2026-05-03T12:08:15.150+0000] {dag.py:2915} INFO - Sync 1 DAGs
[2026-05-03T12:08:15.164+0000] {logging_mixin.py:151} INFO - [2026-05-03T12:08:15.164+0000] {dag.py:3696} INFO - Setting next_dagrun for setup_retail_pipeline to 2026-05-03T12:00:00+00:00, run_after=2026-05-03T13:00:00+00:00
[2026-05-03T12:08:15.173+0000] {processor.py:179} INFO - Processing /opt/airflow/dags/setup_retail_pipeline.py took 0.065 seconds
[2026-05-03T12:08:45.363+0000] {processor.py:157} INFO - Started process (PID=3540) to work on /opt/airflow/dags/setup_retail_pipeline.py
[2026-05-03T12:08:45.365+0000] {processor.py:829} INFO - Processing file /opt/airflow/dags/setup_retail_pipeline.py for tasks to queue
[2026-05-03T12:08:45.366+0000] {logging_mixin.py:151} INFO - [2026-05-03T12:08:45.366+0000] {dagbag.py:539} INFO - Filling up the DagBag from /opt/airflow/dags/setup_retail_pipeline.py
[2026-05-03T12:08:45.385+0000] {processor.py:839} INFO - DAG(s) dict_keys(['setup_retail_pipeline']) retrieved from /opt/airflow/dags/setup_retail_pipeline.py
[2026-05-03T12:08:45.413+0000] {logging_mixin.py:151} INFO - [2026-05-03T12:08:45.413+0000] {dag.py:2915} INFO - Sync 1 DAGs
[2026-05-03T12:08:45.429+0000] {logging_mixin.py:151} INFO - [2026-05-03T12:08:45.429+0000] {dag.py:3696} INFO - Setting next_dagrun for setup_retail_pipeline to 2026-05-03T12:00:00+00:00, run_after=2026-05-03T13:00:00+00:00
[2026-05-03T12:08:45.440+0000] {processor.py:179} INFO - Processing /opt/airflow/dags/setup_retail_pipeline.py took 0.082 seconds
[2026-05-03T12:09:15.683+0000] {processor.py:157} INFO - Started process (PID=3550) to work on /opt/airflow/dags/setup_retail_pipeline.py
[2026-05-03T12:09:15.684+0000] {processor.py:829} INFO - Processing file /opt/airflow/dags/setup_retail_pipeline.py for tasks to queue
[2026-05-03T12:09:15.685+0000] {logging_mixin.py:151} INFO - [2026-05-03T12:09:15.685+0000] {dagbag.py:539} INFO - Filling up the DagBag from /opt/airflow/dags/setup_retail_pipeline.py
[2026-05-03T12:09:15.703+0000] {processor.py:839} INFO - DAG(s) dict_keys(['setup_retail_pipeline']) retrieved from /opt/airflow/dags/setup_retail_pipeline.py
[2026-05-03T12:09:15.725+0000] {logging_mixin.py:151} INFO - [2026-05-03T12:09:15.725+0000] {dag.py:2915} INFO - Sync 1 DAGs
[2026-05-03T12:09:15.739+0000] {logging_mixin.py:151} INFO - [2026-05-03T12:09:15.739+0000] {dag.py:3696} INFO - Setting next_dagrun for setup_retail_pipeline to 2026-05-03T12:00:00+00:00, run_after=2026-05-03T13:00:00+00:00
[2026-05-03T12:09:15.750+0000] {processor.py:179} INFO - Processing /opt/airflow/dags/setup_retail_pipeline.py took 0.073 seconds
[2026-05-03T12:09:45.877+0000] {processor.py:157} INFO - Started process (PID=3560) to work on /opt/airflow/dags/setup_retail_pipeline.py
[2026-05-03T12:09:45.878+0000] {processor.py:829} INFO - Processing file /opt/airflow/dags/setup_retail_pipeline.py for tasks to queue
[2026-05-03T12:09:45.878+0000] {logging_mixin.py:151} INFO - [2026-05-03T12:09:45.878+0000] {dagbag.py:539} INFO - Filling up the DagBag from /opt/airflow/dags/setup_retail_pipeline.py
[2026-05-03T12:09:45.895+0000] {processor.py:839} INFO - DAG(s) dict_keys(['setup_retail_pipeline']) retrieved from /opt/airflow/dags/setup_retail_pipeline.py
[2026-05-03T12:09:45.914+0000] {logging_mixin.py:151} INFO - [2026-05-03T12:09:45.914+0000] {dag.py:2915} INFO - Sync 1 DAGs
[2026-05-03T12:09:45.930+0000] {logging_mixin.py:151} INFO - [2026-05-03T12:09:45.930+0000] {dag.py:3696} INFO - Setting next_dagrun for setup_retail_pipeline to 2026-05-03T12:00:00+00:00, run_after=2026-05-03T13:00:00+00:00
[2026-05-03T12:09:45.941+0000] {processor.py:179} INFO - Processing /opt/airflow/dags/setup_retail_pipeline.py took 0.068 seconds
[2026-05-03T12:10:16.158+0000] {processor.py:157} INFO - Started process (PID=3570) to work on /opt/airflow/dags/setup_retail_pipeline.py
[2026-05-03T12:10:16.160+0000] {processor.py:829} INFO - Processing file /opt/airflow/dags/setup_retail_pipeline.py for tasks to queue
[2026-05-03T12:10:16.161+0000] {logging_mixin.py:151} INFO - [2026-05-03T12:10:16.160+0000] {dagbag.py:539} INFO - Filling up the DagBag from /opt/airflow/dags/setup_retail_pipeline.py
[2026-05-03T12:10:16.177+0000] {processor.py:839} INFO - DAG(s) dict_keys(['setup_retail_pipeline']) retrieved from /opt/airflow/dags/setup_retail_pipeline.py
[2026-05-03T12:10:16.198+0000] {logging_mixin.py:151} INFO - [2026-05-03T12:10:16.198+0000] {dag.py:2915} INFO - Sync 1 DAGs
[2026-05-03T12:10:16.212+0000] {logging_mixin.py:151} INFO - [2026-05-03T12:10:16.212+0000] {dag.py:3696} INFO - Setting next_dagrun for setup_retail_pipeline to 2026-05-03T12:00:00+00:00, run_after=2026-05-03T13:00:00+00:00
[2026-05-03T12:10:16.222+0000] {processor.py:179} INFO - Processing /opt/airflow/dags/setup_retail_pipeline.py took 0.069 seconds
[2026-05-03T12:10:46.448+0000] {processor.py:157} INFO - Started process (PID=3580) to work on /opt/airflow/dags/setup_retail_pipeline.py
[2026-05-03T12:10:46.449+0000] {processor.py:829} INFO - Processing file /opt/airflow/dags/setup_retail_pipeline.py for tasks to queue
[2026-05-03T12:10:46.450+0000] {logging_mixin.py:151} INFO - [2026-05-03T12:10:46.450+0000] {dagbag.py:539} INFO - Filling up the DagBag from /opt/airflow/dags/setup_retail_pipeline.py
[2026-05-03T12:10:46.461+0000] {processor.py:839} INFO - DAG(s) dict_keys(['setup_retail_pipeline']) retrieved from /opt/airflow/dags/setup_retail_pipeline.py
[2026-05-03T12:10:46.489+0000] {logging_mixin.py:151} INFO - [2026-05-03T12:10:46.489+0000] {dag.py:2915} INFO - Sync 1 DAGs
[2026-05-03T12:10:46.502+0000] {logging_mixin.py:151} INFO - [2026-05-03T12:10:46.501+0000] {dag.py:3696} INFO - Setting next_dagrun for setup_retail_pipeline to 2026-05-03T12:00:00+00:00, run_after=2026-05-03T13:00:00+00:00
[2026-05-03T12:10:46.512+0000] {processor.py:179} INFO - Processing /opt/airflow/dags/setup_retail_pipeline.py took 0.068 seconds
[2026-05-03T12:11:16.717+0000] {processor.py:157} INFO - Started process (PID=3590) to work on /opt/airflow/dags/setup_retail_pipeline.py
[2026-05-03T12:11:16.720+0000] {processor.py:829} INFO - Processing file /opt/airflow/dags/setup_retail_pipeline.py for tasks to queue
[2026-05-03T12:11:16.725+0000] {logging_mixin.py:151} INFO - [2026-05-03T12:11:16.724+0000] {dagbag.py:539} INFO - Filling up the DagBag from /opt/airflow/dags/setup_retail_pipeline.py
[2026-05-03T12:11:16.747+0000] {processor.py:839} INFO - DAG(s) dict_keys(['setup_retail_pipeline']) retrieved from /opt/airflow/dags/setup_retail_pipeline.py
[2026-05-03T12:11:16.777+0000] {logging_mixin.py:151} INFO - [2026-05-03T12:11:16.777+0000] {dag.py:2915} INFO - Sync 1 DAGs
[2026-05-03T12:11:16.791+0000] {logging_mixin.py:151} INFO - [2026-05-03T12:11:16.791+0000] {dag.py:3696} INFO - Setting next_dagrun for setup_retail_pipeline to 2026-05-03T12:00:00+00:00, run_after=2026-05-03T13:00:00+00:00
[2026-05-03T12:11:16.801+0000] {processor.py:179} INFO - Processing /opt/airflow/dags/setup_retail_pipeline.py took 0.096 seconds
[2026-05-03T12:11:47.027+0000] {processor.py:157} INFO - Started process (PID=3600) to work on /opt/airflow/dags/setup_retail_pipeline.py
[2026-05-03T12:11:47.028+0000] {processor.py:829} INFO - Processing file /opt/airflow/dags/setup_retail_pipeline.py for tasks to queue
[2026-05-03T12:11:47.029+0000] {logging_mixin.py:151} INFO - [2026-05-03T12:11:47.029+0000] {dagbag.py:539} INFO - Filling up the DagBag from /opt/airflow/dags/setup_retail_pipeline.py
[2026-05-03T12:11:47.043+0000] {processor.py:839} INFO - DAG(s) dict_keys(['setup_retail_pipeline']) retrieved from /opt/airflow/dags/setup_retail_pipeline.py
[2026-05-03T12:11:47.064+0000] {logging_mixin.py:151} INFO - [2026-05-03T12:11:47.064+0000] {dag.py:2915} INFO - Sync 1 DAGs
[2026-05-03T12:11:47.075+0000] {logging_mixin.py:151} INFO - [2026-05-03T12:11:47.075+0000] {dag.py:3696} INFO - Setting next_dagrun for setup_retail_pipeline to 2026-05-03T12:00:00+00:00, run_after=2026-05-03T13:00:00+00:00
[2026-05-03T12:11:47.085+0000] {processor.py:179} INFO - Processing /opt/airflow/dags/setup_retail_pipeline.py took 0.063 seconds
[2026-05-03T12:12:17.330+0000] {processor.py:157} INFO - Started process (PID=3610) to work on /opt/airflow/dags/setup_retail_pipeline.py
[2026-05-03T12:12:17.332+0000] {processor.py:829} INFO - Processing file /opt/airflow/dags/setup_retail_pipeline.py for tasks to queue
[2026-05-03T12:12:17.333+0000] {logging_mixin.py:151} INFO - [2026-05-03T12:12:17.332+0000] {dagbag.py:539} INFO - Filling up the DagBag from /opt/airflow/dags/setup_retail_pipeline.py
[2026-05-03T12:12:17.352+0000] {processor.py:839} INFO - DAG(s) dict_keys(['setup_retail_pipeline']) retrieved from /opt/airflow/dags/setup_retail_pipeline.py
[2026-05-03T12:12:17.376+0000] {logging_mixin.py:151} INFO - [2026-05-03T12:12:17.376+0000] {dag.py:2915} INFO - Sync 1 DAGs
[2026-05-03T12:12:17.389+0000] {logging_mixin.py:151} INFO - [2026-05-03T12:12:17.389+0000] {dag.py:3696} INFO - Setting next_dagrun for setup_retail_pipeline to 2026-05-03T12:00:00+00:00, run_after=2026-05-03T13:00:00+00:00
[2026-05-03T12:12:17.400+0000] {processor.py:179} INFO - Processing /opt/airflow/dags/setup_retail_pipeline.py took 0.077 seconds
[2026-05-03T12:12:47.668+0000] {processor.py:157} INFO - Started process (PID=3620) to work on /opt/airflow/dags/setup_retail_pipeline.py
[2026-05-03T12:12:47.669+0000] {processor.py:829} INFO - Processing file /opt/airflow/dags/setup_retail_pipeline.py for tasks to queue
[2026-05-03T12:12:47.671+0000] {logging_mixin.py:151} INFO - [2026-05-03T12:12:47.669+0000] {dagbag.py:539} INFO - Filling up the DagBag from /opt/airflow/dags/setup_retail_pipeline.py
[2026-05-03T12:12:47.687+0000] {processor.py:839} INFO - DAG(s) dict_keys(['setup_retail_pipeline']) retrieved from /opt/airflow/dags/setup_retail_pipeline.py
[2026-05-03T12:12:47.712+0000] {logging_mixin.py:151} INFO - [2026-05-03T12:12:47.712+0000] {dag.py:2915} INFO - Sync 1 DAGs
[2026-05-03T12:12:47.727+0000] {logging_mixin.py:151} INFO - [2026-05-03T12:12:47.727+0000] {dag.py:3696} INFO - Setting next_dagrun for setup_retail_pipeline to 2026-05-03T12:00:00+00:00, run_after=2026-05-03T13:00:00+00:00
[2026-05-03T12:12:47.738+0000] {processor.py:179} INFO - Processing /opt/airflow/dags/setup_retail_pipeline.py took 0.078 seconds
[2026-05-03T12:13:17.991+0000] {processor.py:157} INFO - Started process (PID=3630) to work on /opt/airflow/dags/setup_retail_pipeline.py
[2026-05-03T12:13:17.993+0000] {processor.py:829} INFO - Processing file /opt/airflow/dags/setup_retail_pipeline.py for tasks to queue
[2026-05-03T12:13:17.994+0000] {logging_mixin.py:151} INFO - [2026-05-03T12:13:17.994+0000] {dagbag.py:539} INFO - Filling up the DagBag from /opt/airflow/dags/setup_retail_pipeline.py
[2026-05-03T12:13:18.011+0000] {processor.py:839} INFO - DAG(s) dict_keys(['setup_retail_pipeline']) retrieved from /opt/airflow/dags/setup_retail_pipeline.py
[2026-05-03T12:13:18.037+0000] {logging_mixin.py:151} INFO - [2026-05-03T12:13:18.037+0000] {dag.py:2915} INFO - Sync 1 DAGs
[2026-05-03T12:13:18.049+0000] {logging_mixin.py:151} INFO - [2026-05-03T12:13:18.048+0000] {dag.py:3696} INFO - Setting next_dagrun for setup_retail_pipeline to 2026-05-03T12:00:00+00:00, run_after=2026-05-03T13:00:00+00:00
[2026-05-03T12:13:18.065+0000] {processor.py:179} INFO - Processing /opt/airflow/dags/setup_retail_pipeline.py took 0.079 seconds
[2026-05-03T12:13:48.242+0000] {processor.py:157} INFO - Started process (PID=3640) to work on /opt/airflow/dags/setup_retail_pipeline.py
[2026-05-03T12:13:48.244+0000] {processor.py:829} INFO - Processing file /opt/airflow/dags/setup_retail_pipeline.py for tasks to queue
[2026-05-03T12:13:48.245+0000] {logging_mixin.py:151} INFO - [2026-05-03T12:13:48.245+0000] {dagbag.py:539} INFO - Filling up the DagBag from /opt/airflow/dags/setup_retail_pipeline.py
[2026-05-03T12:13:48.262+0000] {processor.py:839} INFO - DAG(s) dict_keys(['setup_retail_pipeline']) retrieved from /opt/airflow/dags/setup_retail_pipeline.py
[2026-05-03T12:13:48.284+0000] {logging_mixin.py:151} INFO - [2026-05-03T12:13:48.284+0000] {dag.py:2915} INFO - Sync 1 DAGs
[2026-05-03T12:13:48.297+0000] {logging_mixin.py:151} INFO - [2026-05-03T12:13:48.297+0000] {dag.py:3696} INFO - Setting next_dagrun for setup_retail_pipeline to 2026-05-03T12:00:00+00:00, run_after=2026-05-03T13:00:00+00:00
[2026-05-03T12:13:48.307+0000] {processor.py:179} INFO - Processing /opt/airflow/dags/setup_retail_pipeline.py took 0.070 seconds
[2026-05-03T12:14:18.585+0000] {processor.py:157} INFO - Started process (PID=3650) to work on /opt/airflow/dags/setup_retail_pipeline.py
[2026-05-03T12:14:18.586+0000] {processor.py:829} INFO - Processing file /opt/airflow/dags/setup_retail_pipeline.py for tasks to queue
[2026-05-03T12:14:18.588+0000] {logging_mixin.py:151} INFO - [2026-05-03T12:14:18.587+0000] {dagbag.py:539} INFO - Filling up the DagBag from /opt/airflow/dags/setup_retail_pipeline.py
[2026-05-03T12:14:18.615+0000] {processor.py:839} INFO - DAG(s) dict_keys(['setup_retail_pipeline']) retrieved from /opt/airflow/dags/setup_retail_pipeline.py
[2026-05-03T12:14:18.649+0000] {logging_mixin.py:151} INFO - [2026-05-03T12:14:18.649+0000] {dag.py:2915} INFO - Sync 1 DAGs
[2026-05-03T12:14:18.663+0000] {logging_mixin.py:151} INFO - [2026-05-03T12:14:18.663+0000] {dag.py:3696} INFO - Setting next_dagrun for setup_retail_pipeline to 2026-05-03T12:00:00+00:00, run_after=2026-05-03T13:00:00+00:00
[2026-05-03T12:14:18.673+0000] {processor.py:179} INFO - Processing /opt/airflow/dags/setup_retail_pipeline.py took 0.097 seconds
[2026-05-03T12:14:48.894+0000] {processor.py:157} INFO - Started process (PID=3660) to work on /opt/airflow/dags/setup_retail_pipeline.py
[2026-05-03T12:14:48.895+0000] {processor.py:829} INFO - Processing file /opt/airflow/dags/setup_retail_pipeline.py for tasks to queue
[2026-05-03T12:14:48.897+0000] {logging_mixin.py:151} INFO - [2026-05-03T12:14:48.897+0000] {dagbag.py:539} INFO - Filling up the DagBag from /opt/airflow/dags/setup_retail_pipeline.py
[2026-05-03T12:14:48.913+0000] {processor.py:839} INFO - DAG(s) dict_keys(['setup_retail_pipeline']) retrieved from /opt/airflow/dags/setup_retail_pipeline.py
[2026-05-03T12:14:48.935+0000] {logging_mixin.py:151} INFO - [2026-05-03T12:14:48.935+0000] {dag.py:2915} INFO - Sync 1 DAGs
[2026-05-03T12:14:48.950+0000] {logging_mixin.py:151} INFO - [2026-05-03T12:14:48.950+0000] {dag.py:3696} INFO - Setting next_dagrun for setup_retail_pipeline to 2026-05-03T12:00:00+00:00, run_after=2026-05-03T13:00:00+00:00
[2026-05-03T12:14:48.961+0000] {processor.py:179} INFO - Processing /opt/airflow/dags/setup_retail_pipeline.py took 0.073 seconds
[2026-05-03T12:15:19.196+0000] {processor.py:157} INFO - Started process (PID=3670) to work on /opt/airflow/dags/setup_retail_pipeline.py
[2026-05-03T12:15:19.198+0000] {processor.py:829} INFO - Processing file /opt/airflow/dags/setup_retail_pipeline.py for tasks to queue
[2026-05-03T12:15:19.200+0000] {logging_mixin.py:151} INFO - [2026-05-03T12:15:19.199+0000] {dagbag.py:539} INFO - Filling up the DagBag from /opt/airflow/dags/setup_retail_pipeline.py
[2026-05-03T12:15:19.221+0000] {processor.py:839} INFO - DAG(s) dict_keys(['setup_retail_pipeline']) retrieved from /opt/airflow/dags/setup_retail_pipeline.py
[2026-05-03T12:15:19.268+0000] {logging_mixin.py:151} INFO - [2026-05-03T12:15:19.268+0000] {dag.py:2915} INFO - Sync 1 DAGs
[2026-05-03T12:15:19.296+0000] {logging_mixin.py:151} INFO - [2026-05-03T12:15:19.296+0000] {dag.py:3696} INFO - Setting next_dagrun for setup_retail_pipeline to 2026-05-03T12:00:00+00:00, run_after=2026-05-03T13:00:00+00:00
[2026-05-03T12:15:19.311+0000] {processor.py:179} INFO - Processing /opt/airflow/dags/setup_retail_pipeline.py took 0.122 seconds
[2026-05-03T12:15:49.577+0000] {processor.py:157} INFO - Started process (PID=3680) to work on /opt/airflow/dags/setup_retail_pipeline.py
[2026-05-03T12:15:49.580+0000] {processor.py:829} INFO - Processing file /opt/airflow/dags/setup_retail_pipeline.py for tasks to queue
[2026-05-03T12:15:49.581+0000] {logging_mixin.py:151} INFO - [2026-05-03T12:15:49.581+0000] {dagbag.py:539} INFO - Filling up the DagBag from /opt/airflow/dags/setup_retail_pipeline.py
[2026-05-03T12:15:49.604+0000] {processor.py:839} INFO - DAG(s) dict_keys(['setup_retail_pipeline']) retrieved from /opt/airflow/dags/setup_retail_pipeline.py
[2026-05-03T12:15:49.633+0000] {logging_mixin.py:151} INFO - [2026-05-03T12:15:49.632+0000] {dag.py:2915} INFO - Sync 1 DAGs
[2026-05-03T12:15:49.645+0000] {logging_mixin.py:151} INFO - [2026-05-03T12:15:49.645+0000] {dag.py:3696} INFO - Setting next_dagrun for setup_retail_pipeline to 2026-05-03T12:00:00+00:00, run_after=2026-05-03T13:00:00+00:00
[2026-05-03T12:15:49.654+0000] {processor.py:179} INFO - Processing /opt/airflow/dags/setup_retail_pipeline.py took 0.082 seconds
[2026-05-03T12:16:19.867+0000] {processor.py:157} INFO - Started process (PID=3690) to work on /opt/airflow/dags/setup_retail_pipeline.py
[2026-05-03T12:16:19.869+0000] {processor.py:829} INFO - Processing file /opt/airflow/dags/setup_retail_pipeline.py for tasks to queue
[2026-05-03T12:16:19.870+0000] {logging_mixin.py:151} INFO - [2026-05-03T12:16:19.870+0000] {dagbag.py:539} INFO - Filling up the DagBag from /opt/airflow/dags/setup_retail_pipeline.py
[2026-05-03T12:16:19.885+0000] {processor.py:839} INFO - DAG(s) dict_keys(['setup_retail_pipeline']) retrieved from /opt/airflow/dags/setup_retail_pipeline.py
[2026-05-03T12:16:19.906+0000] {logging_mixin.py:151} INFO - [2026-05-03T12:16:19.906+0000] {dag.py:2915} INFO - Sync 1 DAGs
[2026-05-03T12:16:19.916+0000] {logging_mixin.py:151} INFO - [2026-05-03T12:16:19.916+0000] {dag.py:3696} INFO - Setting next_dagrun for setup_retail_pipeline to 2026-05-03T12:00:00+00:00, run_after=2026-05-03T13:00:00+00:00
[2026-05-03T12:16:19.924+0000] {processor.py:179} INFO - Processing /opt/airflow/dags/setup_retail_pipeline.py took 0.060 seconds
[2026-05-03T12:16:50.187+0000] {processor.py:157} INFO - Started process (PID=3700) to work on /opt/airflow/dags/setup_retail_pipeline.py
[2026-05-03T12:16:50.188+0000] {processor.py:829} INFO - Processing file /opt/airflow/dags/setup_retail_pipeline.py for tasks to queue
[2026-05-03T12:16:50.189+0000] {logging_mixin.py:151} INFO - [2026-05-03T12:16:50.189+0000] {dagbag.py:539} INFO - Filling up the DagBag from /opt/airflow/dags/setup_retail_pipeline.py
[2026-05-03T12:16:50.207+0000] {processor.py:839} INFO - DAG(s) dict_keys(['setup_retail_pipeline']) retrieved from /opt/airflow/dags/setup_retail_pipeline.py
[2026-05-03T12:16:50.232+0000] {logging_mixin.py:151} INFO - [2026-05-03T12:16:50.232+0000] {dag.py:2915} INFO - Sync 1 DAGs
[2026-05-03T12:16:50.244+0000] {logging_mixin.py:151} INFO - [2026-05-03T12:16:50.244+0000] {dag.py:3696} INFO - Setting next_dagrun for setup_retail_pipeline to 2026-05-03T12:00:00+00:00, run_after=2026-05-03T13:00:00+00:00
[2026-05-03T12:16:50.254+0000] {processor.py:179} INFO - Processing /opt/airflow/dags/setup_retail_pipeline.py took 0.073 seconds
[2026-05-03T12:17:20.477+0000] {processor.py:157} INFO - Started process (PID=3710) to work on /opt/airflow/dags/setup_retail_pipeline.py
[2026-05-03T12:17:20.478+0000] {processor.py:829} INFO - Processing file /opt/airflow/dags/setup_retail_pipeline.py for tasks to queue
[2026-05-03T12:17:20.479+0000] {logging_mixin.py:151} INFO - [2026-05-03T12:17:20.479+0000] {dagbag.py:539} INFO - Filling up the DagBag from /opt/airflow/dags/setup_retail_pipeline.py
[2026-05-03T12:17:20.496+0000] {processor.py:839} INFO - DAG(s) dict_keys(['setup_retail_pipeline']) retrieved from /opt/airflow/dags/setup_retail_pipeline.py
[2026-05-03T12:17:20.517+0000] {logging_mixin.py:151} INFO - [2026-05-03T12:17:20.517+0000] {dag.py:2915} INFO - Sync 1 DAGs
[2026-05-03T12:17:20.528+0000] {logging_mixin.py:151} INFO - [2026-05-03T12:17:20.528+0000] {dag.py:3696} INFO - Setting next_dagrun for setup_retail_pipeline to 2026-05-03T12:00:00+00:00, run_after=2026-05-03T13:00:00+00:00
[2026-05-03T12:17:20.540+0000] {processor.py:179} INFO - Processing /opt/airflow/dags/setup_retail_pipeline.py took 0.066 seconds
[2026-05-03T12:17:50.786+0000] {processor.py:157} INFO - Started process (PID=3720) to work on /opt/airflow/dags/setup_retail_pipeline.py
[2026-05-03T12:17:50.787+0000] {processor.py:829} INFO - Processing file /opt/airflow/dags/setup_retail_pipeline.py for tasks to queue
[2026-05-03T12:17:50.789+0000] {logging_mixin.py:151} INFO - [2026-05-03T12:17:50.788+0000] {dagbag.py:539} INFO - Filling up the DagBag from /opt/airflow/dags/setup_retail_pipeline.py
[2026-05-03T12:17:50.811+0000] {processor.py:839} INFO - DAG(s) dict_keys(['setup_retail_pipeline']) retrieved from /opt/airflow/dags/setup_retail_pipeline.py
[2026-05-03T12:17:50.845+0000] {logging_mixin.py:151} INFO - [2026-05-03T12:17:50.845+0000] {dag.py:2915} INFO - Sync 1 DAGs
[2026-05-03T12:17:50.862+0000] {logging_mixin.py:151} INFO - [2026-05-03T12:17:50.862+0000] {dag.py:3696} INFO - Setting next_dagrun for setup_retail_pipeline to 2026-05-03T12:00:00+00:00, run_after=2026-05-03T13:00:00+00:00
[2026-05-03T12:17:50.873+0000] {processor.py:179} INFO - Processing /opt/airflow/dags/setup_retail_pipeline.py took 0.094 seconds
[2026-05-03T12:18:21.143+0000] {processor.py:157} INFO - Started process (PID=3730) to work on /opt/airflow/dags/setup_retail_pipeline.py
[2026-05-03T12:18:21.145+0000] {processor.py:829} INFO - Processing file /opt/airflow/dags/setup_retail_pipeline.py for tasks to queue
[2026-05-03T12:18:21.148+0000] {logging_mixin.py:151} INFO - [2026-05-03T12:18:21.147+0000] {dagbag.py:539} INFO - Filling up the DagBag from /opt/airflow/dags/setup_retail_pipeline.py
[2026-05-03T12:18:21.170+0000] {processor.py:839} INFO - DAG(s) dict_keys(['setup_retail_pipeline']) retrieved from /opt/airflow/dags/setup_retail_pipeline.py
[2026-05-03T12:18:21.205+0000] {logging_mixin.py:151} INFO - [2026-05-03T12:18:21.205+0000] {dag.py:2915} INFO - Sync 1 DAGs
[2026-05-03T12:18:21.223+0000] {logging_mixin.py:151} INFO - [2026-05-03T12:18:21.223+0000] {dag.py:3696} INFO - Setting next_dagrun for setup_retail_pipeline to 2026-05-03T12:00:00+00:00, run_after=2026-05-03T13:00:00+00:00
[2026-05-03T12:18:21.235+0000] {processor.py:179} INFO - Processing /opt/airflow/dags/setup_retail_pipeline.py took 0.101 seconds
[2026-05-03T12:18:51.361+0000] {processor.py:157} INFO - Started process (PID=3740) to work on /opt/airflow/dags/setup_retail_pipeline.py
[2026-05-03T12:18:51.362+0000] {processor.py:829} INFO - Processing file /opt/airflow/dags/setup_retail_pipeline.py for tasks to queue
[2026-05-03T12:18:51.363+0000] {logging_mixin.py:151} INFO - [2026-05-03T12:18:51.363+0000] {dagbag.py:539} INFO - Filling up the DagBag from /opt/airflow/dags/setup_retail_pipeline.py
[2026-05-03T12:18:51.382+0000] {processor.py:839} INFO - DAG(s) dict_keys(['setup_retail_pipeline']) retrieved from /opt/airflow/dags/setup_retail_pipeline.py
[2026-05-03T12:18:51.409+0000] {logging_mixin.py:151} INFO - [2026-05-03T12:18:51.409+0000] {dag.py:2915} INFO - Sync 1 DAGs
[2026-05-03T12:18:51.424+0000] {logging_mixin.py:151} INFO - [2026-05-03T12:18:51.424+0000] {dag.py:3696} INFO - Setting next_dagrun for setup_retail_pipeline to 2026-05-03T12:00:00+00:00, run_after=2026-05-03T13:00:00+00:00
[2026-05-03T12:18:51.433+0000] {processor.py:179} INFO - Processing /opt/airflow/dags/setup_retail_pipeline.py took 0.079 seconds
[2026-05-03T12:19:21.652+0000] {processor.py:157} INFO - Started process (PID=3750) to work on /opt/airflow/dags/setup_retail_pipeline.py
[2026-05-03T12:19:21.653+0000] {processor.py:829} INFO - Processing file /opt/airflow/dags/setup_retail_pipeline.py for tasks to queue
[2026-05-03T12:19:21.654+0000] {logging_mixin.py:151} INFO - [2026-05-03T12:19:21.653+0000] {dagbag.py:539} INFO - Filling up the DagBag from /opt/airflow/dags/setup_retail_pipeline.py
[2026-05-03T12:19:21.667+0000] {processor.py:839} INFO - DAG(s) dict_keys(['setup_retail_pipeline']) retrieved from /opt/airflow/dags/setup_retail_pipeline.py
[2026-05-03T12:19:21.690+0000] {logging_mixin.py:151} INFO - [2026-05-03T12:19:21.690+0000] {dag.py:2915} INFO - Sync 1 DAGs
[2026-05-03T12:19:21.702+0000] {logging_mixin.py:151} INFO - [2026-05-03T12:19:21.702+0000] {dag.py:3696} INFO - Setting next_dagrun for setup_retail_pipeline to 2026-05-03T12:00:00+00:00, run_after=2026-05-03T13:00:00+00:00
[2026-05-03T12:19:21.711+0000] {processor.py:179} INFO - Processing /opt/airflow/dags/setup_retail_pipeline.py took 0.063 seconds
[2026-05-03T12:19:51.914+0000] {processor.py:157} INFO - Started process (PID=3760) to work on /opt/airflow/dags/setup_retail_pipeline.py
[2026-05-03T12:19:51.915+0000] {processor.py:829} INFO - Processing file /opt/airflow/dags/setup_retail_pipeline.py for tasks to queue
[2026-05-03T12:19:51.916+0000] {logging_mixin.py:151} INFO - [2026-05-03T12:19:51.916+0000] {dagbag.py:539} INFO - Filling up the DagBag from /opt/airflow/dags/setup_retail_pipeline.py
[2026-05-03T12:19:51.931+0000] {processor.py:839} INFO - DAG(s) dict_keys(['setup_retail_pipeline']) retrieved from /opt/airflow/dags/setup_retail_pipeline.py
[2026-05-03T12:19:51.951+0000] {logging_mixin.py:151} INFO - [2026-05-03T12:19:51.951+0000] {dag.py:2915} INFO - Sync 1 DAGs
[2026-05-03T12:19:51.964+0000] {logging_mixin.py:151} INFO - [2026-05-03T12:19:51.963+0000] {dag.py:3696} INFO - Setting next_dagrun for setup_retail_pipeline to 2026-05-03T12:00:00+00:00, run_after=2026-05-03T13:00:00+00:00
[2026-05-03T12:19:51.974+0000] {processor.py:179} INFO - Processing /opt/airflow/dags/setup_retail_pipeline.py took 0.063 seconds
[2026-05-03T12:20:22.131+0000] {processor.py:157} INFO - Started process (PID=3770) to work on /opt/airflow/dags/setup_retail_pipeline.py
[2026-05-03T12:20:22.132+0000] {processor.py:829} INFO - Processing file /opt/airflow/dags/setup_retail_pipeline.py for tasks to queue
[2026-05-03T12:20:22.134+0000] {logging_mixin.py:151} INFO - [2026-05-03T12:20:22.133+0000] {dagbag.py:539} INFO - Filling up the DagBag from /opt/airflow/dags/setup_retail_pipeline.py
[2026-05-03T12:20:22.151+0000] {processor.py:839} INFO - DAG(s) dict_keys(['setup_retail_pipeline']) retrieved from /opt/airflow/dags/setup_retail_pipeline.py
[2026-05-03T12:20:22.173+0000] {logging_mixin.py:151} INFO - [2026-05-03T12:20:22.173+0000] {dag.py:2915} INFO - Sync 1 DAGs
[2026-05-03T12:20:22.187+0000] {logging_mixin.py:151} INFO - [2026-05-03T12:20:22.186+0000] {dag.py:3696} INFO - Setting next_dagrun for setup_retail_pipeline to 2026-05-03T12:00:00+00:00, run_after=2026-05-03T13:00:00+00:00
[2026-05-03T12:20:22.195+0000] {processor.py:179} INFO - Processing /opt/airflow/dags/setup_retail_pipeline.py took 0.071 seconds
[2026-05-03T12:20:52.384+0000] {processor.py:157} INFO - Started process (PID=3780) to work on /opt/airflow/dags/setup_retail_pipeline.py
[2026-05-03T12:20:52.385+0000] {processor.py:829} INFO - Processing file /opt/airflow/dags/setup_retail_pipeline.py for tasks to queue
[2026-05-03T12:20:52.386+0000] {logging_mixin.py:151} INFO - [2026-05-03T12:20:52.386+0000] {dagbag.py:539} INFO - Filling up the DagBag from /opt/airflow/dags/setup_retail_pipeline.py
[2026-05-03T12:20:52.400+0000] {processor.py:839} INFO - DAG(s) dict_keys(['setup_retail_pipeline']) retrieved from /opt/airflow/dags/setup_retail_pipeline.py
[2026-05-03T12:20:52.424+0000] {logging_mixin.py:151} INFO - [2026-05-03T12:20:52.423+0000] {dag.py:2915} INFO - Sync 1 DAGs
[2026-05-03T12:20:52.438+0000] {logging_mixin.py:151} INFO - [2026-05-03T12:20:52.438+0000] {dag.py:3696} INFO - Setting next_dagrun for setup_retail_pipeline to 2026-05-03T12:00:00+00:00, run_after=2026-05-03T13:00:00+00:00
[2026-05-03T12:20:52.449+0000] {processor.py:179} INFO - Processing /opt/airflow/dags/setup_retail_pipeline.py took 0.069 seconds
[2026-05-03T12:21:22.667+0000] {processor.py:157} INFO - Started process (PID=3790) to work on /opt/airflow/dags/setup_retail_pipeline.py
[2026-05-03T12:21:22.668+0000] {processor.py:829} INFO - Processing file /opt/airflow/dags/setup_retail_pipeline.py for tasks to queue
[2026-05-03T12:21:22.669+0000] {logging_mixin.py:151} INFO - [2026-05-03T12:21:22.669+0000] {dagbag.py:539} INFO - Filling up the DagBag from /opt/airflow/dags/setup_retail_pipeline.py
[2026-05-03T12:21:22.683+0000] {processor.py:839} INFO - DAG(s) dict_keys(['setup_retail_pipeline']) retrieved from /opt/airflow/dags/setup_retail_pipeline.py
[2026-05-03T12:21:22.703+0000] {logging_mixin.py:151} INFO - [2026-05-03T12:21:22.703+0000] {dag.py:2915} INFO - Sync 1 DAGs
[2026-05-03T12:21:22.715+0000] {logging_mixin.py:151} INFO - [2026-05-03T12:21:22.715+0000] {dag.py:3696} INFO - Setting next_dagrun for setup_retail_pipeline to 2026-05-03T12:00:00+00:00, run_after=2026-05-03T13:00:00+00:00
[2026-05-03T12:21:22.725+0000] {processor.py:179} INFO - Processing /opt/airflow/dags/setup_retail_pipeline.py took 0.061 seconds
[2026-05-03T12:21:52.965+0000] {processor.py:157} INFO - Started process (PID=3800) to work on /opt/airflow/dags/setup_retail_pipeline.py
[2026-05-03T12:21:52.966+0000] {processor.py:829} INFO - Processing file /opt/airflow/dags/setup_retail_pipeline.py for tasks to queue
[2026-05-03T12:21:52.967+0000] {logging_mixin.py:151} INFO - [2026-05-03T12:21:52.967+0000] {dagbag.py:539} INFO - Filling up the DagBag from /opt/airflow/dags/setup_retail_pipeline.py
[2026-05-03T12:21:52.982+0000] {processor.py:839} INFO - DAG(s) dict_keys(['setup_retail_pipeline']) retrieved from /opt/airflow/dags/setup_retail_pipeline.py
[2026-05-03T12:21:53.003+0000] {logging_mixin.py:151} INFO - [2026-05-03T12:21:53.003+0000] {dag.py:2915} INFO - Sync 1 DAGs
[2026-05-03T12:21:53.014+0000] {logging_mixin.py:151} INFO - [2026-05-03T12:21:53.014+0000] {dag.py:3696} INFO - Setting next_dagrun for setup_retail_pipeline to 2026-05-03T12:00:00+00:00, run_after=2026-05-03T13:00:00+00:00
[2026-05-03T12:21:53.024+0000] {processor.py:179} INFO - Processing /opt/airflow/dags/setup_retail_pipeline.py took 0.063 seconds
[2026-05-03T12:22:23.219+0000] {processor.py:157} INFO - Started process (PID=3810) to work on /opt/airflow/dags/setup_retail_pipeline.py
[2026-05-03T12:22:23.221+0000] {processor.py:829} INFO - Processing file /opt/airflow/dags/setup_retail_pipeline.py for tasks to queue
[2026-05-03T12:22:23.222+0000] {logging_mixin.py:151} INFO - [2026-05-03T12:22:23.222+0000] {dagbag.py:539} INFO - Filling up the DagBag from /opt/airflow/dags/setup_retail_pipeline.py
[2026-05-03T12:22:23.235+0000] {processor.py:839} INFO - DAG(s) dict_keys(['setup_retail_pipeline']) retrieved from /opt/airflow/dags/setup_retail_pipeline.py
[2026-05-03T12:22:23.259+0000] {logging_mixin.py:151} INFO - [2026-05-03T12:22:23.259+0000] {dag.py:2915} INFO - Sync 1 DAGs
[2026-05-03T12:22:23.272+0000] {logging_mixin.py:151} INFO - [2026-05-03T12:22:23.271+0000] {dag.py:3696} INFO - Setting next_dagrun for setup_retail_pipeline to 2026-05-03T12:00:00+00:00, run_after=2026-05-03T13:00:00+00:00
[2026-05-03T12:22:23.280+0000] {processor.py:179} INFO - Processing /opt/airflow/dags/setup_retail_pipeline.py took 0.063 seconds
[2026-05-03T12:22:53.509+0000] {processor.py:157} INFO - Started process (PID=3820) to work on /opt/airflow/dags/setup_retail_pipeline.py
[2026-05-03T12:22:53.510+0000] {processor.py:829} INFO - Processing file /opt/airflow/dags/setup_retail_pipeline.py for tasks to queue
[2026-05-03T12:22:53.511+0000] {logging_mixin.py:151} INFO - [2026-05-03T12:22:53.511+0000] {dagbag.py:539} INFO - Filling up the DagBag from /opt/airflow/dags/setup_retail_pipeline.py
[2026-05-03T12:22:53.526+0000] {processor.py:839} INFO - DAG(s) dict_keys(['setup_retail_pipeline']) retrieved from /opt/airflow/dags/setup_retail_pipeline.py
[2026-05-03T12:22:53.552+0000] {logging_mixin.py:151} INFO - [2026-05-03T12:22:53.552+0000] {dag.py:2915} INFO - Sync 1 DAGs
[2026-05-03T12:22:53.562+0000] {logging_mixin.py:151} INFO - [2026-05-03T12:22:53.562+0000] {dag.py:3696} INFO - Setting next_dagrun for setup_retail_pipeline to 2026-05-03T12:00:00+00:00, run_after=2026-05-03T13:00:00+00:00
[2026-05-03T12:22:53.574+0000] {processor.py:179} INFO - Processing /opt/airflow/dags/setup_retail_pipeline.py took 0.072 seconds
[2026-05-03T12:23:23.757+0000] {processor.py:157} INFO - Started process (PID=3830) to work on /opt/airflow/dags/setup_retail_pipeline.py
[2026-05-03T12:23:23.758+0000] {processor.py:829} INFO - Processing file /opt/airflow/dags/setup_retail_pipeline.py for tasks to queue
[2026-05-03T12:23:23.759+0000] {logging_mixin.py:151} INFO - [2026-05-03T12:23:23.759+0000] {dagbag.py:539} INFO - Filling up the DagBag from /opt/airflow/dags/setup_retail_pipeline.py
[2026-05-03T12:23:23.775+0000] {processor.py:839} INFO - DAG(s) dict_keys(['setup_retail_pipeline']) retrieved from /opt/airflow/dags/setup_retail_pipeline.py
[2026-05-03T12:23:23.795+0000] {logging_mixin.py:151} INFO - [2026-05-03T12:23:23.795+0000] {dag.py:2915} INFO - Sync 1 DAGs
[2026-05-03T12:23:23.809+0000] {logging_mixin.py:151} INFO - [2026-05-03T12:23:23.809+0000] {dag.py:3696} INFO - Setting next_dagrun for setup_retail_pipeline to 2026-05-03T12:00:00+00:00, run_after=2026-05-03T13:00:00+00:00
[2026-05-03T12:23:23.821+0000] {processor.py:179} INFO - Processing /opt/airflow/dags/setup_retail_pipeline.py took 0.067 seconds
[2026-05-03T12:23:54.100+0000] {processor.py:157} INFO - Started process (PID=3840) to work on /opt/airflow/dags/setup_retail_pipeline.py
[2026-05-03T12:23:54.102+0000] {processor.py:829} INFO - Processing file /opt/airflow/dags/setup_retail_pipeline.py for tasks to queue
[2026-05-03T12:23:54.103+0000] {logging_mixin.py:151} INFO - [2026-05-03T12:23:54.102+0000] {dagbag.py:539} INFO - Filling up the DagBag from /opt/airflow/dags/setup_retail_pipeline.py
[2026-05-03T12:23:54.121+0000] {processor.py:839} INFO - DAG(s) dict_keys(['setup_retail_pipeline']) retrieved from /opt/airflow/dags/setup_retail_pipeline.py
[2026-05-03T12:23:54.146+0000] {logging_mixin.py:151} INFO - [2026-05-03T12:23:54.146+0000] {dag.py:2915} INFO - Sync 1 DAGs
[2026-05-03T12:23:54.158+0000] {logging_mixin.py:151} INFO - [2026-05-03T12:23:54.158+0000] {dag.py:3696} INFO - Setting next_dagrun for setup_retail_pipeline to 2026-05-03T12:00:00+00:00, run_after=2026-05-03T13:00:00+00:00
[2026-05-03T12:23:54.168+0000] {processor.py:179} INFO - Processing /opt/airflow/dags/setup_retail_pipeline.py took 0.075 seconds
[2026-05-03T12:24:24.309+0000] {processor.py:157} INFO - Started process (PID=3850) to work on /opt/airflow/dags/setup_retail_pipeline.py
[2026-05-03T12:24:24.310+0000] {processor.py:829} INFO - Processing file /opt/airflow/dags/setup_retail_pipeline.py for tasks to queue
[2026-05-03T12:24:24.310+0000] {logging_mixin.py:151} INFO - [2026-05-03T12:24:24.310+0000] {dagbag.py:539} INFO - Filling up the DagBag from /opt/airflow/dags/setup_retail_pipeline.py
[2026-05-03T12:24:24.324+0000] {processor.py:839} INFO - DAG(s) dict_keys(['setup_retail_pipeline']) retrieved from /opt/airflow/dags/setup_retail_pipeline.py
[2026-05-03T12:24:24.348+0000] {logging_mixin.py:151} INFO - [2026-05-03T12:24:24.348+0000] {dag.py:2915} INFO - Sync 1 DAGs
[2026-05-03T12:24:24.361+0000] {logging_mixin.py:151} INFO - [2026-05-03T12:24:24.361+0000] {dag.py:3696} INFO - Setting next_dagrun for setup_retail_pipeline to 2026-05-03T12:00:00+00:00, run_after=2026-05-03T13:00:00+00:00
[2026-05-03T12:24:24.370+0000] {processor.py:179} INFO - Processing /opt/airflow/dags/setup_retail_pipeline.py took 0.065 seconds
[2026-05-03T12:24:54.621+0000] {processor.py:157} INFO - Started process (PID=3860) to work on /opt/airflow/dags/setup_retail_pipeline.py
[2026-05-03T12:24:54.622+0000] {processor.py:829} INFO - Processing file /opt/airflow/dags/setup_retail_pipeline.py for tasks to queue
[2026-05-03T12:24:54.625+0000] {logging_mixin.py:151} INFO - [2026-05-03T12:24:54.624+0000] {dagbag.py:539} INFO - Filling up the DagBag from /opt/airflow/dags/setup_retail_pipeline.py
[2026-05-03T12:24:54.645+0000] {processor.py:839} INFO - DAG(s) dict_keys(['setup_retail_pipeline']) retrieved from /opt/airflow/dags/setup_retail_pipeline.py
[2026-05-03T12:24:54.667+0000] {logging_mixin.py:151} INFO - [2026-05-03T12:24:54.667+0000] {dag.py:2915} INFO - Sync 1 DAGs
[2026-05-03T12:24:54.681+0000] {logging_mixin.py:151} INFO - [2026-05-03T12:24:54.681+0000] {dag.py:3696} INFO - Setting next_dagrun for setup_retail_pipeline to 2026-05-03T12:00:00+00:00, run_after=2026-05-03T13:00:00+00:00
[2026-05-03T12:24:54.692+0000] {processor.py:179} INFO - Processing /opt/airflow/dags/setup_retail_pipeline.py took 0.077 seconds
[2026-05-03T12:25:24.924+0000] {processor.py:157} INFO - Started process (PID=3870) to work on /opt/airflow/dags/setup_retail_pipeline.py
[2026-05-03T12:25:24.925+0000] {processor.py:829} INFO - Processing file /opt/airflow/dags/setup_retail_pipeline.py for tasks to queue
[2026-05-03T12:25:24.927+0000] {logging_mixin.py:151} INFO - [2026-05-03T12:25:24.927+0000] {dagbag.py:539} INFO - Filling up the DagBag from /opt/airflow/dags/setup_retail_pipeline.py
[2026-05-03T12:25:24.942+0000] {processor.py:839} INFO - DAG(s) dict_keys(['setup_retail_pipeline']) retrieved from /opt/airflow/dags/setup_retail_pipeline.py
[2026-05-03T12:25:24.962+0000] {logging_mixin.py:151} INFO - [2026-05-03T12:25:24.962+0000] {dag.py:2915} INFO - Sync 1 DAGs
[2026-05-03T12:25:24.973+0000] {logging_mixin.py:151} INFO - [2026-05-03T12:25:24.973+0000] {dag.py:3696} INFO - Setting next_dagrun for setup_retail_pipeline to 2026-05-03T12:00:00+00:00, run_after=2026-05-03T13:00:00+00:00
[2026-05-03T12:25:24.983+0000] {processor.py:179} INFO - Processing /opt/airflow/dags/setup_retail_pipeline.py took 0.063 seconds
[2026-05-03T12:25:55.232+0000] {processor.py:157} INFO - Started process (PID=3880) to work on /opt/airflow/dags/setup_retail_pipeline.py
[2026-05-03T12:25:55.233+0000] {processor.py:829} INFO - Processing file /opt/airflow/dags/setup_retail_pipeline.py for tasks to queue
[2026-05-03T12:25:55.235+0000] {logging_mixin.py:151} INFO - [2026-05-03T12:25:55.234+0000] {dagbag.py:539} INFO - Filling up the DagBag from /opt/airflow/dags/setup_retail_pipeline.py
[2026-05-03T12:25:55.250+0000] {processor.py:839} INFO - DAG(s) dict_keys(['setup_retail_pipeline']) retrieved from /opt/airflow/dags/setup_retail_pipeline.py
[2026-05-03T12:25:55.272+0000] {logging_mixin.py:151} INFO - [2026-05-03T12:25:55.272+0000] {dag.py:2915} INFO - Sync 1 DAGs
[2026-05-03T12:25:55.284+0000] {logging_mixin.py:151} INFO - [2026-05-03T12:25:55.284+0000] {dag.py:3696} INFO - Setting next_dagrun for setup_retail_pipeline to 2026-05-03T12:00:00+00:00, run_after=2026-05-03T13:00:00+00:00
[2026-05-03T12:25:55.293+0000] {processor.py:179} INFO - Processing /opt/airflow/dags/setup_retail_pipeline.py took 0.067 seconds
[2026-05-03T12:26:25.509+0000] {processor.py:157} INFO - Started process (PID=3890) to work on /opt/airflow/dags/setup_retail_pipeline.py
[2026-05-03T12:26:25.510+0000] {processor.py:829} INFO - Processing file /opt/airflow/dags/setup_retail_pipeline.py for tasks to queue
[2026-05-03T12:26:25.511+0000] {logging_mixin.py:151} INFO - [2026-05-03T12:26:25.511+0000] {dagbag.py:539} INFO - Filling up the DagBag from /opt/airflow/dags/setup_retail_pipeline.py
[2026-05-03T12:26:25.523+0000] {processor.py:839} INFO - DAG(s) dict_keys(['setup_retail_pipeline']) retrieved from /opt/airflow/dags/setup_retail_pipeline.py
[2026-05-03T12:26:25.544+0000] {logging_mixin.py:151} INFO - [2026-05-03T12:26:25.544+0000] {dag.py:2915} INFO - Sync 1 DAGs
[2026-05-03T12:26:25.554+0000] {logging_mixin.py:151} INFO - [2026-05-03T12:26:25.554+0000] {dag.py:3696} INFO - Setting next_dagrun for setup_retail_pipeline to 2026-05-03T12:00:00+00:00, run_after=2026-05-03T13:00:00+00:00
[2026-05-03T12:26:25.561+0000] {processor.py:179} INFO - Processing /opt/airflow/dags/setup_retail_pipeline.py took 0.056 seconds
[2026-05-03T12:26:55.777+0000] {processor.py:157} INFO - Started process (PID=3900) to work on /opt/airflow/dags/setup_retail_pipeline.py
[2026-05-03T12:26:55.778+0000] {processor.py:829} INFO - Processing file /opt/airflow/dags/setup_retail_pipeline.py for tasks to queue
[2026-05-03T12:26:55.780+0000] {logging_mixin.py:151} INFO - [2026-05-03T12:26:55.779+0000] {dagbag.py:539} INFO - Filling up the DagBag from /opt/airflow/dags/setup_retail_pipeline.py
[2026-05-03T12:26:55.795+0000] {processor.py:839} INFO - DAG(s) dict_keys(['setup_retail_pipeline']) retrieved from /opt/airflow/dags/setup_retail_pipeline.py
[2026-05-03T12:26:55.812+0000] {logging_mixin.py:151} INFO - [2026-05-03T12:26:55.812+0000] {dag.py:2915} INFO - Sync 1 DAGs
[2026-05-03T12:26:55.822+0000] {logging_mixin.py:151} INFO - [2026-05-03T12:26:55.822+0000] {dag.py:3696} INFO - Setting next_dagrun for setup_retail_pipeline to 2026-05-03T12:00:00+00:00, run_after=2026-05-03T13:00:00+00:00
[2026-05-03T12:26:55.832+0000] {processor.py:179} INFO - Processing /opt/airflow/dags/setup_retail_pipeline.py took 0.059 seconds
[2026-05-03T12:27:25.975+0000] {processor.py:157} INFO - Started process (PID=3910) to work on /opt/airflow/dags/setup_retail_pipeline.py
[2026-05-03T12:27:25.976+0000] {processor.py:829} INFO - Processing file /opt/airflow/dags/setup_retail_pipeline.py for tasks to queue
[2026-05-03T12:27:25.977+0000] {logging_mixin.py:151} INFO - [2026-05-03T12:27:25.976+0000] {dagbag.py:539} INFO - Filling up the DagBag from /opt/airflow/dags/setup_retail_pipeline.py
[2026-05-03T12:27:25.988+0000] {processor.py:839} INFO - DAG(s) dict_keys(['setup_retail_pipeline']) retrieved from /opt/airflow/dags/setup_retail_pipeline.py
[2026-05-03T12:27:26.014+0000] {logging_mixin.py:151} INFO - [2026-05-03T12:27:26.014+0000] {dag.py:2915} INFO - Sync 1 DAGs
[2026-05-03T12:27:26.030+0000] {logging_mixin.py:151} INFO - [2026-05-03T12:27:26.029+0000] {dag.py:3696} INFO - Setting next_dagrun for setup_retail_pipeline to 2026-05-03T12:00:00+00:00, run_after=2026-05-03T13:00:00+00:00
[2026-05-03T12:27:26.039+0000] {processor.py:179} INFO - Processing /opt/airflow/dags/setup_retail_pipeline.py took 0.067 seconds
[2026-05-03T12:27:56.294+0000] {processor.py:157} INFO - Started process (PID=3920) to work on /opt/airflow/dags/setup_retail_pipeline.py
[2026-05-03T12:27:56.297+0000] {processor.py:829} INFO - Processing file /opt/airflow/dags/setup_retail_pipeline.py for tasks to queue
[2026-05-03T12:27:56.299+0000] {logging_mixin.py:151} INFO - [2026-05-03T12:27:56.299+0000] {dagbag.py:539} INFO - Filling up the DagBag from /opt/airflow/dags/setup_retail_pipeline.py
[2026-05-03T12:27:56.316+0000] {processor.py:839} INFO - DAG(s) dict_keys(['setup_retail_pipeline']) retrieved from /opt/airflow/dags/setup_retail_pipeline.py
[2026-05-03T12:27:56.340+0000] {logging_mixin.py:151} INFO - [2026-05-03T12:27:56.340+0000] {dag.py:2915} INFO - Sync 1 DAGs
[2026-05-03T12:27:56.354+0000] {logging_mixin.py:151} INFO - [2026-05-03T12:27:56.354+0000] {dag.py:3696} INFO - Setting next_dagrun for setup_retail_pipeline to 2026-05-03T12:00:00+00:00, run_after=2026-05-03T13:00:00+00:00
[2026-05-03T12:27:56.365+0000] {processor.py:179} INFO - Processing /opt/airflow/dags/setup_retail_pipeline.py took 0.078 seconds
[2026-05-03T12:28:26.608+0000] {processor.py:157} INFO - Started process (PID=3930) to work on /opt/airflow/dags/setup_retail_pipeline.py
[2026-05-03T12:28:26.610+0000] {processor.py:829} INFO - Processing file /opt/airflow/dags/setup_retail_pipeline.py for tasks to queue
[2026-05-03T12:28:26.611+0000] {logging_mixin.py:151} INFO - [2026-05-03T12:28:26.610+0000] {dagbag.py:539} INFO - Filling up the DagBag from /opt/airflow/dags/setup_retail_pipeline.py
[2026-05-03T12:28:26.631+0000] {processor.py:839} INFO - DAG(s) dict_keys(['setup_retail_pipeline']) retrieved from /opt/airflow/dags/setup_retail_pipeline.py
[2026-05-03T12:28:26.654+0000] {logging_mixin.py:151} INFO - [2026-05-03T12:28:26.654+0000] {dag.py:2915} INFO - Sync 1 DAGs
[2026-05-03T12:28:26.668+0000] {logging_mixin.py:151} INFO - [2026-05-03T12:28:26.668+0000] {dag.py:3696} INFO - Setting next_dagrun for setup_retail_pipeline to 2026-05-03T12:00:00+00:00, run_after=2026-05-03T13:00:00+00:00
[2026-05-03T12:28:26.680+0000] {processor.py:179} INFO - Processing /opt/airflow/dags/setup_retail_pipeline.py took 0.079 seconds
[2026-05-03T12:28:56.837+0000] {processor.py:157} INFO - Started process (PID=3940) to work on /opt/airflow/dags/setup_retail_pipeline.py
[2026-05-03T12:28:56.838+0000] {processor.py:829} INFO - Processing file /opt/airflow/dags/setup_retail_pipeline.py for tasks to queue
[2026-05-03T12:28:56.839+0000] {logging_mixin.py:151} INFO - [2026-05-03T12:28:56.838+0000] {dagbag.py:539} INFO - Filling up the DagBag from /opt/airflow/dags/setup_retail_pipeline.py
[2026-05-03T12:28:56.859+0000] {processor.py:839} INFO - DAG(s) dict_keys(['setup_retail_pipeline']) retrieved from /opt/airflow/dags/setup_retail_pipeline.py
[2026-05-03T12:28:56.885+0000] {logging_mixin.py:151} INFO - [2026-05-03T12:28:56.885+0000] {dag.py:2915} INFO - Sync 1 DAGs
[2026-05-03T12:28:56.904+0000] {logging_mixin.py:151} INFO - [2026-05-03T12:28:56.903+0000] {dag.py:3696} INFO - Setting next_dagrun for setup_retail_pipeline to 2026-05-03T12:00:00+00:00, run_after=2026-05-03T13:00:00+00:00
[2026-05-03T12:28:56.918+0000] {processor.py:179} INFO - Processing /opt/airflow/dags/setup_retail_pipeline.py took 0.088 seconds
[2026-05-03T12:29:27.178+0000] {processor.py:157} INFO - Started process (PID=3950) to work on /opt/airflow/dags/setup_retail_pipeline.py
[2026-05-03T12:29:27.179+0000] {processor.py:829} INFO - Processing file /opt/airflow/dags/setup_retail_pipeline.py for tasks to queue
[2026-05-03T12:29:27.180+0000] {logging_mixin.py:151} INFO - [2026-05-03T12:29:27.180+0000] {dagbag.py:539} INFO - Filling up the DagBag from /opt/airflow/dags/setup_retail_pipeline.py
[2026-05-03T12:29:27.198+0000] {processor.py:839} INFO - DAG(s) dict_keys(['setup_retail_pipeline']) retrieved from /opt/airflow/dags/setup_retail_pipeline.py
[2026-05-03T12:29:27.224+0000] {logging_mixin.py:151} INFO - [2026-05-03T12:29:27.224+0000] {dag.py:2915} INFO - Sync 1 DAGs
[2026-05-03T12:29:27.238+0000] {logging_mixin.py:151} INFO - [2026-05-03T12:29:27.238+0000] {dag.py:3696} INFO - Setting next_dagrun for setup_retail_pipeline to 2026-05-03T12:00:00+00:00, run_after=2026-05-03T13:00:00+00:00
[2026-05-03T12:29:27.247+0000] {processor.py:179} INFO - Processing /opt/airflow/dags/setup_retail_pipeline.py took 0.076 seconds
[2026-05-03T12:29:57.455+0000] {processor.py:157} INFO - Started process (PID=3960) to work on /opt/airflow/dags/setup_retail_pipeline.py
[2026-05-03T12:29:57.457+0000] {processor.py:829} INFO - Processing file /opt/airflow/dags/setup_retail_pipeline.py for tasks to queue
[2026-05-03T12:29:57.457+0000] {logging_mixin.py:151} INFO - [2026-05-03T12:29:57.457+0000] {dagbag.py:539} INFO - Filling up the DagBag from /opt/airflow/dags/setup_retail_pipeline.py
[2026-05-03T12:29:57.471+0000] {processor.py:839} INFO - DAG(s) dict_keys(['setup_retail_pipeline']) retrieved from /opt/airflow/dags/setup_retail_pipeline.py
[2026-05-03T12:29:57.493+0000] {logging_mixin.py:151} INFO - [2026-05-03T12:29:57.493+0000] {dag.py:2915} INFO - Sync 1 DAGs
[2026-05-03T12:29:57.503+0000] {logging_mixin.py:151} INFO - [2026-05-03T12:29:57.503+0000] {dag.py:3696} INFO - Setting next_dagrun for setup_retail_pipeline to 2026-05-03T12:00:00+00:00, run_after=2026-05-03T13:00:00+00:00
[2026-05-03T12:29:57.513+0000] {processor.py:179} INFO - Processing /opt/airflow/dags/setup_retail_pipeline.py took 0.064 seconds
[2026-05-03T12:30:27.757+0000] {processor.py:157} INFO - Started process (PID=3970) to work on /opt/airflow/dags/setup_retail_pipeline.py
[2026-05-03T12:30:27.760+0000] {processor.py:829} INFO - Processing file /opt/airflow/dags/setup_retail_pipeline.py for tasks to queue
[2026-05-03T12:30:27.761+0000] {logging_mixin.py:151} INFO - [2026-05-03T12:30:27.760+0000] {dagbag.py:539} INFO - Filling up the DagBag from /opt/airflow/dags/setup_retail_pipeline.py
[2026-05-03T12:30:27.785+0000] {processor.py:839} INFO - DAG(s) dict_keys(['setup_retail_pipeline']) retrieved from /opt/airflow/dags/setup_retail_pipeline.py
[2026-05-03T12:30:27.818+0000] {logging_mixin.py:151} INFO - [2026-05-03T12:30:27.818+0000] {dag.py:2915} INFO - Sync 1 DAGs
[2026-05-03T12:30:27.837+0000] {logging_mixin.py:151} INFO - [2026-05-03T12:30:27.837+0000] {dag.py:3696} INFO - Setting next_dagrun for setup_retail_pipeline to 2026-05-03T12:00:00+00:00, run_after=2026-05-03T13:00:00+00:00
[2026-05-03T12:30:27.847+0000] {processor.py:179} INFO - Processing /opt/airflow/dags/setup_retail_pipeline.py took 0.096 seconds
[2026-05-03T12:30:58.144+0000] {processor.py:157} INFO - Started process (PID=3980) to work on /opt/airflow/dags/setup_retail_pipeline.py
[2026-05-03T12:30:58.145+0000] {processor.py:829} INFO - Processing file /opt/airflow/dags/setup_retail_pipeline.py for tasks to queue
[2026-05-03T12:30:58.146+0000] {logging_mixin.py:151} INFO - [2026-05-03T12:30:58.146+0000] {dagbag.py:539} INFO - Filling up the DagBag from /opt/airflow/dags/setup_retail_pipeline.py
[2026-05-03T12:30:58.173+0000] {processor.py:839} INFO - DAG(s) dict_keys(['setup_retail_pipeline']) retrieved from /opt/airflow/dags/setup_retail_pipeline.py
[2026-05-03T12:30:58.215+0000] {logging_mixin.py:151} INFO - [2026-05-03T12:30:58.215+0000] {dag.py:2915} INFO - Sync 1 DAGs
[2026-05-03T12:30:58.231+0000] {logging_mixin.py:151} INFO - [2026-05-03T12:30:58.231+0000] {dag.py:3696} INFO - Setting next_dagrun for setup_retail_pipeline to 2026-05-03T12:00:00+00:00, run_after=2026-05-03T13:00:00+00:00
[2026-05-03T12:30:58.243+0000] {processor.py:179} INFO - Processing /opt/airflow/dags/setup_retail_pipeline.py took 0.109 seconds
[2026-05-03T12:31:28.475+0000] {processor.py:157} INFO - Started process (PID=3990) to work on /opt/airflow/dags/setup_retail_pipeline.py
[2026-05-03T12:31:28.478+0000] {processor.py:829} INFO - Processing file /opt/airflow/dags/setup_retail_pipeline.py for tasks to queue
[2026-05-03T12:31:28.481+0000] {logging_mixin.py:151} INFO - [2026-05-03T12:31:28.480+0000] {dagbag.py:539} INFO - Filling up the DagBag from /opt/airflow/dags/setup_retail_pipeline.py
[2026-05-03T12:31:28.499+0000] {processor.py:839} INFO - DAG(s) dict_keys(['setup_retail_pipeline']) retrieved from /opt/airflow/dags/setup_retail_pipeline.py
[2026-05-03T12:31:28.523+0000] {logging_mixin.py:151} INFO - [2026-05-03T12:31:28.522+0000] {dag.py:2915} INFO - Sync 1 DAGs
[2026-05-03T12:31:28.535+0000] {logging_mixin.py:151} INFO - [2026-05-03T12:31:28.535+0000] {dag.py:3696} INFO - Setting next_dagrun for setup_retail_pipeline to 2026-05-03T12:00:00+00:00, run_after=2026-05-03T13:00:00+00:00
[2026-05-03T12:31:28.544+0000] {processor.py:179} INFO - Processing /opt/airflow/dags/setup_retail_pipeline.py took 0.076 seconds
[2026-05-03T12:31:58.793+0000] {processor.py:157} INFO - Started process (PID=4000) to work on /opt/airflow/dags/setup_retail_pipeline.py
[2026-05-03T12:31:58.795+0000] {processor.py:829} INFO - Processing file /opt/airflow/dags/setup_retail_pipeline.py for tasks to queue
[2026-05-03T12:31:58.796+0000] {logging_mixin.py:151} INFO - [2026-05-03T12:31:58.796+0000] {dagbag.py:539} INFO - Filling up the DagBag from /opt/airflow/dags/setup_retail_pipeline.py
[2026-05-03T12:31:58.821+0000] {processor.py:839} INFO - DAG(s) dict_keys(['setup_retail_pipeline']) retrieved from /opt/airflow/dags/setup_retail_pipeline.py
[2026-05-03T12:31:58.865+0000] {logging_mixin.py:151} INFO - [2026-05-03T12:31:58.865+0000] {dag.py:2915} INFO - Sync 1 DAGs
[2026-05-03T12:31:58.882+0000] {logging_mixin.py:151} INFO - [2026-05-03T12:31:58.882+0000] {dag.py:3696} INFO - Setting next_dagrun for setup_retail_pipeline to 2026-05-03T12:00:00+00:00, run_after=2026-05-03T13:00:00+00:00
[2026-05-03T12:31:58.892+0000] {processor.py:179} INFO - Processing /opt/airflow/dags/setup_retail_pipeline.py took 0.112 seconds
[2026-05-03T12:32:29.145+0000] {processor.py:157} INFO - Started process (PID=4010) to work on /opt/airflow/dags/setup_retail_pipeline.py
[2026-05-03T12:32:29.147+0000] {processor.py:829} INFO - Processing file /opt/airflow/dags/setup_retail_pipeline.py for tasks to queue
[2026-05-03T12:32:29.148+0000] {logging_mixin.py:151} INFO - [2026-05-03T12:32:29.148+0000] {dagbag.py:539} INFO - Filling up the DagBag from /opt/airflow/dags/setup_retail_pipeline.py
[2026-05-03T12:32:29.169+0000] {processor.py:839} INFO - DAG(s) dict_keys(['setup_retail_pipeline']) retrieved from /opt/airflow/dags/setup_retail_pipeline.py
[2026-05-03T12:32:29.193+0000] {logging_mixin.py:151} INFO - [2026-05-03T12:32:29.193+0000] {dag.py:2915} INFO - Sync 1 DAGs
[2026-05-03T12:32:29.207+0000] {logging_mixin.py:151} INFO - [2026-05-03T12:32:29.207+0000] {dag.py:3696} INFO - Setting next_dagrun for setup_retail_pipeline to 2026-05-03T12:00:00+00:00, run_after=2026-05-03T13:00:00+00:00
[2026-05-03T12:32:29.217+0000] {processor.py:179} INFO - Processing /opt/airflow/dags/setup_retail_pipeline.py took 0.079 seconds
[2026-05-03T12:32:59.358+0000] {processor.py:157} INFO - Started process (PID=4020) to work on /opt/airflow/dags/setup_retail_pipeline.py
[2026-05-03T12:32:59.359+0000] {processor.py:829} INFO - Processing file /opt/airflow/dags/setup_retail_pipeline.py for tasks to queue
[2026-05-03T12:32:59.360+0000] {logging_mixin.py:151} INFO - [2026-05-03T12:32:59.360+0000] {dagbag.py:539} INFO - Filling up the DagBag from /opt/airflow/dags/setup_retail_pipeline.py
[2026-05-03T12:32:59.378+0000] {processor.py:839} INFO - DAG(s) dict_keys(['setup_retail_pipeline']) retrieved from /opt/airflow/dags/setup_retail_pipeline.py
[2026-05-03T12:32:59.401+0000] {logging_mixin.py:151} INFO - [2026-05-03T12:32:59.401+0000] {dag.py:2915} INFO - Sync 1 DAGs
[2026-05-03T12:32:59.413+0000] {logging_mixin.py:151} INFO - [2026-05-03T12:32:59.413+0000] {dag.py:3696} INFO - Setting next_dagrun for setup_retail_pipeline to 2026-05-03T12:00:00+00:00, run_after=2026-05-03T13:00:00+00:00
[2026-05-03T12:32:59.425+0000] {processor.py:179} INFO - Processing /opt/airflow/dags/setup_retail_pipeline.py took 0.073 seconds
[2026-05-03T12:33:29.665+0000] {processor.py:157} INFO - Started process (PID=4030) to work on /opt/airflow/dags/setup_retail_pipeline.py
[2026-05-03T12:33:29.666+0000] {processor.py:829} INFO - Processing file /opt/airflow/dags/setup_retail_pipeline.py for tasks to queue
[2026-05-03T12:33:29.668+0000] {logging_mixin.py:151} INFO - [2026-05-03T12:33:29.667+0000] {dagbag.py:539} INFO - Filling up the DagBag from /opt/airflow/dags/setup_retail_pipeline.py
[2026-05-03T12:33:29.684+0000] {processor.py:839} INFO - DAG(s) dict_keys(['setup_retail_pipeline']) retrieved from /opt/airflow/dags/setup_retail_pipeline.py
[2026-05-03T12:33:29.712+0000] {logging_mixin.py:151} INFO - [2026-05-03T12:33:29.712+0000] {dag.py:2915} INFO - Sync 1 DAGs
[2026-05-03T12:33:29.726+0000] {logging_mixin.py:151} INFO - [2026-05-03T12:33:29.726+0000] {dag.py:3696} INFO - Setting next_dagrun for setup_retail_pipeline to 2026-05-03T12:00:00+00:00, run_after=2026-05-03T13:00:00+00:00
[2026-05-03T12:33:29.736+0000] {processor.py:179} INFO - Processing /opt/airflow/dags/setup_retail_pipeline.py took 0.078 seconds
[2026-05-03T12:33:59.984+0000] {processor.py:157} INFO - Started process (PID=4040) to work on /opt/airflow/dags/setup_retail_pipeline.py
[2026-05-03T12:33:59.985+0000] {processor.py:829} INFO - Processing file /opt/airflow/dags/setup_retail_pipeline.py for tasks to queue
[2026-05-03T12:33:59.988+0000] {logging_mixin.py:151} INFO - [2026-05-03T12:33:59.987+0000] {dagbag.py:539} INFO - Filling up the DagBag from /opt/airflow/dags/setup_retail_pipeline.py
[2026-05-03T12:34:00.006+0000] {processor.py:839} INFO - DAG(s) dict_keys(['setup_retail_pipeline']) retrieved from /opt/airflow/dags/setup_retail_pipeline.py
[2026-05-03T12:34:00.030+0000] {logging_mixin.py:151} INFO - [2026-05-03T12:34:00.029+0000] {dag.py:2915} INFO - Sync 1 DAGs
[2026-05-03T12:34:00.044+0000] {logging_mixin.py:151} INFO - [2026-05-03T12:34:00.044+0000] {dag.py:3696} INFO - Setting next_dagrun for setup_retail_pipeline to 2026-05-03T12:00:00+00:00, run_after=2026-05-03T13:00:00+00:00
[2026-05-03T12:34:00.055+0000] {processor.py:179} INFO - Processing /opt/airflow/dags/setup_retail_pipeline.py took 0.076 seconds
[2026-05-03T12:34:30.293+0000] {processor.py:157} INFO - Started process (PID=4050) to work on /opt/airflow/dags/setup_retail_pipeline.py
[2026-05-03T12:34:30.296+0000] {processor.py:829} INFO - Processing file /opt/airflow/dags/setup_retail_pipeline.py for tasks to queue
[2026-05-03T12:34:30.296+0000] {logging_mixin.py:151} INFO - [2026-05-03T12:34:30.296+0000] {dagbag.py:539} INFO - Filling up the DagBag from /opt/airflow/dags/setup_retail_pipeline.py
[2026-05-03T12:34:30.312+0000] {processor.py:839} INFO - DAG(s) dict_keys(['setup_retail_pipeline']) retrieved from /opt/airflow/dags/setup_retail_pipeline.py
[2026-05-03T12:34:30.332+0000] {logging_mixin.py:151} INFO - [2026-05-03T12:34:30.332+0000] {dag.py:2915} INFO - Sync 1 DAGs
[2026-05-03T12:34:30.347+0000] {logging_mixin.py:151} INFO - [2026-05-03T12:34:30.346+0000] {dag.py:3696} INFO - Setting next_dagrun for setup_retail_pipeline to 2026-05-03T12:00:00+00:00, run_after=2026-05-03T13:00:00+00:00
[2026-05-03T12:34:30.357+0000] {processor.py:179} INFO - Processing /opt/airflow/dags/setup_retail_pipeline.py took 0.070 seconds
[2026-05-03T12:35:00.593+0000] {processor.py:157} INFO - Started process (PID=4060) to work on /opt/airflow/dags/setup_retail_pipeline.py
[2026-05-03T12:35:00.594+0000] {processor.py:829} INFO - Processing file /opt/airflow/dags/setup_retail_pipeline.py for tasks to queue
[2026-05-03T12:35:00.595+0000] {logging_mixin.py:151} INFO - [2026-05-03T12:35:00.595+0000] {dagbag.py:539} INFO - Filling up the DagBag from /opt/airflow/dags/setup_retail_pipeline.py
[2026-05-03T12:35:00.608+0000] {processor.py:839} INFO - DAG(s) dict_keys(['setup_retail_pipeline']) retrieved from /opt/airflow/dags/setup_retail_pipeline.py
[2026-05-03T12:35:00.630+0000] {logging_mixin.py:151} INFO - [2026-05-03T12:35:00.630+0000] {dag.py:2915} INFO - Sync 1 DAGs
[2026-05-03T12:35:00.644+0000] {logging_mixin.py:151} INFO - [2026-05-03T12:35:00.643+0000] {dag.py:3696} INFO - Setting next_dagrun for setup_retail_pipeline to 2026-05-03T12:00:00+00:00, run_after=2026-05-03T13:00:00+00:00
[2026-05-03T12:35:00.653+0000] {processor.py:179} INFO - Processing /opt/airflow/dags/setup_retail_pipeline.py took 0.064 seconds
[2026-05-03T12:35:30.900+0000] {processor.py:157} INFO - Started process (PID=4070) to work on /opt/airflow/dags/setup_retail_pipeline.py
[2026-05-03T12:35:30.902+0000] {processor.py:829} INFO - Processing file /opt/airflow/dags/setup_retail_pipeline.py for tasks to queue
[2026-05-03T12:35:30.904+0000] {logging_mixin.py:151} INFO - [2026-05-03T12:35:30.903+0000] {dagbag.py:539} INFO - Filling up the DagBag from /opt/airflow/dags/setup_retail_pipeline.py
[2026-05-03T12:35:30.922+0000] {processor.py:839} INFO - DAG(s) dict_keys(['setup_retail_pipeline']) retrieved from /opt/airflow/dags/setup_retail_pipeline.py
[2026-05-03T12:35:30.944+0000] {logging_mixin.py:151} INFO - [2026-05-03T12:35:30.944+0000] {dag.py:2915} INFO - Sync 1 DAGs
[2026-05-03T12:35:30.958+0000] {logging_mixin.py:151} INFO - [2026-05-03T12:35:30.958+0000] {dag.py:3696} INFO - Setting next_dagrun for setup_retail_pipeline to 2026-05-03T12:00:00+00:00, run_after=2026-05-03T13:00:00+00:00
[2026-05-03T12:35:30.967+0000] {processor.py:179} INFO - Processing /opt/airflow/dags/setup_retail_pipeline.py took 0.071 seconds
[2026-05-03T12:36:01.142+0000] {processor.py:157} INFO - Started process (PID=4080) to work on /opt/airflow/dags/setup_retail_pipeline.py
[2026-05-03T12:36:01.144+0000] {processor.py:829} INFO - Processing file /opt/airflow/dags/setup_retail_pipeline.py for tasks to queue
[2026-05-03T12:36:01.145+0000] {logging_mixin.py:151} INFO - [2026-05-03T12:36:01.145+0000] {dagbag.py:539} INFO - Filling up the DagBag from /opt/airflow/dags/setup_retail_pipeline.py
[2026-05-03T12:36:01.164+0000] {processor.py:839} INFO - DAG(s) dict_keys(['setup_retail_pipeline']) retrieved from /opt/airflow/dags/setup_retail_pipeline.py
[2026-05-03T12:36:01.189+0000] {logging_mixin.py:151} INFO - [2026-05-03T12:36:01.189+0000] {dag.py:2915} INFO - Sync 1 DAGs
[2026-05-03T12:36:01.202+0000] {logging_mixin.py:151} INFO - [2026-05-03T12:36:01.202+0000] {dag.py:3696} INFO - Setting next_dagrun for setup_retail_pipeline to 2026-05-03T12:00:00+00:00, run_after=2026-05-03T13:00:00+00:00
[2026-05-03T12:36:01.213+0000] {processor.py:179} INFO - Processing /opt/airflow/dags/setup_retail_pipeline.py took 0.075 seconds
[2026-05-03T12:36:31.461+0000] {processor.py:157} INFO - Started process (PID=4090) to work on /opt/airflow/dags/setup_retail_pipeline.py
[2026-05-03T12:36:31.462+0000] {processor.py:829} INFO - Processing file /opt/airflow/dags/setup_retail_pipeline.py for tasks to queue
[2026-05-03T12:36:31.463+0000] {logging_mixin.py:151} INFO - [2026-05-03T12:36:31.463+0000] {dagbag.py:539} INFO - Filling up the DagBag from /opt/airflow/dags/setup_retail_pipeline.py
[2026-05-03T12:36:31.480+0000] {processor.py:839} INFO - DAG(s) dict_keys(['setup_retail_pipeline']) retrieved from /opt/airflow/dags/setup_retail_pipeline.py
[2026-05-03T12:36:31.503+0000] {logging_mixin.py:151} INFO - [2026-05-03T12:36:31.503+0000] {dag.py:2915} INFO - Sync 1 DAGs
[2026-05-03T12:36:31.516+0000] {logging_mixin.py:151} INFO - [2026-05-03T12:36:31.516+0000] {dag.py:3696} INFO - Setting next_dagrun for setup_retail_pipeline to 2026-05-03T12:00:00+00:00, run_after=2026-05-03T13:00:00+00:00
[2026-05-03T12:36:31.526+0000] {processor.py:179} INFO - Processing /opt/airflow/dags/setup_retail_pipeline.py took 0.070 seconds
[2026-05-03T12:37:01.763+0000] {processor.py:157} INFO - Started process (PID=4100) to work on /opt/airflow/dags/setup_retail_pipeline.py
[2026-05-03T12:37:01.765+0000] {processor.py:829} INFO - Processing file /opt/airflow/dags/setup_retail_pipeline.py for tasks to queue
[2026-05-03T12:37:01.766+0000] {logging_mixin.py:151} INFO - [2026-05-03T12:37:01.765+0000] {dagbag.py:539} INFO - Filling up the DagBag from /opt/airflow/dags/setup_retail_pipeline.py
[2026-05-03T12:37:01.784+0000] {processor.py:839} INFO - DAG(s) dict_keys(['setup_retail_pipeline']) retrieved from /opt/airflow/dags/setup_retail_pipeline.py
[2026-05-03T12:37:01.809+0000] {logging_mixin.py:151} INFO - [2026-05-03T12:37:01.809+0000] {dag.py:2915} INFO - Sync 1 DAGs
[2026-05-03T12:37:01.823+0000] {logging_mixin.py:151} INFO - [2026-05-03T12:37:01.823+0000] {dag.py:3696} INFO - Setting next_dagrun for setup_retail_pipeline to 2026-05-03T12:00:00+00:00, run_after=2026-05-03T13:00:00+00:00
[2026-05-03T12:37:01.835+0000] {processor.py:179} INFO - Processing /opt/airflow/dags/setup_retail_pipeline.py took 0.079 seconds
[2026-05-03T12:37:31.998+0000] {processor.py:157} INFO - Started process (PID=4110) to work on /opt/airflow/dags/setup_retail_pipeline.py
[2026-05-03T12:37:31.999+0000] {processor.py:829} INFO - Processing file /opt/airflow/dags/setup_retail_pipeline.py for tasks to queue
[2026-05-03T12:37:32.001+0000] {logging_mixin.py:151} INFO - [2026-05-03T12:37:32.001+0000] {dagbag.py:539} INFO - Filling up the DagBag from /opt/airflow/dags/setup_retail_pipeline.py
[2026-05-03T12:37:32.022+0000] {processor.py:839} INFO - DAG(s) dict_keys(['setup_retail_pipeline']) retrieved from /opt/airflow/dags/setup_retail_pipeline.py
[2026-05-03T12:37:32.042+0000] {logging_mixin.py:151} INFO - [2026-05-03T12:37:32.042+0000] {dag.py:2915} INFO - Sync 1 DAGs
[2026-05-03T12:37:32.056+0000] {logging_mixin.py:151} INFO - [2026-05-03T12:37:32.056+0000] {dag.py:3696} INFO - Setting next_dagrun for setup_retail_pipeline to 2026-05-03T12:00:00+00:00, run_after=2026-05-03T13:00:00+00:00
[2026-05-03T12:37:32.065+0000] {processor.py:179} INFO - Processing /opt/airflow/dags/setup_retail_pipeline.py took 0.072 seconds
[2026-05-03T12:38:02.331+0000] {processor.py:157} INFO - Started process (PID=4120) to work on /opt/airflow/dags/setup_retail_pipeline.py
[2026-05-03T12:38:02.333+0000] {processor.py:829} INFO - Processing file /opt/airflow/dags/setup_retail_pipeline.py for tasks to queue
[2026-05-03T12:38:02.333+0000] {logging_mixin.py:151} INFO - [2026-05-03T12:38:02.333+0000] {dagbag.py:539} INFO - Filling up the DagBag from /opt/airflow/dags/setup_retail_pipeline.py
[2026-05-03T12:38:02.349+0000] {processor.py:839} INFO - DAG(s) dict_keys(['setup_retail_pipeline']) retrieved from /opt/airflow/dags/setup_retail_pipeline.py
[2026-05-03T12:38:02.369+0000] {logging_mixin.py:151} INFO - [2026-05-03T12:38:02.369+0000] {dag.py:2915} INFO - Sync 1 DAGs
[2026-05-03T12:38:02.379+0000] {logging_mixin.py:151} INFO - [2026-05-03T12:38:02.379+0000] {dag.py:3696} INFO - Setting next_dagrun for setup_retail_pipeline to 2026-05-03T12:00:00+00:00, run_after=2026-05-03T13:00:00+00:00
[2026-05-03T12:38:02.389+0000] {processor.py:179} INFO - Processing /opt/airflow/dags/setup_retail_pipeline.py took 0.062 seconds
[2026-05-03T12:38:32.633+0000] {processor.py:157} INFO - Started process (PID=4130) to work on /opt/airflow/dags/setup_retail_pipeline.py
[2026-05-03T12:38:32.634+0000] {processor.py:829} INFO - Processing file /opt/airflow/dags/setup_retail_pipeline.py for tasks to queue
[2026-05-03T12:38:32.635+0000] {logging_mixin.py:151} INFO - [2026-05-03T12:38:32.635+0000] {dagbag.py:539} INFO - Filling up the DagBag from /opt/airflow/dags/setup_retail_pipeline.py
[2026-05-03T12:38:32.649+0000] {processor.py:839} INFO - DAG(s) dict_keys(['setup_retail_pipeline']) retrieved from /opt/airflow/dags/setup_retail_pipeline.py
[2026-05-03T12:38:32.670+0000] {logging_mixin.py:151} INFO - [2026-05-03T12:38:32.670+0000] {dag.py:2915} INFO - Sync 1 DAGs
[2026-05-03T12:38:32.684+0000] {logging_mixin.py:151} INFO - [2026-05-03T12:38:32.684+0000] {dag.py:3696} INFO - Setting next_dagrun for setup_retail_pipeline to 2026-05-03T12:00:00+00:00, run_after=2026-05-03T13:00:00+00:00
[2026-05-03T12:38:32.693+0000] {processor.py:179} INFO - Processing /opt/airflow/dags/setup_retail_pipeline.py took 0.063 seconds
[2026-05-03T12:39:02.944+0000] {processor.py:157} INFO - Started process (PID=4140) to work on /opt/airflow/dags/setup_retail_pipeline.py
[2026-05-03T12:39:02.945+0000] {processor.py:829} INFO - Processing file /opt/airflow/dags/setup_retail_pipeline.py for tasks to queue
[2026-05-03T12:39:02.946+0000] {logging_mixin.py:151} INFO - [2026-05-03T12:39:02.946+0000] {dagbag.py:539} INFO - Filling up the DagBag from /opt/airflow/dags/setup_retail_pipeline.py
[2026-05-03T12:39:02.964+0000] {processor.py:839} INFO - DAG(s) dict_keys(['setup_retail_pipeline']) retrieved from /opt/airflow/dags/setup_retail_pipeline.py
[2026-05-03T12:39:02.991+0000] {logging_mixin.py:151} INFO - [2026-05-03T12:39:02.990+0000] {dag.py:2915} INFO - Sync 1 DAGs
[2026-05-03T12:39:03.001+0000] {logging_mixin.py:151} INFO - [2026-05-03T12:39:03.001+0000] {dag.py:3696} INFO - Setting next_dagrun for setup_retail_pipeline to 2026-05-03T12:00:00+00:00, run_after=2026-05-03T13:00:00+00:00
[2026-05-03T12:39:03.010+0000] {processor.py:179} INFO - Processing /opt/airflow/dags/setup_retail_pipeline.py took 0.072 seconds
[2026-05-03T12:39:33.168+0000] {processor.py:157} INFO - Started process (PID=4150) to work on /opt/airflow/dags/setup_retail_pipeline.py
[2026-05-03T12:39:33.169+0000] {processor.py:829} INFO - Processing file /opt/airflow/dags/setup_retail_pipeline.py for tasks to queue
[2026-05-03T12:39:33.170+0000] {logging_mixin.py:151} INFO - [2026-05-03T12:39:33.170+0000] {dagbag.py:539} INFO - Filling up the DagBag from /opt/airflow/dags/setup_retail_pipeline.py
[2026-05-03T12:39:33.188+0000] {processor.py:839} INFO - DAG(s) dict_keys(['setup_retail_pipeline']) retrieved from /opt/airflow/dags/setup_retail_pipeline.py
[2026-05-03T12:39:33.211+0000] {logging_mixin.py:151} INFO - [2026-05-03T12:39:33.211+0000] {dag.py:2915} INFO - Sync 1 DAGs
[2026-05-03T12:39:33.223+0000] {logging_mixin.py:151} INFO - [2026-05-03T12:39:33.223+0000] {dag.py:3696} INFO - Setting next_dagrun for setup_retail_pipeline to 2026-05-03T12:00:00+00:00, run_after=2026-05-03T13:00:00+00:00
[2026-05-03T12:39:33.234+0000] {processor.py:179} INFO - Processing /opt/airflow/dags/setup_retail_pipeline.py took 0.071 seconds
[2026-05-03T12:40:03.503+0000] {processor.py:157} INFO - Started process (PID=4160) to work on /opt/airflow/dags/setup_retail_pipeline.py
[2026-05-03T12:40:03.504+0000] {processor.py:829} INFO - Processing file /opt/airflow/dags/setup_retail_pipeline.py for tasks to queue
[2026-05-03T12:40:03.506+0000] {logging_mixin.py:151} INFO - [2026-05-03T12:40:03.506+0000] {dagbag.py:539} INFO - Filling up the DagBag from /opt/airflow/dags/setup_retail_pipeline.py
[2026-05-03T12:40:03.522+0000] {processor.py:839} INFO - DAG(s) dict_keys(['setup_retail_pipeline']) retrieved from /opt/airflow/dags/setup_retail_pipeline.py
[2026-05-03T12:40:03.546+0000] {logging_mixin.py:151} INFO - [2026-05-03T12:40:03.546+0000] {dag.py:2915} INFO - Sync 1 DAGs
[2026-05-03T12:40:03.558+0000] {logging_mixin.py:151} INFO - [2026-05-03T12:40:03.558+0000] {dag.py:3696} INFO - Setting next_dagrun for setup_retail_pipeline to 2026-05-03T12:00:00+00:00, run_after=2026-05-03T13:00:00+00:00
[2026-05-03T12:40:03.568+0000] {processor.py:179} INFO - Processing /opt/airflow/dags/setup_retail_pipeline.py took 0.070 seconds
[2026-05-03T12:40:33.859+0000] {processor.py:157} INFO - Started process (PID=4170) to work on /opt/airflow/dags/setup_retail_pipeline.py
[2026-05-03T12:40:33.860+0000] {processor.py:829} INFO - Processing file /opt/airflow/dags/setup_retail_pipeline.py for tasks to queue
[2026-05-03T12:40:33.862+0000] {logging_mixin.py:151} INFO - [2026-05-03T12:40:33.861+0000] {dagbag.py:539} INFO - Filling up the DagBag from /opt/airflow/dags/setup_retail_pipeline.py
[2026-05-03T12:40:33.874+0000] {processor.py:839} INFO - DAG(s) dict_keys(['setup_retail_pipeline']) retrieved from /opt/airflow/dags/setup_retail_pipeline.py
[2026-05-03T12:40:33.893+0000] {logging_mixin.py:151} INFO - [2026-05-03T12:40:33.893+0000] {dag.py:2915} INFO - Sync 1 DAGs
[2026-05-03T12:40:33.904+0000] {logging_mixin.py:151} INFO - [2026-05-03T12:40:33.904+0000] {dag.py:3696} INFO - Setting next_dagrun for setup_retail_pipeline to 2026-05-03T12:00:00+00:00, run_after=2026-05-03T13:00:00+00:00
[2026-05-03T12:40:33.913+0000] {processor.py:179} INFO - Processing /opt/airflow/dags/setup_retail_pipeline.py took 0.060 seconds
[2026-05-03T12:41:04.213+0000] {processor.py:157} INFO - Started process (PID=4180) to work on /opt/airflow/dags/setup_retail_pipeline.py
[2026-05-03T12:41:04.214+0000] {processor.py:829} INFO - Processing file /opt/airflow/dags/setup_retail_pipeline.py for tasks to queue
[2026-05-03T12:41:04.215+0000] {logging_mixin.py:151} INFO - [2026-05-03T12:41:04.215+0000] {dagbag.py:539} INFO - Filling up the DagBag from /opt/airflow/dags/setup_retail_pipeline.py
[2026-05-03T12:41:04.232+0000] {processor.py:839} INFO - DAG(s) dict_keys(['setup_retail_pipeline']) retrieved from /opt/airflow/dags/setup_retail_pipeline.py
[2026-05-03T12:41:04.255+0000] {logging_mixin.py:151} INFO - [2026-05-03T12:41:04.255+0000] {dag.py:2915} INFO - Sync 1 DAGs
[2026-05-03T12:41:04.269+0000] {logging_mixin.py:151} INFO - [2026-05-03T12:41:04.269+0000] {dag.py:3696} INFO - Setting next_dagrun for setup_retail_pipeline to 2026-05-03T12:00:00+00:00, run_after=2026-05-03T13:00:00+00:00
[2026-05-03T12:41:04.280+0000] {processor.py:179} INFO - Processing /opt/airflow/dags/setup_retail_pipeline.py took 0.074 seconds
[2026-05-03T12:41:34.449+0000] {processor.py:157} INFO - Started process (PID=4190) to work on /opt/airflow/dags/setup_retail_pipeline.py
[2026-05-03T12:41:34.451+0000] {processor.py:829} INFO - Processing file /opt/airflow/dags/setup_retail_pipeline.py for tasks to queue
[2026-05-03T12:41:34.452+0000] {logging_mixin.py:151} INFO - [2026-05-03T12:41:34.451+0000] {dagbag.py:539} INFO - Filling up the DagBag from /opt/airflow/dags/setup_retail_pipeline.py
[2026-05-03T12:41:34.466+0000] {processor.py:839} INFO - DAG(s) dict_keys(['setup_retail_pipeline']) retrieved from /opt/airflow/dags/setup_retail_pipeline.py
[2026-05-03T12:41:34.489+0000] {logging_mixin.py:151} INFO - [2026-05-03T12:41:34.489+0000] {dag.py:2915} INFO - Sync 1 DAGs
[2026-05-03T12:41:34.506+0000] {logging_mixin.py:151} INFO - [2026-05-03T12:41:34.505+0000] {dag.py:3696} INFO - Setting next_dagrun for setup_retail_pipeline to 2026-05-03T12:00:00+00:00, run_after=2026-05-03T13:00:00+00:00
[2026-05-03T12:41:34.515+0000] {processor.py:179} INFO - Processing /opt/airflow/dags/setup_retail_pipeline.py took 0.073 seconds
[2026-05-03T12:42:04.799+0000] {processor.py:157} INFO - Started process (PID=4200) to work on /opt/airflow/dags/setup_retail_pipeline.py
[2026-05-03T12:42:04.801+0000] {processor.py:829} INFO - Processing file /opt/airflow/dags/setup_retail_pipeline.py for tasks to queue
[2026-05-03T12:42:04.802+0000] {logging_mixin.py:151} INFO - [2026-05-03T12:42:04.802+0000] {dagbag.py:539} INFO - Filling up the DagBag from /opt/airflow/dags/setup_retail_pipeline.py
[2026-05-03T12:42:04.817+0000] {processor.py:839} INFO - DAG(s) dict_keys(['setup_retail_pipeline']) retrieved from /opt/airflow/dags/setup_retail_pipeline.py
[2026-05-03T12:42:04.840+0000] {logging_mixin.py:151} INFO - [2026-05-03T12:42:04.840+0000] {dag.py:2915} INFO - Sync 1 DAGs
[2026-05-03T12:42:04.852+0000] {logging_mixin.py:151} INFO - [2026-05-03T12:42:04.852+0000] {dag.py:3696} INFO - Setting next_dagrun for setup_retail_pipeline to 2026-05-03T12:00:00+00:00, run_after=2026-05-03T13:00:00+00:00
[2026-05-03T12:42:04.862+0000] {processor.py:179} INFO - Processing /opt/airflow/dags/setup_retail_pipeline.py took 0.068 seconds
[2026-05-03T12:42:35.110+0000] {processor.py:157} INFO - Started process (PID=4210) to work on /opt/airflow/dags/setup_retail_pipeline.py
[2026-05-03T12:42:35.111+0000] {processor.py:829} INFO - Processing file /opt/airflow/dags/setup_retail_pipeline.py for tasks to queue
[2026-05-03T12:42:35.113+0000] {logging_mixin.py:151} INFO - [2026-05-03T12:42:35.112+0000] {dagbag.py:539} INFO - Filling up the DagBag from /opt/airflow/dags/setup_retail_pipeline.py
[2026-05-03T12:42:35.133+0000] {processor.py:839} INFO - DAG(s) dict_keys(['setup_retail_pipeline']) retrieved from /opt/airflow/dags/setup_retail_pipeline.py
[2026-05-03T12:42:35.161+0000] {logging_mixin.py:151} INFO - [2026-05-03T12:42:35.161+0000] {dag.py:2915} INFO - Sync 1 DAGs
[2026-05-03T12:42:35.177+0000] {logging_mixin.py:151} INFO - [2026-05-03T12:42:35.177+0000] {dag.py:3696} INFO - Setting next_dagrun for setup_retail_pipeline to 2026-05-03T12:00:00+00:00, run_after=2026-05-03T13:00:00+00:00
[2026-05-03T12:42:35.188+0000] {processor.py:179} INFO - Processing /opt/airflow/dags/setup_retail_pipeline.py took 0.086 seconds
[2026-05-03T12:43:05.435+0000] {processor.py:157} INFO - Started process (PID=4220) to work on /opt/airflow/dags/setup_retail_pipeline.py
[2026-05-03T12:43:05.437+0000] {processor.py:829} INFO - Processing file /opt/airflow/dags/setup_retail_pipeline.py for tasks to queue
[2026-05-03T12:43:05.438+0000] {logging_mixin.py:151} INFO - [2026-05-03T12:43:05.438+0000] {dagbag.py:539} INFO - Filling up the DagBag from /opt/airflow/dags/setup_retail_pipeline.py
[2026-05-03T12:43:05.456+0000] {processor.py:839} INFO - DAG(s) dict_keys(['setup_retail_pipeline']) retrieved from /opt/airflow/dags/setup_retail_pipeline.py
[2026-05-03T12:43:05.479+0000] {logging_mixin.py:151} INFO - [2026-05-03T12:43:05.479+0000] {dag.py:2915} INFO - Sync 1 DAGs
[2026-05-03T12:43:05.490+0000] {logging_mixin.py:151} INFO - [2026-05-03T12:43:05.490+0000] {dag.py:3696} INFO - Setting next_dagrun for setup_retail_pipeline to 2026-05-03T12:00:00+00:00, run_after=2026-05-03T13:00:00+00:00
[2026-05-03T12:43:05.498+0000] {processor.py:179} INFO - Processing /opt/airflow/dags/setup_retail_pipeline.py took 0.070 seconds
[2026-05-03T12:43:35.764+0000] {processor.py:157} INFO - Started process (PID=4230) to work on /opt/airflow/dags/setup_retail_pipeline.py
[2026-05-03T12:43:35.766+0000] {processor.py:829} INFO - Processing file /opt/airflow/dags/setup_retail_pipeline.py for tasks to queue
[2026-05-03T12:43:35.767+0000] {logging_mixin.py:151} INFO - [2026-05-03T12:43:35.767+0000] {dagbag.py:539} INFO - Filling up the DagBag from /opt/airflow/dags/setup_retail_pipeline.py
[2026-05-03T12:43:35.786+0000] {processor.py:839} INFO - DAG(s) dict_keys(['setup_retail_pipeline']) retrieved from /opt/airflow/dags/setup_retail_pipeline.py
[2026-05-03T12:43:35.808+0000] {logging_mixin.py:151} INFO - [2026-05-03T12:43:35.808+0000] {dag.py:2915} INFO - Sync 1 DAGs
[2026-05-03T12:43:35.820+0000] {logging_mixin.py:151} INFO - [2026-05-03T12:43:35.820+0000] {dag.py:3696} INFO - Setting next_dagrun for setup_retail_pipeline to 2026-05-03T12:00:00+00:00, run_after=2026-05-03T13:00:00+00:00
[2026-05-03T12:43:35.830+0000] {processor.py:179} INFO - Processing /opt/airflow/dags/setup_retail_pipeline.py took 0.072 seconds
[2026-05-03T12:44:06.119+0000] {processor.py:157} INFO - Started process (PID=4240) to work on /opt/airflow/dags/setup_retail_pipeline.py
[2026-05-03T12:44:06.121+0000] {processor.py:829} INFO - Processing file /opt/airflow/dags/setup_retail_pipeline.py for tasks to queue
[2026-05-03T12:44:06.122+0000] {logging_mixin.py:151} INFO - [2026-05-03T12:44:06.122+0000] {dagbag.py:539} INFO - Filling up the DagBag from /opt/airflow/dags/setup_retail_pipeline.py
[2026-05-03T12:44:06.137+0000] {processor.py:839} INFO - DAG(s) dict_keys(['setup_retail_pipeline']) retrieved from /opt/airflow/dags/setup_retail_pipeline.py
[2026-05-03T12:44:06.158+0000] {logging_mixin.py:151} INFO - [2026-05-03T12:44:06.158+0000] {dag.py:2915} INFO - Sync 1 DAGs
[2026-05-03T12:44:06.169+0000] {logging_mixin.py:151} INFO - [2026-05-03T12:44:06.169+0000] {dag.py:3696} INFO - Setting next_dagrun for setup_retail_pipeline to 2026-05-03T12:00:00+00:00, run_after=2026-05-03T13:00:00+00:00
[2026-05-03T12:44:06.179+0000] {processor.py:179} INFO - Processing /opt/airflow/dags/setup_retail_pipeline.py took 0.066 seconds
[2026-05-03T12:44:36.415+0000] {processor.py:157} INFO - Started process (PID=4250) to work on /opt/airflow/dags/setup_retail_pipeline.py
[2026-05-03T12:44:36.416+0000] {processor.py:829} INFO - Processing file /opt/airflow/dags/setup_retail_pipeline.py for tasks to queue
[2026-05-03T12:44:36.418+0000] {logging_mixin.py:151} INFO - [2026-05-03T12:44:36.417+0000] {dagbag.py:539} INFO - Filling up the DagBag from /opt/airflow/dags/setup_retail_pipeline.py
[2026-05-03T12:44:36.434+0000] {processor.py:839} INFO - DAG(s) dict_keys(['setup_retail_pipeline']) retrieved from /opt/airflow/dags/setup_retail_pipeline.py
[2026-05-03T12:44:36.458+0000] {logging_mixin.py:151} INFO - [2026-05-03T12:44:36.458+0000] {dag.py:2915} INFO - Sync 1 DAGs
[2026-05-03T12:44:36.469+0000] {logging_mixin.py:151} INFO - [2026-05-03T12:44:36.469+0000] {dag.py:3696} INFO - Setting next_dagrun for setup_retail_pipeline to 2026-05-03T12:00:00+00:00, run_after=2026-05-03T13:00:00+00:00
[2026-05-03T12:44:36.479+0000] {processor.py:179} INFO - Processing /opt/airflow/dags/setup_retail_pipeline.py took 0.068 seconds
[2026-05-03T12:45:06.730+0000] {processor.py:157} INFO - Started process (PID=4260) to work on /opt/airflow/dags/setup_retail_pipeline.py
[2026-05-03T12:45:06.732+0000] {processor.py:829} INFO - Processing file /opt/airflow/dags/setup_retail_pipeline.py for tasks to queue
[2026-05-03T12:45:06.733+0000] {logging_mixin.py:151} INFO - [2026-05-03T12:45:06.733+0000] {dagbag.py:539} INFO - Filling up the DagBag from /opt/airflow/dags/setup_retail_pipeline.py
[2026-05-03T12:45:06.752+0000] {processor.py:839} INFO - DAG(s) dict_keys(['setup_retail_pipeline']) retrieved from /opt/airflow/dags/setup_retail_pipeline.py
[2026-05-03T12:45:06.775+0000] {logging_mixin.py:151} INFO - [2026-05-03T12:45:06.775+0000] {dag.py:2915} INFO - Sync 1 DAGs
[2026-05-03T12:45:06.789+0000] {logging_mixin.py:151} INFO - [2026-05-03T12:45:06.788+0000] {dag.py:3696} INFO - Setting next_dagrun for setup_retail_pipeline to 2026-05-03T12:00:00+00:00, run_after=2026-05-03T13:00:00+00:00
[2026-05-03T12:45:06.799+0000] {processor.py:179} INFO - Processing /opt/airflow/dags/setup_retail_pipeline.py took 0.074 seconds
[2026-05-03T12:45:37.041+0000] {processor.py:157} INFO - Started process (PID=4270) to work on /opt/airflow/dags/setup_retail_pipeline.py
[2026-05-03T12:45:37.042+0000] {processor.py:829} INFO - Processing file /opt/airflow/dags/setup_retail_pipeline.py for tasks to queue
[2026-05-03T12:45:37.043+0000] {logging_mixin.py:151} INFO - [2026-05-03T12:45:37.042+0000] {dagbag.py:539} INFO - Filling up the DagBag from /opt/airflow/dags/setup_retail_pipeline.py
[2026-05-03T12:45:37.057+0000] {processor.py:839} INFO - DAG(s) dict_keys(['setup_retail_pipeline']) retrieved from /opt/airflow/dags/setup_retail_pipeline.py
[2026-05-03T12:45:37.075+0000] {logging_mixin.py:151} INFO - [2026-05-03T12:45:37.075+0000] {dag.py:2915} INFO - Sync 1 DAGs
[2026-05-03T12:45:37.093+0000] {logging_mixin.py:151} INFO - [2026-05-03T12:45:37.093+0000] {dag.py:3696} INFO - Setting next_dagrun for setup_retail_pipeline to 2026-05-03T12:00:00+00:00, run_after=2026-05-03T13:00:00+00:00
[2026-05-03T12:45:37.102+0000] {processor.py:179} INFO - Processing /opt/airflow/dags/setup_retail_pipeline.py took 0.069 seconds
[2026-05-03T12:46:07.355+0000] {processor.py:157} INFO - Started process (PID=4280) to work on /opt/airflow/dags/setup_retail_pipeline.py
[2026-05-03T12:46:07.356+0000] {processor.py:829} INFO - Processing file /opt/airflow/dags/setup_retail_pipeline.py for tasks to queue
[2026-05-03T12:46:07.357+0000] {logging_mixin.py:151} INFO - [2026-05-03T12:46:07.357+0000] {dagbag.py:539} INFO - Filling up the DagBag from /opt/airflow/dags/setup_retail_pipeline.py
[2026-05-03T12:46:07.374+0000] {processor.py:839} INFO - DAG(s) dict_keys(['setup_retail_pipeline']) retrieved from /opt/airflow/dags/setup_retail_pipeline.py
[2026-05-03T12:46:07.396+0000] {logging_mixin.py:151} INFO - [2026-05-03T12:46:07.396+0000] {dag.py:2915} INFO - Sync 1 DAGs
[2026-05-03T12:46:07.412+0000] {logging_mixin.py:151} INFO - [2026-05-03T12:46:07.412+0000] {dag.py:3696} INFO - Setting next_dagrun for setup_retail_pipeline to 2026-05-03T12:00:00+00:00, run_after=2026-05-03T13:00:00+00:00
[2026-05-03T12:46:07.422+0000] {processor.py:179} INFO - Processing /opt/airflow/dags/setup_retail_pipeline.py took 0.072 seconds
[2026-05-03T12:46:37.729+0000] {processor.py:157} INFO - Started process (PID=4290) to work on /opt/airflow/dags/setup_retail_pipeline.py
[2026-05-03T12:46:37.732+0000] {processor.py:829} INFO - Processing file /opt/airflow/dags/setup_retail_pipeline.py for tasks to queue
[2026-05-03T12:46:37.734+0000] {logging_mixin.py:151} INFO - [2026-05-03T12:46:37.734+0000] {dagbag.py:539} INFO - Filling up the DagBag from /opt/airflow/dags/setup_retail_pipeline.py
[2026-05-03T12:46:37.760+0000] {processor.py:839} INFO - DAG(s) dict_keys(['setup_retail_pipeline']) retrieved from /opt/airflow/dags/setup_retail_pipeline.py
[2026-05-03T12:46:37.791+0000] {logging_mixin.py:151} INFO - [2026-05-03T12:46:37.791+0000] {dag.py:2915} INFO - Sync 1 DAGs
[2026-05-03T12:46:37.809+0000] {logging_mixin.py:151} INFO - [2026-05-03T12:46:37.809+0000] {dag.py:3696} INFO - Setting next_dagrun for setup_retail_pipeline to 2026-05-03T12:00:00+00:00, run_after=2026-05-03T13:00:00+00:00
[2026-05-03T12:46:37.821+0000] {processor.py:179} INFO - Processing /opt/airflow/dags/setup_retail_pipeline.py took 0.097 seconds
[2026-05-03T12:47:07.971+0000] {processor.py:157} INFO - Started process (PID=4300) to work on /opt/airflow/dags/setup_retail_pipeline.py
[2026-05-03T12:47:07.972+0000] {processor.py:829} INFO - Processing file /opt/airflow/dags/setup_retail_pipeline.py for tasks to queue
[2026-05-03T12:47:07.972+0000] {logging_mixin.py:151} INFO - [2026-05-03T12:47:07.972+0000] {dagbag.py:539} INFO - Filling up the DagBag from /opt/airflow/dags/setup_retail_pipeline.py
[2026-05-03T12:47:07.988+0000] {processor.py:839} INFO - DAG(s) dict_keys(['setup_retail_pipeline']) retrieved from /opt/airflow/dags/setup_retail_pipeline.py
[2026-05-03T12:47:08.013+0000] {logging_mixin.py:151} INFO - [2026-05-03T12:47:08.013+0000] {dag.py:2915} INFO - Sync 1 DAGs
[2026-05-03T12:47:08.035+0000] {logging_mixin.py:151} INFO - [2026-05-03T12:47:08.035+0000] {dag.py:3696} INFO - Setting next_dagrun for setup_retail_pipeline to 2026-05-03T12:00:00+00:00, run_after=2026-05-03T13:00:00+00:00
[2026-05-03T12:47:08.049+0000] {processor.py:179} INFO - Processing /opt/airflow/dags/setup_retail_pipeline.py took 0.084 seconds
[2026-05-03T12:47:38.329+0000] {processor.py:157} INFO - Started process (PID=4310) to work on /opt/airflow/dags/setup_retail_pipeline.py
[2026-05-03T12:47:38.331+0000] {processor.py:829} INFO - Processing file /opt/airflow/dags/setup_retail_pipeline.py for tasks to queue
[2026-05-03T12:47:38.333+0000] {logging_mixin.py:151} INFO - [2026-05-03T12:47:38.332+0000] {dagbag.py:539} INFO - Filling up the DagBag from /opt/airflow/dags/setup_retail_pipeline.py
[2026-05-03T12:47:38.351+0000] {processor.py:839} INFO - DAG(s) dict_keys(['setup_retail_pipeline']) retrieved from /opt/airflow/dags/setup_retail_pipeline.py
[2026-05-03T12:47:38.377+0000] {logging_mixin.py:151} INFO - [2026-05-03T12:47:38.377+0000] {dag.py:2915} INFO - Sync 1 DAGs
[2026-05-03T12:47:38.390+0000] {logging_mixin.py:151} INFO - [2026-05-03T12:47:38.390+0000] {dag.py:3696} INFO - Setting next_dagrun for setup_retail_pipeline to 2026-05-03T12:00:00+00:00, run_after=2026-05-03T13:00:00+00:00
[2026-05-03T12:47:38.405+0000] {processor.py:179} INFO - Processing /opt/airflow/dags/setup_retail_pipeline.py took 0.083 seconds
[2026-05-03T12:48:08.647+0000] {processor.py:157} INFO - Started process (PID=4320) to work on /opt/airflow/dags/setup_retail_pipeline.py
[2026-05-03T12:48:08.648+0000] {processor.py:829} INFO - Processing file /opt/airflow/dags/setup_retail_pipeline.py for tasks to queue
[2026-05-03T12:48:08.651+0000] {logging_mixin.py:151} INFO - [2026-05-03T12:48:08.650+0000] {dagbag.py:539} INFO - Filling up the DagBag from /opt/airflow/dags/setup_retail_pipeline.py
[2026-05-03T12:48:08.665+0000] {processor.py:839} INFO - DAG(s) dict_keys(['setup_retail_pipeline']) retrieved from /opt/airflow/dags/setup_retail_pipeline.py
[2026-05-03T12:48:08.689+0000] {logging_mixin.py:151} INFO - [2026-05-03T12:48:08.688+0000] {dag.py:2915} INFO - Sync 1 DAGs
[2026-05-03T12:48:08.708+0000] {logging_mixin.py:151} INFO - [2026-05-03T12:48:08.708+0000] {dag.py:3696} INFO - Setting next_dagrun for setup_retail_pipeline to 2026-05-03T12:00:00+00:00, run_after=2026-05-03T13:00:00+00:00
[2026-05-03T12:48:08.721+0000] {processor.py:179} INFO - Processing /opt/airflow/dags/setup_retail_pipeline.py took 0.078 seconds
[2026-05-03T12:48:38.909+0000] {processor.py:157} INFO - Started process (PID=4330) to work on /opt/airflow/dags/setup_retail_pipeline.py
[2026-05-03T12:48:38.910+0000] {processor.py:829} INFO - Processing file /opt/airflow/dags/setup_retail_pipeline.py for tasks to queue
[2026-05-03T12:48:38.911+0000] {logging_mixin.py:151} INFO - [2026-05-03T12:48:38.910+0000] {dagbag.py:539} INFO - Filling up the DagBag from /opt/airflow/dags/setup_retail_pipeline.py
[2026-05-03T12:48:38.927+0000] {processor.py:839} INFO - DAG(s) dict_keys(['setup_retail_pipeline']) retrieved from /opt/airflow/dags/setup_retail_pipeline.py
[2026-05-03T12:48:38.950+0000] {logging_mixin.py:151} INFO - [2026-05-03T12:48:38.950+0000] {dag.py:2915} INFO - Sync 1 DAGs
[2026-05-03T12:48:38.965+0000] {logging_mixin.py:151} INFO - [2026-05-03T12:48:38.965+0000] {dag.py:3696} INFO - Setting next_dagrun for setup_retail_pipeline to 2026-05-03T12:00:00+00:00, run_after=2026-05-03T13:00:00+00:00
[2026-05-03T12:48:38.974+0000] {processor.py:179} INFO - Processing /opt/airflow/dags/setup_retail_pipeline.py took 0.071 seconds
[2026-05-03T12:49:09.225+0000] {processor.py:157} INFO - Started process (PID=4340) to work on /opt/airflow/dags/setup_retail_pipeline.py
[2026-05-03T12:49:09.227+0000] {processor.py:829} INFO - Processing file /opt/airflow/dags/setup_retail_pipeline.py for tasks to queue
[2026-05-03T12:49:09.227+0000] {logging_mixin.py:151} INFO - [2026-05-03T12:49:09.227+0000] {dagbag.py:539} INFO - Filling up the DagBag from /opt/airflow/dags/setup_retail_pipeline.py
[2026-05-03T12:49:09.244+0000] {processor.py:839} INFO - DAG(s) dict_keys(['setup_retail_pipeline']) retrieved from /opt/airflow/dags/setup_retail_pipeline.py
[2026-05-03T12:49:09.268+0000] {logging_mixin.py:151} INFO - [2026-05-03T12:49:09.268+0000] {dag.py:2915} INFO - Sync 1 DAGs
[2026-05-03T12:49:09.277+0000] {logging_mixin.py:151} INFO - [2026-05-03T12:49:09.277+0000] {dag.py:3696} INFO - Setting next_dagrun for setup_retail_pipeline to 2026-05-03T12:00:00+00:00, run_after=2026-05-03T13:00:00+00:00
[2026-05-03T12:49:09.286+0000] {processor.py:179} INFO - Processing /opt/airflow/dags/setup_retail_pipeline.py took 0.064 seconds
[2026-05-03T12:49:39.566+0000] {processor.py:157} INFO - Started process (PID=4350) to work on /opt/airflow/dags/setup_retail_pipeline.py
[2026-05-03T12:49:39.567+0000] {processor.py:829} INFO - Processing file /opt/airflow/dags/setup_retail_pipeline.py for tasks to queue
[2026-05-03T12:49:39.570+0000] {logging_mixin.py:151} INFO - [2026-05-03T12:49:39.569+0000] {dagbag.py:539} INFO - Filling up the DagBag from /opt/airflow/dags/setup_retail_pipeline.py
[2026-05-03T12:49:39.588+0000] {processor.py:839} INFO - DAG(s) dict_keys(['setup_retail_pipeline']) retrieved from /opt/airflow/dags/setup_retail_pipeline.py
[2026-05-03T12:49:39.625+0000] {logging_mixin.py:151} INFO - [2026-05-03T12:49:39.625+0000] {dag.py:2915} INFO - Sync 1 DAGs
[2026-05-03T12:49:39.646+0000] {logging_mixin.py:151} INFO - [2026-05-03T12:49:39.646+0000] {dag.py:3696} INFO - Setting next_dagrun for setup_retail_pipeline to 2026-05-03T12:00:00+00:00, run_after=2026-05-03T13:00:00+00:00
[2026-05-03T12:49:39.659+0000] {processor.py:179} INFO - Processing /opt/airflow/dags/setup_retail_pipeline.py took 0.101 seconds
[2026-05-03T12:50:09.917+0000] {processor.py:157} INFO - Started process (PID=4360) to work on /opt/airflow/dags/setup_retail_pipeline.py
[2026-05-03T12:50:09.919+0000] {processor.py:829} INFO - Processing file /opt/airflow/dags/setup_retail_pipeline.py for tasks to queue
[2026-05-03T12:50:09.919+0000] {logging_mixin.py:151} INFO - [2026-05-03T12:50:09.919+0000] {dagbag.py:539} INFO - Filling up the DagBag from /opt/airflow/dags/setup_retail_pipeline.py
[2026-05-03T12:50:09.934+0000] {processor.py:839} INFO - DAG(s) dict_keys(['setup_retail_pipeline']) retrieved from /opt/airflow/dags/setup_retail_pipeline.py
[2026-05-03T12:50:09.956+0000] {logging_mixin.py:151} INFO - [2026-05-03T12:50:09.956+0000] {dag.py:2915} INFO - Sync 1 DAGs
[2026-05-03T12:50:09.968+0000] {logging_mixin.py:151} INFO - [2026-05-03T12:50:09.968+0000] {dag.py:3696} INFO - Setting next_dagrun for setup_retail_pipeline to 2026-05-03T12:00:00+00:00, run_after=2026-05-03T13:00:00+00:00
[2026-05-03T12:50:09.978+0000] {processor.py:179} INFO - Processing /opt/airflow/dags/setup_retail_pipeline.py took 0.065 seconds
[2026-05-03T12:50:40.208+0000] {processor.py:157} INFO - Started process (PID=4370) to work on /opt/airflow/dags/setup_retail_pipeline.py
[2026-05-03T12:50:40.209+0000] {processor.py:829} INFO - Processing file /opt/airflow/dags/setup_retail_pipeline.py for tasks to queue
[2026-05-03T12:50:40.211+0000] {logging_mixin.py:151} INFO - [2026-05-03T12:50:40.211+0000] {dagbag.py:539} INFO - Filling up the DagBag from /opt/airflow/dags/setup_retail_pipeline.py
[2026-05-03T12:50:40.231+0000] {processor.py:839} INFO - DAG(s) dict_keys(['setup_retail_pipeline']) retrieved from /opt/airflow/dags/setup_retail_pipeline.py
[2026-05-03T12:50:40.255+0000] {logging_mixin.py:151} INFO - [2026-05-03T12:50:40.254+0000] {dag.py:2915} INFO - Sync 1 DAGs
[2026-05-03T12:50:40.270+0000] {logging_mixin.py:151} INFO - [2026-05-03T12:50:40.270+0000] {dag.py:3696} INFO - Setting next_dagrun for setup_retail_pipeline to 2026-05-03T12:00:00+00:00, run_after=2026-05-03T13:00:00+00:00
[2026-05-03T12:50:40.280+0000] {processor.py:179} INFO - Processing /opt/airflow/dags/setup_retail_pipeline.py took 0.080 seconds
[2026-05-03T12:51:10.564+0000] {processor.py:157} INFO - Started process (PID=4380) to work on /opt/airflow/dags/setup_retail_pipeline.py
[2026-05-03T12:51:10.567+0000] {processor.py:829} INFO - Processing file /opt/airflow/dags/setup_retail_pipeline.py for tasks to queue
[2026-05-03T12:51:10.569+0000] {logging_mixin.py:151} INFO - [2026-05-03T12:51:10.568+0000] {dagbag.py:539} INFO - Filling up the DagBag from /opt/airflow/dags/setup_retail_pipeline.py
[2026-05-03T12:51:10.592+0000] {processor.py:839} INFO - DAG(s) dict_keys(['setup_retail_pipeline']) retrieved from /opt/airflow/dags/setup_retail_pipeline.py
[2026-05-03T12:51:10.628+0000] {logging_mixin.py:151} INFO - [2026-05-03T12:51:10.628+0000] {dag.py:2915} INFO - Sync 1 DAGs
[2026-05-03T12:51:10.643+0000] {logging_mixin.py:151} INFO - [2026-05-03T12:51:10.643+0000] {dag.py:3696} INFO - Setting next_dagrun for setup_retail_pipeline to 2026-05-03T12:00:00+00:00, run_after=2026-05-03T13:00:00+00:00
[2026-05-03T12:51:10.656+0000] {processor.py:179} INFO - Processing /opt/airflow/dags/setup_retail_pipeline.py took 0.103 seconds
[2026-05-03T12:51:40.783+0000] {processor.py:157} INFO - Started process (PID=4390) to work on /opt/airflow/dags/setup_retail_pipeline.py
[2026-05-03T12:51:40.783+0000] {processor.py:829} INFO - Processing file /opt/airflow/dags/setup_retail_pipeline.py for tasks to queue
[2026-05-03T12:51:40.784+0000] {logging_mixin.py:151} INFO - [2026-05-03T12:51:40.784+0000] {dagbag.py:539} INFO - Filling up the DagBag from /opt/airflow/dags/setup_retail_pipeline.py
[2026-05-03T12:51:40.798+0000] {processor.py:839} INFO - DAG(s) dict_keys(['setup_retail_pipeline']) retrieved from /opt/airflow/dags/setup_retail_pipeline.py
[2026-05-03T12:51:40.819+0000] {logging_mixin.py:151} INFO - [2026-05-03T12:51:40.819+0000] {dag.py:2915} INFO - Sync 1 DAGs
[2026-05-03T12:51:40.836+0000] {logging_mixin.py:151} INFO - [2026-05-03T12:51:40.836+0000] {dag.py:3696} INFO - Setting next_dagrun for setup_retail_pipeline to 2026-05-03T12:00:00+00:00, run_after=2026-05-03T13:00:00+00:00
[2026-05-03T12:51:40.846+0000] {processor.py:179} INFO - Processing /opt/airflow/dags/setup_retail_pipeline.py took 0.066 seconds
[2026-05-03T12:52:11.075+0000] {processor.py:157} INFO - Started process (PID=4400) to work on /opt/airflow/dags/setup_retail_pipeline.py
[2026-05-03T12:52:11.076+0000] {processor.py:829} INFO - Processing file /opt/airflow/dags/setup_retail_pipeline.py for tasks to queue
[2026-05-03T12:52:11.077+0000] {logging_mixin.py:151} INFO - [2026-05-03T12:52:11.077+0000] {dagbag.py:539} INFO - Filling up the DagBag from /opt/airflow/dags/setup_retail_pipeline.py
[2026-05-03T12:52:11.098+0000] {processor.py:839} INFO - DAG(s) dict_keys(['setup_retail_pipeline']) retrieved from /opt/airflow/dags/setup_retail_pipeline.py
[2026-05-03T12:52:11.126+0000] {logging_mixin.py:151} INFO - [2026-05-03T12:52:11.126+0000] {dag.py:2915} INFO - Sync 1 DAGs
[2026-05-03T12:52:11.141+0000] {logging_mixin.py:151} INFO - [2026-05-03T12:52:11.141+0000] {dag.py:3696} INFO - Setting next_dagrun for setup_retail_pipeline to 2026-05-03T12:00:00+00:00, run_after=2026-05-03T13:00:00+00:00
[2026-05-03T12:52:11.152+0000] {processor.py:179} INFO - Processing /opt/airflow/dags/setup_retail_pipeline.py took 0.083 seconds
[2026-05-03T12:52:41.418+0000] {processor.py:157} INFO - Started process (PID=4410) to work on /opt/airflow/dags/setup_retail_pipeline.py
[2026-05-03T12:52:41.419+0000] {processor.py:829} INFO - Processing file /opt/airflow/dags/setup_retail_pipeline.py for tasks to queue
[2026-05-03T12:52:41.421+0000] {logging_mixin.py:151} INFO - [2026-05-03T12:52:41.420+0000] {dagbag.py:539} INFO - Filling up the DagBag from /opt/airflow/dags/setup_retail_pipeline.py
[2026-05-03T12:52:41.442+0000] {processor.py:839} INFO - DAG(s) dict_keys(['setup_retail_pipeline']) retrieved from /opt/airflow/dags/setup_retail_pipeline.py
[2026-05-03T12:52:41.478+0000] {logging_mixin.py:151} INFO - [2026-05-03T12:52:41.478+0000] {dag.py:2915} INFO - Sync 1 DAGs
[2026-05-03T12:52:41.494+0000] {logging_mixin.py:151} INFO - [2026-05-03T12:52:41.494+0000] {dag.py:3696} INFO - Setting next_dagrun for setup_retail_pipeline to 2026-05-03T12:00:00+00:00, run_after=2026-05-03T13:00:00+00:00
[2026-05-03T12:52:41.504+0000] {processor.py:179} INFO - Processing /opt/airflow/dags/setup_retail_pipeline.py took 0.104 seconds
[2026-05-03T12:53:11.728+0000] {processor.py:157} INFO - Started process (PID=4420) to work on /opt/airflow/dags/setup_retail_pipeline.py
[2026-05-03T12:53:11.729+0000] {processor.py:829} INFO - Processing file /opt/airflow/dags/setup_retail_pipeline.py for tasks to queue
[2026-05-03T12:53:11.731+0000] {logging_mixin.py:151} INFO - [2026-05-03T12:53:11.730+0000] {dagbag.py:539} INFO - Filling up the DagBag from /opt/airflow/dags/setup_retail_pipeline.py
[2026-05-03T12:53:11.745+0000] {processor.py:839} INFO - DAG(s) dict_keys(['setup_retail_pipeline']) retrieved from /opt/airflow/dags/setup_retail_pipeline.py
[2026-05-03T12:53:11.776+0000] {logging_mixin.py:151} INFO - [2026-05-03T12:53:11.776+0000] {dag.py:2915} INFO - Sync 1 DAGs
[2026-05-03T12:53:11.788+0000] {logging_mixin.py:151} INFO - [2026-05-03T12:53:11.788+0000] {dag.py:3696} INFO - Setting next_dagrun for setup_retail_pipeline to 2026-05-03T12:00:00+00:00, run_after=2026-05-03T13:00:00+00:00
[2026-05-03T12:53:11.801+0000] {processor.py:179} INFO - Processing /opt/airflow/dags/setup_retail_pipeline.py took 0.078 seconds
[2026-05-03T12:53:42.029+0000] {processor.py:157} INFO - Started process (PID=4430) to work on /opt/airflow/dags/setup_retail_pipeline.py
[2026-05-03T12:53:42.031+0000] {processor.py:829} INFO - Processing file /opt/airflow/dags/setup_retail_pipeline.py for tasks to queue
[2026-05-03T12:53:42.032+0000] {logging_mixin.py:151} INFO - [2026-05-03T12:53:42.032+0000] {dagbag.py:539} INFO - Filling up the DagBag from /opt/airflow/dags/setup_retail_pipeline.py
[2026-05-03T12:53:42.051+0000] {processor.py:839} INFO - DAG(s) dict_keys(['setup_retail_pipeline']) retrieved from /opt/airflow/dags/setup_retail_pipeline.py
[2026-05-03T12:53:42.075+0000] {logging_mixin.py:151} INFO - [2026-05-03T12:53:42.074+0000] {dag.py:2915} INFO - Sync 1 DAGs
[2026-05-03T12:53:42.089+0000] {logging_mixin.py:151} INFO - [2026-05-03T12:53:42.089+0000] {dag.py:3696} INFO - Setting next_dagrun for setup_retail_pipeline to 2026-05-03T12:00:00+00:00, run_after=2026-05-03T13:00:00+00:00
[2026-05-03T12:53:42.101+0000] {processor.py:179} INFO - Processing /opt/airflow/dags/setup_retail_pipeline.py took 0.079 seconds
[2026-05-03T12:54:12.303+0000] {processor.py:157} INFO - Started process (PID=4440) to work on /opt/airflow/dags/setup_retail_pipeline.py
[2026-05-03T12:54:12.304+0000] {processor.py:829} INFO - Processing file /opt/airflow/dags/setup_retail_pipeline.py for tasks to queue
[2026-05-03T12:54:12.305+0000] {logging_mixin.py:151} INFO - [2026-05-03T12:54:12.305+0000] {dagbag.py:539} INFO - Filling up the DagBag from /opt/airflow/dags/setup_retail_pipeline.py
[2026-05-03T12:54:12.320+0000] {processor.py:839} INFO - DAG(s) dict_keys(['setup_retail_pipeline']) retrieved from /opt/airflow/dags/setup_retail_pipeline.py
[2026-05-03T12:54:12.342+0000] {logging_mixin.py:151} INFO - [2026-05-03T12:54:12.342+0000] {dag.py:2915} INFO - Sync 1 DAGs
[2026-05-03T12:54:12.351+0000] {logging_mixin.py:151} INFO - [2026-05-03T12:54:12.351+0000] {dag.py:3696} INFO - Setting next_dagrun for setup_retail_pipeline to 2026-05-03T12:00:00+00:00, run_after=2026-05-03T13:00:00+00:00
[2026-05-03T12:54:12.362+0000] {processor.py:179} INFO - Processing /opt/airflow/dags/setup_retail_pipeline.py took 0.062 seconds
[2026-05-03T12:54:42.639+0000] {processor.py:157} INFO - Started process (PID=4450) to work on /opt/airflow/dags/setup_retail_pipeline.py
[2026-05-03T12:54:42.640+0000] {processor.py:829} INFO - Processing file /opt/airflow/dags/setup_retail_pipeline.py for tasks to queue
[2026-05-03T12:54:42.643+0000] {logging_mixin.py:151} INFO - [2026-05-03T12:54:42.642+0000] {dagbag.py:539} INFO - Filling up the DagBag from /opt/airflow/dags/setup_retail_pipeline.py
[2026-05-03T12:54:42.671+0000] {processor.py:839} INFO - DAG(s) dict_keys(['setup_retail_pipeline']) retrieved from /opt/airflow/dags/setup_retail_pipeline.py
[2026-05-03T12:54:42.711+0000] {logging_mixin.py:151} INFO - [2026-05-03T12:54:42.711+0000] {dag.py:2915} INFO - Sync 1 DAGs
[2026-05-03T12:54:42.736+0000] {logging_mixin.py:151} INFO - [2026-05-03T12:54:42.736+0000] {dag.py:3696} INFO - Setting next_dagrun for setup_retail_pipeline to 2026-05-03T12:00:00+00:00, run_after=2026-05-03T13:00:00+00:00
[2026-05-03T12:54:42.751+0000] {processor.py:179} INFO - Processing /opt/airflow/dags/setup_retail_pipeline.py took 0.125 seconds
[2026-05-03T12:55:12.993+0000] {processor.py:157} INFO - Started process (PID=4460) to work on /opt/airflow/dags/setup_retail_pipeline.py
[2026-05-03T12:55:12.995+0000] {processor.py:829} INFO - Processing file /opt/airflow/dags/setup_retail_pipeline.py for tasks to queue
[2026-05-03T12:55:12.996+0000] {logging_mixin.py:151} INFO - [2026-05-03T12:55:12.995+0000] {dagbag.py:539} INFO - Filling up the DagBag from /opt/airflow/dags/setup_retail_pipeline.py
[2026-05-03T12:55:13.008+0000] {processor.py:839} INFO - DAG(s) dict_keys(['setup_retail_pipeline']) retrieved from /opt/airflow/dags/setup_retail_pipeline.py
[2026-05-03T12:55:13.030+0000] {logging_mixin.py:151} INFO - [2026-05-03T12:55:13.030+0000] {dag.py:2915} INFO - Sync 1 DAGs
[2026-05-03T12:55:13.042+0000] {logging_mixin.py:151} INFO - [2026-05-03T12:55:13.042+0000] {dag.py:3696} INFO - Setting next_dagrun for setup_retail_pipeline to 2026-05-03T12:00:00+00:00, run_after=2026-05-03T13:00:00+00:00
[2026-05-03T12:55:13.053+0000] {processor.py:179} INFO - Processing /opt/airflow/dags/setup_retail_pipeline.py took 0.064 seconds
[2026-05-03T12:55:43.287+0000] {processor.py:157} INFO - Started process (PID=4470) to work on /opt/airflow/dags/setup_retail_pipeline.py
[2026-05-03T12:55:43.289+0000] {processor.py:829} INFO - Processing file /opt/airflow/dags/setup_retail_pipeline.py for tasks to queue
[2026-05-03T12:55:43.290+0000] {logging_mixin.py:151} INFO - [2026-05-03T12:55:43.290+0000] {dagbag.py:539} INFO - Filling up the DagBag from /opt/airflow/dags/setup_retail_pipeline.py
[2026-05-03T12:55:43.305+0000] {processor.py:839} INFO - DAG(s) dict_keys(['setup_retail_pipeline']) retrieved from /opt/airflow/dags/setup_retail_pipeline.py
[2026-05-03T12:55:43.324+0000] {logging_mixin.py:151} INFO - [2026-05-03T12:55:43.324+0000] {dag.py:2915} INFO - Sync 1 DAGs
[2026-05-03T12:55:43.336+0000] {logging_mixin.py:151} INFO - [2026-05-03T12:55:43.336+0000] {dag.py:3696} INFO - Setting next_dagrun for setup_retail_pipeline to 2026-05-03T12:00:00+00:00, run_after=2026-05-03T13:00:00+00:00
[2026-05-03T12:55:43.347+0000] {processor.py:179} INFO - Processing /opt/airflow/dags/setup_retail_pipeline.py took 0.064 seconds
[2026-05-03T12:56:13.518+0000] {processor.py:157} INFO - Started process (PID=4480) to work on /opt/airflow/dags/setup_retail_pipeline.py
[2026-05-03T12:56:13.520+0000] {processor.py:829} INFO - Processing file /opt/airflow/dags/setup_retail_pipeline.py for tasks to queue
[2026-05-03T12:56:13.522+0000] {logging_mixin.py:151} INFO - [2026-05-03T12:56:13.522+0000] {dagbag.py:539} INFO - Filling up the DagBag from /opt/airflow/dags/setup_retail_pipeline.py
[2026-05-03T12:56:13.545+0000] {processor.py:839} INFO - DAG(s) dict_keys(['setup_retail_pipeline']) retrieved from /opt/airflow/dags/setup_retail_pipeline.py
[2026-05-03T12:56:13.570+0000] {logging_mixin.py:151} INFO - [2026-05-03T12:56:13.569+0000] {dag.py:2915} INFO - Sync 1 DAGs
[2026-05-03T12:56:13.584+0000] {logging_mixin.py:151} INFO - [2026-05-03T12:56:13.584+0000] {dag.py:3696} INFO - Setting next_dagrun for setup_retail_pipeline to 2026-05-03T12:00:00+00:00, run_after=2026-05-03T13:00:00+00:00
[2026-05-03T12:56:13.596+0000] {processor.py:179} INFO - Processing /opt/airflow/dags/setup_retail_pipeline.py took 0.084 seconds
[2026-05-03T12:56:43.807+0000] {processor.py:157} INFO - Started process (PID=4490) to work on /opt/airflow/dags/setup_retail_pipeline.py
[2026-05-03T12:56:43.809+0000] {processor.py:829} INFO - Processing file /opt/airflow/dags/setup_retail_pipeline.py for tasks to queue
[2026-05-03T12:56:43.809+0000] {logging_mixin.py:151} INFO - [2026-05-03T12:56:43.809+0000] {dagbag.py:539} INFO - Filling up the DagBag from /opt/airflow/dags/setup_retail_pipeline.py
[2026-05-03T12:56:43.825+0000] {processor.py:839} INFO - DAG(s) dict_keys(['setup_retail_pipeline']) retrieved from /opt/airflow/dags/setup_retail_pipeline.py
[2026-05-03T12:56:43.845+0000] {logging_mixin.py:151} INFO - [2026-05-03T12:56:43.845+0000] {dag.py:2915} INFO - Sync 1 DAGs
[2026-05-03T12:56:43.857+0000] {logging_mixin.py:151} INFO - [2026-05-03T12:56:43.856+0000] {dag.py:3696} INFO - Setting next_dagrun for setup_retail_pipeline to 2026-05-03T12:00:00+00:00, run_after=2026-05-03T13:00:00+00:00
[2026-05-03T12:56:43.870+0000] {processor.py:179} INFO - Processing /opt/airflow/dags/setup_retail_pipeline.py took 0.066 seconds
[2026-05-03T12:57:14.110+0000] {processor.py:157} INFO - Started process (PID=4500) to work on /opt/airflow/dags/setup_retail_pipeline.py
[2026-05-03T12:57:14.111+0000] {processor.py:829} INFO - Processing file /opt/airflow/dags/setup_retail_pipeline.py for tasks to queue
[2026-05-03T12:57:14.113+0000] {logging_mixin.py:151} INFO - [2026-05-03T12:57:14.112+0000] {dagbag.py:539} INFO - Filling up the DagBag from /opt/airflow/dags/setup_retail_pipeline.py
[2026-05-03T12:57:14.128+0000] {processor.py:839} INFO - DAG(s) dict_keys(['setup_retail_pipeline']) retrieved from /opt/airflow/dags/setup_retail_pipeline.py
[2026-05-03T12:57:14.148+0000] {logging_mixin.py:151} INFO - [2026-05-03T12:57:14.148+0000] {dag.py:2915} INFO - Sync 1 DAGs
[2026-05-03T12:57:14.160+0000] {logging_mixin.py:151} INFO - [2026-05-03T12:57:14.160+0000] {dag.py:3696} INFO - Setting next_dagrun for setup_retail_pipeline to 2026-05-03T12:00:00+00:00, run_after=2026-05-03T13:00:00+00:00
[2026-05-03T12:57:14.169+0000] {processor.py:179} INFO - Processing /opt/airflow/dags/setup_retail_pipeline.py took 0.063 seconds
[2026-05-03T12:57:44.382+0000] {processor.py:157} INFO - Started process (PID=4510) to work on /opt/airflow/dags/setup_retail_pipeline.py
[2026-05-03T12:57:44.383+0000] {processor.py:829} INFO - Processing file /opt/airflow/dags/setup_retail_pipeline.py for tasks to queue
[2026-05-03T12:57:44.384+0000] {logging_mixin.py:151} INFO - [2026-05-03T12:57:44.384+0000] {dagbag.py:539} INFO - Filling up the DagBag from /opt/airflow/dags/setup_retail_pipeline.py
[2026-05-03T12:57:44.404+0000] {processor.py:839} INFO - DAG(s) dict_keys(['setup_retail_pipeline']) retrieved from /opt/airflow/dags/setup_retail_pipeline.py
[2026-05-03T12:57:44.422+0000] {logging_mixin.py:151} INFO - [2026-05-03T12:57:44.422+0000] {dag.py:2915} INFO - Sync 1 DAGs
[2026-05-03T12:57:44.434+0000] {logging_mixin.py:151} INFO - [2026-05-03T12:57:44.433+0000] {dag.py:3696} INFO - Setting next_dagrun for setup_retail_pipeline to 2026-05-03T12:00:00+00:00, run_after=2026-05-03T13:00:00+00:00
[2026-05-03T12:57:44.441+0000] {processor.py:179} INFO - Processing /opt/airflow/dags/setup_retail_pipeline.py took 0.062 seconds
[2026-05-03T12:58:14.681+0000] {processor.py:157} INFO - Started process (PID=4520) to work on /opt/airflow/dags/setup_retail_pipeline.py
[2026-05-03T12:58:14.682+0000] {processor.py:829} INFO - Processing file /opt/airflow/dags/setup_retail_pipeline.py for tasks to queue
[2026-05-03T12:58:14.685+0000] {logging_mixin.py:151} INFO - [2026-05-03T12:58:14.684+0000] {dagbag.py:539} INFO - Filling up the DagBag from /opt/airflow/dags/setup_retail_pipeline.py
[2026-05-03T12:58:14.701+0000] {processor.py:839} INFO - DAG(s) dict_keys(['setup_retail_pipeline']) retrieved from /opt/airflow/dags/setup_retail_pipeline.py
[2026-05-03T12:58:14.723+0000] {logging_mixin.py:151} INFO - [2026-05-03T12:58:14.723+0000] {dag.py:2915} INFO - Sync 1 DAGs
[2026-05-03T12:58:14.736+0000] {logging_mixin.py:151} INFO - [2026-05-03T12:58:14.736+0000] {dag.py:3696} INFO - Setting next_dagrun for setup_retail_pipeline to 2026-05-03T12:00:00+00:00, run_after=2026-05-03T13:00:00+00:00
[2026-05-03T12:58:14.748+0000] {processor.py:179} INFO - Processing /opt/airflow/dags/setup_retail_pipeline.py took 0.072 seconds
[2026-05-03T12:58:44.921+0000] {processor.py:157} INFO - Started process (PID=4530) to work on /opt/airflow/dags/setup_retail_pipeline.py
[2026-05-03T12:58:44.923+0000] {processor.py:829} INFO - Processing file /opt/airflow/dags/setup_retail_pipeline.py for tasks to queue
[2026-05-03T12:58:44.927+0000] {logging_mixin.py:151} INFO - [2026-05-03T12:58:44.926+0000] {dagbag.py:539} INFO - Filling up the DagBag from /opt/airflow/dags/setup_retail_pipeline.py
[2026-05-03T12:58:44.949+0000] {processor.py:839} INFO - DAG(s) dict_keys(['setup_retail_pipeline']) retrieved from /opt/airflow/dags/setup_retail_pipeline.py
[2026-05-03T12:58:44.979+0000] {logging_mixin.py:151} INFO - [2026-05-03T12:58:44.979+0000] {dag.py:2915} INFO - Sync 1 DAGs
[2026-05-03T12:58:44.993+0000] {logging_mixin.py:151} INFO - [2026-05-03T12:58:44.993+0000] {dag.py:3696} INFO - Setting next_dagrun for setup_retail_pipeline to 2026-05-03T12:00:00+00:00, run_after=2026-05-03T13:00:00+00:00
[2026-05-03T12:58:45.007+0000] {processor.py:179} INFO - Processing /opt/airflow/dags/setup_retail_pipeline.py took 0.091 seconds
[2026-05-03T12:59:15.238+0000] {processor.py:157} INFO - Started process (PID=4540) to work on /opt/airflow/dags/setup_retail_pipeline.py
[2026-05-03T12:59:15.239+0000] {processor.py:829} INFO - Processing file /opt/airflow/dags/setup_retail_pipeline.py for tasks to queue
[2026-05-03T12:59:15.240+0000] {logging_mixin.py:151} INFO - [2026-05-03T12:59:15.240+0000] {dagbag.py:539} INFO - Filling up the DagBag from /opt/airflow/dags/setup_retail_pipeline.py
[2026-05-03T12:59:15.252+0000] {processor.py:839} INFO - DAG(s) dict_keys(['setup_retail_pipeline']) retrieved from /opt/airflow/dags/setup_retail_pipeline.py
[2026-05-03T12:59:15.277+0000] {logging_mixin.py:151} INFO - [2026-05-03T12:59:15.277+0000] {dag.py:2915} INFO - Sync 1 DAGs
[2026-05-03T12:59:15.294+0000] {logging_mixin.py:151} INFO - [2026-05-03T12:59:15.294+0000] {dag.py:3696} INFO - Setting next_dagrun for setup_retail_pipeline to 2026-05-03T12:00:00+00:00, run_after=2026-05-03T13:00:00+00:00
[2026-05-03T12:59:15.307+0000] {processor.py:179} INFO - Processing /opt/airflow/dags/setup_retail_pipeline.py took 0.073 seconds
[2026-05-03T12:59:45.524+0000] {processor.py:157} INFO - Started process (PID=4550) to work on /opt/airflow/dags/setup_retail_pipeline.py
[2026-05-03T12:59:45.525+0000] {processor.py:829} INFO - Processing file /opt/airflow/dags/setup_retail_pipeline.py for tasks to queue
[2026-05-03T12:59:45.527+0000] {logging_mixin.py:151} INFO - [2026-05-03T12:59:45.527+0000] {dagbag.py:539} INFO - Filling up the DagBag from /opt/airflow/dags/setup_retail_pipeline.py
[2026-05-03T12:59:45.543+0000] {processor.py:839} INFO - DAG(s) dict_keys(['setup_retail_pipeline']) retrieved from /opt/airflow/dags/setup_retail_pipeline.py
[2026-05-03T12:59:45.565+0000] {logging_mixin.py:151} INFO - [2026-05-03T12:59:45.564+0000] {dag.py:2915} INFO - Sync 1 DAGs
[2026-05-03T12:59:45.577+0000] {logging_mixin.py:151} INFO - [2026-05-03T12:59:45.577+0000] {dag.py:3696} INFO - Setting next_dagrun for setup_retail_pipeline to 2026-05-03T12:00:00+00:00, run_after=2026-05-03T13:00:00+00:00
[2026-05-03T12:59:45.588+0000] {processor.py:179} INFO - Processing /opt/airflow/dags/setup_retail_pipeline.py took 0.070 seconds
[2026-05-03T13:00:15.815+0000] {processor.py:157} INFO - Started process (PID=4603) to work on /opt/airflow/dags/setup_retail_pipeline.py
[2026-05-03T13:00:15.817+0000] {processor.py:829} INFO - Processing file /opt/airflow/dags/setup_retail_pipeline.py for tasks to queue
[2026-05-03T13:00:15.818+0000] {logging_mixin.py:151} INFO - [2026-05-03T13:00:15.818+0000] {dagbag.py:539} INFO - Filling up the DagBag from /opt/airflow/dags/setup_retail_pipeline.py
[2026-05-03T13:00:15.842+0000] {processor.py:839} INFO - DAG(s) dict_keys(['setup_retail_pipeline']) retrieved from /opt/airflow/dags/setup_retail_pipeline.py
[2026-05-03T13:00:15.872+0000] {logging_mixin.py:151} INFO - [2026-05-03T13:00:15.871+0000] {dag.py:2915} INFO - Sync 1 DAGs
[2026-05-03T13:00:15.897+0000] {processor.py:179} INFO - Processing /opt/airflow/dags/setup_retail_pipeline.py took 0.089 seconds
[2026-05-03T13:00:45.970+0000] {processor.py:157} INFO - Started process (PID=4638) to work on /opt/airflow/dags/setup_retail_pipeline.py
[2026-05-03T13:00:45.971+0000] {processor.py:829} INFO - Processing file /opt/airflow/dags/setup_retail_pipeline.py for tasks to queue
[2026-05-03T13:00:45.971+0000] {logging_mixin.py:151} INFO - [2026-05-03T13:00:45.971+0000] {dagbag.py:539} INFO - Filling up the DagBag from /opt/airflow/dags/setup_retail_pipeline.py
[2026-05-03T13:00:45.983+0000] {processor.py:839} INFO - DAG(s) dict_keys(['setup_retail_pipeline']) retrieved from /opt/airflow/dags/setup_retail_pipeline.py
[2026-05-03T13:00:46.009+0000] {logging_mixin.py:151} INFO - [2026-05-03T13:00:46.009+0000] {dag.py:2915} INFO - Sync 1 DAGs
[2026-05-03T13:00:46.029+0000] {processor.py:179} INFO - Processing /opt/airflow/dags/setup_retail_pipeline.py took 0.061 seconds
[2026-05-03T13:01:16.194+0000] {processor.py:157} INFO - Started process (PID=4660) to work on /opt/airflow/dags/setup_retail_pipeline.py
[2026-05-03T13:01:16.197+0000] {processor.py:829} INFO - Processing file /opt/airflow/dags/setup_retail_pipeline.py for tasks to queue
[2026-05-03T13:01:16.198+0000] {logging_mixin.py:151} INFO - [2026-05-03T13:01:16.197+0000] {dagbag.py:539} INFO - Filling up the DagBag from /opt/airflow/dags/setup_retail_pipeline.py
[2026-05-03T13:01:16.215+0000] {processor.py:839} INFO - DAG(s) dict_keys(['setup_retail_pipeline']) retrieved from /opt/airflow/dags/setup_retail_pipeline.py
[2026-05-03T13:01:16.239+0000] {logging_mixin.py:151} INFO - [2026-05-03T13:01:16.239+0000] {dag.py:2915} INFO - Sync 1 DAGs
[2026-05-03T13:01:16.252+0000] {logging_mixin.py:151} INFO - [2026-05-03T13:01:16.252+0000] {dag.py:3696} INFO - Setting next_dagrun for setup_retail_pipeline to 2026-05-03T13:00:00+00:00, run_after=2026-05-03T14:00:00+00:00
[2026-05-03T13:01:16.261+0000] {processor.py:179} INFO - Processing /opt/airflow/dags/setup_retail_pipeline.py took 0.071 seconds
[2026-05-03T13:01:46.506+0000] {processor.py:157} INFO - Started process (PID=4670) to work on /opt/airflow/dags/setup_retail_pipeline.py
[2026-05-03T13:01:46.508+0000] {processor.py:829} INFO - Processing file /opt/airflow/dags/setup_retail_pipeline.py for tasks to queue
[2026-05-03T13:01:46.509+0000] {logging_mixin.py:151} INFO - [2026-05-03T13:01:46.508+0000] {dagbag.py:539} INFO - Filling up the DagBag from /opt/airflow/dags/setup_retail_pipeline.py
[2026-05-03T13:01:46.523+0000] {processor.py:839} INFO - DAG(s) dict_keys(['setup_retail_pipeline']) retrieved from /opt/airflow/dags/setup_retail_pipeline.py
[2026-05-03T13:01:46.549+0000] {logging_mixin.py:151} INFO - [2026-05-03T13:01:46.549+0000] {dag.py:2915} INFO - Sync 1 DAGs
[2026-05-03T13:01:46.560+0000] {logging_mixin.py:151} INFO - [2026-05-03T13:01:46.560+0000] {dag.py:3696} INFO - Setting next_dagrun for setup_retail_pipeline to 2026-05-03T13:00:00+00:00, run_after=2026-05-03T14:00:00+00:00
[2026-05-03T13:01:46.568+0000] {processor.py:179} INFO - Processing /opt/airflow/dags/setup_retail_pipeline.py took 0.067 seconds
[2026-05-03T13:02:16.783+0000] {processor.py:157} INFO - Started process (PID=4680) to work on /opt/airflow/dags/setup_retail_pipeline.py
[2026-05-03T13:02:16.785+0000] {processor.py:829} INFO - Processing file /opt/airflow/dags/setup_retail_pipeline.py for tasks to queue
[2026-05-03T13:02:16.787+0000] {logging_mixin.py:151} INFO - [2026-05-03T13:02:16.786+0000] {dagbag.py:539} INFO - Filling up the DagBag from /opt/airflow/dags/setup_retail_pipeline.py
[2026-05-03T13:02:16.806+0000] {processor.py:839} INFO - DAG(s) dict_keys(['setup_retail_pipeline']) retrieved from /opt/airflow/dags/setup_retail_pipeline.py
[2026-05-03T13:02:16.833+0000] {logging_mixin.py:151} INFO - [2026-05-03T13:02:16.833+0000] {dag.py:2915} INFO - Sync 1 DAGs
[2026-05-03T13:02:16.845+0000] {logging_mixin.py:151} INFO - [2026-05-03T13:02:16.845+0000] {dag.py:3696} INFO - Setting next_dagrun for setup_retail_pipeline to 2026-05-03T13:00:00+00:00, run_after=2026-05-03T14:00:00+00:00
[2026-05-03T13:02:16.855+0000] {processor.py:179} INFO - Processing /opt/airflow/dags/setup_retail_pipeline.py took 0.077 seconds
[2026-05-03T13:02:47.016+0000] {processor.py:157} INFO - Started process (PID=4690) to work on /opt/airflow/dags/setup_retail_pipeline.py
[2026-05-03T13:02:47.017+0000] {processor.py:829} INFO - Processing file /opt/airflow/dags/setup_retail_pipeline.py for tasks to queue
[2026-05-03T13:02:47.018+0000] {logging_mixin.py:151} INFO - [2026-05-03T13:02:47.018+0000] {dagbag.py:539} INFO - Filling up the DagBag from /opt/airflow/dags/setup_retail_pipeline.py
[2026-05-03T13:02:47.034+0000] {processor.py:839} INFO - DAG(s) dict_keys(['setup_retail_pipeline']) retrieved from /opt/airflow/dags/setup_retail_pipeline.py
[2026-05-03T13:02:47.059+0000] {logging_mixin.py:151} INFO - [2026-05-03T13:02:47.059+0000] {dag.py:2915} INFO - Sync 1 DAGs
[2026-05-03T13:02:47.071+0000] {logging_mixin.py:151} INFO - [2026-05-03T13:02:47.071+0000] {dag.py:3696} INFO - Setting next_dagrun for setup_retail_pipeline to 2026-05-03T13:00:00+00:00, run_after=2026-05-03T14:00:00+00:00
[2026-05-03T13:02:47.081+0000] {processor.py:179} INFO - Processing /opt/airflow/dags/setup_retail_pipeline.py took 0.071 seconds
[2026-05-03T13:03:17.340+0000] {processor.py:157} INFO - Started process (PID=4700) to work on /opt/airflow/dags/setup_retail_pipeline.py
[2026-05-03T13:03:17.342+0000] {processor.py:829} INFO - Processing file /opt/airflow/dags/setup_retail_pipeline.py for tasks to queue
[2026-05-03T13:03:17.345+0000] {logging_mixin.py:151} INFO - [2026-05-03T13:03:17.344+0000] {dagbag.py:539} INFO - Filling up the DagBag from /opt/airflow/dags/setup_retail_pipeline.py
[2026-05-03T13:03:17.362+0000] {processor.py:839} INFO - DAG(s) dict_keys(['setup_retail_pipeline']) retrieved from /opt/airflow/dags/setup_retail_pipeline.py
[2026-05-03T13:03:17.382+0000] {logging_mixin.py:151} INFO - [2026-05-03T13:03:17.382+0000] {dag.py:2915} INFO - Sync 1 DAGs
[2026-05-03T13:03:17.396+0000] {logging_mixin.py:151} INFO - [2026-05-03T13:03:17.396+0000] {dag.py:3696} INFO - Setting next_dagrun for setup_retail_pipeline to 2026-05-03T13:00:00+00:00, run_after=2026-05-03T14:00:00+00:00
[2026-05-03T13:03:17.406+0000] {processor.py:179} INFO - Processing /opt/airflow/dags/setup_retail_pipeline.py took 0.071 seconds
[2026-05-03T13:03:47.673+0000] {processor.py:157} INFO - Started process (PID=4710) to work on /opt/airflow/dags/setup_retail_pipeline.py
[2026-05-03T13:03:47.674+0000] {processor.py:829} INFO - Processing file /opt/airflow/dags/setup_retail_pipeline.py for tasks to queue
[2026-05-03T13:03:47.676+0000] {logging_mixin.py:151} INFO - [2026-05-03T13:03:47.676+0000] {dagbag.py:539} INFO - Filling up the DagBag from /opt/airflow/dags/setup_retail_pipeline.py
[2026-05-03T13:03:47.692+0000] {processor.py:839} INFO - DAG(s) dict_keys(['setup_retail_pipeline']) retrieved from /opt/airflow/dags/setup_retail_pipeline.py
[2026-05-03T13:03:47.715+0000] {logging_mixin.py:151} INFO - [2026-05-03T13:03:47.715+0000] {dag.py:2915} INFO - Sync 1 DAGs
[2026-05-03T13:03:47.728+0000] {logging_mixin.py:151} INFO - [2026-05-03T13:03:47.728+0000] {dag.py:3696} INFO - Setting next_dagrun for setup_retail_pipeline to 2026-05-03T13:00:00+00:00, run_after=2026-05-03T14:00:00+00:00
[2026-05-03T13:03:47.740+0000] {processor.py:179} INFO - Processing /opt/airflow/dags/setup_retail_pipeline.py took 0.071 seconds
[2026-05-03T13:04:17.980+0000] {processor.py:157} INFO - Started process (PID=4720) to work on /opt/airflow/dags/setup_retail_pipeline.py
[2026-05-03T13:04:17.981+0000] {processor.py:829} INFO - Processing file /opt/airflow/dags/setup_retail_pipeline.py for tasks to queue
[2026-05-03T13:04:17.983+0000] {logging_mixin.py:151} INFO - [2026-05-03T13:04:17.983+0000] {dagbag.py:539} INFO - Filling up the DagBag from /opt/airflow/dags/setup_retail_pipeline.py
[2026-05-03T13:04:18.001+0000] {processor.py:839} INFO - DAG(s) dict_keys(['setup_retail_pipeline']) retrieved from /opt/airflow/dags/setup_retail_pipeline.py
[2026-05-03T13:04:18.034+0000] {logging_mixin.py:151} INFO - [2026-05-03T13:04:18.034+0000] {dag.py:2915} INFO - Sync 1 DAGs
[2026-05-03T13:04:18.047+0000] {logging_mixin.py:151} INFO - [2026-05-03T13:04:18.047+0000] {dag.py:3696} INFO - Setting next_dagrun for setup_retail_pipeline to 2026-05-03T13:00:00+00:00, run_after=2026-05-03T14:00:00+00:00
[2026-05-03T13:04:18.060+0000] {processor.py:179} INFO - Processing /opt/airflow/dags/setup_retail_pipeline.py took 0.086 seconds
[2026-05-03T13:04:48.220+0000] {processor.py:157} INFO - Started process (PID=4730) to work on /opt/airflow/dags/setup_retail_pipeline.py
[2026-05-03T13:04:48.225+0000] {processor.py:829} INFO - Processing file /opt/airflow/dags/setup_retail_pipeline.py for tasks to queue
[2026-05-03T13:04:48.226+0000] {logging_mixin.py:151} INFO - [2026-05-03T13:04:48.226+0000] {dagbag.py:539} INFO - Filling up the DagBag from /opt/airflow/dags/setup_retail_pipeline.py
[2026-05-03T13:04:48.242+0000] {processor.py:839} INFO - DAG(s) dict_keys(['setup_retail_pipeline']) retrieved from /opt/airflow/dags/setup_retail_pipeline.py
[2026-05-03T13:04:48.273+0000] {logging_mixin.py:151} INFO - [2026-05-03T13:04:48.273+0000] {dag.py:2915} INFO - Sync 1 DAGs
[2026-05-03T13:04:48.290+0000] {logging_mixin.py:151} INFO - [2026-05-03T13:04:48.290+0000] {dag.py:3696} INFO - Setting next_dagrun for setup_retail_pipeline to 2026-05-03T13:00:00+00:00, run_after=2026-05-03T14:00:00+00:00
[2026-05-03T13:04:48.301+0000] {processor.py:179} INFO - Processing /opt/airflow/dags/setup_retail_pipeline.py took 0.088 seconds
[2026-05-03T13:05:18.527+0000] {processor.py:157} INFO - Started process (PID=4740) to work on /opt/airflow/dags/setup_retail_pipeline.py
[2026-05-03T13:05:18.529+0000] {processor.py:829} INFO - Processing file /opt/airflow/dags/setup_retail_pipeline.py for tasks to queue
[2026-05-03T13:05:18.531+0000] {logging_mixin.py:151} INFO - [2026-05-03T13:05:18.530+0000] {dagbag.py:539} INFO - Filling up the DagBag from /opt/airflow/dags/setup_retail_pipeline.py
[2026-05-03T13:05:18.548+0000] {processor.py:839} INFO - DAG(s) dict_keys(['setup_retail_pipeline']) retrieved from /opt/airflow/dags/setup_retail_pipeline.py
[2026-05-03T13:05:18.569+0000] {logging_mixin.py:151} INFO - [2026-05-03T13:05:18.569+0000] {dag.py:2915} INFO - Sync 1 DAGs
[2026-05-03T13:05:18.581+0000] {logging_mixin.py:151} INFO - [2026-05-03T13:05:18.580+0000] {dag.py:3696} INFO - Setting next_dagrun for setup_retail_pipeline to 2026-05-03T13:00:00+00:00, run_after=2026-05-03T14:00:00+00:00
[2026-05-03T13:05:18.590+0000] {processor.py:179} INFO - Processing /opt/airflow/dags/setup_retail_pipeline.py took 0.068 seconds
[2026-05-03T13:05:48.823+0000] {processor.py:157} INFO - Started process (PID=4750) to work on /opt/airflow/dags/setup_retail_pipeline.py
[2026-05-03T13:05:48.826+0000] {processor.py:829} INFO - Processing file /opt/airflow/dags/setup_retail_pipeline.py for tasks to queue
[2026-05-03T13:05:48.828+0000] {logging_mixin.py:151} INFO - [2026-05-03T13:05:48.828+0000] {dagbag.py:539} INFO - Filling up the DagBag from /opt/airflow/dags/setup_retail_pipeline.py
[2026-05-03T13:05:48.857+0000] {processor.py:839} INFO - DAG(s) dict_keys(['setup_retail_pipeline']) retrieved from /opt/airflow/dags/setup_retail_pipeline.py
[2026-05-03T13:05:48.891+0000] {logging_mixin.py:151} INFO - [2026-05-03T13:05:48.891+0000] {dag.py:2915} INFO - Sync 1 DAGs
[2026-05-03T13:05:48.906+0000] {logging_mixin.py:151} INFO - [2026-05-03T13:05:48.906+0000] {dag.py:3696} INFO - Setting next_dagrun for setup_retail_pipeline to 2026-05-03T13:00:00+00:00, run_after=2026-05-03T14:00:00+00:00
[2026-05-03T13:05:48.917+0000] {processor.py:179} INFO - Processing /opt/airflow/dags/setup_retail_pipeline.py took 0.102 seconds
[2026-05-03T13:06:19.142+0000] {processor.py:157} INFO - Started process (PID=4760) to work on /opt/airflow/dags/setup_retail_pipeline.py
[2026-05-03T13:06:19.143+0000] {processor.py:829} INFO - Processing file /opt/airflow/dags/setup_retail_pipeline.py for tasks to queue
[2026-05-03T13:06:19.145+0000] {logging_mixin.py:151} INFO - [2026-05-03T13:06:19.144+0000] {dagbag.py:539} INFO - Filling up the DagBag from /opt/airflow/dags/setup_retail_pipeline.py
[2026-05-03T13:06:19.158+0000] {processor.py:839} INFO - DAG(s) dict_keys(['setup_retail_pipeline']) retrieved from /opt/airflow/dags/setup_retail_pipeline.py
[2026-05-03T13:06:19.188+0000] {logging_mixin.py:151} INFO - [2026-05-03T13:06:19.188+0000] {dag.py:2915} INFO - Sync 1 DAGs
[2026-05-03T13:06:19.201+0000] {logging_mixin.py:151} INFO - [2026-05-03T13:06:19.201+0000] {dag.py:3696} INFO - Setting next_dagrun for setup_retail_pipeline to 2026-05-03T13:00:00+00:00, run_after=2026-05-03T14:00:00+00:00
[2026-05-03T13:06:19.212+0000] {processor.py:179} INFO - Processing /opt/airflow/dags/setup_retail_pipeline.py took 0.073 seconds
[2026-05-03T13:06:49.399+0000] {processor.py:157} INFO - Started process (PID=4770) to work on /opt/airflow/dags/setup_retail_pipeline.py
[2026-05-03T13:06:49.400+0000] {processor.py:829} INFO - Processing file /opt/airflow/dags/setup_retail_pipeline.py for tasks to queue
[2026-05-03T13:06:49.401+0000] {logging_mixin.py:151} INFO - [2026-05-03T13:06:49.400+0000] {dagbag.py:539} INFO - Filling up the DagBag from /opt/airflow/dags/setup_retail_pipeline.py
[2026-05-03T13:06:49.428+0000] {processor.py:839} INFO - DAG(s) dict_keys(['setup_retail_pipeline']) retrieved from /opt/airflow/dags/setup_retail_pipeline.py
[2026-05-03T13:06:49.476+0000] {logging_mixin.py:151} INFO - [2026-05-03T13:06:49.476+0000] {dag.py:2915} INFO - Sync 1 DAGs
[2026-05-03T13:06:49.496+0000] {logging_mixin.py:151} INFO - [2026-05-03T13:06:49.496+0000] {dag.py:3696} INFO - Setting next_dagrun for setup_retail_pipeline to 2026-05-03T13:00:00+00:00, run_after=2026-05-03T14:00:00+00:00
[2026-05-03T13:06:49.510+0000] {processor.py:179} INFO - Processing /opt/airflow/dags/setup_retail_pipeline.py took 0.123 seconds
[2026-05-03T13:07:19.760+0000] {processor.py:157} INFO - Started process (PID=4780) to work on /opt/airflow/dags/setup_retail_pipeline.py
[2026-05-03T13:07:19.762+0000] {processor.py:829} INFO - Processing file /opt/airflow/dags/setup_retail_pipeline.py for tasks to queue
[2026-05-03T13:07:19.764+0000] {logging_mixin.py:151} INFO - [2026-05-03T13:07:19.763+0000] {dagbag.py:539} INFO - Filling up the DagBag from /opt/airflow/dags/setup_retail_pipeline.py
[2026-05-03T13:07:19.782+0000] {processor.py:839} INFO - DAG(s) dict_keys(['setup_retail_pipeline']) retrieved from /opt/airflow/dags/setup_retail_pipeline.py
[2026-05-03T13:07:19.806+0000] {logging_mixin.py:151} INFO - [2026-05-03T13:07:19.806+0000] {dag.py:2915} INFO - Sync 1 DAGs
[2026-05-03T13:07:19.816+0000] {logging_mixin.py:151} INFO - [2026-05-03T13:07:19.816+0000] {dag.py:3696} INFO - Setting next_dagrun for setup_retail_pipeline to 2026-05-03T13:00:00+00:00, run_after=2026-05-03T14:00:00+00:00
[2026-05-03T13:07:19.828+0000] {processor.py:179} INFO - Processing /opt/airflow/dags/setup_retail_pipeline.py took 0.075 seconds
[2026-05-03T13:07:50.089+0000] {processor.py:157} INFO - Started process (PID=4790) to work on /opt/airflow/dags/setup_retail_pipeline.py
[2026-05-03T13:07:50.093+0000] {processor.py:829} INFO - Processing file /opt/airflow/dags/setup_retail_pipeline.py for tasks to queue
[2026-05-03T13:07:50.094+0000] {logging_mixin.py:151} INFO - [2026-05-03T13:07:50.094+0000] {dagbag.py:539} INFO - Filling up the DagBag from /opt/airflow/dags/setup_retail_pipeline.py
[2026-05-03T13:07:50.115+0000] {processor.py:839} INFO - DAG(s) dict_keys(['setup_retail_pipeline']) retrieved from /opt/airflow/dags/setup_retail_pipeline.py
[2026-05-03T13:07:50.146+0000] {logging_mixin.py:151} INFO - [2026-05-03T13:07:50.146+0000] {dag.py:2915} INFO - Sync 1 DAGs
[2026-05-03T13:07:50.163+0000] {logging_mixin.py:151} INFO - [2026-05-03T13:07:50.163+0000] {dag.py:3696} INFO - Setting next_dagrun for setup_retail_pipeline to 2026-05-03T13:00:00+00:00, run_after=2026-05-03T14:00:00+00:00
[2026-05-03T13:07:50.174+0000] {processor.py:179} INFO - Processing /opt/airflow/dags/setup_retail_pipeline.py took 0.093 seconds
[2026-05-03T13:08:20.328+0000] {processor.py:157} INFO - Started process (PID=4800) to work on /opt/airflow/dags/setup_retail_pipeline.py
[2026-05-03T13:08:20.330+0000] {processor.py:829} INFO - Processing file /opt/airflow/dags/setup_retail_pipeline.py for tasks to queue
[2026-05-03T13:08:20.335+0000] {logging_mixin.py:151} INFO - [2026-05-03T13:08:20.335+0000] {dagbag.py:539} INFO - Filling up the DagBag from /opt/airflow/dags/setup_retail_pipeline.py
[2026-05-03T13:08:20.352+0000] {processor.py:839} INFO - DAG(s) dict_keys(['setup_retail_pipeline']) retrieved from /opt/airflow/dags/setup_retail_pipeline.py
[2026-05-03T13:08:20.374+0000] {logging_mixin.py:151} INFO - [2026-05-03T13:08:20.374+0000] {dag.py:2915} INFO - Sync 1 DAGs
[2026-05-03T13:08:20.384+0000] {logging_mixin.py:151} INFO - [2026-05-03T13:08:20.384+0000] {dag.py:3696} INFO - Setting next_dagrun for setup_retail_pipeline to 2026-05-03T13:00:00+00:00, run_after=2026-05-03T14:00:00+00:00
[2026-05-03T13:08:20.397+0000] {processor.py:179} INFO - Processing /opt/airflow/dags/setup_retail_pipeline.py took 0.074 seconds
[2026-05-03T13:08:50.624+0000] {processor.py:157} INFO - Started process (PID=4810) to work on /opt/airflow/dags/setup_retail_pipeline.py
[2026-05-03T13:08:50.628+0000] {processor.py:829} INFO - Processing file /opt/airflow/dags/setup_retail_pipeline.py for tasks to queue
[2026-05-03T13:08:50.630+0000] {logging_mixin.py:151} INFO - [2026-05-03T13:08:50.630+0000] {dagbag.py:539} INFO - Filling up the DagBag from /opt/airflow/dags/setup_retail_pipeline.py
[2026-05-03T13:08:50.652+0000] {processor.py:839} INFO - DAG(s) dict_keys(['setup_retail_pipeline']) retrieved from /opt/airflow/dags/setup_retail_pipeline.py
[2026-05-03T13:08:50.682+0000] {logging_mixin.py:151} INFO - [2026-05-03T13:08:50.682+0000] {dag.py:2915} INFO - Sync 1 DAGs
[2026-05-03T13:08:50.699+0000] {logging_mixin.py:151} INFO - [2026-05-03T13:08:50.699+0000] {dag.py:3696} INFO - Setting next_dagrun for setup_retail_pipeline to 2026-05-03T13:00:00+00:00, run_after=2026-05-03T14:00:00+00:00
[2026-05-03T13:08:50.711+0000] {processor.py:179} INFO - Processing /opt/airflow/dags/setup_retail_pipeline.py took 0.095 seconds
[2026-05-03T13:09:20.876+0000] {processor.py:157} INFO - Started process (PID=4820) to work on /opt/airflow/dags/setup_retail_pipeline.py
[2026-05-03T13:09:20.878+0000] {processor.py:829} INFO - Processing file /opt/airflow/dags/setup_retail_pipeline.py for tasks to queue
[2026-05-03T13:09:20.880+0000] {logging_mixin.py:151} INFO - [2026-05-03T13:09:20.878+0000] {dagbag.py:539} INFO - Filling up the DagBag from /opt/airflow/dags/setup_retail_pipeline.py
[2026-05-03T13:09:20.900+0000] {processor.py:839} INFO - DAG(s) dict_keys(['setup_retail_pipeline']) retrieved from /opt/airflow/dags/setup_retail_pipeline.py
[2026-05-03T13:09:20.927+0000] {logging_mixin.py:151} INFO - [2026-05-03T13:09:20.927+0000] {dag.py:2915} INFO - Sync 1 DAGs
[2026-05-03T13:09:20.943+0000] {logging_mixin.py:151} INFO - [2026-05-03T13:09:20.943+0000] {dag.py:3696} INFO - Setting next_dagrun for setup_retail_pipeline to 2026-05-03T13:00:00+00:00, run_after=2026-05-03T14:00:00+00:00
[2026-05-03T13:09:20.952+0000] {processor.py:179} INFO - Processing /opt/airflow/dags/setup_retail_pipeline.py took 0.082 seconds
[2026-05-03T13:09:51.128+0000] {processor.py:157} INFO - Started process (PID=4830) to work on /opt/airflow/dags/setup_retail_pipeline.py
[2026-05-03T13:09:51.132+0000] {processor.py:829} INFO - Processing file /opt/airflow/dags/setup_retail_pipeline.py for tasks to queue
[2026-05-03T13:09:51.135+0000] {logging_mixin.py:151} INFO - [2026-05-03T13:09:51.135+0000] {dagbag.py:539} INFO - Filling up the DagBag from /opt/airflow/dags/setup_retail_pipeline.py
[2026-05-03T13:09:51.163+0000] {processor.py:839} INFO - DAG(s) dict_keys(['setup_retail_pipeline']) retrieved from /opt/airflow/dags/setup_retail_pipeline.py
[2026-05-03T13:09:51.204+0000] {logging_mixin.py:151} INFO - [2026-05-03T13:09:51.204+0000] {dag.py:2915} INFO - Sync 1 DAGs
[2026-05-03T13:09:51.225+0000] {logging_mixin.py:151} INFO - [2026-05-03T13:09:51.225+0000] {dag.py:3696} INFO - Setting next_dagrun for setup_retail_pipeline to 2026-05-03T13:00:00+00:00, run_after=2026-05-03T14:00:00+00:00
[2026-05-03T13:09:51.237+0000] {processor.py:179} INFO - Processing /opt/airflow/dags/setup_retail_pipeline.py took 0.117 seconds
[2026-05-03T13:10:21.510+0000] {processor.py:157} INFO - Started process (PID=4840) to work on /opt/airflow/dags/setup_retail_pipeline.py
[2026-05-03T13:10:21.513+0000] {processor.py:829} INFO - Processing file /opt/airflow/dags/setup_retail_pipeline.py for tasks to queue
[2026-05-03T13:10:21.514+0000] {logging_mixin.py:151} INFO - [2026-05-03T13:10:21.514+0000] {dagbag.py:539} INFO - Filling up the DagBag from /opt/airflow/dags/setup_retail_pipeline.py
[2026-05-03T13:10:21.537+0000] {processor.py:839} INFO - DAG(s) dict_keys(['setup_retail_pipeline']) retrieved from /opt/airflow/dags/setup_retail_pipeline.py
[2026-05-03T13:10:21.583+0000] {logging_mixin.py:151} INFO - [2026-05-03T13:10:21.583+0000] {dag.py:2915} INFO - Sync 1 DAGs
[2026-05-03T13:10:21.606+0000] {logging_mixin.py:151} INFO - [2026-05-03T13:10:21.605+0000] {dag.py:3696} INFO - Setting next_dagrun for setup_retail_pipeline to 2026-05-03T13:00:00+00:00, run_after=2026-05-03T14:00:00+00:00
[2026-05-03T13:10:21.619+0000] {processor.py:179} INFO - Processing /opt/airflow/dags/setup_retail_pipeline.py took 0.115 seconds
[2026-05-03T13:10:51.841+0000] {processor.py:157} INFO - Started process (PID=4850) to work on /opt/airflow/dags/setup_retail_pipeline.py
[2026-05-03T13:10:51.844+0000] {processor.py:829} INFO - Processing file /opt/airflow/dags/setup_retail_pipeline.py for tasks to queue
[2026-05-03T13:10:51.845+0000] {logging_mixin.py:151} INFO - [2026-05-03T13:10:51.844+0000] {dagbag.py:539} INFO - Filling up the DagBag from /opt/airflow/dags/setup_retail_pipeline.py
[2026-05-03T13:10:51.869+0000] {processor.py:839} INFO - DAG(s) dict_keys(['setup_retail_pipeline']) retrieved from /opt/airflow/dags/setup_retail_pipeline.py
[2026-05-03T13:10:51.911+0000] {logging_mixin.py:151} INFO - [2026-05-03T13:10:51.911+0000] {dag.py:2915} INFO - Sync 1 DAGs
[2026-05-03T13:10:51.930+0000] {logging_mixin.py:151} INFO - [2026-05-03T13:10:51.930+0000] {dag.py:3696} INFO - Setting next_dagrun for setup_retail_pipeline to 2026-05-03T13:00:00+00:00, run_after=2026-05-03T14:00:00+00:00
[2026-05-03T13:10:51.966+0000] {processor.py:179} INFO - Processing /opt/airflow/dags/setup_retail_pipeline.py took 0.133 seconds
[2026-05-03T13:11:22.225+0000] {processor.py:157} INFO - Started process (PID=4860) to work on /opt/airflow/dags/setup_retail_pipeline.py
[2026-05-03T13:11:22.229+0000] {processor.py:829} INFO - Processing file /opt/airflow/dags/setup_retail_pipeline.py for tasks to queue
[2026-05-03T13:11:22.230+0000] {logging_mixin.py:151} INFO - [2026-05-03T13:11:22.230+0000] {dagbag.py:539} INFO - Filling up the DagBag from /opt/airflow/dags/setup_retail_pipeline.py
[2026-05-03T13:11:22.250+0000] {processor.py:839} INFO - DAG(s) dict_keys(['setup_retail_pipeline']) retrieved from /opt/airflow/dags/setup_retail_pipeline.py
[2026-05-03T13:11:22.282+0000] {logging_mixin.py:151} INFO - [2026-05-03T13:11:22.282+0000] {dag.py:2915} INFO - Sync 1 DAGs
[2026-05-03T13:11:22.301+0000] {logging_mixin.py:151} INFO - [2026-05-03T13:11:22.301+0000] {dag.py:3696} INFO - Setting next_dagrun for setup_retail_pipeline to 2026-05-03T13:00:00+00:00, run_after=2026-05-03T14:00:00+00:00
[2026-05-03T13:11:22.318+0000] {processor.py:179} INFO - Processing /opt/airflow/dags/setup_retail_pipeline.py took 0.100 seconds
[2026-05-03T13:11:52.573+0000] {processor.py:157} INFO - Started process (PID=4870) to work on /opt/airflow/dags/setup_retail_pipeline.py
[2026-05-03T13:11:52.575+0000] {processor.py:829} INFO - Processing file /opt/airflow/dags/setup_retail_pipeline.py for tasks to queue
[2026-05-03T13:11:52.576+0000] {logging_mixin.py:151} INFO - [2026-05-03T13:11:52.575+0000] {dagbag.py:539} INFO - Filling up the DagBag from /opt/airflow/dags/setup_retail_pipeline.py
[2026-05-03T13:11:52.598+0000] {processor.py:839} INFO - DAG(s) dict_keys(['setup_retail_pipeline']) retrieved from /opt/airflow/dags/setup_retail_pipeline.py
[2026-05-03T13:11:52.628+0000] {logging_mixin.py:151} INFO - [2026-05-03T13:11:52.628+0000] {dag.py:2915} INFO - Sync 1 DAGs
[2026-05-03T13:11:52.647+0000] {logging_mixin.py:151} INFO - [2026-05-03T13:11:52.647+0000] {dag.py:3696} INFO - Setting next_dagrun for setup_retail_pipeline to 2026-05-03T13:00:00+00:00, run_after=2026-05-03T14:00:00+00:00
[2026-05-03T13:11:52.658+0000] {processor.py:179} INFO - Processing /opt/airflow/dags/setup_retail_pipeline.py took 0.093 seconds
[2026-05-03T13:12:22.930+0000] {processor.py:157} INFO - Started process (PID=4880) to work on /opt/airflow/dags/setup_retail_pipeline.py
[2026-05-03T13:12:22.933+0000] {processor.py:829} INFO - Processing file /opt/airflow/dags/setup_retail_pipeline.py for tasks to queue
[2026-05-03T13:12:22.935+0000] {logging_mixin.py:151} INFO - [2026-05-03T13:12:22.934+0000] {dagbag.py:539} INFO - Filling up the DagBag from /opt/airflow/dags/setup_retail_pipeline.py
[2026-05-03T13:12:22.966+0000] {processor.py:839} INFO - DAG(s) dict_keys(['setup_retail_pipeline']) retrieved from /opt/airflow/dags/setup_retail_pipeline.py
[2026-05-03T13:12:22.995+0000] {logging_mixin.py:151} INFO - [2026-05-03T13:12:22.995+0000] {dag.py:2915} INFO - Sync 1 DAGs
[2026-05-03T13:12:23.018+0000] {logging_mixin.py:151} INFO - [2026-05-03T13:12:23.018+0000] {dag.py:3696} INFO - Setting next_dagrun for setup_retail_pipeline to 2026-05-03T13:00:00+00:00, run_after=2026-05-03T14:00:00+00:00
[2026-05-03T13:12:23.030+0000] {processor.py:179} INFO - Processing /opt/airflow/dags/setup_retail_pipeline.py took 0.114 seconds
[2026-05-03T13:12:53.181+0000] {processor.py:157} INFO - Started process (PID=4890) to work on /opt/airflow/dags/setup_retail_pipeline.py
[2026-05-03T13:12:53.183+0000] {processor.py:829} INFO - Processing file /opt/airflow/dags/setup_retail_pipeline.py for tasks to queue
[2026-05-03T13:12:53.184+0000] {logging_mixin.py:151} INFO - [2026-05-03T13:12:53.183+0000] {dagbag.py:539} INFO - Filling up the DagBag from /opt/airflow/dags/setup_retail_pipeline.py
[2026-05-03T13:12:53.220+0000] {processor.py:839} INFO - DAG(s) dict_keys(['setup_retail_pipeline']) retrieved from /opt/airflow/dags/setup_retail_pipeline.py
[2026-05-03T13:12:53.262+0000] {logging_mixin.py:151} INFO - [2026-05-03T13:12:53.262+0000] {dag.py:2915} INFO - Sync 1 DAGs
[2026-05-03T13:12:53.288+0000] {logging_mixin.py:151} INFO - [2026-05-03T13:12:53.288+0000] {dag.py:3696} INFO - Setting next_dagrun for setup_retail_pipeline to 2026-05-03T13:00:00+00:00, run_after=2026-05-03T14:00:00+00:00
[2026-05-03T13:12:53.299+0000] {processor.py:179} INFO - Processing /opt/airflow/dags/setup_retail_pipeline.py took 0.128 seconds
[2026-05-03T13:13:23.474+0000] {processor.py:157} INFO - Started process (PID=4900) to work on /opt/airflow/dags/setup_retail_pipeline.py
[2026-05-03T13:13:23.477+0000] {processor.py:829} INFO - Processing file /opt/airflow/dags/setup_retail_pipeline.py for tasks to queue
[2026-05-03T13:13:23.478+0000] {logging_mixin.py:151} INFO - [2026-05-03T13:13:23.477+0000] {dagbag.py:539} INFO - Filling up the DagBag from /opt/airflow/dags/setup_retail_pipeline.py
[2026-05-03T13:13:23.503+0000] {processor.py:839} INFO - DAG(s) dict_keys(['setup_retail_pipeline']) retrieved from /opt/airflow/dags/setup_retail_pipeline.py
[2026-05-03T13:13:23.538+0000] {logging_mixin.py:151} INFO - [2026-05-03T13:13:23.538+0000] {dag.py:2915} INFO - Sync 1 DAGs
[2026-05-03T13:13:23.556+0000] {logging_mixin.py:151} INFO - [2026-05-03T13:13:23.556+0000] {dag.py:3696} INFO - Setting next_dagrun for setup_retail_pipeline to 2026-05-03T13:00:00+00:00, run_after=2026-05-03T14:00:00+00:00
[2026-05-03T13:13:23.568+0000] {processor.py:179} INFO - Processing /opt/airflow/dags/setup_retail_pipeline.py took 0.102 seconds
[2026-05-03T13:13:53.786+0000] {processor.py:157} INFO - Started process (PID=4910) to work on /opt/airflow/dags/setup_retail_pipeline.py
[2026-05-03T13:13:53.791+0000] {processor.py:829} INFO - Processing file /opt/airflow/dags/setup_retail_pipeline.py for tasks to queue
[2026-05-03T13:13:53.793+0000] {logging_mixin.py:151} INFO - [2026-05-03T13:13:53.791+0000] {dagbag.py:539} INFO - Filling up the DagBag from /opt/airflow/dags/setup_retail_pipeline.py
[2026-05-03T13:13:53.822+0000] {processor.py:839} INFO - DAG(s) dict_keys(['setup_retail_pipeline']) retrieved from /opt/airflow/dags/setup_retail_pipeline.py
[2026-05-03T13:13:53.874+0000] {logging_mixin.py:151} INFO - [2026-05-03T13:13:53.873+0000] {dag.py:2915} INFO - Sync 1 DAGs
[2026-05-03T13:13:53.895+0000] {logging_mixin.py:151} INFO - [2026-05-03T13:13:53.895+0000] {dag.py:3696} INFO - Setting next_dagrun for setup_retail_pipeline to 2026-05-03T13:00:00+00:00, run_after=2026-05-03T14:00:00+00:00
[2026-05-03T13:13:53.908+0000] {processor.py:179} INFO - Processing /opt/airflow/dags/setup_retail_pipeline.py took 0.132 seconds
[2026-05-03T13:14:24.189+0000] {processor.py:157} INFO - Started process (PID=4920) to work on /opt/airflow/dags/setup_retail_pipeline.py
[2026-05-03T13:14:24.191+0000] {processor.py:829} INFO - Processing file /opt/airflow/dags/setup_retail_pipeline.py for tasks to queue
[2026-05-03T13:14:24.193+0000] {logging_mixin.py:151} INFO - [2026-05-03T13:14:24.192+0000] {dagbag.py:539} INFO - Filling up the DagBag from /opt/airflow/dags/setup_retail_pipeline.py
[2026-05-03T13:14:24.213+0000] {processor.py:839} INFO - DAG(s) dict_keys(['setup_retail_pipeline']) retrieved from /opt/airflow/dags/setup_retail_pipeline.py
[2026-05-03T13:14:24.238+0000] {logging_mixin.py:151} INFO - [2026-05-03T13:14:24.238+0000] {dag.py:2915} INFO - Sync 1 DAGs
[2026-05-03T13:14:24.256+0000] {logging_mixin.py:151} INFO - [2026-05-03T13:14:24.256+0000] {dag.py:3696} INFO - Setting next_dagrun for setup_retail_pipeline to 2026-05-03T13:00:00+00:00, run_after=2026-05-03T14:00:00+00:00
[2026-05-03T13:14:24.266+0000] {processor.py:179} INFO - Processing /opt/airflow/dags/setup_retail_pipeline.py took 0.085 seconds
[2026-05-03T13:14:54.447+0000] {processor.py:157} INFO - Started process (PID=4930) to work on /opt/airflow/dags/setup_retail_pipeline.py
[2026-05-03T13:14:54.449+0000] {processor.py:829} INFO - Processing file /opt/airflow/dags/setup_retail_pipeline.py for tasks to queue
[2026-05-03T13:14:54.450+0000] {logging_mixin.py:151} INFO - [2026-05-03T13:14:54.449+0000] {dagbag.py:539} INFO - Filling up the DagBag from /opt/airflow/dags/setup_retail_pipeline.py
[2026-05-03T13:14:54.469+0000] {processor.py:839} INFO - DAG(s) dict_keys(['setup_retail_pipeline']) retrieved from /opt/airflow/dags/setup_retail_pipeline.py
[2026-05-03T13:14:54.495+0000] {logging_mixin.py:151} INFO - [2026-05-03T13:14:54.495+0000] {dag.py:2915} INFO - Sync 1 DAGs
[2026-05-03T13:14:54.510+0000] {logging_mixin.py:151} INFO - [2026-05-03T13:14:54.510+0000] {dag.py:3696} INFO - Setting next_dagrun for setup_retail_pipeline to 2026-05-03T13:00:00+00:00, run_after=2026-05-03T14:00:00+00:00
[2026-05-03T13:14:54.520+0000] {processor.py:179} INFO - Processing /opt/airflow/dags/setup_retail_pipeline.py took 0.079 seconds
[2026-05-03T13:15:24.785+0000] {processor.py:157} INFO - Started process (PID=4940) to work on /opt/airflow/dags/setup_retail_pipeline.py
[2026-05-03T13:15:24.786+0000] {processor.py:829} INFO - Processing file /opt/airflow/dags/setup_retail_pipeline.py for tasks to queue
[2026-05-03T13:15:24.787+0000] {logging_mixin.py:151} INFO - [2026-05-03T13:15:24.787+0000] {dagbag.py:539} INFO - Filling up the DagBag from /opt/airflow/dags/setup_retail_pipeline.py
[2026-05-03T13:15:24.799+0000] {processor.py:839} INFO - DAG(s) dict_keys(['setup_retail_pipeline']) retrieved from /opt/airflow/dags/setup_retail_pipeline.py
[2026-05-03T13:15:24.818+0000] {logging_mixin.py:151} INFO - [2026-05-03T13:15:24.818+0000] {dag.py:2915} INFO - Sync 1 DAGs
[2026-05-03T13:15:24.829+0000] {logging_mixin.py:151} INFO - [2026-05-03T13:15:24.829+0000] {dag.py:3696} INFO - Setting next_dagrun for setup_retail_pipeline to 2026-05-03T13:00:00+00:00, run_after=2026-05-03T14:00:00+00:00
[2026-05-03T13:15:24.842+0000] {processor.py:179} INFO - Processing /opt/airflow/dags/setup_retail_pipeline.py took 0.062 seconds
[2026-05-03T13:15:55.023+0000] {processor.py:157} INFO - Started process (PID=4950) to work on /opt/airflow/dags/setup_retail_pipeline.py
[2026-05-03T13:15:55.024+0000] {processor.py:829} INFO - Processing file /opt/airflow/dags/setup_retail_pipeline.py for tasks to queue
[2026-05-03T13:15:55.026+0000] {logging_mixin.py:151} INFO - [2026-05-03T13:15:55.025+0000] {dagbag.py:539} INFO - Filling up the DagBag from /opt/airflow/dags/setup_retail_pipeline.py
[2026-05-03T13:15:55.046+0000] {processor.py:839} INFO - DAG(s) dict_keys(['setup_retail_pipeline']) retrieved from /opt/airflow/dags/setup_retail_pipeline.py
[2026-05-03T13:15:55.073+0000] {logging_mixin.py:151} INFO - [2026-05-03T13:15:55.072+0000] {dag.py:2915} INFO - Sync 1 DAGs
[2026-05-03T13:15:55.086+0000] {logging_mixin.py:151} INFO - [2026-05-03T13:15:55.086+0000] {dag.py:3696} INFO - Setting next_dagrun for setup_retail_pipeline to 2026-05-03T13:00:00+00:00, run_after=2026-05-03T14:00:00+00:00
[2026-05-03T13:15:55.096+0000] {processor.py:179} INFO - Processing /opt/airflow/dags/setup_retail_pipeline.py took 0.080 seconds
[2026-05-03T13:16:25.225+0000] {processor.py:157} INFO - Started process (PID=4960) to work on /opt/airflow/dags/setup_retail_pipeline.py
[2026-05-03T13:16:25.226+0000] {processor.py:829} INFO - Processing file /opt/airflow/dags/setup_retail_pipeline.py for tasks to queue
[2026-05-03T13:16:25.228+0000] {logging_mixin.py:151} INFO - [2026-05-03T13:16:25.227+0000] {dagbag.py:539} INFO - Filling up the DagBag from /opt/airflow/dags/setup_retail_pipeline.py
[2026-05-03T13:16:25.245+0000] {processor.py:839} INFO - DAG(s) dict_keys(['setup_retail_pipeline']) retrieved from /opt/airflow/dags/setup_retail_pipeline.py
[2026-05-03T13:16:25.285+0000] {logging_mixin.py:151} INFO - [2026-05-03T13:16:25.284+0000] {dag.py:2915} INFO - Sync 1 DAGs
[2026-05-03T13:16:25.296+0000] {logging_mixin.py:151} INFO - [2026-05-03T13:16:25.295+0000] {dag.py:3696} INFO - Setting next_dagrun for setup_retail_pipeline to 2026-05-03T13:00:00+00:00, run_after=2026-05-03T14:00:00+00:00
[2026-05-03T13:16:25.304+0000] {processor.py:179} INFO - Processing /opt/airflow/dags/setup_retail_pipeline.py took 0.084 seconds
[2026-05-03T13:16:55.547+0000] {processor.py:157} INFO - Started process (PID=4970) to work on /opt/airflow/dags/setup_retail_pipeline.py
[2026-05-03T13:16:55.548+0000] {processor.py:829} INFO - Processing file /opt/airflow/dags/setup_retail_pipeline.py for tasks to queue
[2026-05-03T13:16:55.549+0000] {logging_mixin.py:151} INFO - [2026-05-03T13:16:55.549+0000] {dagbag.py:539} INFO - Filling up the DagBag from /opt/airflow/dags/setup_retail_pipeline.py
[2026-05-03T13:16:55.565+0000] {processor.py:839} INFO - DAG(s) dict_keys(['setup_retail_pipeline']) retrieved from /opt/airflow/dags/setup_retail_pipeline.py
[2026-05-03T13:16:55.592+0000] {logging_mixin.py:151} INFO - [2026-05-03T13:16:55.592+0000] {dag.py:2915} INFO - Sync 1 DAGs
[2026-05-03T13:16:55.605+0000] {logging_mixin.py:151} INFO - [2026-05-03T13:16:55.605+0000] {dag.py:3696} INFO - Setting next_dagrun for setup_retail_pipeline to 2026-05-03T13:00:00+00:00, run_after=2026-05-03T14:00:00+00:00
[2026-05-03T13:16:55.617+0000] {processor.py:179} INFO - Processing /opt/airflow/dags/setup_retail_pipeline.py took 0.074 seconds
[2026-05-03T13:17:25.850+0000] {processor.py:157} INFO - Started process (PID=4980) to work on /opt/airflow/dags/setup_retail_pipeline.py
[2026-05-03T13:17:25.852+0000] {processor.py:829} INFO - Processing file /opt/airflow/dags/setup_retail_pipeline.py for tasks to queue
[2026-05-03T13:17:25.853+0000] {logging_mixin.py:151} INFO - [2026-05-03T13:17:25.852+0000] {dagbag.py:539} INFO - Filling up the DagBag from /opt/airflow/dags/setup_retail_pipeline.py
[2026-05-03T13:17:25.870+0000] {processor.py:839} INFO - DAG(s) dict_keys(['setup_retail_pipeline']) retrieved from /opt/airflow/dags/setup_retail_pipeline.py
[2026-05-03T13:17:25.894+0000] {logging_mixin.py:151} INFO - [2026-05-03T13:17:25.894+0000] {dag.py:2915} INFO - Sync 1 DAGs
[2026-05-03T13:17:25.910+0000] {logging_mixin.py:151} INFO - [2026-05-03T13:17:25.910+0000] {dag.py:3696} INFO - Setting next_dagrun for setup_retail_pipeline to 2026-05-03T13:00:00+00:00, run_after=2026-05-03T14:00:00+00:00
[2026-05-03T13:17:25.920+0000] {processor.py:179} INFO - Processing /opt/airflow/dags/setup_retail_pipeline.py took 0.078 seconds
[2026-05-03T13:17:56.068+0000] {processor.py:157} INFO - Started process (PID=4990) to work on /opt/airflow/dags/setup_retail_pipeline.py
[2026-05-03T13:17:56.069+0000] {processor.py:829} INFO - Processing file /opt/airflow/dags/setup_retail_pipeline.py for tasks to queue
[2026-05-03T13:17:56.070+0000] {logging_mixin.py:151} INFO - [2026-05-03T13:17:56.070+0000] {dagbag.py:539} INFO - Filling up the DagBag from /opt/airflow/dags/setup_retail_pipeline.py
[2026-05-03T13:17:56.086+0000] {processor.py:839} INFO - DAG(s) dict_keys(['setup_retail_pipeline']) retrieved from /opt/airflow/dags/setup_retail_pipeline.py
[2026-05-03T13:17:56.110+0000] {logging_mixin.py:151} INFO - [2026-05-03T13:17:56.110+0000] {dag.py:2915} INFO - Sync 1 DAGs
[2026-05-03T13:17:56.124+0000] {logging_mixin.py:151} INFO - [2026-05-03T13:17:56.124+0000] {dag.py:3696} INFO - Setting next_dagrun for setup_retail_pipeline to 2026-05-03T13:00:00+00:00, run_after=2026-05-03T14:00:00+00:00
[2026-05-03T13:17:56.136+0000] {processor.py:179} INFO - Processing /opt/airflow/dags/setup_retail_pipeline.py took 0.073 seconds
[2026-05-03T13:18:26.394+0000] {processor.py:157} INFO - Started process (PID=5000) to work on /opt/airflow/dags/setup_retail_pipeline.py
[2026-05-03T13:18:26.396+0000] {processor.py:829} INFO - Processing file /opt/airflow/dags/setup_retail_pipeline.py for tasks to queue
[2026-05-03T13:18:26.398+0000] {logging_mixin.py:151} INFO - [2026-05-03T13:18:26.397+0000] {dagbag.py:539} INFO - Filling up the DagBag from /opt/airflow/dags/setup_retail_pipeline.py
[2026-05-03T13:18:26.413+0000] {processor.py:839} INFO - DAG(s) dict_keys(['setup_retail_pipeline']) retrieved from /opt/airflow/dags/setup_retail_pipeline.py
[2026-05-03T13:18:26.439+0000] {logging_mixin.py:151} INFO - [2026-05-03T13:18:26.439+0000] {dag.py:2915} INFO - Sync 1 DAGs
[2026-05-03T13:18:26.452+0000] {logging_mixin.py:151} INFO - [2026-05-03T13:18:26.452+0000] {dag.py:3696} INFO - Setting next_dagrun for setup_retail_pipeline to 2026-05-03T13:00:00+00:00, run_after=2026-05-03T14:00:00+00:00
[2026-05-03T13:18:26.462+0000] {processor.py:179} INFO - Processing /opt/airflow/dags/setup_retail_pipeline.py took 0.075 seconds
[2026-05-03T13:18:56.688+0000] {processor.py:157} INFO - Started process (PID=5010) to work on /opt/airflow/dags/setup_retail_pipeline.py
[2026-05-03T13:18:56.689+0000] {processor.py:829} INFO - Processing file /opt/airflow/dags/setup_retail_pipeline.py for tasks to queue
[2026-05-03T13:18:56.691+0000] {logging_mixin.py:151} INFO - [2026-05-03T13:18:56.690+0000] {dagbag.py:539} INFO - Filling up the DagBag from /opt/airflow/dags/setup_retail_pipeline.py
[2026-05-03T13:18:56.711+0000] {processor.py:839} INFO - DAG(s) dict_keys(['setup_retail_pipeline']) retrieved from /opt/airflow/dags/setup_retail_pipeline.py
[2026-05-03T13:18:56.736+0000] {logging_mixin.py:151} INFO - [2026-05-03T13:18:56.736+0000] {dag.py:2915} INFO - Sync 1 DAGs
[2026-05-03T13:18:56.747+0000] {logging_mixin.py:151} INFO - [2026-05-03T13:18:56.747+0000] {dag.py:3696} INFO - Setting next_dagrun for setup_retail_pipeline to 2026-05-03T13:00:00+00:00, run_after=2026-05-03T14:00:00+00:00
[2026-05-03T13:18:56.757+0000] {processor.py:179} INFO - Processing /opt/airflow/dags/setup_retail_pipeline.py took 0.074 seconds
[2026-05-03T13:19:27.003+0000] {processor.py:157} INFO - Started process (PID=5020) to work on /opt/airflow/dags/setup_retail_pipeline.py
[2026-05-03T13:19:27.004+0000] {processor.py:829} INFO - Processing file /opt/airflow/dags/setup_retail_pipeline.py for tasks to queue
[2026-05-03T13:19:27.005+0000] {logging_mixin.py:151} INFO - [2026-05-03T13:19:27.005+0000] {dagbag.py:539} INFO - Filling up the DagBag from /opt/airflow/dags/setup_retail_pipeline.py
[2026-05-03T13:19:27.019+0000] {processor.py:839} INFO - DAG(s) dict_keys(['setup_retail_pipeline']) retrieved from /opt/airflow/dags/setup_retail_pipeline.py
[2026-05-03T13:19:27.039+0000] {logging_mixin.py:151} INFO - [2026-05-03T13:19:27.039+0000] {dag.py:2915} INFO - Sync 1 DAGs
[2026-05-03T13:19:27.051+0000] {logging_mixin.py:151} INFO - [2026-05-03T13:19:27.051+0000] {dag.py:3696} INFO - Setting next_dagrun for setup_retail_pipeline to 2026-05-03T13:00:00+00:00, run_after=2026-05-03T14:00:00+00:00
[2026-05-03T13:19:27.061+0000] {processor.py:179} INFO - Processing /opt/airflow/dags/setup_retail_pipeline.py took 0.063 seconds
[2026-05-03T13:19:57.333+0000] {processor.py:157} INFO - Started process (PID=5030) to work on /opt/airflow/dags/setup_retail_pipeline.py
[2026-05-03T13:19:57.335+0000] {processor.py:829} INFO - Processing file /opt/airflow/dags/setup_retail_pipeline.py for tasks to queue
[2026-05-03T13:19:57.336+0000] {logging_mixin.py:151} INFO - [2026-05-03T13:19:57.335+0000] {dagbag.py:539} INFO - Filling up the DagBag from /opt/airflow/dags/setup_retail_pipeline.py
[2026-05-03T13:19:57.359+0000] {processor.py:839} INFO - DAG(s) dict_keys(['setup_retail_pipeline']) retrieved from /opt/airflow/dags/setup_retail_pipeline.py
[2026-05-03T13:19:57.389+0000] {logging_mixin.py:151} INFO - [2026-05-03T13:19:57.389+0000] {dag.py:2915} INFO - Sync 1 DAGs
[2026-05-03T13:19:57.405+0000] {logging_mixin.py:151} INFO - [2026-05-03T13:19:57.405+0000] {dag.py:3696} INFO - Setting next_dagrun for setup_retail_pipeline to 2026-05-03T13:00:00+00:00, run_after=2026-05-03T14:00:00+00:00
[2026-05-03T13:19:57.417+0000] {processor.py:179} INFO - Processing /opt/airflow/dags/setup_retail_pipeline.py took 0.093 seconds
[2026-05-03T13:20:27.669+0000] {processor.py:157} INFO - Started process (PID=5040) to work on /opt/airflow/dags/setup_retail_pipeline.py
[2026-05-03T13:20:27.673+0000] {processor.py:829} INFO - Processing file /opt/airflow/dags/setup_retail_pipeline.py for tasks to queue
[2026-05-03T13:20:27.674+0000] {logging_mixin.py:151} INFO - [2026-05-03T13:20:27.673+0000] {dagbag.py:539} INFO - Filling up the DagBag from /opt/airflow/dags/setup_retail_pipeline.py
[2026-05-03T13:20:27.704+0000] {processor.py:839} INFO - DAG(s) dict_keys(['setup_retail_pipeline']) retrieved from /opt/airflow/dags/setup_retail_pipeline.py
[2026-05-03T13:20:27.740+0000] {logging_mixin.py:151} INFO - [2026-05-03T13:20:27.740+0000] {dag.py:2915} INFO - Sync 1 DAGs
[2026-05-03T13:20:27.761+0000] {logging_mixin.py:151} INFO - [2026-05-03T13:20:27.761+0000] {dag.py:3696} INFO - Setting next_dagrun for setup_retail_pipeline to 2026-05-03T13:00:00+00:00, run_after=2026-05-03T14:00:00+00:00
[2026-05-03T13:20:27.772+0000] {processor.py:179} INFO - Processing /opt/airflow/dags/setup_retail_pipeline.py took 0.109 seconds
[2026-05-03T13:20:58.034+0000] {processor.py:157} INFO - Started process (PID=5050) to work on /opt/airflow/dags/setup_retail_pipeline.py
[2026-05-03T13:20:58.036+0000] {processor.py:829} INFO - Processing file /opt/airflow/dags/setup_retail_pipeline.py for tasks to queue
[2026-05-03T13:20:58.037+0000] {logging_mixin.py:151} INFO - [2026-05-03T13:20:58.037+0000] {dagbag.py:539} INFO - Filling up the DagBag from /opt/airflow/dags/setup_retail_pipeline.py
[2026-05-03T13:20:58.054+0000] {processor.py:839} INFO - DAG(s) dict_keys(['setup_retail_pipeline']) retrieved from /opt/airflow/dags/setup_retail_pipeline.py
[2026-05-03T13:20:58.082+0000] {logging_mixin.py:151} INFO - [2026-05-03T13:20:58.082+0000] {dag.py:2915} INFO - Sync 1 DAGs
[2026-05-03T13:20:58.097+0000] {logging_mixin.py:151} INFO - [2026-05-03T13:20:58.097+0000] {dag.py:3696} INFO - Setting next_dagrun for setup_retail_pipeline to 2026-05-03T13:00:00+00:00, run_after=2026-05-03T14:00:00+00:00
[2026-05-03T13:20:58.106+0000] {processor.py:179} INFO - Processing /opt/airflow/dags/setup_retail_pipeline.py took 0.080 seconds
[2026-05-03T13:21:28.341+0000] {processor.py:157} INFO - Started process (PID=5060) to work on /opt/airflow/dags/setup_retail_pipeline.py
[2026-05-03T13:21:28.341+0000] {processor.py:829} INFO - Processing file /opt/airflow/dags/setup_retail_pipeline.py for tasks to queue
[2026-05-03T13:21:28.342+0000] {logging_mixin.py:151} INFO - [2026-05-03T13:21:28.342+0000] {dagbag.py:539} INFO - Filling up the DagBag from /opt/airflow/dags/setup_retail_pipeline.py
[2026-05-03T13:21:28.355+0000] {processor.py:839} INFO - DAG(s) dict_keys(['setup_retail_pipeline']) retrieved from /opt/airflow/dags/setup_retail_pipeline.py
[2026-05-03T13:21:28.374+0000] {logging_mixin.py:151} INFO - [2026-05-03T13:21:28.374+0000] {dag.py:2915} INFO - Sync 1 DAGs
[2026-05-03T13:21:28.389+0000] {logging_mixin.py:151} INFO - [2026-05-03T13:21:28.389+0000] {dag.py:3696} INFO - Setting next_dagrun for setup_retail_pipeline to 2026-05-03T13:00:00+00:00, run_after=2026-05-03T14:00:00+00:00
[2026-05-03T13:21:28.402+0000] {processor.py:179} INFO - Processing /opt/airflow/dags/setup_retail_pipeline.py took 0.065 seconds
[2026-05-03T13:21:58.618+0000] {processor.py:157} INFO - Started process (PID=5070) to work on /opt/airflow/dags/setup_retail_pipeline.py
[2026-05-03T13:21:58.621+0000] {processor.py:829} INFO - Processing file /opt/airflow/dags/setup_retail_pipeline.py for tasks to queue
[2026-05-03T13:21:58.622+0000] {logging_mixin.py:151} INFO - [2026-05-03T13:21:58.622+0000] {dagbag.py:539} INFO - Filling up the DagBag from /opt/airflow/dags/setup_retail_pipeline.py
[2026-05-03T13:21:58.654+0000] {processor.py:839} INFO - DAG(s) dict_keys(['setup_retail_pipeline']) retrieved from /opt/airflow/dags/setup_retail_pipeline.py
[2026-05-03T13:21:58.692+0000] {logging_mixin.py:151} INFO - [2026-05-03T13:21:58.692+0000] {dag.py:2915} INFO - Sync 1 DAGs
[2026-05-03T13:21:58.713+0000] {logging_mixin.py:151} INFO - [2026-05-03T13:21:58.713+0000] {dag.py:3696} INFO - Setting next_dagrun for setup_retail_pipeline to 2026-05-03T13:00:00+00:00, run_after=2026-05-03T14:00:00+00:00
[2026-05-03T13:21:58.726+0000] {processor.py:179} INFO - Processing /opt/airflow/dags/setup_retail_pipeline.py took 0.114 seconds
[2026-05-03T13:22:28.816+0000] {processor.py:157} INFO - Started process (PID=5080) to work on /opt/airflow/dags/setup_retail_pipeline.py
[2026-05-03T13:22:28.817+0000] {processor.py:829} INFO - Processing file /opt/airflow/dags/setup_retail_pipeline.py for tasks to queue
[2026-05-03T13:22:28.818+0000] {logging_mixin.py:151} INFO - [2026-05-03T13:22:28.817+0000] {dagbag.py:539} INFO - Filling up the DagBag from /opt/airflow/dags/setup_retail_pipeline.py
[2026-05-03T13:22:28.834+0000] {processor.py:839} INFO - DAG(s) dict_keys(['setup_retail_pipeline']) retrieved from /opt/airflow/dags/setup_retail_pipeline.py
[2026-05-03T13:22:28.856+0000] {logging_mixin.py:151} INFO - [2026-05-03T13:22:28.856+0000] {dag.py:2915} INFO - Sync 1 DAGs
[2026-05-03T13:22:28.868+0000] {logging_mixin.py:151} INFO - [2026-05-03T13:22:28.868+0000] {dag.py:3696} INFO - Setting next_dagrun for setup_retail_pipeline to 2026-05-03T13:00:00+00:00, run_after=2026-05-03T14:00:00+00:00
[2026-05-03T13:22:28.881+0000] {processor.py:179} INFO - Processing /opt/airflow/dags/setup_retail_pipeline.py took 0.069 seconds
[2026-05-03T13:22:59.136+0000] {processor.py:157} INFO - Started process (PID=5090) to work on /opt/airflow/dags/setup_retail_pipeline.py
[2026-05-03T13:22:59.138+0000] {processor.py:829} INFO - Processing file /opt/airflow/dags/setup_retail_pipeline.py for tasks to queue
[2026-05-03T13:22:59.139+0000] {logging_mixin.py:151} INFO - [2026-05-03T13:22:59.138+0000] {dagbag.py:539} INFO - Filling up the DagBag from /opt/airflow/dags/setup_retail_pipeline.py
[2026-05-03T13:22:59.167+0000] {processor.py:839} INFO - DAG(s) dict_keys(['setup_retail_pipeline']) retrieved from /opt/airflow/dags/setup_retail_pipeline.py
[2026-05-03T13:22:59.207+0000] {logging_mixin.py:151} INFO - [2026-05-03T13:22:59.207+0000] {dag.py:2915} INFO - Sync 1 DAGs
[2026-05-03T13:22:59.223+0000] {logging_mixin.py:151} INFO - [2026-05-03T13:22:59.222+0000] {dag.py:3696} INFO - Setting next_dagrun for setup_retail_pipeline to 2026-05-03T13:00:00+00:00, run_after=2026-05-03T14:00:00+00:00
[2026-05-03T13:22:59.239+0000] {processor.py:179} INFO - Processing /opt/airflow/dags/setup_retail_pipeline.py took 0.114 seconds
[2026-05-03T13:23:29.505+0000] {processor.py:157} INFO - Started process (PID=5100) to work on /opt/airflow/dags/setup_retail_pipeline.py
[2026-05-03T13:23:29.507+0000] {processor.py:829} INFO - Processing file /opt/airflow/dags/setup_retail_pipeline.py for tasks to queue
[2026-05-03T13:23:29.510+0000] {logging_mixin.py:151} INFO - [2026-05-03T13:23:29.509+0000] {dagbag.py:539} INFO - Filling up the DagBag from /opt/airflow/dags/setup_retail_pipeline.py
[2026-05-03T13:23:29.533+0000] {processor.py:839} INFO - DAG(s) dict_keys(['setup_retail_pipeline']) retrieved from /opt/airflow/dags/setup_retail_pipeline.py
[2026-05-03T13:23:29.555+0000] {logging_mixin.py:151} INFO - [2026-05-03T13:23:29.555+0000] {dag.py:2915} INFO - Sync 1 DAGs
[2026-05-03T13:23:29.567+0000] {logging_mixin.py:151} INFO - [2026-05-03T13:23:29.566+0000] {dag.py:3696} INFO - Setting next_dagrun for setup_retail_pipeline to 2026-05-03T13:00:00+00:00, run_after=2026-05-03T14:00:00+00:00
[2026-05-03T13:23:29.576+0000] {processor.py:179} INFO - Processing /opt/airflow/dags/setup_retail_pipeline.py took 0.078 seconds
[2026-05-03T13:23:59.811+0000] {processor.py:157} INFO - Started process (PID=5110) to work on /opt/airflow/dags/setup_retail_pipeline.py
[2026-05-03T13:23:59.812+0000] {processor.py:829} INFO - Processing file /opt/airflow/dags/setup_retail_pipeline.py for tasks to queue
[2026-05-03T13:23:59.814+0000] {logging_mixin.py:151} INFO - [2026-05-03T13:23:59.814+0000] {dagbag.py:539} INFO - Filling up the DagBag from /opt/airflow/dags/setup_retail_pipeline.py
[2026-05-03T13:23:59.826+0000] {processor.py:839} INFO - DAG(s) dict_keys(['setup_retail_pipeline']) retrieved from /opt/airflow/dags/setup_retail_pipeline.py
[2026-05-03T13:23:59.859+0000] {logging_mixin.py:151} INFO - [2026-05-03T13:23:59.859+0000] {dag.py:2915} INFO - Sync 1 DAGs
[2026-05-03T13:23:59.873+0000] {logging_mixin.py:151} INFO - [2026-05-03T13:23:59.872+0000] {dag.py:3696} INFO - Setting next_dagrun for setup_retail_pipeline to 2026-05-03T13:00:00+00:00, run_after=2026-05-03T14:00:00+00:00
[2026-05-03T13:23:59.883+0000] {processor.py:179} INFO - Processing /opt/airflow/dags/setup_retail_pipeline.py took 0.076 seconds
[2026-05-03T13:24:30.028+0000] {processor.py:157} INFO - Started process (PID=5120) to work on /opt/airflow/dags/setup_retail_pipeline.py
[2026-05-03T13:24:30.029+0000] {processor.py:829} INFO - Processing file /opt/airflow/dags/setup_retail_pipeline.py for tasks to queue
[2026-05-03T13:24:30.031+0000] {logging_mixin.py:151} INFO - [2026-05-03T13:24:30.030+0000] {dagbag.py:539} INFO - Filling up the DagBag from /opt/airflow/dags/setup_retail_pipeline.py
[2026-05-03T13:24:30.045+0000] {processor.py:839} INFO - DAG(s) dict_keys(['setup_retail_pipeline']) retrieved from /opt/airflow/dags/setup_retail_pipeline.py
[2026-05-03T13:24:30.068+0000] {logging_mixin.py:151} INFO - [2026-05-03T13:24:30.068+0000] {dag.py:2915} INFO - Sync 1 DAGs
[2026-05-03T13:24:30.089+0000] {logging_mixin.py:151} INFO - [2026-05-03T13:24:30.089+0000] {dag.py:3696} INFO - Setting next_dagrun for setup_retail_pipeline to 2026-05-03T13:00:00+00:00, run_after=2026-05-03T14:00:00+00:00
[2026-05-03T13:24:30.099+0000] {processor.py:179} INFO - Processing /opt/airflow/dags/setup_retail_pipeline.py took 0.075 seconds
[2026-05-03T13:25:00.359+0000] {processor.py:157} INFO - Started process (PID=5130) to work on /opt/airflow/dags/setup_retail_pipeline.py
[2026-05-03T13:25:00.361+0000] {processor.py:829} INFO - Processing file /opt/airflow/dags/setup_retail_pipeline.py for tasks to queue
[2026-05-03T13:25:00.362+0000] {logging_mixin.py:151} INFO - [2026-05-03T13:25:00.362+0000] {dagbag.py:539} INFO - Filling up the DagBag from /opt/airflow/dags/setup_retail_pipeline.py
[2026-05-03T13:25:00.384+0000] {processor.py:839} INFO - DAG(s) dict_keys(['setup_retail_pipeline']) retrieved from /opt/airflow/dags/setup_retail_pipeline.py
[2026-05-03T13:25:00.422+0000] {logging_mixin.py:151} INFO - [2026-05-03T13:25:00.422+0000] {dag.py:2915} INFO - Sync 1 DAGs
[2026-05-03T13:25:00.439+0000] {logging_mixin.py:151} INFO - [2026-05-03T13:25:00.439+0000] {dag.py:3696} INFO - Setting next_dagrun for setup_retail_pipeline to 2026-05-03T13:00:00+00:00, run_after=2026-05-03T14:00:00+00:00
[2026-05-03T13:25:00.448+0000] {processor.py:179} INFO - Processing /opt/airflow/dags/setup_retail_pipeline.py took 0.099 seconds
[2026-05-03T13:25:30.697+0000] {processor.py:157} INFO - Started process (PID=5140) to work on /opt/airflow/dags/setup_retail_pipeline.py
[2026-05-03T13:25:30.698+0000] {processor.py:829} INFO - Processing file /opt/airflow/dags/setup_retail_pipeline.py for tasks to queue
[2026-05-03T13:25:30.699+0000] {logging_mixin.py:151} INFO - [2026-05-03T13:25:30.699+0000] {dagbag.py:539} INFO - Filling up the DagBag from /opt/airflow/dags/setup_retail_pipeline.py
[2026-05-03T13:25:30.713+0000] {processor.py:839} INFO - DAG(s) dict_keys(['setup_retail_pipeline']) retrieved from /opt/airflow/dags/setup_retail_pipeline.py
[2026-05-03T13:25:30.737+0000] {logging_mixin.py:151} INFO - [2026-05-03T13:25:30.736+0000] {dag.py:2915} INFO - Sync 1 DAGs
[2026-05-03T13:25:30.749+0000] {logging_mixin.py:151} INFO - [2026-05-03T13:25:30.749+0000] {dag.py:3696} INFO - Setting next_dagrun for setup_retail_pipeline to 2026-05-03T13:00:00+00:00, run_after=2026-05-03T14:00:00+00:00
[2026-05-03T13:25:30.760+0000] {processor.py:179} INFO - Processing /opt/airflow/dags/setup_retail_pipeline.py took 0.066 seconds
[2026-05-03T13:26:00.987+0000] {processor.py:157} INFO - Started process (PID=5150) to work on /opt/airflow/dags/setup_retail_pipeline.py
[2026-05-03T13:26:00.989+0000] {processor.py:829} INFO - Processing file /opt/airflow/dags/setup_retail_pipeline.py for tasks to queue
[2026-05-03T13:26:00.992+0000] {logging_mixin.py:151} INFO - [2026-05-03T13:26:00.991+0000] {dagbag.py:539} INFO - Filling up the DagBag from /opt/airflow/dags/setup_retail_pipeline.py
[2026-05-03T13:26:01.007+0000] {processor.py:839} INFO - DAG(s) dict_keys(['setup_retail_pipeline']) retrieved from /opt/airflow/dags/setup_retail_pipeline.py
[2026-05-03T13:26:01.027+0000] {logging_mixin.py:151} INFO - [2026-05-03T13:26:01.027+0000] {dag.py:2915} INFO - Sync 1 DAGs
[2026-05-03T13:26:01.040+0000] {logging_mixin.py:151} INFO - [2026-05-03T13:26:01.040+0000] {dag.py:3696} INFO - Setting next_dagrun for setup_retail_pipeline to 2026-05-03T13:00:00+00:00, run_after=2026-05-03T14:00:00+00:00
[2026-05-03T13:26:01.050+0000] {processor.py:179} INFO - Processing /opt/airflow/dags/setup_retail_pipeline.py took 0.068 seconds
[2026-05-03T13:26:31.288+0000] {processor.py:157} INFO - Started process (PID=5160) to work on /opt/airflow/dags/setup_retail_pipeline.py
[2026-05-03T13:26:31.289+0000] {processor.py:829} INFO - Processing file /opt/airflow/dags/setup_retail_pipeline.py for tasks to queue
[2026-05-03T13:26:31.290+0000] {logging_mixin.py:151} INFO - [2026-05-03T13:26:31.290+0000] {dagbag.py:539} INFO - Filling up the DagBag from /opt/airflow/dags/setup_retail_pipeline.py
[2026-05-03T13:26:31.306+0000] {processor.py:839} INFO - DAG(s) dict_keys(['setup_retail_pipeline']) retrieved from /opt/airflow/dags/setup_retail_pipeline.py
[2026-05-03T13:26:31.327+0000] {logging_mixin.py:151} INFO - [2026-05-03T13:26:31.327+0000] {dag.py:2915} INFO - Sync 1 DAGs
[2026-05-03T13:26:31.338+0000] {logging_mixin.py:151} INFO - [2026-05-03T13:26:31.338+0000] {dag.py:3696} INFO - Setting next_dagrun for setup_retail_pipeline to 2026-05-03T13:00:00+00:00, run_after=2026-05-03T14:00:00+00:00
[2026-05-03T13:26:31.348+0000] {processor.py:179} INFO - Processing /opt/airflow/dags/setup_retail_pipeline.py took 0.066 seconds
[2026-05-03T13:27:01.584+0000] {processor.py:157} INFO - Started process (PID=5170) to work on /opt/airflow/dags/setup_retail_pipeline.py
[2026-05-03T13:27:01.586+0000] {processor.py:829} INFO - Processing file /opt/airflow/dags/setup_retail_pipeline.py for tasks to queue
[2026-05-03T13:27:01.588+0000] {logging_mixin.py:151} INFO - [2026-05-03T13:27:01.587+0000] {dagbag.py:539} INFO - Filling up the DagBag from /opt/airflow/dags/setup_retail_pipeline.py
[2026-05-03T13:27:01.603+0000] {processor.py:839} INFO - DAG(s) dict_keys(['setup_retail_pipeline']) retrieved from /opt/airflow/dags/setup_retail_pipeline.py
[2026-05-03T13:27:01.636+0000] {logging_mixin.py:151} INFO - [2026-05-03T13:27:01.636+0000] {dag.py:2915} INFO - Sync 1 DAGs
[2026-05-03T13:27:01.650+0000] {logging_mixin.py:151} INFO - [2026-05-03T13:27:01.650+0000] {dag.py:3696} INFO - Setting next_dagrun for setup_retail_pipeline to 2026-05-03T13:00:00+00:00, run_after=2026-05-03T14:00:00+00:00
[2026-05-03T13:27:01.661+0000] {processor.py:179} INFO - Processing /opt/airflow/dags/setup_retail_pipeline.py took 0.082 seconds
[2026-05-03T13:27:31.853+0000] {processor.py:157} INFO - Started process (PID=5180) to work on /opt/airflow/dags/setup_retail_pipeline.py
[2026-05-03T13:27:31.855+0000] {processor.py:829} INFO - Processing file /opt/airflow/dags/setup_retail_pipeline.py for tasks to queue
[2026-05-03T13:27:31.856+0000] {logging_mixin.py:151} INFO - [2026-05-03T13:27:31.855+0000] {dagbag.py:539} INFO - Filling up the DagBag from /opt/airflow/dags/setup_retail_pipeline.py
[2026-05-03T13:27:31.871+0000] {processor.py:839} INFO - DAG(s) dict_keys(['setup_retail_pipeline']) retrieved from /opt/airflow/dags/setup_retail_pipeline.py
[2026-05-03T13:27:31.893+0000] {logging_mixin.py:151} INFO - [2026-05-03T13:27:31.893+0000] {dag.py:2915} INFO - Sync 1 DAGs
[2026-05-03T13:27:31.905+0000] {logging_mixin.py:151} INFO - [2026-05-03T13:27:31.905+0000] {dag.py:3696} INFO - Setting next_dagrun for setup_retail_pipeline to 2026-05-03T13:00:00+00:00, run_after=2026-05-03T14:00:00+00:00
[2026-05-03T13:27:31.914+0000] {processor.py:179} INFO - Processing /opt/airflow/dags/setup_retail_pipeline.py took 0.066 seconds
[2026-05-03T13:28:02.090+0000] {processor.py:157} INFO - Started process (PID=5190) to work on /opt/airflow/dags/setup_retail_pipeline.py
[2026-05-03T13:28:02.091+0000] {processor.py:829} INFO - Processing file /opt/airflow/dags/setup_retail_pipeline.py for tasks to queue
[2026-05-03T13:28:02.093+0000] {logging_mixin.py:151} INFO - [2026-05-03T13:28:02.092+0000] {dagbag.py:539} INFO - Filling up the DagBag from /opt/airflow/dags/setup_retail_pipeline.py
[2026-05-03T13:28:02.111+0000] {processor.py:839} INFO - DAG(s) dict_keys(['setup_retail_pipeline']) retrieved from /opt/airflow/dags/setup_retail_pipeline.py
[2026-05-03T13:28:02.139+0000] {logging_mixin.py:151} INFO - [2026-05-03T13:28:02.139+0000] {dag.py:2915} INFO - Sync 1 DAGs
[2026-05-03T13:28:02.152+0000] {logging_mixin.py:151} INFO - [2026-05-03T13:28:02.152+0000] {dag.py:3696} INFO - Setting next_dagrun for setup_retail_pipeline to 2026-05-03T13:00:00+00:00, run_after=2026-05-03T14:00:00+00:00
[2026-05-03T13:28:02.168+0000] {processor.py:179} INFO - Processing /opt/airflow/dags/setup_retail_pipeline.py took 0.084 seconds
[2026-05-03T13:28:32.419+0000] {processor.py:157} INFO - Started process (PID=5200) to work on /opt/airflow/dags/setup_retail_pipeline.py
[2026-05-03T13:28:32.420+0000] {processor.py:829} INFO - Processing file /opt/airflow/dags/setup_retail_pipeline.py for tasks to queue
[2026-05-03T13:28:32.422+0000] {logging_mixin.py:151} INFO - [2026-05-03T13:28:32.421+0000] {dagbag.py:539} INFO - Filling up the DagBag from /opt/airflow/dags/setup_retail_pipeline.py
[2026-05-03T13:28:32.436+0000] {processor.py:839} INFO - DAG(s) dict_keys(['setup_retail_pipeline']) retrieved from /opt/airflow/dags/setup_retail_pipeline.py
[2026-05-03T13:28:32.463+0000] {logging_mixin.py:151} INFO - [2026-05-03T13:28:32.463+0000] {dag.py:2915} INFO - Sync 1 DAGs
[2026-05-03T13:28:32.478+0000] {logging_mixin.py:151} INFO - [2026-05-03T13:28:32.478+0000] {dag.py:3696} INFO - Setting next_dagrun for setup_retail_pipeline to 2026-05-03T13:00:00+00:00, run_after=2026-05-03T14:00:00+00:00
[2026-05-03T13:28:32.487+0000] {processor.py:179} INFO - Processing /opt/airflow/dags/setup_retail_pipeline.py took 0.076 seconds
[2026-05-03T13:29:02.706+0000] {processor.py:157} INFO - Started process (PID=5210) to work on /opt/airflow/dags/setup_retail_pipeline.py
[2026-05-03T13:29:02.708+0000] {processor.py:829} INFO - Processing file /opt/airflow/dags/setup_retail_pipeline.py for tasks to queue
[2026-05-03T13:29:02.708+0000] {logging_mixin.py:151} INFO - [2026-05-03T13:29:02.708+0000] {dagbag.py:539} INFO - Filling up the DagBag from /opt/airflow/dags/setup_retail_pipeline.py
[2026-05-03T13:29:02.722+0000] {processor.py:839} INFO - DAG(s) dict_keys(['setup_retail_pipeline']) retrieved from /opt/airflow/dags/setup_retail_pipeline.py
[2026-05-03T13:29:02.752+0000] {logging_mixin.py:151} INFO - [2026-05-03T13:29:02.752+0000] {dag.py:2915} INFO - Sync 1 DAGs
[2026-05-03T13:29:02.772+0000] {logging_mixin.py:151} INFO - [2026-05-03T13:29:02.772+0000] {dag.py:3696} INFO - Setting next_dagrun for setup_retail_pipeline to 2026-05-03T13:00:00+00:00, run_after=2026-05-03T14:00:00+00:00
[2026-05-03T13:29:02.784+0000] {processor.py:179} INFO - Processing /opt/airflow/dags/setup_retail_pipeline.py took 0.087 seconds
[2026-05-03T13:29:32.932+0000] {processor.py:157} INFO - Started process (PID=5220) to work on /opt/airflow/dags/setup_retail_pipeline.py
[2026-05-03T13:29:32.934+0000] {processor.py:829} INFO - Processing file /opt/airflow/dags/setup_retail_pipeline.py for tasks to queue
[2026-05-03T13:29:32.935+0000] {logging_mixin.py:151} INFO - [2026-05-03T13:29:32.934+0000] {dagbag.py:539} INFO - Filling up the DagBag from /opt/airflow/dags/setup_retail_pipeline.py
[2026-05-03T13:29:32.962+0000] {processor.py:839} INFO - DAG(s) dict_keys(['setup_retail_pipeline']) retrieved from /opt/airflow/dags/setup_retail_pipeline.py
[2026-05-03T13:29:32.992+0000] {logging_mixin.py:151} INFO - [2026-05-03T13:29:32.992+0000] {dag.py:2915} INFO - Sync 1 DAGs
[2026-05-03T13:29:33.008+0000] {logging_mixin.py:151} INFO - [2026-05-03T13:29:33.008+0000] {dag.py:3696} INFO - Setting next_dagrun for setup_retail_pipeline to 2026-05-03T13:00:00+00:00, run_after=2026-05-03T14:00:00+00:00
[2026-05-03T13:29:33.019+0000] {processor.py:179} INFO - Processing /opt/airflow/dags/setup_retail_pipeline.py took 0.092 seconds
[2026-05-03T13:30:03.162+0000] {processor.py:157} INFO - Started process (PID=5230) to work on /opt/airflow/dags/setup_retail_pipeline.py
[2026-05-03T13:30:03.164+0000] {processor.py:829} INFO - Processing file /opt/airflow/dags/setup_retail_pipeline.py for tasks to queue
[2026-05-03T13:30:03.165+0000] {logging_mixin.py:151} INFO - [2026-05-03T13:30:03.164+0000] {dagbag.py:539} INFO - Filling up the DagBag from /opt/airflow/dags/setup_retail_pipeline.py
[2026-05-03T13:30:03.184+0000] {processor.py:839} INFO - DAG(s) dict_keys(['setup_retail_pipeline']) retrieved from /opt/airflow/dags/setup_retail_pipeline.py
[2026-05-03T13:30:03.212+0000] {logging_mixin.py:151} INFO - [2026-05-03T13:30:03.212+0000] {dag.py:2915} INFO - Sync 1 DAGs
[2026-05-03T13:30:03.229+0000] {logging_mixin.py:151} INFO - [2026-05-03T13:30:03.229+0000] {dag.py:3696} INFO - Setting next_dagrun for setup_retail_pipeline to 2026-05-03T13:00:00+00:00, run_after=2026-05-03T14:00:00+00:00
[2026-05-03T13:30:03.236+0000] {processor.py:179} INFO - Processing /opt/airflow/dags/setup_retail_pipeline.py took 0.078 seconds
[2026-05-03T13:30:33.405+0000] {processor.py:157} INFO - Started process (PID=5240) to work on /opt/airflow/dags/setup_retail_pipeline.py
[2026-05-03T13:30:33.406+0000] {processor.py:829} INFO - Processing file /opt/airflow/dags/setup_retail_pipeline.py for tasks to queue
[2026-05-03T13:30:33.407+0000] {logging_mixin.py:151} INFO - [2026-05-03T13:30:33.407+0000] {dagbag.py:539} INFO - Filling up the DagBag from /opt/airflow/dags/setup_retail_pipeline.py
[2026-05-03T13:30:33.422+0000] {processor.py:839} INFO - DAG(s) dict_keys(['setup_retail_pipeline']) retrieved from /opt/airflow/dags/setup_retail_pipeline.py
[2026-05-03T13:30:33.453+0000] {logging_mixin.py:151} INFO - [2026-05-03T13:30:33.453+0000] {dag.py:2915} INFO - Sync 1 DAGs
[2026-05-03T13:30:33.466+0000] {logging_mixin.py:151} INFO - [2026-05-03T13:30:33.466+0000] {dag.py:3696} INFO - Setting next_dagrun for setup_retail_pipeline to 2026-05-03T13:00:00+00:00, run_after=2026-05-03T14:00:00+00:00
[2026-05-03T13:30:33.474+0000] {processor.py:179} INFO - Processing /opt/airflow/dags/setup_retail_pipeline.py took 0.075 seconds
[2026-05-03T13:31:03.655+0000] {processor.py:157} INFO - Started process (PID=5250) to work on /opt/airflow/dags/setup_retail_pipeline.py
[2026-05-03T13:31:03.657+0000] {processor.py:829} INFO - Processing file /opt/airflow/dags/setup_retail_pipeline.py for tasks to queue
[2026-05-03T13:31:03.659+0000] {logging_mixin.py:151} INFO - [2026-05-03T13:31:03.658+0000] {dagbag.py:539} INFO - Filling up the DagBag from /opt/airflow/dags/setup_retail_pipeline.py
[2026-05-03T13:31:03.682+0000] {processor.py:839} INFO - DAG(s) dict_keys(['setup_retail_pipeline']) retrieved from /opt/airflow/dags/setup_retail_pipeline.py
[2026-05-03T13:31:03.717+0000] {logging_mixin.py:151} INFO - [2026-05-03T13:31:03.717+0000] {dag.py:2915} INFO - Sync 1 DAGs
[2026-05-03T13:31:03.733+0000] {logging_mixin.py:151} INFO - [2026-05-03T13:31:03.733+0000] {dag.py:3696} INFO - Setting next_dagrun for setup_retail_pipeline to 2026-05-03T13:00:00+00:00, run_after=2026-05-03T14:00:00+00:00
[2026-05-03T13:31:03.743+0000] {processor.py:179} INFO - Processing /opt/airflow/dags/setup_retail_pipeline.py took 0.096 seconds
[2026-05-03T13:31:33.877+0000] {processor.py:157} INFO - Started process (PID=5260) to work on /opt/airflow/dags/setup_retail_pipeline.py
[2026-05-03T13:31:33.879+0000] {processor.py:829} INFO - Processing file /opt/airflow/dags/setup_retail_pipeline.py for tasks to queue
[2026-05-03T13:31:33.882+0000] {logging_mixin.py:151} INFO - [2026-05-03T13:31:33.881+0000] {dagbag.py:539} INFO - Filling up the DagBag from /opt/airflow/dags/setup_retail_pipeline.py
[2026-05-03T13:31:33.905+0000] {processor.py:839} INFO - DAG(s) dict_keys(['setup_retail_pipeline']) retrieved from /opt/airflow/dags/setup_retail_pipeline.py
[2026-05-03T13:31:33.941+0000] {logging_mixin.py:151} INFO - [2026-05-03T13:31:33.941+0000] {dag.py:2915} INFO - Sync 1 DAGs
[2026-05-03T13:31:33.957+0000] {logging_mixin.py:151} INFO - [2026-05-03T13:31:33.957+0000] {dag.py:3696} INFO - Setting next_dagrun for setup_retail_pipeline to 2026-05-03T13:00:00+00:00, run_after=2026-05-03T14:00:00+00:00
[2026-05-03T13:31:33.965+0000] {processor.py:179} INFO - Processing /opt/airflow/dags/setup_retail_pipeline.py took 0.093 seconds
[2026-05-03T13:32:04.179+0000] {processor.py:157} INFO - Started process (PID=5270) to work on /opt/airflow/dags/setup_retail_pipeline.py
[2026-05-03T13:32:04.181+0000] {processor.py:829} INFO - Processing file /opt/airflow/dags/setup_retail_pipeline.py for tasks to queue
[2026-05-03T13:32:04.182+0000] {logging_mixin.py:151} INFO - [2026-05-03T13:32:04.182+0000] {dagbag.py:539} INFO - Filling up the DagBag from /opt/airflow/dags/setup_retail_pipeline.py
[2026-05-03T13:32:04.207+0000] {processor.py:839} INFO - DAG(s) dict_keys(['setup_retail_pipeline']) retrieved from /opt/airflow/dags/setup_retail_pipeline.py
[2026-05-03T13:32:04.234+0000] {logging_mixin.py:151} INFO - [2026-05-03T13:32:04.234+0000] {dag.py:2915} INFO - Sync 1 DAGs
[2026-05-03T13:32:04.246+0000] {logging_mixin.py:151} INFO - [2026-05-03T13:32:04.246+0000] {dag.py:3696} INFO - Setting next_dagrun for setup_retail_pipeline to 2026-05-03T13:00:00+00:00, run_after=2026-05-03T14:00:00+00:00
[2026-05-03T13:32:04.252+0000] {processor.py:179} INFO - Processing /opt/airflow/dags/setup_retail_pipeline.py took 0.081 seconds
[2026-05-03T13:32:34.407+0000] {processor.py:157} INFO - Started process (PID=5280) to work on /opt/airflow/dags/setup_retail_pipeline.py
[2026-05-03T13:32:34.408+0000] {processor.py:829} INFO - Processing file /opt/airflow/dags/setup_retail_pipeline.py for tasks to queue
[2026-05-03T13:32:34.409+0000] {logging_mixin.py:151} INFO - [2026-05-03T13:32:34.409+0000] {dagbag.py:539} INFO - Filling up the DagBag from /opt/airflow/dags/setup_retail_pipeline.py
[2026-05-03T13:32:34.422+0000] {processor.py:839} INFO - DAG(s) dict_keys(['setup_retail_pipeline']) retrieved from /opt/airflow/dags/setup_retail_pipeline.py
[2026-05-03T13:32:34.441+0000] {logging_mixin.py:151} INFO - [2026-05-03T13:32:34.441+0000] {dag.py:2915} INFO - Sync 1 DAGs
[2026-05-03T13:32:34.451+0000] {logging_mixin.py:151} INFO - [2026-05-03T13:32:34.451+0000] {dag.py:3696} INFO - Setting next_dagrun for setup_retail_pipeline to 2026-05-03T13:00:00+00:00, run_after=2026-05-03T14:00:00+00:00
[2026-05-03T13:32:34.457+0000] {processor.py:179} INFO - Processing /opt/airflow/dags/setup_retail_pipeline.py took 0.054 seconds
[2026-05-03T13:33:04.726+0000] {processor.py:157} INFO - Started process (PID=5290) to work on /opt/airflow/dags/setup_retail_pipeline.py
[2026-05-03T13:33:04.727+0000] {processor.py:829} INFO - Processing file /opt/airflow/dags/setup_retail_pipeline.py for tasks to queue
[2026-05-03T13:33:04.729+0000] {logging_mixin.py:151} INFO - [2026-05-03T13:33:04.728+0000] {dagbag.py:539} INFO - Filling up the DagBag from /opt/airflow/dags/setup_retail_pipeline.py
[2026-05-03T13:33:04.755+0000] {processor.py:839} INFO - DAG(s) dict_keys(['setup_retail_pipeline']) retrieved from /opt/airflow/dags/setup_retail_pipeline.py
[2026-05-03T13:33:04.795+0000] {logging_mixin.py:151} INFO - [2026-05-03T13:33:04.795+0000] {dag.py:2915} INFO - Sync 1 DAGs
[2026-05-03T13:33:04.808+0000] {logging_mixin.py:151} INFO - [2026-05-03T13:33:04.808+0000] {dag.py:3696} INFO - Setting next_dagrun for setup_retail_pipeline to 2026-05-03T13:00:00+00:00, run_after=2026-05-03T14:00:00+00:00
[2026-05-03T13:33:04.816+0000] {processor.py:179} INFO - Processing /opt/airflow/dags/setup_retail_pipeline.py took 0.102 seconds
[2026-05-03T13:33:34.947+0000] {processor.py:157} INFO - Started process (PID=5300) to work on /opt/airflow/dags/setup_retail_pipeline.py
[2026-05-03T13:33:34.949+0000] {processor.py:829} INFO - Processing file /opt/airflow/dags/setup_retail_pipeline.py for tasks to queue
[2026-05-03T13:33:34.950+0000] {logging_mixin.py:151} INFO - [2026-05-03T13:33:34.950+0000] {dagbag.py:539} INFO - Filling up the DagBag from /opt/airflow/dags/setup_retail_pipeline.py
[2026-05-03T13:33:34.967+0000] {processor.py:839} INFO - DAG(s) dict_keys(['setup_retail_pipeline']) retrieved from /opt/airflow/dags/setup_retail_pipeline.py
[2026-05-03T13:33:34.991+0000] {logging_mixin.py:151} INFO - [2026-05-03T13:33:34.991+0000] {dag.py:2915} INFO - Sync 1 DAGs
[2026-05-03T13:33:35.004+0000] {logging_mixin.py:151} INFO - [2026-05-03T13:33:35.004+0000] {dag.py:3696} INFO - Setting next_dagrun for setup_retail_pipeline to 2026-05-03T13:00:00+00:00, run_after=2026-05-03T14:00:00+00:00
[2026-05-03T13:33:35.011+0000] {processor.py:179} INFO - Processing /opt/airflow/dags/setup_retail_pipeline.py took 0.070 seconds
[2026-05-03T13:34:05.254+0000] {processor.py:157} INFO - Started process (PID=5310) to work on /opt/airflow/dags/setup_retail_pipeline.py
[2026-05-03T13:34:05.256+0000] {processor.py:829} INFO - Processing file /opt/airflow/dags/setup_retail_pipeline.py for tasks to queue
[2026-05-03T13:34:05.261+0000] {logging_mixin.py:151} INFO - [2026-05-03T13:34:05.258+0000] {dagbag.py:539} INFO - Filling up the DagBag from /opt/airflow/dags/setup_retail_pipeline.py
[2026-05-03T13:34:05.282+0000] {processor.py:839} INFO - DAG(s) dict_keys(['setup_retail_pipeline']) retrieved from /opt/airflow/dags/setup_retail_pipeline.py
[2026-05-03T13:34:05.313+0000] {logging_mixin.py:151} INFO - [2026-05-03T13:34:05.313+0000] {dag.py:2915} INFO - Sync 1 DAGs
[2026-05-03T13:34:05.329+0000] {logging_mixin.py:151} INFO - [2026-05-03T13:34:05.329+0000] {dag.py:3696} INFO - Setting next_dagrun for setup_retail_pipeline to 2026-05-03T13:00:00+00:00, run_after=2026-05-03T14:00:00+00:00
[2026-05-03T13:34:05.340+0000] {processor.py:179} INFO - Processing /opt/airflow/dags/setup_retail_pipeline.py took 0.095 seconds
[2026-05-03T13:34:35.515+0000] {processor.py:157} INFO - Started process (PID=5320) to work on /opt/airflow/dags/setup_retail_pipeline.py
[2026-05-03T13:34:35.522+0000] {processor.py:829} INFO - Processing file /opt/airflow/dags/setup_retail_pipeline.py for tasks to queue
[2026-05-03T13:34:35.523+0000] {logging_mixin.py:151} INFO - [2026-05-03T13:34:35.523+0000] {dagbag.py:539} INFO - Filling up the DagBag from /opt/airflow/dags/setup_retail_pipeline.py
[2026-05-03T13:34:35.542+0000] {processor.py:839} INFO - DAG(s) dict_keys(['setup_retail_pipeline']) retrieved from /opt/airflow/dags/setup_retail_pipeline.py
[2026-05-03T13:34:35.578+0000] {logging_mixin.py:151} INFO - [2026-05-03T13:34:35.578+0000] {dag.py:2915} INFO - Sync 1 DAGs
[2026-05-03T13:34:35.597+0000] {logging_mixin.py:151} INFO - [2026-05-03T13:34:35.597+0000] {dag.py:3696} INFO - Setting next_dagrun for setup_retail_pipeline to 2026-05-03T13:00:00+00:00, run_after=2026-05-03T14:00:00+00:00
[2026-05-03T13:34:35.606+0000] {processor.py:179} INFO - Processing /opt/airflow/dags/setup_retail_pipeline.py took 0.105 seconds
[2026-05-03T13:35:05.769+0000] {processor.py:157} INFO - Started process (PID=5330) to work on /opt/airflow/dags/setup_retail_pipeline.py
[2026-05-03T13:35:05.771+0000] {processor.py:829} INFO - Processing file /opt/airflow/dags/setup_retail_pipeline.py for tasks to queue
[2026-05-03T13:35:05.774+0000] {logging_mixin.py:151} INFO - [2026-05-03T13:35:05.773+0000] {dagbag.py:539} INFO - Filling up the DagBag from /opt/airflow/dags/setup_retail_pipeline.py
[2026-05-03T13:35:05.797+0000] {processor.py:839} INFO - DAG(s) dict_keys(['setup_retail_pipeline']) retrieved from /opt/airflow/dags/setup_retail_pipeline.py
[2026-05-03T13:35:05.827+0000] {logging_mixin.py:151} INFO - [2026-05-03T13:35:05.827+0000] {dag.py:2915} INFO - Sync 1 DAGs
[2026-05-03T13:35:05.841+0000] {logging_mixin.py:151} INFO - [2026-05-03T13:35:05.841+0000] {dag.py:3696} INFO - Setting next_dagrun for setup_retail_pipeline to 2026-05-03T13:00:00+00:00, run_after=2026-05-03T14:00:00+00:00
[2026-05-03T13:35:05.848+0000] {processor.py:179} INFO - Processing /opt/airflow/dags/setup_retail_pipeline.py took 0.086 seconds
[2026-05-03T13:35:36.006+0000] {processor.py:157} INFO - Started process (PID=5340) to work on /opt/airflow/dags/setup_retail_pipeline.py
[2026-05-03T13:35:36.007+0000] {processor.py:829} INFO - Processing file /opt/airflow/dags/setup_retail_pipeline.py for tasks to queue
[2026-05-03T13:35:36.008+0000] {logging_mixin.py:151} INFO - [2026-05-03T13:35:36.007+0000] {dagbag.py:539} INFO - Filling up the DagBag from /opt/airflow/dags/setup_retail_pipeline.py
[2026-05-03T13:35:36.023+0000] {processor.py:839} INFO - DAG(s) dict_keys(['setup_retail_pipeline']) retrieved from /opt/airflow/dags/setup_retail_pipeline.py
[2026-05-03T13:35:36.043+0000] {logging_mixin.py:151} INFO - [2026-05-03T13:35:36.043+0000] {dag.py:2915} INFO - Sync 1 DAGs
[2026-05-03T13:35:36.054+0000] {logging_mixin.py:151} INFO - [2026-05-03T13:35:36.054+0000] {dag.py:3696} INFO - Setting next_dagrun for setup_retail_pipeline to 2026-05-03T13:00:00+00:00, run_after=2026-05-03T14:00:00+00:00
[2026-05-03T13:35:36.061+0000] {processor.py:179} INFO - Processing /opt/airflow/dags/setup_retail_pipeline.py took 0.062 seconds
[2026-05-03T13:36:06.311+0000] {processor.py:157} INFO - Started process (PID=5350) to work on /opt/airflow/dags/setup_retail_pipeline.py
[2026-05-03T13:36:06.314+0000] {processor.py:829} INFO - Processing file /opt/airflow/dags/setup_retail_pipeline.py for tasks to queue
[2026-05-03T13:36:06.315+0000] {logging_mixin.py:151} INFO - [2026-05-03T13:36:06.315+0000] {dagbag.py:539} INFO - Filling up the DagBag from /opt/airflow/dags/setup_retail_pipeline.py
[2026-05-03T13:36:06.331+0000] {processor.py:839} INFO - DAG(s) dict_keys(['setup_retail_pipeline']) retrieved from /opt/airflow/dags/setup_retail_pipeline.py
[2026-05-03T13:36:06.356+0000] {logging_mixin.py:151} INFO - [2026-05-03T13:36:06.356+0000] {dag.py:2915} INFO - Sync 1 DAGs
[2026-05-03T13:36:06.370+0000] {logging_mixin.py:151} INFO - [2026-05-03T13:36:06.370+0000] {dag.py:3696} INFO - Setting next_dagrun for setup_retail_pipeline to 2026-05-03T13:00:00+00:00, run_after=2026-05-03T14:00:00+00:00
[2026-05-03T13:36:06.378+0000] {processor.py:179} INFO - Processing /opt/airflow/dags/setup_retail_pipeline.py took 0.074 seconds
[2026-05-03T13:36:36.546+0000] {processor.py:157} INFO - Started process (PID=5360) to work on /opt/airflow/dags/setup_retail_pipeline.py
[2026-05-03T13:36:36.548+0000] {processor.py:829} INFO - Processing file /opt/airflow/dags/setup_retail_pipeline.py for tasks to queue
[2026-05-03T13:36:36.550+0000] {logging_mixin.py:151} INFO - [2026-05-03T13:36:36.549+0000] {dagbag.py:539} INFO - Filling up the DagBag from /opt/airflow/dags/setup_retail_pipeline.py
[2026-05-03T13:36:36.563+0000] {processor.py:839} INFO - DAG(s) dict_keys(['setup_retail_pipeline']) retrieved from /opt/airflow/dags/setup_retail_pipeline.py
[2026-05-03T13:36:36.578+0000] {logging_mixin.py:151} INFO - [2026-05-03T13:36:36.578+0000] {dag.py:2915} INFO - Sync 1 DAGs
[2026-05-03T13:36:36.588+0000] {logging_mixin.py:151} INFO - [2026-05-03T13:36:36.588+0000] {dag.py:3696} INFO - Setting next_dagrun for setup_retail_pipeline to 2026-05-03T13:00:00+00:00, run_after=2026-05-03T14:00:00+00:00
[2026-05-03T13:36:36.594+0000] {processor.py:179} INFO - Processing /opt/airflow/dags/setup_retail_pipeline.py took 0.052 seconds
[2026-05-03T13:37:06.834+0000] {processor.py:157} INFO - Started process (PID=5370) to work on /opt/airflow/dags/setup_retail_pipeline.py
[2026-05-03T13:37:06.835+0000] {processor.py:829} INFO - Processing file /opt/airflow/dags/setup_retail_pipeline.py for tasks to queue
[2026-05-03T13:37:06.835+0000] {logging_mixin.py:151} INFO - [2026-05-03T13:37:06.835+0000] {dagbag.py:539} INFO - Filling up the DagBag from /opt/airflow/dags/setup_retail_pipeline.py
[2026-05-03T13:37:06.851+0000] {processor.py:839} INFO - DAG(s) dict_keys(['setup_retail_pipeline']) retrieved from /opt/airflow/dags/setup_retail_pipeline.py
[2026-05-03T13:37:06.882+0000] {logging_mixin.py:151} INFO - [2026-05-03T13:37:06.881+0000] {dag.py:2915} INFO - Sync 1 DAGs
[2026-05-03T13:37:06.896+0000] {logging_mixin.py:151} INFO - [2026-05-03T13:37:06.896+0000] {dag.py:3696} INFO - Setting next_dagrun for setup_retail_pipeline to 2026-05-03T13:00:00+00:00, run_after=2026-05-03T14:00:00+00:00
[2026-05-03T13:37:06.903+0000] {processor.py:179} INFO - Processing /opt/airflow/dags/setup_retail_pipeline.py took 0.078 seconds
[2026-05-03T13:37:37.097+0000] {processor.py:157} INFO - Started process (PID=5380) to work on /opt/airflow/dags/setup_retail_pipeline.py
[2026-05-03T13:37:37.099+0000] {processor.py:829} INFO - Processing file /opt/airflow/dags/setup_retail_pipeline.py for tasks to queue
[2026-05-03T13:37:37.101+0000] {logging_mixin.py:151} INFO - [2026-05-03T13:37:37.100+0000] {dagbag.py:539} INFO - Filling up the DagBag from /opt/airflow/dags/setup_retail_pipeline.py
[2026-05-03T13:37:37.120+0000] {processor.py:839} INFO - DAG(s) dict_keys(['setup_retail_pipeline']) retrieved from /opt/airflow/dags/setup_retail_pipeline.py
[2026-05-03T13:37:37.155+0000] {logging_mixin.py:151} INFO - [2026-05-03T13:37:37.155+0000] {dag.py:2915} INFO - Sync 1 DAGs
[2026-05-03T13:37:37.168+0000] {logging_mixin.py:151} INFO - [2026-05-03T13:37:37.168+0000] {dag.py:3696} INFO - Setting next_dagrun for setup_retail_pipeline to 2026-05-03T13:00:00+00:00, run_after=2026-05-03T14:00:00+00:00
[2026-05-03T13:37:37.175+0000] {processor.py:179} INFO - Processing /opt/airflow/dags/setup_retail_pipeline.py took 0.088 seconds
[2026-05-03T13:38:07.380+0000] {processor.py:157} INFO - Started process (PID=5390) to work on /opt/airflow/dags/setup_retail_pipeline.py
[2026-05-03T13:38:07.384+0000] {processor.py:829} INFO - Processing file /opt/airflow/dags/setup_retail_pipeline.py for tasks to queue
[2026-05-03T13:38:07.385+0000] {logging_mixin.py:151} INFO - [2026-05-03T13:38:07.385+0000] {dagbag.py:539} INFO - Filling up the DagBag from /opt/airflow/dags/setup_retail_pipeline.py
[2026-05-03T13:38:07.404+0000] {processor.py:839} INFO - DAG(s) dict_keys(['setup_retail_pipeline']) retrieved from /opt/airflow/dags/setup_retail_pipeline.py
[2026-05-03T13:38:07.439+0000] {logging_mixin.py:151} INFO - [2026-05-03T13:38:07.438+0000] {dag.py:2915} INFO - Sync 1 DAGs
[2026-05-03T13:38:07.460+0000] {logging_mixin.py:151} INFO - [2026-05-03T13:38:07.459+0000] {dag.py:3696} INFO - Setting next_dagrun for setup_retail_pipeline to 2026-05-03T13:00:00+00:00, run_after=2026-05-03T14:00:00+00:00
[2026-05-03T13:38:07.474+0000] {processor.py:179} INFO - Processing /opt/airflow/dags/setup_retail_pipeline.py took 0.102 seconds
[2026-05-03T13:38:37.731+0000] {processor.py:157} INFO - Started process (PID=5400) to work on /opt/airflow/dags/setup_retail_pipeline.py
[2026-05-03T13:38:37.733+0000] {processor.py:829} INFO - Processing file /opt/airflow/dags/setup_retail_pipeline.py for tasks to queue
[2026-05-03T13:38:37.737+0000] {logging_mixin.py:151} INFO - [2026-05-03T13:38:37.735+0000] {dagbag.py:539} INFO - Filling up the DagBag from /opt/airflow/dags/setup_retail_pipeline.py
[2026-05-03T13:38:37.761+0000] {processor.py:839} INFO - DAG(s) dict_keys(['setup_retail_pipeline']) retrieved from /opt/airflow/dags/setup_retail_pipeline.py
[2026-05-03T13:38:37.801+0000] {logging_mixin.py:151} INFO - [2026-05-03T13:38:37.800+0000] {dag.py:2915} INFO - Sync 1 DAGs
[2026-05-03T13:38:37.815+0000] {logging_mixin.py:151} INFO - [2026-05-03T13:38:37.815+0000] {dag.py:3696} INFO - Setting next_dagrun for setup_retail_pipeline to 2026-05-03T13:00:00+00:00, run_after=2026-05-03T14:00:00+00:00
[2026-05-03T13:38:37.822+0000] {processor.py:179} INFO - Processing /opt/airflow/dags/setup_retail_pipeline.py took 0.106 seconds
[2026-05-03T13:39:08.004+0000] {processor.py:157} INFO - Started process (PID=5410) to work on /opt/airflow/dags/setup_retail_pipeline.py
[2026-05-03T13:39:08.006+0000] {processor.py:829} INFO - Processing file /opt/airflow/dags/setup_retail_pipeline.py for tasks to queue
[2026-05-03T13:39:08.007+0000] {logging_mixin.py:151} INFO - [2026-05-03T13:39:08.007+0000] {dagbag.py:539} INFO - Filling up the DagBag from /opt/airflow/dags/setup_retail_pipeline.py
[2026-05-03T13:39:08.031+0000] {processor.py:839} INFO - DAG(s) dict_keys(['setup_retail_pipeline']) retrieved from /opt/airflow/dags/setup_retail_pipeline.py
[2026-05-03T13:39:08.065+0000] {logging_mixin.py:151} INFO - [2026-05-03T13:39:08.065+0000] {dag.py:2915} INFO - Sync 1 DAGs
[2026-05-03T13:39:08.078+0000] {logging_mixin.py:151} INFO - [2026-05-03T13:39:08.078+0000] {dag.py:3696} INFO - Setting next_dagrun for setup_retail_pipeline to 2026-05-03T13:00:00+00:00, run_after=2026-05-03T14:00:00+00:00
[2026-05-03T13:39:08.085+0000] {processor.py:179} INFO - Processing /opt/airflow/dags/setup_retail_pipeline.py took 0.089 seconds
[2026-05-03T13:39:38.259+0000] {processor.py:157} INFO - Started process (PID=5420) to work on /opt/airflow/dags/setup_retail_pipeline.py
[2026-05-03T13:39:38.260+0000] {processor.py:829} INFO - Processing file /opt/airflow/dags/setup_retail_pipeline.py for tasks to queue
[2026-05-03T13:39:38.260+0000] {logging_mixin.py:151} INFO - [2026-05-03T13:39:38.260+0000] {dagbag.py:539} INFO - Filling up the DagBag from /opt/airflow/dags/setup_retail_pipeline.py
[2026-05-03T13:39:38.273+0000] {processor.py:839} INFO - DAG(s) dict_keys(['setup_retail_pipeline']) retrieved from /opt/airflow/dags/setup_retail_pipeline.py
[2026-05-03T13:39:38.291+0000] {logging_mixin.py:151} INFO - [2026-05-03T13:39:38.291+0000] {dag.py:2915} INFO - Sync 1 DAGs
[2026-05-03T13:39:38.301+0000] {logging_mixin.py:151} INFO - [2026-05-03T13:39:38.301+0000] {dag.py:3696} INFO - Setting next_dagrun for setup_retail_pipeline to 2026-05-03T13:00:00+00:00, run_after=2026-05-03T14:00:00+00:00
[2026-05-03T13:39:38.307+0000] {processor.py:179} INFO - Processing /opt/airflow/dags/setup_retail_pipeline.py took 0.055 seconds
[2026-05-03T13:40:08.546+0000] {processor.py:157} INFO - Started process (PID=5430) to work on /opt/airflow/dags/setup_retail_pipeline.py
[2026-05-03T13:40:08.548+0000] {processor.py:829} INFO - Processing file /opt/airflow/dags/setup_retail_pipeline.py for tasks to queue
[2026-05-03T13:40:08.555+0000] {logging_mixin.py:151} INFO - [2026-05-03T13:40:08.554+0000] {dagbag.py:539} INFO - Filling up the DagBag from /opt/airflow/dags/setup_retail_pipeline.py
[2026-05-03T13:40:08.579+0000] {processor.py:839} INFO - DAG(s) dict_keys(['setup_retail_pipeline']) retrieved from /opt/airflow/dags/setup_retail_pipeline.py
[2026-05-03T13:40:08.614+0000] {logging_mixin.py:151} INFO - [2026-05-03T13:40:08.614+0000] {dag.py:2915} INFO - Sync 1 DAGs
[2026-05-03T13:40:08.632+0000] {logging_mixin.py:151} INFO - [2026-05-03T13:40:08.631+0000] {dag.py:3696} INFO - Setting next_dagrun for setup_retail_pipeline to 2026-05-03T13:00:00+00:00, run_after=2026-05-03T14:00:00+00:00
[2026-05-03T13:40:08.640+0000] {processor.py:179} INFO - Processing /opt/airflow/dags/setup_retail_pipeline.py took 0.103 seconds
[2026-05-03T13:40:38.746+0000] {processor.py:157} INFO - Started process (PID=5440) to work on /opt/airflow/dags/setup_retail_pipeline.py
[2026-05-03T13:40:38.749+0000] {processor.py:829} INFO - Processing file /opt/airflow/dags/setup_retail_pipeline.py for tasks to queue
[2026-05-03T13:40:38.751+0000] {logging_mixin.py:151} INFO - [2026-05-03T13:40:38.750+0000] {dagbag.py:539} INFO - Filling up the DagBag from /opt/airflow/dags/setup_retail_pipeline.py
[2026-05-03T13:40:38.768+0000] {processor.py:839} INFO - DAG(s) dict_keys(['setup_retail_pipeline']) retrieved from /opt/airflow/dags/setup_retail_pipeline.py
[2026-05-03T13:40:38.795+0000] {logging_mixin.py:151} INFO - [2026-05-03T13:40:38.795+0000] {dag.py:2915} INFO - Sync 1 DAGs
[2026-05-03T13:40:38.814+0000] {logging_mixin.py:151} INFO - [2026-05-03T13:40:38.814+0000] {dag.py:3696} INFO - Setting next_dagrun for setup_retail_pipeline to 2026-05-03T13:00:00+00:00, run_after=2026-05-03T14:00:00+00:00
[2026-05-03T13:40:38.824+0000] {processor.py:179} INFO - Processing /opt/airflow/dags/setup_retail_pipeline.py took 0.085 seconds
[2026-05-03T13:41:08.993+0000] {processor.py:157} INFO - Started process (PID=5450) to work on /opt/airflow/dags/setup_retail_pipeline.py
[2026-05-03T13:41:08.994+0000] {processor.py:829} INFO - Processing file /opt/airflow/dags/setup_retail_pipeline.py for tasks to queue
[2026-05-03T13:41:08.996+0000] {logging_mixin.py:151} INFO - [2026-05-03T13:41:08.995+0000] {dagbag.py:539} INFO - Filling up the DagBag from /opt/airflow/dags/setup_retail_pipeline.py
[2026-05-03T13:41:09.020+0000] {processor.py:839} INFO - DAG(s) dict_keys(['setup_retail_pipeline']) retrieved from /opt/airflow/dags/setup_retail_pipeline.py
[2026-05-03T13:41:09.050+0000] {logging_mixin.py:151} INFO - [2026-05-03T13:41:09.050+0000] {dag.py:2915} INFO - Sync 1 DAGs
[2026-05-03T13:41:09.064+0000] {logging_mixin.py:151} INFO - [2026-05-03T13:41:09.064+0000] {dag.py:3696} INFO - Setting next_dagrun for setup_retail_pipeline to 2026-05-03T13:00:00+00:00, run_after=2026-05-03T14:00:00+00:00
[2026-05-03T13:41:09.073+0000] {processor.py:179} INFO - Processing /opt/airflow/dags/setup_retail_pipeline.py took 0.093 seconds
[2026-05-03T13:41:39.235+0000] {processor.py:157} INFO - Started process (PID=5460) to work on /opt/airflow/dags/setup_retail_pipeline.py
[2026-05-03T13:41:39.237+0000] {processor.py:829} INFO - Processing file /opt/airflow/dags/setup_retail_pipeline.py for tasks to queue
[2026-05-03T13:41:39.239+0000] {logging_mixin.py:151} INFO - [2026-05-03T13:41:39.239+0000] {dagbag.py:539} INFO - Filling up the DagBag from /opt/airflow/dags/setup_retail_pipeline.py
[2026-05-03T13:41:39.256+0000] {processor.py:839} INFO - DAG(s) dict_keys(['setup_retail_pipeline']) retrieved from /opt/airflow/dags/setup_retail_pipeline.py
[2026-05-03T13:41:39.276+0000] {logging_mixin.py:151} INFO - [2026-05-03T13:41:39.276+0000] {dag.py:2915} INFO - Sync 1 DAGs
[2026-05-03T13:41:39.286+0000] {logging_mixin.py:151} INFO - [2026-05-03T13:41:39.286+0000] {dag.py:3696} INFO - Setting next_dagrun for setup_retail_pipeline to 2026-05-03T13:00:00+00:00, run_after=2026-05-03T14:00:00+00:00
[2026-05-03T13:41:39.292+0000] {processor.py:179} INFO - Processing /opt/airflow/dags/setup_retail_pipeline.py took 0.061 seconds
[2026-05-03T13:42:09.535+0000] {processor.py:157} INFO - Started process (PID=5470) to work on /opt/airflow/dags/setup_retail_pipeline.py
[2026-05-03T13:42:09.536+0000] {processor.py:829} INFO - Processing file /opt/airflow/dags/setup_retail_pipeline.py for tasks to queue
[2026-05-03T13:42:09.538+0000] {logging_mixin.py:151} INFO - [2026-05-03T13:42:09.538+0000] {dagbag.py:539} INFO - Filling up the DagBag from /opt/airflow/dags/setup_retail_pipeline.py
[2026-05-03T13:42:09.554+0000] {processor.py:839} INFO - DAG(s) dict_keys(['setup_retail_pipeline']) retrieved from /opt/airflow/dags/setup_retail_pipeline.py
[2026-05-03T13:42:09.583+0000] {logging_mixin.py:151} INFO - [2026-05-03T13:42:09.583+0000] {dag.py:2915} INFO - Sync 1 DAGs
[2026-05-03T13:42:09.595+0000] {logging_mixin.py:151} INFO - [2026-05-03T13:42:09.594+0000] {dag.py:3696} INFO - Setting next_dagrun for setup_retail_pipeline to 2026-05-03T13:00:00+00:00, run_after=2026-05-03T14:00:00+00:00
[2026-05-03T13:42:09.601+0000] {processor.py:179} INFO - Processing /opt/airflow/dags/setup_retail_pipeline.py took 0.071 seconds
[2026-05-03T13:42:39.779+0000] {processor.py:157} INFO - Started process (PID=5480) to work on /opt/airflow/dags/setup_retail_pipeline.py
[2026-05-03T13:42:39.781+0000] {processor.py:829} INFO - Processing file /opt/airflow/dags/setup_retail_pipeline.py for tasks to queue
[2026-05-03T13:42:39.782+0000] {logging_mixin.py:151} INFO - [2026-05-03T13:42:39.781+0000] {dagbag.py:539} INFO - Filling up the DagBag from /opt/airflow/dags/setup_retail_pipeline.py
[2026-05-03T13:42:39.796+0000] {processor.py:839} INFO - DAG(s) dict_keys(['setup_retail_pipeline']) retrieved from /opt/airflow/dags/setup_retail_pipeline.py
[2026-05-03T13:42:39.817+0000] {logging_mixin.py:151} INFO - [2026-05-03T13:42:39.817+0000] {dag.py:2915} INFO - Sync 1 DAGs
[2026-05-03T13:42:39.827+0000] {logging_mixin.py:151} INFO - [2026-05-03T13:42:39.827+0000] {dag.py:3696} INFO - Setting next_dagrun for setup_retail_pipeline to 2026-05-03T13:00:00+00:00, run_after=2026-05-03T14:00:00+00:00
[2026-05-03T13:42:39.834+0000] {processor.py:179} INFO - Processing /opt/airflow/dags/setup_retail_pipeline.py took 0.063 seconds
[2026-05-03T13:43:10.014+0000] {processor.py:157} INFO - Started process (PID=5490) to work on /opt/airflow/dags/setup_retail_pipeline.py
[2026-05-03T13:43:10.015+0000] {processor.py:829} INFO - Processing file /opt/airflow/dags/setup_retail_pipeline.py for tasks to queue
[2026-05-03T13:43:10.016+0000] {logging_mixin.py:151} INFO - [2026-05-03T13:43:10.015+0000] {dagbag.py:539} INFO - Filling up the DagBag from /opt/airflow/dags/setup_retail_pipeline.py
[2026-05-03T13:43:10.031+0000] {processor.py:839} INFO - DAG(s) dict_keys(['setup_retail_pipeline']) retrieved from /opt/airflow/dags/setup_retail_pipeline.py
[2026-05-03T13:43:10.053+0000] {logging_mixin.py:151} INFO - [2026-05-03T13:43:10.053+0000] {dag.py:2915} INFO - Sync 1 DAGs
[2026-05-03T13:43:10.064+0000] {logging_mixin.py:151} INFO - [2026-05-03T13:43:10.064+0000] {dag.py:3696} INFO - Setting next_dagrun for setup_retail_pipeline to 2026-05-03T13:00:00+00:00, run_after=2026-05-03T14:00:00+00:00
[2026-05-03T13:43:10.071+0000] {processor.py:179} INFO - Processing /opt/airflow/dags/setup_retail_pipeline.py took 0.063 seconds
[2026-05-03T13:43:40.250+0000] {processor.py:157} INFO - Started process (PID=5500) to work on /opt/airflow/dags/setup_retail_pipeline.py
[2026-05-03T13:43:40.252+0000] {processor.py:829} INFO - Processing file /opt/airflow/dags/setup_retail_pipeline.py for tasks to queue
[2026-05-03T13:43:40.253+0000] {logging_mixin.py:151} INFO - [2026-05-03T13:43:40.253+0000] {dagbag.py:539} INFO - Filling up the DagBag from /opt/airflow/dags/setup_retail_pipeline.py
[2026-05-03T13:43:40.266+0000] {processor.py:839} INFO - DAG(s) dict_keys(['setup_retail_pipeline']) retrieved from /opt/airflow/dags/setup_retail_pipeline.py
[2026-05-03T13:43:40.284+0000] {logging_mixin.py:151} INFO - [2026-05-03T13:43:40.284+0000] {dag.py:2915} INFO - Sync 1 DAGs
[2026-05-03T13:43:40.295+0000] {logging_mixin.py:151} INFO - [2026-05-03T13:43:40.295+0000] {dag.py:3696} INFO - Setting next_dagrun for setup_retail_pipeline to 2026-05-03T13:00:00+00:00, run_after=2026-05-03T14:00:00+00:00
[2026-05-03T13:43:40.301+0000] {processor.py:179} INFO - Processing /opt/airflow/dags/setup_retail_pipeline.py took 0.057 seconds
[2026-05-03T13:44:10.537+0000] {processor.py:157} INFO - Started process (PID=5510) to work on /opt/airflow/dags/setup_retail_pipeline.py
[2026-05-03T13:44:10.539+0000] {processor.py:829} INFO - Processing file /opt/airflow/dags/setup_retail_pipeline.py for tasks to queue
[2026-05-03T13:44:10.540+0000] {logging_mixin.py:151} INFO - [2026-05-03T13:44:10.540+0000] {dagbag.py:539} INFO - Filling up the DagBag from /opt/airflow/dags/setup_retail_pipeline.py
[2026-05-03T13:44:10.558+0000] {processor.py:839} INFO - DAG(s) dict_keys(['setup_retail_pipeline']) retrieved from /opt/airflow/dags/setup_retail_pipeline.py
[2026-05-03T13:44:10.589+0000] {logging_mixin.py:151} INFO - [2026-05-03T13:44:10.589+0000] {dag.py:2915} INFO - Sync 1 DAGs
[2026-05-03T13:44:10.601+0000] {logging_mixin.py:151} INFO - [2026-05-03T13:44:10.601+0000] {dag.py:3696} INFO - Setting next_dagrun for setup_retail_pipeline to 2026-05-03T13:00:00+00:00, run_after=2026-05-03T14:00:00+00:00
[2026-05-03T13:44:10.609+0000] {processor.py:179} INFO - Processing /opt/airflow/dags/setup_retail_pipeline.py took 0.083 seconds
[2026-05-03T13:44:40.781+0000] {processor.py:157} INFO - Started process (PID=5520) to work on /opt/airflow/dags/setup_retail_pipeline.py
[2026-05-03T13:44:40.783+0000] {processor.py:829} INFO - Processing file /opt/airflow/dags/setup_retail_pipeline.py for tasks to queue
[2026-05-03T13:44:40.784+0000] {logging_mixin.py:151} INFO - [2026-05-03T13:44:40.783+0000] {dagbag.py:539} INFO - Filling up the DagBag from /opt/airflow/dags/setup_retail_pipeline.py
[2026-05-03T13:44:40.805+0000] {processor.py:839} INFO - DAG(s) dict_keys(['setup_retail_pipeline']) retrieved from /opt/airflow/dags/setup_retail_pipeline.py
[2026-05-03T13:44:40.829+0000] {logging_mixin.py:151} INFO - [2026-05-03T13:44:40.829+0000] {dag.py:2915} INFO - Sync 1 DAGs
[2026-05-03T13:44:40.840+0000] {logging_mixin.py:151} INFO - [2026-05-03T13:44:40.840+0000] {dag.py:3696} INFO - Setting next_dagrun for setup_retail_pipeline to 2026-05-03T13:00:00+00:00, run_after=2026-05-03T14:00:00+00:00
[2026-05-03T13:44:40.847+0000] {processor.py:179} INFO - Processing /opt/airflow/dags/setup_retail_pipeline.py took 0.071 seconds
[2026-05-03T13:45:11.013+0000] {processor.py:157} INFO - Started process (PID=5530) to work on /opt/airflow/dags/setup_retail_pipeline.py
[2026-05-03T13:45:11.017+0000] {processor.py:829} INFO - Processing file /opt/airflow/dags/setup_retail_pipeline.py for tasks to queue
[2026-05-03T13:45:11.018+0000] {logging_mixin.py:151} INFO - [2026-05-03T13:45:11.018+0000] {dagbag.py:539} INFO - Filling up the DagBag from /opt/airflow/dags/setup_retail_pipeline.py
[2026-05-03T13:45:11.031+0000] {processor.py:839} INFO - DAG(s) dict_keys(['setup_retail_pipeline']) retrieved from /opt/airflow/dags/setup_retail_pipeline.py
[2026-05-03T13:45:11.051+0000] {logging_mixin.py:151} INFO - [2026-05-03T13:45:11.051+0000] {dag.py:2915} INFO - Sync 1 DAGs
[2026-05-03T13:45:11.063+0000] {logging_mixin.py:151} INFO - [2026-05-03T13:45:11.062+0000] {dag.py:3696} INFO - Setting next_dagrun for setup_retail_pipeline to 2026-05-03T13:00:00+00:00, run_after=2026-05-03T14:00:00+00:00
[2026-05-03T13:45:11.069+0000] {processor.py:179} INFO - Processing /opt/airflow/dags/setup_retail_pipeline.py took 0.059 seconds
[2026-05-03T13:45:41.293+0000] {processor.py:157} INFO - Started process (PID=5540) to work on /opt/airflow/dags/setup_retail_pipeline.py
[2026-05-03T13:45:41.295+0000] {processor.py:829} INFO - Processing file /opt/airflow/dags/setup_retail_pipeline.py for tasks to queue
[2026-05-03T13:45:41.296+0000] {logging_mixin.py:151} INFO - [2026-05-03T13:45:41.296+0000] {dagbag.py:539} INFO - Filling up the DagBag from /opt/airflow/dags/setup_retail_pipeline.py
[2026-05-03T13:45:41.316+0000] {processor.py:839} INFO - DAG(s) dict_keys(['setup_retail_pipeline']) retrieved from /opt/airflow/dags/setup_retail_pipeline.py
[2026-05-03T13:45:41.342+0000] {logging_mixin.py:151} INFO - [2026-05-03T13:45:41.341+0000] {dag.py:2915} INFO - Sync 1 DAGs
[2026-05-03T13:45:41.352+0000] {logging_mixin.py:151} INFO - [2026-05-03T13:45:41.352+0000] {dag.py:3696} INFO - Setting next_dagrun for setup_retail_pipeline to 2026-05-03T13:00:00+00:00, run_after=2026-05-03T14:00:00+00:00
[2026-05-03T13:45:41.360+0000] {processor.py:179} INFO - Processing /opt/airflow/dags/setup_retail_pipeline.py took 0.073 seconds
[2026-05-03T13:46:11.542+0000] {processor.py:157} INFO - Started process (PID=5550) to work on /opt/airflow/dags/setup_retail_pipeline.py
[2026-05-03T13:46:11.545+0000] {processor.py:829} INFO - Processing file /opt/airflow/dags/setup_retail_pipeline.py for tasks to queue
[2026-05-03T13:46:11.546+0000] {logging_mixin.py:151} INFO - [2026-05-03T13:46:11.546+0000] {dagbag.py:539} INFO - Filling up the DagBag from /opt/airflow/dags/setup_retail_pipeline.py
[2026-05-03T13:46:11.560+0000] {processor.py:839} INFO - DAG(s) dict_keys(['setup_retail_pipeline']) retrieved from /opt/airflow/dags/setup_retail_pipeline.py
[2026-05-03T13:46:11.577+0000] {logging_mixin.py:151} INFO - [2026-05-03T13:46:11.577+0000] {dag.py:2915} INFO - Sync 1 DAGs
[2026-05-03T13:46:11.589+0000] {logging_mixin.py:151} INFO - [2026-05-03T13:46:11.589+0000] {dag.py:3696} INFO - Setting next_dagrun for setup_retail_pipeline to 2026-05-03T13:00:00+00:00, run_after=2026-05-03T14:00:00+00:00
[2026-05-03T13:46:11.596+0000] {processor.py:179} INFO - Processing /opt/airflow/dags/setup_retail_pipeline.py took 0.058 seconds
[2026-05-03T13:46:41.798+0000] {processor.py:157} INFO - Started process (PID=5560) to work on /opt/airflow/dags/setup_retail_pipeline.py
[2026-05-03T13:46:41.799+0000] {processor.py:829} INFO - Processing file /opt/airflow/dags/setup_retail_pipeline.py for tasks to queue
[2026-05-03T13:46:41.802+0000] {logging_mixin.py:151} INFO - [2026-05-03T13:46:41.801+0000] {dagbag.py:539} INFO - Filling up the DagBag from /opt/airflow/dags/setup_retail_pipeline.py
[2026-05-03T13:46:41.828+0000] {processor.py:839} INFO - DAG(s) dict_keys(['setup_retail_pipeline']) retrieved from /opt/airflow/dags/setup_retail_pipeline.py
[2026-05-03T13:46:41.865+0000] {logging_mixin.py:151} INFO - [2026-05-03T13:46:41.865+0000] {dag.py:2915} INFO - Sync 1 DAGs
[2026-05-03T13:46:41.879+0000] {logging_mixin.py:151} INFO - [2026-05-03T13:46:41.879+0000] {dag.py:3696} INFO - Setting next_dagrun for setup_retail_pipeline to 2026-05-03T13:00:00+00:00, run_after=2026-05-03T14:00:00+00:00
[2026-05-03T13:46:41.888+0000] {processor.py:179} INFO - Processing /opt/airflow/dags/setup_retail_pipeline.py took 0.098 seconds
[2026-05-03T13:47:12.056+0000] {processor.py:157} INFO - Started process (PID=5570) to work on /opt/airflow/dags/setup_retail_pipeline.py
[2026-05-03T13:47:12.058+0000] {processor.py:829} INFO - Processing file /opt/airflow/dags/setup_retail_pipeline.py for tasks to queue
[2026-05-03T13:47:12.061+0000] {logging_mixin.py:151} INFO - [2026-05-03T13:47:12.059+0000] {dagbag.py:539} INFO - Filling up the DagBag from /opt/airflow/dags/setup_retail_pipeline.py
[2026-05-03T13:47:12.091+0000] {processor.py:839} INFO - DAG(s) dict_keys(['setup_retail_pipeline']) retrieved from /opt/airflow/dags/setup_retail_pipeline.py
[2026-05-03T13:47:12.129+0000] {logging_mixin.py:151} INFO - [2026-05-03T13:47:12.129+0000] {dag.py:2915} INFO - Sync 1 DAGs
[2026-05-03T13:47:12.152+0000] {logging_mixin.py:151} INFO - [2026-05-03T13:47:12.152+0000] {dag.py:3696} INFO - Setting next_dagrun for setup_retail_pipeline to 2026-05-03T13:00:00+00:00, run_after=2026-05-03T14:00:00+00:00
[2026-05-03T13:47:12.160+0000] {processor.py:179} INFO - Processing /opt/airflow/dags/setup_retail_pipeline.py took 0.118 seconds
[2026-05-03T13:47:42.341+0000] {processor.py:157} INFO - Started process (PID=5580) to work on /opt/airflow/dags/setup_retail_pipeline.py
[2026-05-03T13:47:42.342+0000] {processor.py:829} INFO - Processing file /opt/airflow/dags/setup_retail_pipeline.py for tasks to queue
[2026-05-03T13:47:42.345+0000] {logging_mixin.py:151} INFO - [2026-05-03T13:47:42.345+0000] {dagbag.py:539} INFO - Filling up the DagBag from /opt/airflow/dags/setup_retail_pipeline.py
[2026-05-03T13:47:42.365+0000] {processor.py:839} INFO - DAG(s) dict_keys(['setup_retail_pipeline']) retrieved from /opt/airflow/dags/setup_retail_pipeline.py
[2026-05-03T13:47:42.391+0000] {logging_mixin.py:151} INFO - [2026-05-03T13:47:42.391+0000] {dag.py:2915} INFO - Sync 1 DAGs
[2026-05-03T13:47:42.402+0000] {logging_mixin.py:151} INFO - [2026-05-03T13:47:42.402+0000] {dag.py:3696} INFO - Setting next_dagrun for setup_retail_pipeline to 2026-05-03T13:00:00+00:00, run_after=2026-05-03T14:00:00+00:00
[2026-05-03T13:47:42.409+0000] {processor.py:179} INFO - Processing /opt/airflow/dags/setup_retail_pipeline.py took 0.077 seconds
[2026-05-03T13:48:12.629+0000] {processor.py:157} INFO - Started process (PID=5590) to work on /opt/airflow/dags/setup_retail_pipeline.py
[2026-05-03T13:48:12.631+0000] {processor.py:829} INFO - Processing file /opt/airflow/dags/setup_retail_pipeline.py for tasks to queue
[2026-05-03T13:48:12.634+0000] {logging_mixin.py:151} INFO - [2026-05-03T13:48:12.633+0000] {dagbag.py:539} INFO - Filling up the DagBag from /opt/airflow/dags/setup_retail_pipeline.py
[2026-05-03T13:48:12.658+0000] {processor.py:839} INFO - DAG(s) dict_keys(['setup_retail_pipeline']) retrieved from /opt/airflow/dags/setup_retail_pipeline.py
[2026-05-03T13:48:12.687+0000] {logging_mixin.py:151} INFO - [2026-05-03T13:48:12.686+0000] {dag.py:2915} INFO - Sync 1 DAGs
[2026-05-03T13:48:12.698+0000] {logging_mixin.py:151} INFO - [2026-05-03T13:48:12.698+0000] {dag.py:3696} INFO - Setting next_dagrun for setup_retail_pipeline to 2026-05-03T13:00:00+00:00, run_after=2026-05-03T14:00:00+00:00
[2026-05-03T13:48:12.708+0000] {processor.py:179} INFO - Processing /opt/airflow/dags/setup_retail_pipeline.py took 0.092 seconds
[2026-05-03T13:48:42.885+0000] {processor.py:157} INFO - Started process (PID=5600) to work on /opt/airflow/dags/setup_retail_pipeline.py
[2026-05-03T13:48:42.886+0000] {processor.py:829} INFO - Processing file /opt/airflow/dags/setup_retail_pipeline.py for tasks to queue
[2026-05-03T13:48:42.888+0000] {logging_mixin.py:151} INFO - [2026-05-03T13:48:42.887+0000] {dagbag.py:539} INFO - Filling up the DagBag from /opt/airflow/dags/setup_retail_pipeline.py
[2026-05-03T13:48:42.908+0000] {processor.py:839} INFO - DAG(s) dict_keys(['setup_retail_pipeline']) retrieved from /opt/airflow/dags/setup_retail_pipeline.py
[2026-05-03T13:48:42.936+0000] {logging_mixin.py:151} INFO - [2026-05-03T13:48:42.936+0000] {dag.py:2915} INFO - Sync 1 DAGs
[2026-05-03T13:48:42.950+0000] {logging_mixin.py:151} INFO - [2026-05-03T13:48:42.950+0000] {dag.py:3696} INFO - Setting next_dagrun for setup_retail_pipeline to 2026-05-03T13:00:00+00:00, run_after=2026-05-03T14:00:00+00:00
[2026-05-03T13:48:42.957+0000] {processor.py:179} INFO - Processing /opt/airflow/dags/setup_retail_pipeline.py took 0.079 seconds
[2026-05-03T13:49:13.127+0000] {processor.py:157} INFO - Started process (PID=5610) to work on /opt/airflow/dags/setup_retail_pipeline.py
[2026-05-03T13:49:13.128+0000] {processor.py:829} INFO - Processing file /opt/airflow/dags/setup_retail_pipeline.py for tasks to queue
[2026-05-03T13:49:13.130+0000] {logging_mixin.py:151} INFO - [2026-05-03T13:49:13.130+0000] {dagbag.py:539} INFO - Filling up the DagBag from /opt/airflow/dags/setup_retail_pipeline.py
[2026-05-03T13:49:13.146+0000] {processor.py:839} INFO - DAG(s) dict_keys(['setup_retail_pipeline']) retrieved from /opt/airflow/dags/setup_retail_pipeline.py
[2026-05-03T13:49:13.168+0000] {logging_mixin.py:151} INFO - [2026-05-03T13:49:13.168+0000] {dag.py:2915} INFO - Sync 1 DAGs
[2026-05-03T13:49:13.181+0000] {logging_mixin.py:151} INFO - [2026-05-03T13:49:13.180+0000] {dag.py:3696} INFO - Setting next_dagrun for setup_retail_pipeline to 2026-05-03T13:00:00+00:00, run_after=2026-05-03T14:00:00+00:00
[2026-05-03T13:49:13.188+0000] {processor.py:179} INFO - Processing /opt/airflow/dags/setup_retail_pipeline.py took 0.066 seconds
[2026-05-03T13:49:43.365+0000] {processor.py:157} INFO - Started process (PID=5620) to work on /opt/airflow/dags/setup_retail_pipeline.py
[2026-05-03T13:49:43.367+0000] {processor.py:829} INFO - Processing file /opt/airflow/dags/setup_retail_pipeline.py for tasks to queue
[2026-05-03T13:49:43.370+0000] {logging_mixin.py:151} INFO - [2026-05-03T13:49:43.369+0000] {dagbag.py:539} INFO - Filling up the DagBag from /opt/airflow/dags/setup_retail_pipeline.py
[2026-05-03T13:49:43.381+0000] {processor.py:839} INFO - DAG(s) dict_keys(['setup_retail_pipeline']) retrieved from /opt/airflow/dags/setup_retail_pipeline.py
[2026-05-03T13:49:43.401+0000] {logging_mixin.py:151} INFO - [2026-05-03T13:49:43.401+0000] {dag.py:2915} INFO - Sync 1 DAGs
[2026-05-03T13:49:43.411+0000] {logging_mixin.py:151} INFO - [2026-05-03T13:49:43.411+0000] {dag.py:3696} INFO - Setting next_dagrun for setup_retail_pipeline to 2026-05-03T13:00:00+00:00, run_after=2026-05-03T14:00:00+00:00
[2026-05-03T13:49:43.417+0000] {processor.py:179} INFO - Processing /opt/airflow/dags/setup_retail_pipeline.py took 0.056 seconds
[2026-05-03T13:50:13.634+0000] {processor.py:157} INFO - Started process (PID=5630) to work on /opt/airflow/dags/setup_retail_pipeline.py
[2026-05-03T13:50:13.635+0000] {processor.py:829} INFO - Processing file /opt/airflow/dags/setup_retail_pipeline.py for tasks to queue
[2026-05-03T13:50:13.637+0000] {logging_mixin.py:151} INFO - [2026-05-03T13:50:13.636+0000] {dagbag.py:539} INFO - Filling up the DagBag from /opt/airflow/dags/setup_retail_pipeline.py
[2026-05-03T13:50:13.655+0000] {processor.py:839} INFO - DAG(s) dict_keys(['setup_retail_pipeline']) retrieved from /opt/airflow/dags/setup_retail_pipeline.py
[2026-05-03T13:50:13.678+0000] {logging_mixin.py:151} INFO - [2026-05-03T13:50:13.678+0000] {dag.py:2915} INFO - Sync 1 DAGs
[2026-05-03T13:50:13.691+0000] {logging_mixin.py:151} INFO - [2026-05-03T13:50:13.691+0000] {dag.py:3696} INFO - Setting next_dagrun for setup_retail_pipeline to 2026-05-03T13:00:00+00:00, run_after=2026-05-03T14:00:00+00:00
[2026-05-03T13:50:13.699+0000] {processor.py:179} INFO - Processing /opt/airflow/dags/setup_retail_pipeline.py took 0.071 seconds
[2026-05-03T13:50:43.903+0000] {processor.py:157} INFO - Started process (PID=5640) to work on /opt/airflow/dags/setup_retail_pipeline.py
[2026-05-03T13:50:43.905+0000] {processor.py:829} INFO - Processing file /opt/airflow/dags/setup_retail_pipeline.py for tasks to queue
[2026-05-03T13:50:43.907+0000] {logging_mixin.py:151} INFO - [2026-05-03T13:50:43.906+0000] {dagbag.py:539} INFO - Filling up the DagBag from /opt/airflow/dags/setup_retail_pipeline.py
[2026-05-03T13:50:43.933+0000] {processor.py:839} INFO - DAG(s) dict_keys(['setup_retail_pipeline']) retrieved from /opt/airflow/dags/setup_retail_pipeline.py
[2026-05-03T13:50:43.954+0000] {logging_mixin.py:151} INFO - [2026-05-03T13:50:43.954+0000] {dag.py:2915} INFO - Sync 1 DAGs
[2026-05-03T13:50:43.965+0000] {logging_mixin.py:151} INFO - [2026-05-03T13:50:43.965+0000] {dag.py:3696} INFO - Setting next_dagrun for setup_retail_pipeline to 2026-05-03T13:00:00+00:00, run_after=2026-05-03T14:00:00+00:00
[2026-05-03T13:50:43.972+0000] {processor.py:179} INFO - Processing /opt/airflow/dags/setup_retail_pipeline.py took 0.077 seconds
[2026-05-03T13:51:14.137+0000] {processor.py:157} INFO - Started process (PID=5650) to work on /opt/airflow/dags/setup_retail_pipeline.py
[2026-05-03T13:51:14.138+0000] {processor.py:829} INFO - Processing file /opt/airflow/dags/setup_retail_pipeline.py for tasks to queue
[2026-05-03T13:51:14.139+0000] {logging_mixin.py:151} INFO - [2026-05-03T13:51:14.139+0000] {dagbag.py:539} INFO - Filling up the DagBag from /opt/airflow/dags/setup_retail_pipeline.py
[2026-05-03T13:51:14.152+0000] {processor.py:839} INFO - DAG(s) dict_keys(['setup_retail_pipeline']) retrieved from /opt/airflow/dags/setup_retail_pipeline.py
[2026-05-03T13:51:14.169+0000] {logging_mixin.py:151} INFO - [2026-05-03T13:51:14.169+0000] {dag.py:2915} INFO - Sync 1 DAGs
[2026-05-03T13:51:14.179+0000] {logging_mixin.py:151} INFO - [2026-05-03T13:51:14.179+0000] {dag.py:3696} INFO - Setting next_dagrun for setup_retail_pipeline to 2026-05-03T13:00:00+00:00, run_after=2026-05-03T14:00:00+00:00
[2026-05-03T13:51:14.185+0000] {processor.py:179} INFO - Processing /opt/airflow/dags/setup_retail_pipeline.py took 0.052 seconds
[2026-05-03T13:51:44.392+0000] {processor.py:157} INFO - Started process (PID=5660) to work on /opt/airflow/dags/setup_retail_pipeline.py
[2026-05-03T13:51:44.393+0000] {processor.py:829} INFO - Processing file /opt/airflow/dags/setup_retail_pipeline.py for tasks to queue
[2026-05-03T13:51:44.394+0000] {logging_mixin.py:151} INFO - [2026-05-03T13:51:44.394+0000] {dagbag.py:539} INFO - Filling up the DagBag from /opt/airflow/dags/setup_retail_pipeline.py
[2026-05-03T13:51:44.409+0000] {processor.py:839} INFO - DAG(s) dict_keys(['setup_retail_pipeline']) retrieved from /opt/airflow/dags/setup_retail_pipeline.py
[2026-05-03T13:51:44.433+0000] {logging_mixin.py:151} INFO - [2026-05-03T13:51:44.433+0000] {dag.py:2915} INFO - Sync 1 DAGs
[2026-05-03T13:51:44.445+0000] {logging_mixin.py:151} INFO - [2026-05-03T13:51:44.445+0000] {dag.py:3696} INFO - Setting next_dagrun for setup_retail_pipeline to 2026-05-03T13:00:00+00:00, run_after=2026-05-03T14:00:00+00:00
[2026-05-03T13:51:44.452+0000] {processor.py:179} INFO - Processing /opt/airflow/dags/setup_retail_pipeline.py took 0.065 seconds
[2026-05-03T13:52:14.662+0000] {processor.py:157} INFO - Started process (PID=5670) to work on /opt/airflow/dags/setup_retail_pipeline.py
[2026-05-03T13:52:14.664+0000] {processor.py:829} INFO - Processing file /opt/airflow/dags/setup_retail_pipeline.py for tasks to queue
[2026-05-03T13:52:14.665+0000] {logging_mixin.py:151} INFO - [2026-05-03T13:52:14.664+0000] {dagbag.py:539} INFO - Filling up the DagBag from /opt/airflow/dags/setup_retail_pipeline.py
[2026-05-03T13:52:14.686+0000] {processor.py:839} INFO - DAG(s) dict_keys(['setup_retail_pipeline']) retrieved from /opt/airflow/dags/setup_retail_pipeline.py
[2026-05-03T13:52:14.711+0000] {logging_mixin.py:151} INFO - [2026-05-03T13:52:14.711+0000] {dag.py:2915} INFO - Sync 1 DAGs
[2026-05-03T13:52:14.723+0000] {logging_mixin.py:151} INFO - [2026-05-03T13:52:14.723+0000] {dag.py:3696} INFO - Setting next_dagrun for setup_retail_pipeline to 2026-05-03T13:00:00+00:00, run_after=2026-05-03T14:00:00+00:00
[2026-05-03T13:52:14.730+0000] {processor.py:179} INFO - Processing /opt/airflow/dags/setup_retail_pipeline.py took 0.075 seconds
[2026-05-03T13:52:44.879+0000] {processor.py:157} INFO - Started process (PID=5680) to work on /opt/airflow/dags/setup_retail_pipeline.py
[2026-05-03T13:52:44.881+0000] {processor.py:829} INFO - Processing file /opt/airflow/dags/setup_retail_pipeline.py for tasks to queue
[2026-05-03T13:52:44.882+0000] {logging_mixin.py:151} INFO - [2026-05-03T13:52:44.881+0000] {dagbag.py:539} INFO - Filling up the DagBag from /opt/airflow/dags/setup_retail_pipeline.py
[2026-05-03T13:52:44.897+0000] {processor.py:839} INFO - DAG(s) dict_keys(['setup_retail_pipeline']) retrieved from /opt/airflow/dags/setup_retail_pipeline.py
[2026-05-03T13:52:44.919+0000] {logging_mixin.py:151} INFO - [2026-05-03T13:52:44.919+0000] {dag.py:2915} INFO - Sync 1 DAGs
[2026-05-03T13:52:44.931+0000] {logging_mixin.py:151} INFO - [2026-05-03T13:52:44.931+0000] {dag.py:3696} INFO - Setting next_dagrun for setup_retail_pipeline to 2026-05-03T13:00:00+00:00, run_after=2026-05-03T14:00:00+00:00
[2026-05-03T13:52:44.937+0000] {processor.py:179} INFO - Processing /opt/airflow/dags/setup_retail_pipeline.py took 0.062 seconds
[2026-05-03T13:53:15.133+0000] {processor.py:157} INFO - Started process (PID=5690) to work on /opt/airflow/dags/setup_retail_pipeline.py
[2026-05-03T13:53:15.135+0000] {processor.py:829} INFO - Processing file /opt/airflow/dags/setup_retail_pipeline.py for tasks to queue
[2026-05-03T13:53:15.136+0000] {logging_mixin.py:151} INFO - [2026-05-03T13:53:15.136+0000] {dagbag.py:539} INFO - Filling up the DagBag from /opt/airflow/dags/setup_retail_pipeline.py
[2026-05-03T13:53:15.149+0000] {processor.py:839} INFO - DAG(s) dict_keys(['setup_retail_pipeline']) retrieved from /opt/airflow/dags/setup_retail_pipeline.py
[2026-05-03T13:53:15.166+0000] {logging_mixin.py:151} INFO - [2026-05-03T13:53:15.166+0000] {dag.py:2915} INFO - Sync 1 DAGs
[2026-05-03T13:53:15.176+0000] {logging_mixin.py:151} INFO - [2026-05-03T13:53:15.176+0000] {dag.py:3696} INFO - Setting next_dagrun for setup_retail_pipeline to 2026-05-03T13:00:00+00:00, run_after=2026-05-03T14:00:00+00:00
[2026-05-03T13:53:15.183+0000] {processor.py:179} INFO - Processing /opt/airflow/dags/setup_retail_pipeline.py took 0.053 seconds
[2026-05-03T13:53:45.380+0000] {processor.py:157} INFO - Started process (PID=5700) to work on /opt/airflow/dags/setup_retail_pipeline.py
[2026-05-03T13:53:45.381+0000] {processor.py:829} INFO - Processing file /opt/airflow/dags/setup_retail_pipeline.py for tasks to queue
[2026-05-03T13:53:45.383+0000] {logging_mixin.py:151} INFO - [2026-05-03T13:53:45.382+0000] {dagbag.py:539} INFO - Filling up the DagBag from /opt/airflow/dags/setup_retail_pipeline.py
[2026-05-03T13:53:45.398+0000] {processor.py:839} INFO - DAG(s) dict_keys(['setup_retail_pipeline']) retrieved from /opt/airflow/dags/setup_retail_pipeline.py
[2026-05-03T13:53:45.416+0000] {logging_mixin.py:151} INFO - [2026-05-03T13:53:45.416+0000] {dag.py:2915} INFO - Sync 1 DAGs
[2026-05-03T13:53:45.426+0000] {logging_mixin.py:151} INFO - [2026-05-03T13:53:45.426+0000] {dag.py:3696} INFO - Setting next_dagrun for setup_retail_pipeline to 2026-05-03T13:00:00+00:00, run_after=2026-05-03T14:00:00+00:00
[2026-05-03T13:53:45.432+0000] {processor.py:179} INFO - Processing /opt/airflow/dags/setup_retail_pipeline.py took 0.058 seconds
[2026-05-03T13:54:15.611+0000] {processor.py:157} INFO - Started process (PID=5710) to work on /opt/airflow/dags/setup_retail_pipeline.py
[2026-05-03T13:54:15.612+0000] {processor.py:829} INFO - Processing file /opt/airflow/dags/setup_retail_pipeline.py for tasks to queue
[2026-05-03T13:54:15.614+0000] {logging_mixin.py:151} INFO - [2026-05-03T13:54:15.613+0000] {dagbag.py:539} INFO - Filling up the DagBag from /opt/airflow/dags/setup_retail_pipeline.py
[2026-05-03T13:54:15.629+0000] {processor.py:839} INFO - DAG(s) dict_keys(['setup_retail_pipeline']) retrieved from /opt/airflow/dags/setup_retail_pipeline.py
[2026-05-03T13:54:15.650+0000] {logging_mixin.py:151} INFO - [2026-05-03T13:54:15.650+0000] {dag.py:2915} INFO - Sync 1 DAGs
[2026-05-03T13:54:15.661+0000] {logging_mixin.py:151} INFO - [2026-05-03T13:54:15.661+0000] {dag.py:3696} INFO - Setting next_dagrun for setup_retail_pipeline to 2026-05-03T13:00:00+00:00, run_after=2026-05-03T14:00:00+00:00
[2026-05-03T13:54:15.668+0000] {processor.py:179} INFO - Processing /opt/airflow/dags/setup_retail_pipeline.py took 0.062 seconds
[2026-05-03T13:54:45.838+0000] {processor.py:157} INFO - Started process (PID=5720) to work on /opt/airflow/dags/setup_retail_pipeline.py
[2026-05-03T13:54:45.841+0000] {processor.py:829} INFO - Processing file /opt/airflow/dags/setup_retail_pipeline.py for tasks to queue
[2026-05-03T13:54:45.842+0000] {logging_mixin.py:151} INFO - [2026-05-03T13:54:45.841+0000] {dagbag.py:539} INFO - Filling up the DagBag from /opt/airflow/dags/setup_retail_pipeline.py
[2026-05-03T13:54:45.856+0000] {processor.py:839} INFO - DAG(s) dict_keys(['setup_retail_pipeline']) retrieved from /opt/airflow/dags/setup_retail_pipeline.py
[2026-05-03T13:54:45.873+0000] {logging_mixin.py:151} INFO - [2026-05-03T13:54:45.873+0000] {dag.py:2915} INFO - Sync 1 DAGs
[2026-05-03T13:54:45.884+0000] {logging_mixin.py:151} INFO - [2026-05-03T13:54:45.883+0000] {dag.py:3696} INFO - Setting next_dagrun for setup_retail_pipeline to 2026-05-03T13:00:00+00:00, run_after=2026-05-03T14:00:00+00:00
[2026-05-03T13:54:45.890+0000] {processor.py:179} INFO - Processing /opt/airflow/dags/setup_retail_pipeline.py took 0.056 seconds
[2026-05-03T13:55:16.069+0000] {processor.py:157} INFO - Started process (PID=5730) to work on /opt/airflow/dags/setup_retail_pipeline.py
[2026-05-03T13:55:16.071+0000] {processor.py:829} INFO - Processing file /opt/airflow/dags/setup_retail_pipeline.py for tasks to queue
[2026-05-03T13:55:16.073+0000] {logging_mixin.py:151} INFO - [2026-05-03T13:55:16.072+0000] {dagbag.py:539} INFO - Filling up the DagBag from /opt/airflow/dags/setup_retail_pipeline.py
[2026-05-03T13:55:16.090+0000] {processor.py:839} INFO - DAG(s) dict_keys(['setup_retail_pipeline']) retrieved from /opt/airflow/dags/setup_retail_pipeline.py
[2026-05-03T13:55:16.108+0000] {logging_mixin.py:151} INFO - [2026-05-03T13:55:16.108+0000] {dag.py:2915} INFO - Sync 1 DAGs
[2026-05-03T13:55:16.119+0000] {logging_mixin.py:151} INFO - [2026-05-03T13:55:16.119+0000] {dag.py:3696} INFO - Setting next_dagrun for setup_retail_pipeline to 2026-05-03T13:00:00+00:00, run_after=2026-05-03T14:00:00+00:00
[2026-05-03T13:55:16.125+0000] {processor.py:179} INFO - Processing /opt/airflow/dags/setup_retail_pipeline.py took 0.062 seconds
[2026-05-03T13:55:46.303+0000] {processor.py:157} INFO - Started process (PID=5740) to work on /opt/airflow/dags/setup_retail_pipeline.py
[2026-05-03T13:55:46.304+0000] {processor.py:829} INFO - Processing file /opt/airflow/dags/setup_retail_pipeline.py for tasks to queue
[2026-05-03T13:55:46.305+0000] {logging_mixin.py:151} INFO - [2026-05-03T13:55:46.305+0000] {dagbag.py:539} INFO - Filling up the DagBag from /opt/airflow/dags/setup_retail_pipeline.py
[2026-05-03T13:55:46.321+0000] {processor.py:839} INFO - DAG(s) dict_keys(['setup_retail_pipeline']) retrieved from /opt/airflow/dags/setup_retail_pipeline.py
[2026-05-03T13:55:46.344+0000] {logging_mixin.py:151} INFO - [2026-05-03T13:55:46.343+0000] {dag.py:2915} INFO - Sync 1 DAGs
[2026-05-03T13:55:46.353+0000] {logging_mixin.py:151} INFO - [2026-05-03T13:55:46.353+0000] {dag.py:3696} INFO - Setting next_dagrun for setup_retail_pipeline to 2026-05-03T13:00:00+00:00, run_after=2026-05-03T14:00:00+00:00
[2026-05-03T13:55:46.360+0000] {processor.py:179} INFO - Processing /opt/airflow/dags/setup_retail_pipeline.py took 0.060 seconds
[2026-05-03T13:56:16.545+0000] {processor.py:157} INFO - Started process (PID=5750) to work on /opt/airflow/dags/setup_retail_pipeline.py
[2026-05-03T13:56:16.548+0000] {processor.py:829} INFO - Processing file /opt/airflow/dags/setup_retail_pipeline.py for tasks to queue
[2026-05-03T13:56:16.549+0000] {logging_mixin.py:151} INFO - [2026-05-03T13:56:16.549+0000] {dagbag.py:539} INFO - Filling up the DagBag from /opt/airflow/dags/setup_retail_pipeline.py
[2026-05-03T13:56:16.563+0000] {processor.py:839} INFO - DAG(s) dict_keys(['setup_retail_pipeline']) retrieved from /opt/airflow/dags/setup_retail_pipeline.py
[2026-05-03T13:56:16.584+0000] {logging_mixin.py:151} INFO - [2026-05-03T13:56:16.583+0000] {dag.py:2915} INFO - Sync 1 DAGs
[2026-05-03T13:56:16.595+0000] {logging_mixin.py:151} INFO - [2026-05-03T13:56:16.595+0000] {dag.py:3696} INFO - Setting next_dagrun for setup_retail_pipeline to 2026-05-03T13:00:00+00:00, run_after=2026-05-03T14:00:00+00:00
[2026-05-03T13:56:16.602+0000] {processor.py:179} INFO - Processing /opt/airflow/dags/setup_retail_pipeline.py took 0.060 seconds
[2026-05-03T13:56:46.791+0000] {processor.py:157} INFO - Started process (PID=5760) to work on /opt/airflow/dags/setup_retail_pipeline.py
[2026-05-03T13:56:46.794+0000] {processor.py:829} INFO - Processing file /opt/airflow/dags/setup_retail_pipeline.py for tasks to queue
[2026-05-03T13:56:46.795+0000] {logging_mixin.py:151} INFO - [2026-05-03T13:56:46.795+0000] {dagbag.py:539} INFO - Filling up the DagBag from /opt/airflow/dags/setup_retail_pipeline.py
[2026-05-03T13:56:46.811+0000] {processor.py:839} INFO - DAG(s) dict_keys(['setup_retail_pipeline']) retrieved from /opt/airflow/dags/setup_retail_pipeline.py
[2026-05-03T13:56:46.828+0000] {logging_mixin.py:151} INFO - [2026-05-03T13:56:46.828+0000] {dag.py:2915} INFO - Sync 1 DAGs
[2026-05-03T13:56:46.838+0000] {logging_mixin.py:151} INFO - [2026-05-03T13:56:46.838+0000] {dag.py:3696} INFO - Setting next_dagrun for setup_retail_pipeline to 2026-05-03T13:00:00+00:00, run_after=2026-05-03T14:00:00+00:00
[2026-05-03T13:56:46.844+0000] {processor.py:179} INFO - Processing /opt/airflow/dags/setup_retail_pipeline.py took 0.057 seconds
[2026-05-03T13:57:17.053+0000] {processor.py:157} INFO - Started process (PID=5770) to work on /opt/airflow/dags/setup_retail_pipeline.py
[2026-05-03T13:57:17.054+0000] {processor.py:829} INFO - Processing file /opt/airflow/dags/setup_retail_pipeline.py for tasks to queue
[2026-05-03T13:57:17.056+0000] {logging_mixin.py:151} INFO - [2026-05-03T13:57:17.056+0000] {dagbag.py:539} INFO - Filling up the DagBag from /opt/airflow/dags/setup_retail_pipeline.py
[2026-05-03T13:57:17.072+0000] {processor.py:839} INFO - DAG(s) dict_keys(['setup_retail_pipeline']) retrieved from /opt/airflow/dags/setup_retail_pipeline.py
[2026-05-03T13:57:17.089+0000] {logging_mixin.py:151} INFO - [2026-05-03T13:57:17.089+0000] {dag.py:2915} INFO - Sync 1 DAGs
[2026-05-03T13:57:17.099+0000] {logging_mixin.py:151} INFO - [2026-05-03T13:57:17.099+0000] {dag.py:3696} INFO - Setting next_dagrun for setup_retail_pipeline to 2026-05-03T13:00:00+00:00, run_after=2026-05-03T14:00:00+00:00
[2026-05-03T13:57:17.106+0000] {processor.py:179} INFO - Processing /opt/airflow/dags/setup_retail_pipeline.py took 0.059 seconds
[2026-05-03T13:57:47.291+0000] {processor.py:157} INFO - Started process (PID=5780) to work on /opt/airflow/dags/setup_retail_pipeline.py
[2026-05-03T13:57:47.293+0000] {processor.py:829} INFO - Processing file /opt/airflow/dags/setup_retail_pipeline.py for tasks to queue
[2026-05-03T13:57:47.294+0000] {logging_mixin.py:151} INFO - [2026-05-03T13:57:47.294+0000] {dagbag.py:539} INFO - Filling up the DagBag from /opt/airflow/dags/setup_retail_pipeline.py
[2026-05-03T13:57:47.310+0000] {processor.py:839} INFO - DAG(s) dict_keys(['setup_retail_pipeline']) retrieved from /opt/airflow/dags/setup_retail_pipeline.py
[2026-05-03T13:57:47.337+0000] {logging_mixin.py:151} INFO - [2026-05-03T13:57:47.337+0000] {dag.py:2915} INFO - Sync 1 DAGs
[2026-05-03T13:57:47.348+0000] {logging_mixin.py:151} INFO - [2026-05-03T13:57:47.348+0000] {dag.py:3696} INFO - Setting next_dagrun for setup_retail_pipeline to 2026-05-03T13:00:00+00:00, run_after=2026-05-03T14:00:00+00:00
[2026-05-03T13:57:47.354+0000] {processor.py:179} INFO - Processing /opt/airflow/dags/setup_retail_pipeline.py took 0.073 seconds
[2026-05-03T13:58:17.535+0000] {processor.py:157} INFO - Started process (PID=5790) to work on /opt/airflow/dags/setup_retail_pipeline.py
[2026-05-03T13:58:17.536+0000] {processor.py:829} INFO - Processing file /opt/airflow/dags/setup_retail_pipeline.py for tasks to queue
[2026-05-03T13:58:17.538+0000] {logging_mixin.py:151} INFO - [2026-05-03T13:58:17.537+0000] {dagbag.py:539} INFO - Filling up the DagBag from /opt/airflow/dags/setup_retail_pipeline.py
[2026-05-03T13:58:17.548+0000] {processor.py:839} INFO - DAG(s) dict_keys(['setup_retail_pipeline']) retrieved from /opt/airflow/dags/setup_retail_pipeline.py
[2026-05-03T13:58:17.564+0000] {logging_mixin.py:151} INFO - [2026-05-03T13:58:17.564+0000] {dag.py:2915} INFO - Sync 1 DAGs
[2026-05-03T13:58:17.574+0000] {logging_mixin.py:151} INFO - [2026-05-03T13:58:17.573+0000] {dag.py:3696} INFO - Setting next_dagrun for setup_retail_pipeline to 2026-05-03T13:00:00+00:00, run_after=2026-05-03T14:00:00+00:00
[2026-05-03T13:58:17.580+0000] {processor.py:179} INFO - Processing /opt/airflow/dags/setup_retail_pipeline.py took 0.048 seconds
[2026-05-03T13:58:47.763+0000] {processor.py:157} INFO - Started process (PID=5800) to work on /opt/airflow/dags/setup_retail_pipeline.py
[2026-05-03T13:58:47.764+0000] {processor.py:829} INFO - Processing file /opt/airflow/dags/setup_retail_pipeline.py for tasks to queue
[2026-05-03T13:58:47.767+0000] {logging_mixin.py:151} INFO - [2026-05-03T13:58:47.766+0000] {dagbag.py:539} INFO - Filling up the DagBag from /opt/airflow/dags/setup_retail_pipeline.py
[2026-05-03T13:58:47.785+0000] {processor.py:839} INFO - DAG(s) dict_keys(['setup_retail_pipeline']) retrieved from /opt/airflow/dags/setup_retail_pipeline.py
[2026-05-03T13:58:47.809+0000] {logging_mixin.py:151} INFO - [2026-05-03T13:58:47.809+0000] {dag.py:2915} INFO - Sync 1 DAGs
[2026-05-03T13:58:47.821+0000] {logging_mixin.py:151} INFO - [2026-05-03T13:58:47.821+0000] {dag.py:3696} INFO - Setting next_dagrun for setup_retail_pipeline to 2026-05-03T13:00:00+00:00, run_after=2026-05-03T14:00:00+00:00
[2026-05-03T13:58:47.827+0000] {processor.py:179} INFO - Processing /opt/airflow/dags/setup_retail_pipeline.py took 0.069 seconds
[2026-05-03T13:59:18.074+0000] {processor.py:157} INFO - Started process (PID=5810) to work on /opt/airflow/dags/setup_retail_pipeline.py
[2026-05-03T13:59:18.075+0000] {processor.py:829} INFO - Processing file /opt/airflow/dags/setup_retail_pipeline.py for tasks to queue
[2026-05-03T13:59:18.077+0000] {logging_mixin.py:151} INFO - [2026-05-03T13:59:18.077+0000] {dagbag.py:539} INFO - Filling up the DagBag from /opt/airflow/dags/setup_retail_pipeline.py
[2026-05-03T13:59:18.093+0000] {processor.py:839} INFO - DAG(s) dict_keys(['setup_retail_pipeline']) retrieved from /opt/airflow/dags/setup_retail_pipeline.py
[2026-05-03T13:59:18.113+0000] {logging_mixin.py:151} INFO - [2026-05-03T13:59:18.113+0000] {dag.py:2915} INFO - Sync 1 DAGs
[2026-05-03T13:59:18.122+0000] {logging_mixin.py:151} INFO - [2026-05-03T13:59:18.122+0000] {dag.py:3696} INFO - Setting next_dagrun for setup_retail_pipeline to 2026-05-03T13:00:00+00:00, run_after=2026-05-03T14:00:00+00:00
[2026-05-03T13:59:18.128+0000] {processor.py:179} INFO - Processing /opt/airflow/dags/setup_retail_pipeline.py took 0.061 seconds
[2026-05-03T13:59:48.324+0000] {processor.py:157} INFO - Started process (PID=5820) to work on /opt/airflow/dags/setup_retail_pipeline.py
[2026-05-03T13:59:48.328+0000] {processor.py:829} INFO - Processing file /opt/airflow/dags/setup_retail_pipeline.py for tasks to queue
[2026-05-03T13:59:48.329+0000] {logging_mixin.py:151} INFO - [2026-05-03T13:59:48.329+0000] {dagbag.py:539} INFO - Filling up the DagBag from /opt/airflow/dags/setup_retail_pipeline.py
[2026-05-03T13:59:48.346+0000] {processor.py:839} INFO - DAG(s) dict_keys(['setup_retail_pipeline']) retrieved from /opt/airflow/dags/setup_retail_pipeline.py
[2026-05-03T13:59:48.368+0000] {logging_mixin.py:151} INFO - [2026-05-03T13:59:48.368+0000] {dag.py:2915} INFO - Sync 1 DAGs
[2026-05-03T13:59:48.383+0000] {logging_mixin.py:151} INFO - [2026-05-03T13:59:48.383+0000] {dag.py:3696} INFO - Setting next_dagrun for setup_retail_pipeline to 2026-05-03T13:00:00+00:00, run_after=2026-05-03T14:00:00+00:00
[2026-05-03T13:59:48.390+0000] {processor.py:179} INFO - Processing /opt/airflow/dags/setup_retail_pipeline.py took 0.071 seconds
[2026-05-03T14:00:18.535+0000] {processor.py:157} INFO - Started process (PID=5899) to work on /opt/airflow/dags/setup_retail_pipeline.py
[2026-05-03T14:00:18.536+0000] {processor.py:829} INFO - Processing file /opt/airflow/dags/setup_retail_pipeline.py for tasks to queue
[2026-05-03T14:00:18.538+0000] {logging_mixin.py:151} INFO - [2026-05-03T14:00:18.537+0000] {dagbag.py:539} INFO - Filling up the DagBag from /opt/airflow/dags/setup_retail_pipeline.py
[2026-05-03T14:00:18.551+0000] {processor.py:839} INFO - DAG(s) dict_keys(['setup_retail_pipeline']) retrieved from /opt/airflow/dags/setup_retail_pipeline.py
[2026-05-03T14:00:18.570+0000] {logging_mixin.py:151} INFO - [2026-05-03T14:00:18.569+0000] {dag.py:2915} INFO - Sync 1 DAGs
[2026-05-03T14:00:18.587+0000] {processor.py:179} INFO - Processing /opt/airflow/dags/setup_retail_pipeline.py took 0.056 seconds
[2026-05-03T14:00:48.791+0000] {processor.py:157} INFO - Started process (PID=5922) to work on /opt/airflow/dags/setup_retail_pipeline.py
[2026-05-03T14:00:48.793+0000] {processor.py:829} INFO - Processing file /opt/airflow/dags/setup_retail_pipeline.py for tasks to queue
[2026-05-03T14:00:48.796+0000] {logging_mixin.py:151} INFO - [2026-05-03T14:00:48.795+0000] {dagbag.py:539} INFO - Filling up the DagBag from /opt/airflow/dags/setup_retail_pipeline.py
[2026-05-03T14:00:48.818+0000] {processor.py:839} INFO - DAG(s) dict_keys(['setup_retail_pipeline']) retrieved from /opt/airflow/dags/setup_retail_pipeline.py
[2026-05-03T14:00:48.850+0000] {logging_mixin.py:151} INFO - [2026-05-03T14:00:48.850+0000] {dag.py:2915} INFO - Sync 1 DAGs
[2026-05-03T14:00:48.862+0000] {logging_mixin.py:151} INFO - [2026-05-03T14:00:48.862+0000] {dag.py:3696} INFO - Setting next_dagrun for setup_retail_pipeline to 2026-05-03T14:00:00+00:00, run_after=2026-05-03T15:00:00+00:00
[2026-05-03T14:00:48.873+0000] {processor.py:179} INFO - Processing /opt/airflow/dags/setup_retail_pipeline.py took 0.088 seconds
[2026-05-03T14:01:19.087+0000] {processor.py:157} INFO - Started process (PID=5932) to work on /opt/airflow/dags/setup_retail_pipeline.py
[2026-05-03T14:01:19.089+0000] {processor.py:829} INFO - Processing file /opt/airflow/dags/setup_retail_pipeline.py for tasks to queue
[2026-05-03T14:01:19.090+0000] {logging_mixin.py:151} INFO - [2026-05-03T14:01:19.089+0000] {dagbag.py:539} INFO - Filling up the DagBag from /opt/airflow/dags/setup_retail_pipeline.py
[2026-05-03T14:01:19.106+0000] {processor.py:839} INFO - DAG(s) dict_keys(['setup_retail_pipeline']) retrieved from /opt/airflow/dags/setup_retail_pipeline.py
[2026-05-03T14:01:19.128+0000] {logging_mixin.py:151} INFO - [2026-05-03T14:01:19.128+0000] {dag.py:2915} INFO - Sync 1 DAGs
[2026-05-03T14:01:19.143+0000] {logging_mixin.py:151} INFO - [2026-05-03T14:01:19.143+0000] {dag.py:3696} INFO - Setting next_dagrun for setup_retail_pipeline to 2026-05-03T14:00:00+00:00, run_after=2026-05-03T15:00:00+00:00
[2026-05-03T14:01:19.150+0000] {processor.py:179} INFO - Processing /opt/airflow/dags/setup_retail_pipeline.py took 0.068 seconds
[2026-05-03T14:01:49.419+0000] {processor.py:157} INFO - Started process (PID=5942) to work on /opt/airflow/dags/setup_retail_pipeline.py
[2026-05-03T14:01:49.420+0000] {processor.py:829} INFO - Processing file /opt/airflow/dags/setup_retail_pipeline.py for tasks to queue
[2026-05-03T14:01:49.422+0000] {logging_mixin.py:151} INFO - [2026-05-03T14:01:49.421+0000] {dagbag.py:539} INFO - Filling up the DagBag from /opt/airflow/dags/setup_retail_pipeline.py
[2026-05-03T14:01:49.442+0000] {processor.py:839} INFO - DAG(s) dict_keys(['setup_retail_pipeline']) retrieved from /opt/airflow/dags/setup_retail_pipeline.py
[2026-05-03T14:01:49.472+0000] {logging_mixin.py:151} INFO - [2026-05-03T14:01:49.472+0000] {dag.py:2915} INFO - Sync 1 DAGs
[2026-05-03T14:01:49.486+0000] {logging_mixin.py:151} INFO - [2026-05-03T14:01:49.486+0000] {dag.py:3696} INFO - Setting next_dagrun for setup_retail_pipeline to 2026-05-03T14:00:00+00:00, run_after=2026-05-03T15:00:00+00:00
[2026-05-03T14:01:49.497+0000] {processor.py:179} INFO - Processing /opt/airflow/dags/setup_retail_pipeline.py took 0.088 seconds
[2026-05-03T14:02:19.701+0000] {processor.py:157} INFO - Started process (PID=5952) to work on /opt/airflow/dags/setup_retail_pipeline.py
[2026-05-03T14:02:19.704+0000] {processor.py:829} INFO - Processing file /opt/airflow/dags/setup_retail_pipeline.py for tasks to queue
[2026-05-03T14:02:19.705+0000] {logging_mixin.py:151} INFO - [2026-05-03T14:02:19.705+0000] {dagbag.py:539} INFO - Filling up the DagBag from /opt/airflow/dags/setup_retail_pipeline.py
[2026-05-03T14:02:19.721+0000] {processor.py:839} INFO - DAG(s) dict_keys(['setup_retail_pipeline']) retrieved from /opt/airflow/dags/setup_retail_pipeline.py
[2026-05-03T14:02:19.741+0000] {logging_mixin.py:151} INFO - [2026-05-03T14:02:19.741+0000] {dag.py:2915} INFO - Sync 1 DAGs
[2026-05-03T14:02:19.751+0000] {logging_mixin.py:151} INFO - [2026-05-03T14:02:19.751+0000] {dag.py:3696} INFO - Setting next_dagrun for setup_retail_pipeline to 2026-05-03T14:00:00+00:00, run_after=2026-05-03T15:00:00+00:00
[2026-05-03T14:02:19.758+0000] {processor.py:179} INFO - Processing /opt/airflow/dags/setup_retail_pipeline.py took 0.061 seconds
[2026-05-03T14:02:50.072+0000] {processor.py:157} INFO - Started process (PID=5962) to work on /opt/airflow/dags/setup_retail_pipeline.py
[2026-05-03T14:02:50.073+0000] {processor.py:829} INFO - Processing file /opt/airflow/dags/setup_retail_pipeline.py for tasks to queue
[2026-05-03T14:02:50.075+0000] {logging_mixin.py:151} INFO - [2026-05-03T14:02:50.074+0000] {dagbag.py:539} INFO - Filling up the DagBag from /opt/airflow/dags/setup_retail_pipeline.py
[2026-05-03T14:02:50.093+0000] {processor.py:839} INFO - DAG(s) dict_keys(['setup_retail_pipeline']) retrieved from /opt/airflow/dags/setup_retail_pipeline.py
[2026-05-03T14:02:50.113+0000] {logging_mixin.py:151} INFO - [2026-05-03T14:02:50.113+0000] {dag.py:2915} INFO - Sync 1 DAGs
[2026-05-03T14:02:50.126+0000] {logging_mixin.py:151} INFO - [2026-05-03T14:02:50.126+0000] {dag.py:3696} INFO - Setting next_dagrun for setup_retail_pipeline to 2026-05-03T14:00:00+00:00, run_after=2026-05-03T15:00:00+00:00
[2026-05-03T14:02:50.136+0000] {processor.py:179} INFO - Processing /opt/airflow/dags/setup_retail_pipeline.py took 0.071 seconds
[2026-05-03T14:03:20.354+0000] {processor.py:157} INFO - Started process (PID=5972) to work on /opt/airflow/dags/setup_retail_pipeline.py
[2026-05-03T14:03:20.355+0000] {processor.py:829} INFO - Processing file /opt/airflow/dags/setup_retail_pipeline.py for tasks to queue
[2026-05-03T14:03:20.357+0000] {logging_mixin.py:151} INFO - [2026-05-03T14:03:20.355+0000] {dagbag.py:539} INFO - Filling up the DagBag from /opt/airflow/dags/setup_retail_pipeline.py
[2026-05-03T14:03:20.369+0000] {processor.py:839} INFO - DAG(s) dict_keys(['setup_retail_pipeline']) retrieved from /opt/airflow/dags/setup_retail_pipeline.py
[2026-05-03T14:03:20.390+0000] {logging_mixin.py:151} INFO - [2026-05-03T14:03:20.390+0000] {dag.py:2915} INFO - Sync 1 DAGs
[2026-05-03T14:03:20.404+0000] {logging_mixin.py:151} INFO - [2026-05-03T14:03:20.404+0000] {dag.py:3696} INFO - Setting next_dagrun for setup_retail_pipeline to 2026-05-03T14:00:00+00:00, run_after=2026-05-03T15:00:00+00:00
[2026-05-03T14:03:20.413+0000] {processor.py:179} INFO - Processing /opt/airflow/dags/setup_retail_pipeline.py took 0.063 seconds
[2026-05-03T14:03:50.604+0000] {processor.py:157} INFO - Started process (PID=5982) to work on /opt/airflow/dags/setup_retail_pipeline.py
[2026-05-03T14:03:50.607+0000] {processor.py:829} INFO - Processing file /opt/airflow/dags/setup_retail_pipeline.py for tasks to queue
[2026-05-03T14:03:50.611+0000] {logging_mixin.py:151} INFO - [2026-05-03T14:03:50.609+0000] {dagbag.py:539} INFO - Filling up the DagBag from /opt/airflow/dags/setup_retail_pipeline.py
[2026-05-03T14:03:50.629+0000] {processor.py:839} INFO - DAG(s) dict_keys(['setup_retail_pipeline']) retrieved from /opt/airflow/dags/setup_retail_pipeline.py
[2026-05-03T14:03:50.658+0000] {logging_mixin.py:151} INFO - [2026-05-03T14:03:50.658+0000] {dag.py:2915} INFO - Sync 1 DAGs
[2026-05-03T14:03:50.676+0000] {logging_mixin.py:151} INFO - [2026-05-03T14:03:50.676+0000] {dag.py:3696} INFO - Setting next_dagrun for setup_retail_pipeline to 2026-05-03T14:00:00+00:00, run_after=2026-05-03T15:00:00+00:00
[2026-05-03T14:03:50.684+0000] {processor.py:179} INFO - Processing /opt/airflow/dags/setup_retail_pipeline.py took 0.085 seconds
[2026-05-03T14:04:20.836+0000] {processor.py:157} INFO - Started process (PID=5992) to work on /opt/airflow/dags/setup_retail_pipeline.py
[2026-05-03T14:04:20.837+0000] {processor.py:829} INFO - Processing file /opt/airflow/dags/setup_retail_pipeline.py for tasks to queue
[2026-05-03T14:04:20.838+0000] {logging_mixin.py:151} INFO - [2026-05-03T14:04:20.838+0000] {dagbag.py:539} INFO - Filling up the DagBag from /opt/airflow/dags/setup_retail_pipeline.py
[2026-05-03T14:04:20.857+0000] {processor.py:839} INFO - DAG(s) dict_keys(['setup_retail_pipeline']) retrieved from /opt/airflow/dags/setup_retail_pipeline.py
[2026-05-03T14:04:20.883+0000] {logging_mixin.py:151} INFO - [2026-05-03T14:04:20.883+0000] {dag.py:2915} INFO - Sync 1 DAGs
[2026-05-03T14:04:20.900+0000] {logging_mixin.py:151} INFO - [2026-05-03T14:04:20.900+0000] {dag.py:3696} INFO - Setting next_dagrun for setup_retail_pipeline to 2026-05-03T14:00:00+00:00, run_after=2026-05-03T15:00:00+00:00
[2026-05-03T14:04:20.908+0000] {processor.py:179} INFO - Processing /opt/airflow/dags/setup_retail_pipeline.py took 0.075 seconds
[2026-05-03T14:04:51.129+0000] {processor.py:157} INFO - Started process (PID=6002) to work on /opt/airflow/dags/setup_retail_pipeline.py
[2026-05-03T14:04:51.131+0000] {processor.py:829} INFO - Processing file /opt/airflow/dags/setup_retail_pipeline.py for tasks to queue
[2026-05-03T14:04:51.132+0000] {logging_mixin.py:151} INFO - [2026-05-03T14:04:51.131+0000] {dagbag.py:539} INFO - Filling up the DagBag from /opt/airflow/dags/setup_retail_pipeline.py
[2026-05-03T14:04:51.151+0000] {processor.py:839} INFO - DAG(s) dict_keys(['setup_retail_pipeline']) retrieved from /opt/airflow/dags/setup_retail_pipeline.py
[2026-05-03T14:04:51.173+0000] {logging_mixin.py:151} INFO - [2026-05-03T14:04:51.173+0000] {dag.py:2915} INFO - Sync 1 DAGs
[2026-05-03T14:04:51.184+0000] {logging_mixin.py:151} INFO - [2026-05-03T14:04:51.184+0000] {dag.py:3696} INFO - Setting next_dagrun for setup_retail_pipeline to 2026-05-03T14:00:00+00:00, run_after=2026-05-03T15:00:00+00:00
[2026-05-03T14:04:51.191+0000] {processor.py:179} INFO - Processing /opt/airflow/dags/setup_retail_pipeline.py took 0.069 seconds
[2026-05-03T14:05:21.296+0000] {processor.py:157} INFO - Started process (PID=6012) to work on /opt/airflow/dags/setup_retail_pipeline.py
[2026-05-03T14:05:21.297+0000] {processor.py:829} INFO - Processing file /opt/airflow/dags/setup_retail_pipeline.py for tasks to queue
[2026-05-03T14:05:21.298+0000] {logging_mixin.py:151} INFO - [2026-05-03T14:05:21.297+0000] {dagbag.py:539} INFO - Filling up the DagBag from /opt/airflow/dags/setup_retail_pipeline.py
[2026-05-03T14:05:21.312+0000] {processor.py:839} INFO - DAG(s) dict_keys(['setup_retail_pipeline']) retrieved from /opt/airflow/dags/setup_retail_pipeline.py
[2026-05-03T14:05:21.336+0000] {logging_mixin.py:151} INFO - [2026-05-03T14:05:21.335+0000] {dag.py:2915} INFO - Sync 1 DAGs
[2026-05-03T14:05:21.352+0000] {logging_mixin.py:151} INFO - [2026-05-03T14:05:21.352+0000] {dag.py:3696} INFO - Setting next_dagrun for setup_retail_pipeline to 2026-05-03T14:00:00+00:00, run_after=2026-05-03T15:00:00+00:00
[2026-05-03T14:05:21.361+0000] {processor.py:179} INFO - Processing /opt/airflow/dags/setup_retail_pipeline.py took 0.071 seconds
[2026-05-03T14:05:51.409+0000] {processor.py:157} INFO - Started process (PID=6022) to work on /opt/airflow/dags/setup_retail_pipeline.py
[2026-05-03T14:05:51.410+0000] {processor.py:829} INFO - Processing file /opt/airflow/dags/setup_retail_pipeline.py for tasks to queue
[2026-05-03T14:05:51.411+0000] {logging_mixin.py:151} INFO - [2026-05-03T14:05:51.411+0000] {dagbag.py:539} INFO - Filling up the DagBag from /opt/airflow/dags/setup_retail_pipeline.py
[2026-05-03T14:05:51.425+0000] {processor.py:839} INFO - DAG(s) dict_keys(['setup_retail_pipeline']) retrieved from /opt/airflow/dags/setup_retail_pipeline.py
[2026-05-03T14:05:51.447+0000] {logging_mixin.py:151} INFO - [2026-05-03T14:05:51.447+0000] {dag.py:2915} INFO - Sync 1 DAGs
[2026-05-03T14:05:51.462+0000] {logging_mixin.py:151} INFO - [2026-05-03T14:05:51.462+0000] {dag.py:3696} INFO - Setting next_dagrun for setup_retail_pipeline to 2026-05-03T14:00:00+00:00, run_after=2026-05-03T15:00:00+00:00
[2026-05-03T14:05:51.471+0000] {processor.py:179} INFO - Processing /opt/airflow/dags/setup_retail_pipeline.py took 0.065 seconds
[2026-05-03T14:06:21.564+0000] {processor.py:157} INFO - Started process (PID=6032) to work on /opt/airflow/dags/setup_retail_pipeline.py
[2026-05-03T14:06:21.565+0000] {processor.py:829} INFO - Processing file /opt/airflow/dags/setup_retail_pipeline.py for tasks to queue
[2026-05-03T14:06:21.566+0000] {logging_mixin.py:151} INFO - [2026-05-03T14:06:21.566+0000] {dagbag.py:539} INFO - Filling up the DagBag from /opt/airflow/dags/setup_retail_pipeline.py
[2026-05-03T14:06:21.579+0000] {processor.py:839} INFO - DAG(s) dict_keys(['setup_retail_pipeline']) retrieved from /opt/airflow/dags/setup_retail_pipeline.py
[2026-05-03T14:06:21.601+0000] {logging_mixin.py:151} INFO - [2026-05-03T14:06:21.601+0000] {dag.py:2915} INFO - Sync 1 DAGs
[2026-05-03T14:06:21.618+0000] {logging_mixin.py:151} INFO - [2026-05-03T14:06:21.618+0000] {dag.py:3696} INFO - Setting next_dagrun for setup_retail_pipeline to 2026-05-03T14:00:00+00:00, run_after=2026-05-03T15:00:00+00:00
[2026-05-03T14:06:21.627+0000] {processor.py:179} INFO - Processing /opt/airflow/dags/setup_retail_pipeline.py took 0.067 seconds
[2026-05-03T14:06:51.754+0000] {processor.py:157} INFO - Started process (PID=6042) to work on /opt/airflow/dags/setup_retail_pipeline.py
[2026-05-03T14:06:51.755+0000] {processor.py:829} INFO - Processing file /opt/airflow/dags/setup_retail_pipeline.py for tasks to queue
[2026-05-03T14:06:51.756+0000] {logging_mixin.py:151} INFO - [2026-05-03T14:06:51.756+0000] {dagbag.py:539} INFO - Filling up the DagBag from /opt/airflow/dags/setup_retail_pipeline.py
[2026-05-03T14:06:51.767+0000] {processor.py:839} INFO - DAG(s) dict_keys(['setup_retail_pipeline']) retrieved from /opt/airflow/dags/setup_retail_pipeline.py
[2026-05-03T14:06:51.791+0000] {logging_mixin.py:151} INFO - [2026-05-03T14:06:51.791+0000] {dag.py:2915} INFO - Sync 1 DAGs
[2026-05-03T14:06:51.806+0000] {logging_mixin.py:151} INFO - [2026-05-03T14:06:51.805+0000] {dag.py:3696} INFO - Setting next_dagrun for setup_retail_pipeline to 2026-05-03T14:00:00+00:00, run_after=2026-05-03T15:00:00+00:00
[2026-05-03T14:06:51.816+0000] {processor.py:179} INFO - Processing /opt/airflow/dags/setup_retail_pipeline.py took 0.065 seconds
[2026-05-03T14:07:21.880+0000] {processor.py:157} INFO - Started process (PID=6052) to work on /opt/airflow/dags/setup_retail_pipeline.py
[2026-05-03T14:07:21.882+0000] {processor.py:829} INFO - Processing file /opt/airflow/dags/setup_retail_pipeline.py for tasks to queue
[2026-05-03T14:07:21.883+0000] {logging_mixin.py:151} INFO - [2026-05-03T14:07:21.882+0000] {dagbag.py:539} INFO - Filling up the DagBag from /opt/airflow/dags/setup_retail_pipeline.py
[2026-05-03T14:07:21.913+0000] {processor.py:839} INFO - DAG(s) dict_keys(['setup_retail_pipeline']) retrieved from /opt/airflow/dags/setup_retail_pipeline.py
[2026-05-03T14:07:21.944+0000] {logging_mixin.py:151} INFO - [2026-05-03T14:07:21.944+0000] {dag.py:2915} INFO - Sync 1 DAGs
[2026-05-03T14:07:21.959+0000] {logging_mixin.py:151} INFO - [2026-05-03T14:07:21.959+0000] {dag.py:3696} INFO - Setting next_dagrun for setup_retail_pipeline to 2026-05-03T14:00:00+00:00, run_after=2026-05-03T15:00:00+00:00
[2026-05-03T14:07:21.970+0000] {processor.py:179} INFO - Processing /opt/airflow/dags/setup_retail_pipeline.py took 0.095 seconds
[2026-05-03T14:07:52.091+0000] {processor.py:157} INFO - Started process (PID=6062) to work on /opt/airflow/dags/setup_retail_pipeline.py
[2026-05-03T14:07:52.092+0000] {processor.py:829} INFO - Processing file /opt/airflow/dags/setup_retail_pipeline.py for tasks to queue
[2026-05-03T14:07:52.094+0000] {logging_mixin.py:151} INFO - [2026-05-03T14:07:52.093+0000] {dagbag.py:539} INFO - Filling up the DagBag from /opt/airflow/dags/setup_retail_pipeline.py
[2026-05-03T14:07:52.109+0000] {processor.py:839} INFO - DAG(s) dict_keys(['setup_retail_pipeline']) retrieved from /opt/airflow/dags/setup_retail_pipeline.py
[2026-05-03T14:07:52.141+0000] {logging_mixin.py:151} INFO - [2026-05-03T14:07:52.141+0000] {dag.py:2915} INFO - Sync 1 DAGs
[2026-05-03T14:07:52.161+0000] {logging_mixin.py:151} INFO - [2026-05-03T14:07:52.161+0000] {dag.py:3696} INFO - Setting next_dagrun for setup_retail_pipeline to 2026-05-03T14:00:00+00:00, run_after=2026-05-03T15:00:00+00:00
[2026-05-03T14:07:52.169+0000] {processor.py:179} INFO - Processing /opt/airflow/dags/setup_retail_pipeline.py took 0.081 seconds
[2026-05-03T14:08:22.322+0000] {processor.py:157} INFO - Started process (PID=6072) to work on /opt/airflow/dags/setup_retail_pipeline.py
[2026-05-03T14:08:22.323+0000] {processor.py:829} INFO - Processing file /opt/airflow/dags/setup_retail_pipeline.py for tasks to queue
[2026-05-03T14:08:22.324+0000] {logging_mixin.py:151} INFO - [2026-05-03T14:08:22.324+0000] {dagbag.py:539} INFO - Filling up the DagBag from /opt/airflow/dags/setup_retail_pipeline.py
[2026-05-03T14:08:22.335+0000] {processor.py:839} INFO - DAG(s) dict_keys(['setup_retail_pipeline']) retrieved from /opt/airflow/dags/setup_retail_pipeline.py
[2026-05-03T14:08:22.385+0000] {logging_mixin.py:151} INFO - [2026-05-03T14:08:22.384+0000] {dag.py:2915} INFO - Sync 1 DAGs
[2026-05-03T14:08:22.414+0000] {logging_mixin.py:151} INFO - [2026-05-03T14:08:22.413+0000] {dag.py:3696} INFO - Setting next_dagrun for setup_retail_pipeline to 2026-05-03T14:00:00+00:00, run_after=2026-05-03T15:00:00+00:00
[2026-05-03T14:08:22.427+0000] {processor.py:179} INFO - Processing /opt/airflow/dags/setup_retail_pipeline.py took 0.108 seconds
[2026-05-03T14:08:52.566+0000] {processor.py:157} INFO - Started process (PID=6082) to work on /opt/airflow/dags/setup_retail_pipeline.py
[2026-05-03T14:08:52.567+0000] {processor.py:829} INFO - Processing file /opt/airflow/dags/setup_retail_pipeline.py for tasks to queue
[2026-05-03T14:08:52.570+0000] {logging_mixin.py:151} INFO - [2026-05-03T14:08:52.569+0000] {dagbag.py:539} INFO - Filling up the DagBag from /opt/airflow/dags/setup_retail_pipeline.py
[2026-05-03T14:08:52.588+0000] {processor.py:839} INFO - DAG(s) dict_keys(['setup_retail_pipeline']) retrieved from /opt/airflow/dags/setup_retail_pipeline.py
[2026-05-03T14:08:52.616+0000] {logging_mixin.py:151} INFO - [2026-05-03T14:08:52.616+0000] {dag.py:2915} INFO - Sync 1 DAGs
[2026-05-03T14:08:52.633+0000] {logging_mixin.py:151} INFO - [2026-05-03T14:08:52.633+0000] {dag.py:3696} INFO - Setting next_dagrun for setup_retail_pipeline to 2026-05-03T14:00:00+00:00, run_after=2026-05-03T15:00:00+00:00
[2026-05-03T14:08:52.643+0000] {processor.py:179} INFO - Processing /opt/airflow/dags/setup_retail_pipeline.py took 0.081 seconds
[2026-05-03T14:09:22.700+0000] {processor.py:157} INFO - Started process (PID=6092) to work on /opt/airflow/dags/setup_retail_pipeline.py
[2026-05-03T14:09:22.700+0000] {processor.py:829} INFO - Processing file /opt/airflow/dags/setup_retail_pipeline.py for tasks to queue
[2026-05-03T14:09:22.701+0000] {logging_mixin.py:151} INFO - [2026-05-03T14:09:22.701+0000] {dagbag.py:539} INFO - Filling up the DagBag from /opt/airflow/dags/setup_retail_pipeline.py
[2026-05-03T14:09:22.713+0000] {processor.py:839} INFO - DAG(s) dict_keys(['setup_retail_pipeline']) retrieved from /opt/airflow/dags/setup_retail_pipeline.py
[2026-05-03T14:09:22.741+0000] {logging_mixin.py:151} INFO - [2026-05-03T14:09:22.741+0000] {dag.py:2915} INFO - Sync 1 DAGs
[2026-05-03T14:09:22.755+0000] {logging_mixin.py:151} INFO - [2026-05-03T14:09:22.755+0000] {dag.py:3696} INFO - Setting next_dagrun for setup_retail_pipeline to 2026-05-03T14:00:00+00:00, run_after=2026-05-03T15:00:00+00:00
[2026-05-03T14:09:22.764+0000] {processor.py:179} INFO - Processing /opt/airflow/dags/setup_retail_pipeline.py took 0.067 seconds
[2026-05-03T14:09:52.862+0000] {processor.py:157} INFO - Started process (PID=6102) to work on /opt/airflow/dags/setup_retail_pipeline.py
[2026-05-03T14:09:52.863+0000] {processor.py:829} INFO - Processing file /opt/airflow/dags/setup_retail_pipeline.py for tasks to queue
[2026-05-03T14:09:52.864+0000] {logging_mixin.py:151} INFO - [2026-05-03T14:09:52.864+0000] {dagbag.py:539} INFO - Filling up the DagBag from /opt/airflow/dags/setup_retail_pipeline.py
[2026-05-03T14:09:52.885+0000] {processor.py:839} INFO - DAG(s) dict_keys(['setup_retail_pipeline']) retrieved from /opt/airflow/dags/setup_retail_pipeline.py
[2026-05-03T14:09:52.923+0000] {logging_mixin.py:151} INFO - [2026-05-03T14:09:52.923+0000] {dag.py:2915} INFO - Sync 1 DAGs
[2026-05-03T14:09:52.941+0000] {logging_mixin.py:151} INFO - [2026-05-03T14:09:52.941+0000] {dag.py:3696} INFO - Setting next_dagrun for setup_retail_pipeline to 2026-05-03T14:00:00+00:00, run_after=2026-05-03T15:00:00+00:00
[2026-05-03T14:09:52.950+0000] {processor.py:179} INFO - Processing /opt/airflow/dags/setup_retail_pipeline.py took 0.093 seconds
[2026-05-03T14:10:23.096+0000] {processor.py:157} INFO - Started process (PID=6112) to work on /opt/airflow/dags/setup_retail_pipeline.py
[2026-05-03T14:10:23.097+0000] {processor.py:829} INFO - Processing file /opt/airflow/dags/setup_retail_pipeline.py for tasks to queue
[2026-05-03T14:10:23.098+0000] {logging_mixin.py:151} INFO - [2026-05-03T14:10:23.098+0000] {dagbag.py:539} INFO - Filling up the DagBag from /opt/airflow/dags/setup_retail_pipeline.py
[2026-05-03T14:10:23.110+0000] {processor.py:839} INFO - DAG(s) dict_keys(['setup_retail_pipeline']) retrieved from /opt/airflow/dags/setup_retail_pipeline.py
[2026-05-03T14:10:23.141+0000] {logging_mixin.py:151} INFO - [2026-05-03T14:10:23.141+0000] {dag.py:2915} INFO - Sync 1 DAGs
[2026-05-03T14:10:23.161+0000] {logging_mixin.py:151} INFO - [2026-05-03T14:10:23.161+0000] {dag.py:3696} INFO - Setting next_dagrun for setup_retail_pipeline to 2026-05-03T14:00:00+00:00, run_after=2026-05-03T15:00:00+00:00
[2026-05-03T14:10:23.178+0000] {processor.py:179} INFO - Processing /opt/airflow/dags/setup_retail_pipeline.py took 0.085 seconds
[2026-05-03T14:10:53.236+0000] {processor.py:157} INFO - Started process (PID=6122) to work on /opt/airflow/dags/setup_retail_pipeline.py
[2026-05-03T14:10:53.237+0000] {processor.py:829} INFO - Processing file /opt/airflow/dags/setup_retail_pipeline.py for tasks to queue
[2026-05-03T14:10:53.238+0000] {logging_mixin.py:151} INFO - [2026-05-03T14:10:53.237+0000] {dagbag.py:539} INFO - Filling up the DagBag from /opt/airflow/dags/setup_retail_pipeline.py
[2026-05-03T14:10:53.249+0000] {processor.py:839} INFO - DAG(s) dict_keys(['setup_retail_pipeline']) retrieved from /opt/airflow/dags/setup_retail_pipeline.py
[2026-05-03T14:10:53.274+0000] {logging_mixin.py:151} INFO - [2026-05-03T14:10:53.274+0000] {dag.py:2915} INFO - Sync 1 DAGs
[2026-05-03T14:10:53.292+0000] {logging_mixin.py:151} INFO - [2026-05-03T14:10:53.292+0000] {dag.py:3696} INFO - Setting next_dagrun for setup_retail_pipeline to 2026-05-03T14:00:00+00:00, run_after=2026-05-03T15:00:00+00:00
[2026-05-03T14:10:53.304+0000] {processor.py:179} INFO - Processing /opt/airflow/dags/setup_retail_pipeline.py took 0.071 seconds
[2026-05-03T14:11:23.375+0000] {processor.py:157} INFO - Started process (PID=6132) to work on /opt/airflow/dags/setup_retail_pipeline.py
[2026-05-03T14:11:23.376+0000] {processor.py:829} INFO - Processing file /opt/airflow/dags/setup_retail_pipeline.py for tasks to queue
[2026-05-03T14:11:23.380+0000] {logging_mixin.py:151} INFO - [2026-05-03T14:11:23.379+0000] {dagbag.py:539} INFO - Filling up the DagBag from /opt/airflow/dags/setup_retail_pipeline.py
[2026-05-03T14:11:23.391+0000] {processor.py:839} INFO - DAG(s) dict_keys(['setup_retail_pipeline']) retrieved from /opt/airflow/dags/setup_retail_pipeline.py
[2026-05-03T14:11:23.412+0000] {logging_mixin.py:151} INFO - [2026-05-03T14:11:23.412+0000] {dag.py:2915} INFO - Sync 1 DAGs
[2026-05-03T14:11:23.432+0000] {logging_mixin.py:151} INFO - [2026-05-03T14:11:23.432+0000] {dag.py:3696} INFO - Setting next_dagrun for setup_retail_pipeline to 2026-05-03T14:00:00+00:00, run_after=2026-05-03T15:00:00+00:00
[2026-05-03T14:11:23.443+0000] {processor.py:179} INFO - Processing /opt/airflow/dags/setup_retail_pipeline.py took 0.070 seconds
[2026-05-03T14:11:53.495+0000] {processor.py:157} INFO - Started process (PID=6142) to work on /opt/airflow/dags/setup_retail_pipeline.py
[2026-05-03T14:11:53.495+0000] {processor.py:829} INFO - Processing file /opt/airflow/dags/setup_retail_pipeline.py for tasks to queue
[2026-05-03T14:11:53.496+0000] {logging_mixin.py:151} INFO - [2026-05-03T14:11:53.496+0000] {dagbag.py:539} INFO - Filling up the DagBag from /opt/airflow/dags/setup_retail_pipeline.py
[2026-05-03T14:11:53.507+0000] {processor.py:839} INFO - DAG(s) dict_keys(['setup_retail_pipeline']) retrieved from /opt/airflow/dags/setup_retail_pipeline.py
[2026-05-03T14:11:53.529+0000] {logging_mixin.py:151} INFO - [2026-05-03T14:11:53.529+0000] {dag.py:2915} INFO - Sync 1 DAGs
[2026-05-03T14:11:53.546+0000] {logging_mixin.py:151} INFO - [2026-05-03T14:11:53.546+0000] {dag.py:3696} INFO - Setting next_dagrun for setup_retail_pipeline to 2026-05-03T14:00:00+00:00, run_after=2026-05-03T15:00:00+00:00
[2026-05-03T14:11:53.555+0000] {processor.py:179} INFO - Processing /opt/airflow/dags/setup_retail_pipeline.py took 0.064 seconds
[2026-05-03T14:12:23.743+0000] {processor.py:157} INFO - Started process (PID=6152) to work on /opt/airflow/dags/setup_retail_pipeline.py
[2026-05-03T14:12:23.745+0000] {processor.py:829} INFO - Processing file /opt/airflow/dags/setup_retail_pipeline.py for tasks to queue
[2026-05-03T14:12:23.747+0000] {logging_mixin.py:151} INFO - [2026-05-03T14:12:23.746+0000] {dagbag.py:539} INFO - Filling up the DagBag from /opt/airflow/dags/setup_retail_pipeline.py
[2026-05-03T14:12:23.764+0000] {processor.py:839} INFO - DAG(s) dict_keys(['setup_retail_pipeline']) retrieved from /opt/airflow/dags/setup_retail_pipeline.py
[2026-05-03T14:12:23.792+0000] {logging_mixin.py:151} INFO - [2026-05-03T14:12:23.791+0000] {dag.py:2915} INFO - Sync 1 DAGs
[2026-05-03T14:12:23.808+0000] {logging_mixin.py:151} INFO - [2026-05-03T14:12:23.808+0000] {dag.py:3696} INFO - Setting next_dagrun for setup_retail_pipeline to 2026-05-03T14:00:00+00:00, run_after=2026-05-03T15:00:00+00:00
[2026-05-03T14:12:23.820+0000] {processor.py:179} INFO - Processing /opt/airflow/dags/setup_retail_pipeline.py took 0.080 seconds
[2026-05-03T14:12:53.852+0000] {processor.py:157} INFO - Started process (PID=6162) to work on /opt/airflow/dags/setup_retail_pipeline.py
[2026-05-03T14:12:53.853+0000] {processor.py:829} INFO - Processing file /opt/airflow/dags/setup_retail_pipeline.py for tasks to queue
[2026-05-03T14:12:53.853+0000] {logging_mixin.py:151} INFO - [2026-05-03T14:12:53.853+0000] {dagbag.py:539} INFO - Filling up the DagBag from /opt/airflow/dags/setup_retail_pipeline.py
[2026-05-03T14:12:53.860+0000] {processor.py:839} INFO - DAG(s) dict_keys(['setup_retail_pipeline']) retrieved from /opt/airflow/dags/setup_retail_pipeline.py
[2026-05-03T14:12:53.879+0000] {logging_mixin.py:151} INFO - [2026-05-03T14:12:53.879+0000] {dag.py:2915} INFO - Sync 1 DAGs
[2026-05-03T14:12:53.893+0000] {logging_mixin.py:151} INFO - [2026-05-03T14:12:53.893+0000] {dag.py:3696} INFO - Setting next_dagrun for setup_retail_pipeline to 2026-05-03T14:00:00+00:00, run_after=2026-05-03T15:00:00+00:00
[2026-05-03T14:12:53.909+0000] {processor.py:179} INFO - Processing /opt/airflow/dags/setup_retail_pipeline.py took 0.059 seconds
[2026-05-03T14:13:24.050+0000] {processor.py:157} INFO - Started process (PID=6172) to work on /opt/airflow/dags/setup_retail_pipeline.py
[2026-05-03T14:13:24.051+0000] {processor.py:829} INFO - Processing file /opt/airflow/dags/setup_retail_pipeline.py for tasks to queue
[2026-05-03T14:13:24.052+0000] {logging_mixin.py:151} INFO - [2026-05-03T14:13:24.051+0000] {dagbag.py:539} INFO - Filling up the DagBag from /opt/airflow/dags/setup_retail_pipeline.py
[2026-05-03T14:13:24.063+0000] {processor.py:839} INFO - DAG(s) dict_keys(['setup_retail_pipeline']) retrieved from /opt/airflow/dags/setup_retail_pipeline.py
[2026-05-03T14:13:24.083+0000] {logging_mixin.py:151} INFO - [2026-05-03T14:13:24.083+0000] {dag.py:2915} INFO - Sync 1 DAGs
[2026-05-03T14:13:24.095+0000] {logging_mixin.py:151} INFO - [2026-05-03T14:13:24.095+0000] {dag.py:3696} INFO - Setting next_dagrun for setup_retail_pipeline to 2026-05-03T14:00:00+00:00, run_after=2026-05-03T15:00:00+00:00
[2026-05-03T14:13:24.104+0000] {processor.py:179} INFO - Processing /opt/airflow/dags/setup_retail_pipeline.py took 0.056 seconds
[2026-05-03T14:13:54.155+0000] {processor.py:157} INFO - Started process (PID=6182) to work on /opt/airflow/dags/setup_retail_pipeline.py
[2026-05-03T14:13:54.155+0000] {processor.py:829} INFO - Processing file /opt/airflow/dags/setup_retail_pipeline.py for tasks to queue
[2026-05-03T14:13:54.156+0000] {logging_mixin.py:151} INFO - [2026-05-03T14:13:54.156+0000] {dagbag.py:539} INFO - Filling up the DagBag from /opt/airflow/dags/setup_retail_pipeline.py
[2026-05-03T14:13:54.164+0000] {processor.py:839} INFO - DAG(s) dict_keys(['setup_retail_pipeline']) retrieved from /opt/airflow/dags/setup_retail_pipeline.py
[2026-05-03T14:13:54.182+0000] {logging_mixin.py:151} INFO - [2026-05-03T14:13:54.182+0000] {dag.py:2915} INFO - Sync 1 DAGs
[2026-05-03T14:13:54.194+0000] {logging_mixin.py:151} INFO - [2026-05-03T14:13:54.194+0000] {dag.py:3696} INFO - Setting next_dagrun for setup_retail_pipeline to 2026-05-03T14:00:00+00:00, run_after=2026-05-03T15:00:00+00:00
[2026-05-03T14:13:54.205+0000] {processor.py:179} INFO - Processing /opt/airflow/dags/setup_retail_pipeline.py took 0.052 seconds
[2026-05-03T14:14:24.498+0000] {processor.py:157} INFO - Started process (PID=6192) to work on /opt/airflow/dags/setup_retail_pipeline.py
[2026-05-03T14:14:24.500+0000] {processor.py:829} INFO - Processing file /opt/airflow/dags/setup_retail_pipeline.py for tasks to queue
[2026-05-03T14:14:24.501+0000] {logging_mixin.py:151} INFO - [2026-05-03T14:14:24.500+0000] {dagbag.py:539} INFO - Filling up the DagBag from /opt/airflow/dags/setup_retail_pipeline.py
[2026-05-03T14:14:24.519+0000] {processor.py:839} INFO - DAG(s) dict_keys(['setup_retail_pipeline']) retrieved from /opt/airflow/dags/setup_retail_pipeline.py
[2026-05-03T14:14:24.548+0000] {logging_mixin.py:151} INFO - [2026-05-03T14:14:24.548+0000] {dag.py:2915} INFO - Sync 1 DAGs
[2026-05-03T14:14:24.561+0000] {logging_mixin.py:151} INFO - [2026-05-03T14:14:24.561+0000] {dag.py:3696} INFO - Setting next_dagrun for setup_retail_pipeline to 2026-05-03T14:00:00+00:00, run_after=2026-05-03T15:00:00+00:00
[2026-05-03T14:14:24.571+0000] {processor.py:179} INFO - Processing /opt/airflow/dags/setup_retail_pipeline.py took 0.079 seconds
[2026-05-03T14:14:54.744+0000] {processor.py:157} INFO - Started process (PID=6202) to work on /opt/airflow/dags/setup_retail_pipeline.py
[2026-05-03T14:14:54.746+0000] {processor.py:829} INFO - Processing file /opt/airflow/dags/setup_retail_pipeline.py for tasks to queue
[2026-05-03T14:14:54.747+0000] {logging_mixin.py:151} INFO - [2026-05-03T14:14:54.747+0000] {dagbag.py:539} INFO - Filling up the DagBag from /opt/airflow/dags/setup_retail_pipeline.py
[2026-05-03T14:14:54.769+0000] {processor.py:839} INFO - DAG(s) dict_keys(['setup_retail_pipeline']) retrieved from /opt/airflow/dags/setup_retail_pipeline.py
[2026-05-03T14:14:54.802+0000] {logging_mixin.py:151} INFO - [2026-05-03T14:14:54.802+0000] {dag.py:2915} INFO - Sync 1 DAGs
[2026-05-03T14:14:54.827+0000] {logging_mixin.py:151} INFO - [2026-05-03T14:14:54.827+0000] {dag.py:3696} INFO - Setting next_dagrun for setup_retail_pipeline to 2026-05-03T14:00:00+00:00, run_after=2026-05-03T15:00:00+00:00
[2026-05-03T14:14:54.835+0000] {processor.py:179} INFO - Processing /opt/airflow/dags/setup_retail_pipeline.py took 0.098 seconds
[2026-05-03T14:15:24.983+0000] {processor.py:157} INFO - Started process (PID=6212) to work on /opt/airflow/dags/setup_retail_pipeline.py
[2026-05-03T14:15:24.989+0000] {processor.py:829} INFO - Processing file /opt/airflow/dags/setup_retail_pipeline.py for tasks to queue
[2026-05-03T14:15:24.991+0000] {logging_mixin.py:151} INFO - [2026-05-03T14:15:24.990+0000] {dagbag.py:539} INFO - Filling up the DagBag from /opt/airflow/dags/setup_retail_pipeline.py
[2026-05-03T14:15:25.007+0000] {processor.py:839} INFO - DAG(s) dict_keys(['setup_retail_pipeline']) retrieved from /opt/airflow/dags/setup_retail_pipeline.py
[2026-05-03T14:15:25.032+0000] {logging_mixin.py:151} INFO - [2026-05-03T14:15:25.032+0000] {dag.py:2915} INFO - Sync 1 DAGs
[2026-05-03T14:15:25.044+0000] {logging_mixin.py:151} INFO - [2026-05-03T14:15:25.044+0000] {dag.py:3696} INFO - Setting next_dagrun for setup_retail_pipeline to 2026-05-03T14:00:00+00:00, run_after=2026-05-03T15:00:00+00:00
[2026-05-03T14:15:25.052+0000] {processor.py:179} INFO - Processing /opt/airflow/dags/setup_retail_pipeline.py took 0.077 seconds
[2026-05-03T14:15:55.163+0000] {processor.py:157} INFO - Started process (PID=6222) to work on /opt/airflow/dags/setup_retail_pipeline.py
[2026-05-03T14:15:55.164+0000] {processor.py:829} INFO - Processing file /opt/airflow/dags/setup_retail_pipeline.py for tasks to queue
[2026-05-03T14:15:55.165+0000] {logging_mixin.py:151} INFO - [2026-05-03T14:15:55.165+0000] {dagbag.py:539} INFO - Filling up the DagBag from /opt/airflow/dags/setup_retail_pipeline.py
[2026-05-03T14:15:55.178+0000] {processor.py:839} INFO - DAG(s) dict_keys(['setup_retail_pipeline']) retrieved from /opt/airflow/dags/setup_retail_pipeline.py
[2026-05-03T14:15:55.213+0000] {logging_mixin.py:151} INFO - [2026-05-03T14:15:55.213+0000] {dag.py:2915} INFO - Sync 1 DAGs
[2026-05-03T14:15:55.235+0000] {logging_mixin.py:151} INFO - [2026-05-03T14:15:55.234+0000] {dag.py:3696} INFO - Setting next_dagrun for setup_retail_pipeline to 2026-05-03T14:00:00+00:00, run_after=2026-05-03T15:00:00+00:00
[2026-05-03T14:15:55.250+0000] {processor.py:179} INFO - Processing /opt/airflow/dags/setup_retail_pipeline.py took 0.091 seconds
[2026-05-03T14:16:25.420+0000] {processor.py:157} INFO - Started process (PID=6232) to work on /opt/airflow/dags/setup_retail_pipeline.py
[2026-05-03T14:16:25.421+0000] {processor.py:829} INFO - Processing file /opt/airflow/dags/setup_retail_pipeline.py for tasks to queue
[2026-05-03T14:16:25.422+0000] {logging_mixin.py:151} INFO - [2026-05-03T14:16:25.422+0000] {dagbag.py:539} INFO - Filling up the DagBag from /opt/airflow/dags/setup_retail_pipeline.py
[2026-05-03T14:16:25.444+0000] {processor.py:839} INFO - DAG(s) dict_keys(['setup_retail_pipeline']) retrieved from /opt/airflow/dags/setup_retail_pipeline.py
[2026-05-03T14:16:25.480+0000] {logging_mixin.py:151} INFO - [2026-05-03T14:16:25.480+0000] {dag.py:2915} INFO - Sync 1 DAGs
[2026-05-03T14:16:25.503+0000] {logging_mixin.py:151} INFO - [2026-05-03T14:16:25.502+0000] {dag.py:3696} INFO - Setting next_dagrun for setup_retail_pipeline to 2026-05-03T14:00:00+00:00, run_after=2026-05-03T15:00:00+00:00
[2026-05-03T14:16:25.517+0000] {processor.py:179} INFO - Processing /opt/airflow/dags/setup_retail_pipeline.py took 0.101 seconds
[2026-05-03T14:16:55.619+0000] {processor.py:157} INFO - Started process (PID=6242) to work on /opt/airflow/dags/setup_retail_pipeline.py
[2026-05-03T14:16:55.620+0000] {processor.py:829} INFO - Processing file /opt/airflow/dags/setup_retail_pipeline.py for tasks to queue
[2026-05-03T14:16:55.621+0000] {logging_mixin.py:151} INFO - [2026-05-03T14:16:55.621+0000] {dagbag.py:539} INFO - Filling up the DagBag from /opt/airflow/dags/setup_retail_pipeline.py
[2026-05-03T14:16:55.638+0000] {processor.py:839} INFO - DAG(s) dict_keys(['setup_retail_pipeline']) retrieved from /opt/airflow/dags/setup_retail_pipeline.py
[2026-05-03T14:16:55.672+0000] {logging_mixin.py:151} INFO - [2026-05-03T14:16:55.672+0000] {dag.py:2915} INFO - Sync 1 DAGs
[2026-05-03T14:16:55.684+0000] {logging_mixin.py:151} INFO - [2026-05-03T14:16:55.684+0000] {dag.py:3696} INFO - Setting next_dagrun for setup_retail_pipeline to 2026-05-03T14:00:00+00:00, run_after=2026-05-03T15:00:00+00:00
[2026-05-03T14:16:55.694+0000] {processor.py:179} INFO - Processing /opt/airflow/dags/setup_retail_pipeline.py took 0.077 seconds
[2026-05-03T14:17:25.751+0000] {processor.py:157} INFO - Started process (PID=6252) to work on /opt/airflow/dags/setup_retail_pipeline.py
[2026-05-03T14:17:25.754+0000] {processor.py:829} INFO - Processing file /opt/airflow/dags/setup_retail_pipeline.py for tasks to queue
[2026-05-03T14:17:25.755+0000] {logging_mixin.py:151} INFO - [2026-05-03T14:17:25.755+0000] {dagbag.py:539} INFO - Filling up the DagBag from /opt/airflow/dags/setup_retail_pipeline.py
[2026-05-03T14:17:25.768+0000] {processor.py:839} INFO - DAG(s) dict_keys(['setup_retail_pipeline']) retrieved from /opt/airflow/dags/setup_retail_pipeline.py
[2026-05-03T14:17:25.793+0000] {logging_mixin.py:151} INFO - [2026-05-03T14:17:25.793+0000] {dag.py:2915} INFO - Sync 1 DAGs
[2026-05-03T14:17:25.810+0000] {logging_mixin.py:151} INFO - [2026-05-03T14:17:25.810+0000] {dag.py:3696} INFO - Setting next_dagrun for setup_retail_pipeline to 2026-05-03T14:00:00+00:00, run_after=2026-05-03T15:00:00+00:00
[2026-05-03T14:17:25.819+0000] {processor.py:179} INFO - Processing /opt/airflow/dags/setup_retail_pipeline.py took 0.071 seconds
[2026-05-03T14:17:55.924+0000] {processor.py:157} INFO - Started process (PID=6262) to work on /opt/airflow/dags/setup_retail_pipeline.py
[2026-05-03T14:17:55.925+0000] {processor.py:829} INFO - Processing file /opt/airflow/dags/setup_retail_pipeline.py for tasks to queue
[2026-05-03T14:17:55.927+0000] {logging_mixin.py:151} INFO - [2026-05-03T14:17:55.926+0000] {dagbag.py:539} INFO - Filling up the DagBag from /opt/airflow/dags/setup_retail_pipeline.py
[2026-05-03T14:17:55.944+0000] {processor.py:839} INFO - DAG(s) dict_keys(['setup_retail_pipeline']) retrieved from /opt/airflow/dags/setup_retail_pipeline.py
[2026-05-03T14:17:55.974+0000] {logging_mixin.py:151} INFO - [2026-05-03T14:17:55.973+0000] {dag.py:2915} INFO - Sync 1 DAGs
[2026-05-03T14:17:55.989+0000] {logging_mixin.py:151} INFO - [2026-05-03T14:17:55.989+0000] {dag.py:3696} INFO - Setting next_dagrun for setup_retail_pipeline to 2026-05-03T14:00:00+00:00, run_after=2026-05-03T15:00:00+00:00
[2026-05-03T14:17:55.998+0000] {processor.py:179} INFO - Processing /opt/airflow/dags/setup_retail_pipeline.py took 0.079 seconds
[2026-05-03T14:18:26.188+0000] {processor.py:157} INFO - Started process (PID=6272) to work on /opt/airflow/dags/setup_retail_pipeline.py
[2026-05-03T14:18:26.191+0000] {processor.py:829} INFO - Processing file /opt/airflow/dags/setup_retail_pipeline.py for tasks to queue
[2026-05-03T14:18:26.191+0000] {logging_mixin.py:151} INFO - [2026-05-03T14:18:26.191+0000] {dagbag.py:539} INFO - Filling up the DagBag from /opt/airflow/dags/setup_retail_pipeline.py
[2026-05-03T14:18:26.202+0000] {processor.py:839} INFO - DAG(s) dict_keys(['setup_retail_pipeline']) retrieved from /opt/airflow/dags/setup_retail_pipeline.py
[2026-05-03T14:18:26.232+0000] {logging_mixin.py:151} INFO - [2026-05-03T14:18:26.232+0000] {dag.py:2915} INFO - Sync 1 DAGs
[2026-05-03T14:18:26.261+0000] {logging_mixin.py:151} INFO - [2026-05-03T14:18:26.261+0000] {dag.py:3696} INFO - Setting next_dagrun for setup_retail_pipeline to 2026-05-03T14:00:00+00:00, run_after=2026-05-03T15:00:00+00:00
[2026-05-03T14:18:26.277+0000] {processor.py:179} INFO - Processing /opt/airflow/dags/setup_retail_pipeline.py took 0.092 seconds
[2026-05-03T14:18:56.342+0000] {processor.py:157} INFO - Started process (PID=6282) to work on /opt/airflow/dags/setup_retail_pipeline.py
[2026-05-03T14:18:56.343+0000] {processor.py:829} INFO - Processing file /opt/airflow/dags/setup_retail_pipeline.py for tasks to queue
[2026-05-03T14:18:56.344+0000] {logging_mixin.py:151} INFO - [2026-05-03T14:18:56.343+0000] {dagbag.py:539} INFO - Filling up the DagBag from /opt/airflow/dags/setup_retail_pipeline.py
[2026-05-03T14:18:56.362+0000] {processor.py:839} INFO - DAG(s) dict_keys(['setup_retail_pipeline']) retrieved from /opt/airflow/dags/setup_retail_pipeline.py
[2026-05-03T14:18:56.399+0000] {logging_mixin.py:151} INFO - [2026-05-03T14:18:56.398+0000] {dag.py:2915} INFO - Sync 1 DAGs
[2026-05-03T14:18:56.426+0000] {logging_mixin.py:151} INFO - [2026-05-03T14:18:56.426+0000] {dag.py:3696} INFO - Setting next_dagrun for setup_retail_pipeline to 2026-05-03T14:00:00+00:00, run_after=2026-05-03T15:00:00+00:00
[2026-05-03T14:18:56.445+0000] {processor.py:179} INFO - Processing /opt/airflow/dags/setup_retail_pipeline.py took 0.106 seconds
[2026-05-03T14:19:26.491+0000] {processor.py:157} INFO - Started process (PID=6292) to work on /opt/airflow/dags/setup_retail_pipeline.py
[2026-05-03T14:19:26.492+0000] {processor.py:829} INFO - Processing file /opt/airflow/dags/setup_retail_pipeline.py for tasks to queue
[2026-05-03T14:19:26.493+0000] {logging_mixin.py:151} INFO - [2026-05-03T14:19:26.493+0000] {dagbag.py:539} INFO - Filling up the DagBag from /opt/airflow/dags/setup_retail_pipeline.py
[2026-05-03T14:19:26.509+0000] {processor.py:839} INFO - DAG(s) dict_keys(['setup_retail_pipeline']) retrieved from /opt/airflow/dags/setup_retail_pipeline.py
[2026-05-03T14:19:26.556+0000] {logging_mixin.py:151} INFO - [2026-05-03T14:19:26.555+0000] {dag.py:2915} INFO - Sync 1 DAGs
[2026-05-03T14:19:26.587+0000] {logging_mixin.py:151} INFO - [2026-05-03T14:19:26.587+0000] {dag.py:3696} INFO - Setting next_dagrun for setup_retail_pipeline to 2026-05-03T14:00:00+00:00, run_after=2026-05-03T15:00:00+00:00
[2026-05-03T14:19:26.603+0000] {processor.py:179} INFO - Processing /opt/airflow/dags/setup_retail_pipeline.py took 0.117 seconds
[2026-05-03T14:19:56.742+0000] {processor.py:157} INFO - Started process (PID=6302) to work on /opt/airflow/dags/setup_retail_pipeline.py
[2026-05-03T14:19:56.743+0000] {processor.py:829} INFO - Processing file /opt/airflow/dags/setup_retail_pipeline.py for tasks to queue
[2026-05-03T14:19:56.745+0000] {logging_mixin.py:151} INFO - [2026-05-03T14:19:56.744+0000] {dagbag.py:539} INFO - Filling up the DagBag from /opt/airflow/dags/setup_retail_pipeline.py
[2026-05-03T14:19:56.770+0000] {processor.py:839} INFO - DAG(s) dict_keys(['setup_retail_pipeline']) retrieved from /opt/airflow/dags/setup_retail_pipeline.py
[2026-05-03T14:19:56.819+0000] {logging_mixin.py:151} INFO - [2026-05-03T14:19:56.819+0000] {dag.py:2915} INFO - Sync 1 DAGs
[2026-05-03T14:19:56.847+0000] {logging_mixin.py:151} INFO - [2026-05-03T14:19:56.847+0000] {dag.py:3696} INFO - Setting next_dagrun for setup_retail_pipeline to 2026-05-03T14:00:00+00:00, run_after=2026-05-03T15:00:00+00:00
[2026-05-03T14:19:56.866+0000] {processor.py:179} INFO - Processing /opt/airflow/dags/setup_retail_pipeline.py took 0.130 seconds
[2026-05-03T14:20:26.907+0000] {processor.py:157} INFO - Started process (PID=6312) to work on /opt/airflow/dags/setup_retail_pipeline.py
[2026-05-03T14:20:26.908+0000] {processor.py:829} INFO - Processing file /opt/airflow/dags/setup_retail_pipeline.py for tasks to queue
[2026-05-03T14:20:26.909+0000] {logging_mixin.py:151} INFO - [2026-05-03T14:20:26.909+0000] {dagbag.py:539} INFO - Filling up the DagBag from /opt/airflow/dags/setup_retail_pipeline.py
[2026-05-03T14:20:26.930+0000] {processor.py:839} INFO - DAG(s) dict_keys(['setup_retail_pipeline']) retrieved from /opt/airflow/dags/setup_retail_pipeline.py
[2026-05-03T14:20:26.966+0000] {logging_mixin.py:151} INFO - [2026-05-03T14:20:26.966+0000] {dag.py:2915} INFO - Sync 1 DAGs
[2026-05-03T14:20:26.987+0000] {logging_mixin.py:151} INFO - [2026-05-03T14:20:26.987+0000] {dag.py:3696} INFO - Setting next_dagrun for setup_retail_pipeline to 2026-05-03T14:00:00+00:00, run_after=2026-05-03T15:00:00+00:00
[2026-05-03T14:20:26.997+0000] {processor.py:179} INFO - Processing /opt/airflow/dags/setup_retail_pipeline.py took 0.093 seconds
[2026-05-03T14:20:57.140+0000] {processor.py:157} INFO - Started process (PID=6322) to work on /opt/airflow/dags/setup_retail_pipeline.py
[2026-05-03T14:20:57.142+0000] {processor.py:829} INFO - Processing file /opt/airflow/dags/setup_retail_pipeline.py for tasks to queue
[2026-05-03T14:20:57.143+0000] {logging_mixin.py:151} INFO - [2026-05-03T14:20:57.142+0000] {dagbag.py:539} INFO - Filling up the DagBag from /opt/airflow/dags/setup_retail_pipeline.py
[2026-05-03T14:20:57.160+0000] {processor.py:839} INFO - DAG(s) dict_keys(['setup_retail_pipeline']) retrieved from /opt/airflow/dags/setup_retail_pipeline.py
[2026-05-03T14:20:57.188+0000] {logging_mixin.py:151} INFO - [2026-05-03T14:20:57.188+0000] {dag.py:2915} INFO - Sync 1 DAGs
[2026-05-03T14:20:57.218+0000] {logging_mixin.py:151} INFO - [2026-05-03T14:20:57.218+0000] {dag.py:3696} INFO - Setting next_dagrun for setup_retail_pipeline to 2026-05-03T14:00:00+00:00, run_after=2026-05-03T15:00:00+00:00
[2026-05-03T14:20:57.237+0000] {processor.py:179} INFO - Processing /opt/airflow/dags/setup_retail_pipeline.py took 0.102 seconds
[2026-05-03T14:21:27.301+0000] {processor.py:157} INFO - Started process (PID=6332) to work on /opt/airflow/dags/setup_retail_pipeline.py
[2026-05-03T14:21:27.303+0000] {processor.py:829} INFO - Processing file /opt/airflow/dags/setup_retail_pipeline.py for tasks to queue
[2026-05-03T14:21:27.305+0000] {logging_mixin.py:151} INFO - [2026-05-03T14:21:27.304+0000] {dagbag.py:539} INFO - Filling up the DagBag from /opt/airflow/dags/setup_retail_pipeline.py
[2026-05-03T14:21:27.326+0000] {processor.py:839} INFO - DAG(s) dict_keys(['setup_retail_pipeline']) retrieved from /opt/airflow/dags/setup_retail_pipeline.py
[2026-05-03T14:21:27.371+0000] {logging_mixin.py:151} INFO - [2026-05-03T14:21:27.371+0000] {dag.py:2915} INFO - Sync 1 DAGs
[2026-05-03T14:21:27.400+0000] {logging_mixin.py:151} INFO - [2026-05-03T14:21:27.400+0000] {dag.py:3696} INFO - Setting next_dagrun for setup_retail_pipeline to 2026-05-03T14:00:00+00:00, run_after=2026-05-03T15:00:00+00:00
[2026-05-03T14:21:27.416+0000] {processor.py:179} INFO - Processing /opt/airflow/dags/setup_retail_pipeline.py took 0.121 seconds
[2026-05-03T14:21:57.478+0000] {processor.py:157} INFO - Started process (PID=6342) to work on /opt/airflow/dags/setup_retail_pipeline.py
[2026-05-03T14:21:57.483+0000] {processor.py:829} INFO - Processing file /opt/airflow/dags/setup_retail_pipeline.py for tasks to queue
[2026-05-03T14:21:57.484+0000] {logging_mixin.py:151} INFO - [2026-05-03T14:21:57.483+0000] {dagbag.py:539} INFO - Filling up the DagBag from /opt/airflow/dags/setup_retail_pipeline.py
[2026-05-03T14:21:57.500+0000] {processor.py:839} INFO - DAG(s) dict_keys(['setup_retail_pipeline']) retrieved from /opt/airflow/dags/setup_retail_pipeline.py
[2026-05-03T14:21:57.539+0000] {logging_mixin.py:151} INFO - [2026-05-03T14:21:57.539+0000] {dag.py:2915} INFO - Sync 1 DAGs
[2026-05-03T14:21:57.565+0000] {logging_mixin.py:151} INFO - [2026-05-03T14:21:57.565+0000] {dag.py:3696} INFO - Setting next_dagrun for setup_retail_pipeline to 2026-05-03T14:00:00+00:00, run_after=2026-05-03T15:00:00+00:00
[2026-05-03T14:21:57.579+0000] {processor.py:179} INFO - Processing /opt/airflow/dags/setup_retail_pipeline.py took 0.104 seconds
[2026-05-03T14:22:27.638+0000] {processor.py:157} INFO - Started process (PID=6352) to work on /opt/airflow/dags/setup_retail_pipeline.py
[2026-05-03T14:22:27.640+0000] {processor.py:829} INFO - Processing file /opt/airflow/dags/setup_retail_pipeline.py for tasks to queue
[2026-05-03T14:22:27.641+0000] {logging_mixin.py:151} INFO - [2026-05-03T14:22:27.640+0000] {dagbag.py:539} INFO - Filling up the DagBag from /opt/airflow/dags/setup_retail_pipeline.py
[2026-05-03T14:22:27.653+0000] {processor.py:839} INFO - DAG(s) dict_keys(['setup_retail_pipeline']) retrieved from /opt/airflow/dags/setup_retail_pipeline.py
[2026-05-03T14:22:27.685+0000] {logging_mixin.py:151} INFO - [2026-05-03T14:22:27.685+0000] {dag.py:2915} INFO - Sync 1 DAGs
[2026-05-03T14:22:27.701+0000] {logging_mixin.py:151} INFO - [2026-05-03T14:22:27.701+0000] {dag.py:3696} INFO - Setting next_dagrun for setup_retail_pipeline to 2026-05-03T14:00:00+00:00, run_after=2026-05-03T15:00:00+00:00
[2026-05-03T14:22:27.712+0000] {processor.py:179} INFO - Processing /opt/airflow/dags/setup_retail_pipeline.py took 0.077 seconds
[2026-05-03T14:22:57.820+0000] {processor.py:157} INFO - Started process (PID=6362) to work on /opt/airflow/dags/setup_retail_pipeline.py
[2026-05-03T14:22:57.821+0000] {processor.py:829} INFO - Processing file /opt/airflow/dags/setup_retail_pipeline.py for tasks to queue
[2026-05-03T14:22:57.822+0000] {logging_mixin.py:151} INFO - [2026-05-03T14:22:57.822+0000] {dagbag.py:539} INFO - Filling up the DagBag from /opt/airflow/dags/setup_retail_pipeline.py
[2026-05-03T14:22:57.838+0000] {processor.py:839} INFO - DAG(s) dict_keys(['setup_retail_pipeline']) retrieved from /opt/airflow/dags/setup_retail_pipeline.py
[2026-05-03T14:22:57.860+0000] {logging_mixin.py:151} INFO - [2026-05-03T14:22:57.860+0000] {dag.py:2915} INFO - Sync 1 DAGs
[2026-05-03T14:22:57.878+0000] {logging_mixin.py:151} INFO - [2026-05-03T14:22:57.878+0000] {dag.py:3696} INFO - Setting next_dagrun for setup_retail_pipeline to 2026-05-03T14:00:00+00:00, run_after=2026-05-03T15:00:00+00:00
[2026-05-03T14:22:57.895+0000] {processor.py:179} INFO - Processing /opt/airflow/dags/setup_retail_pipeline.py took 0.078 seconds
[2026-05-03T14:23:27.981+0000] {processor.py:157} INFO - Started process (PID=6372) to work on /opt/airflow/dags/setup_retail_pipeline.py
[2026-05-03T14:23:27.985+0000] {processor.py:829} INFO - Processing file /opt/airflow/dags/setup_retail_pipeline.py for tasks to queue
[2026-05-03T14:23:27.988+0000] {logging_mixin.py:151} INFO - [2026-05-03T14:23:27.988+0000] {dagbag.py:539} INFO - Filling up the DagBag from /opt/airflow/dags/setup_retail_pipeline.py
[2026-05-03T14:23:28.002+0000] {processor.py:839} INFO - DAG(s) dict_keys(['setup_retail_pipeline']) retrieved from /opt/airflow/dags/setup_retail_pipeline.py
[2026-05-03T14:23:28.027+0000] {logging_mixin.py:151} INFO - [2026-05-03T14:23:28.027+0000] {dag.py:2915} INFO - Sync 1 DAGs
[2026-05-03T14:23:28.044+0000] {logging_mixin.py:151} INFO - [2026-05-03T14:23:28.044+0000] {dag.py:3696} INFO - Setting next_dagrun for setup_retail_pipeline to 2026-05-03T14:00:00+00:00, run_after=2026-05-03T15:00:00+00:00
[2026-05-03T14:23:28.059+0000] {processor.py:179} INFO - Processing /opt/airflow/dags/setup_retail_pipeline.py took 0.081 seconds
[2026-05-03T14:23:58.123+0000] {processor.py:157} INFO - Started process (PID=6382) to work on /opt/airflow/dags/setup_retail_pipeline.py
[2026-05-03T14:23:58.124+0000] {processor.py:829} INFO - Processing file /opt/airflow/dags/setup_retail_pipeline.py for tasks to queue
[2026-05-03T14:23:58.124+0000] {logging_mixin.py:151} INFO - [2026-05-03T14:23:58.124+0000] {dagbag.py:539} INFO - Filling up the DagBag from /opt/airflow/dags/setup_retail_pipeline.py
[2026-05-03T14:23:58.146+0000] {processor.py:839} INFO - DAG(s) dict_keys(['setup_retail_pipeline']) retrieved from /opt/airflow/dags/setup_retail_pipeline.py
[2026-05-03T14:23:58.178+0000] {logging_mixin.py:151} INFO - [2026-05-03T14:23:58.177+0000] {dag.py:2915} INFO - Sync 1 DAGs
[2026-05-03T14:23:58.194+0000] {logging_mixin.py:151} INFO - [2026-05-03T14:23:58.194+0000] {dag.py:3696} INFO - Setting next_dagrun for setup_retail_pipeline to 2026-05-03T14:00:00+00:00, run_after=2026-05-03T15:00:00+00:00
[2026-05-03T14:23:58.209+0000] {processor.py:179} INFO - Processing /opt/airflow/dags/setup_retail_pipeline.py took 0.091 seconds
[2026-05-03T14:24:28.269+0000] {processor.py:157} INFO - Started process (PID=6392) to work on /opt/airflow/dags/setup_retail_pipeline.py
[2026-05-03T14:24:28.274+0000] {processor.py:829} INFO - Processing file /opt/airflow/dags/setup_retail_pipeline.py for tasks to queue
[2026-05-03T14:24:28.275+0000] {logging_mixin.py:151} INFO - [2026-05-03T14:24:28.275+0000] {dagbag.py:539} INFO - Filling up the DagBag from /opt/airflow/dags/setup_retail_pipeline.py
[2026-05-03T14:24:28.295+0000] {processor.py:839} INFO - DAG(s) dict_keys(['setup_retail_pipeline']) retrieved from /opt/airflow/dags/setup_retail_pipeline.py
[2026-05-03T14:24:28.342+0000] {logging_mixin.py:151} INFO - [2026-05-03T14:24:28.342+0000] {dag.py:2915} INFO - Sync 1 DAGs
[2026-05-03T14:24:28.359+0000] {logging_mixin.py:151} INFO - [2026-05-03T14:24:28.359+0000] {dag.py:3696} INFO - Setting next_dagrun for setup_retail_pipeline to 2026-05-03T14:00:00+00:00, run_after=2026-05-03T15:00:00+00:00
[2026-05-03T14:24:28.375+0000] {processor.py:179} INFO - Processing /opt/airflow/dags/setup_retail_pipeline.py took 0.109 seconds
[2026-05-03T14:24:58.436+0000] {processor.py:157} INFO - Started process (PID=6402) to work on /opt/airflow/dags/setup_retail_pipeline.py
[2026-05-03T14:24:58.438+0000] {processor.py:829} INFO - Processing file /opt/airflow/dags/setup_retail_pipeline.py for tasks to queue
[2026-05-03T14:24:58.439+0000] {logging_mixin.py:151} INFO - [2026-05-03T14:24:58.439+0000] {dagbag.py:539} INFO - Filling up the DagBag from /opt/airflow/dags/setup_retail_pipeline.py
[2026-05-03T14:24:58.469+0000] {processor.py:839} INFO - DAG(s) dict_keys(['setup_retail_pipeline']) retrieved from /opt/airflow/dags/setup_retail_pipeline.py
[2026-05-03T14:24:58.517+0000] {logging_mixin.py:151} INFO - [2026-05-03T14:24:58.517+0000] {dag.py:2915} INFO - Sync 1 DAGs
[2026-05-03T14:24:58.544+0000] {logging_mixin.py:151} INFO - [2026-05-03T14:24:58.544+0000] {dag.py:3696} INFO - Setting next_dagrun for setup_retail_pipeline to 2026-05-03T14:00:00+00:00, run_after=2026-05-03T15:00:00+00:00
[2026-05-03T14:24:58.561+0000] {processor.py:179} INFO - Processing /opt/airflow/dags/setup_retail_pipeline.py took 0.135 seconds
[2026-05-03T14:25:28.590+0000] {processor.py:157} INFO - Started process (PID=6412) to work on /opt/airflow/dags/setup_retail_pipeline.py
[2026-05-03T14:25:28.592+0000] {processor.py:829} INFO - Processing file /opt/airflow/dags/setup_retail_pipeline.py for tasks to queue
[2026-05-03T14:25:28.592+0000] {logging_mixin.py:151} INFO - [2026-05-03T14:25:28.592+0000] {dagbag.py:539} INFO - Filling up the DagBag from /opt/airflow/dags/setup_retail_pipeline.py
[2026-05-03T14:25:28.607+0000] {processor.py:839} INFO - DAG(s) dict_keys(['setup_retail_pipeline']) retrieved from /opt/airflow/dags/setup_retail_pipeline.py
[2026-05-03T14:25:28.641+0000] {logging_mixin.py:151} INFO - [2026-05-03T14:25:28.641+0000] {dag.py:2915} INFO - Sync 1 DAGs
[2026-05-03T14:25:28.659+0000] {logging_mixin.py:151} INFO - [2026-05-03T14:25:28.659+0000] {dag.py:3696} INFO - Setting next_dagrun for setup_retail_pipeline to 2026-05-03T14:00:00+00:00, run_after=2026-05-03T15:00:00+00:00
[2026-05-03T14:25:28.671+0000] {processor.py:179} INFO - Processing /opt/airflow/dags/setup_retail_pipeline.py took 0.084 seconds
[2026-05-03T14:25:58.813+0000] {processor.py:157} INFO - Started process (PID=6422) to work on /opt/airflow/dags/setup_retail_pipeline.py
[2026-05-03T14:25:58.814+0000] {processor.py:829} INFO - Processing file /opt/airflow/dags/setup_retail_pipeline.py for tasks to queue
[2026-05-03T14:25:58.815+0000] {logging_mixin.py:151} INFO - [2026-05-03T14:25:58.814+0000] {dagbag.py:539} INFO - Filling up the DagBag from /opt/airflow/dags/setup_retail_pipeline.py
[2026-05-03T14:25:58.829+0000] {processor.py:839} INFO - DAG(s) dict_keys(['setup_retail_pipeline']) retrieved from /opt/airflow/dags/setup_retail_pipeline.py
[2026-05-03T14:25:58.863+0000] {logging_mixin.py:151} INFO - [2026-05-03T14:25:58.863+0000] {dag.py:2915} INFO - Sync 1 DAGs
[2026-05-03T14:25:58.889+0000] {logging_mixin.py:151} INFO - [2026-05-03T14:25:58.888+0000] {dag.py:3696} INFO - Setting next_dagrun for setup_retail_pipeline to 2026-05-03T14:00:00+00:00, run_after=2026-05-03T15:00:00+00:00
[2026-05-03T14:25:58.913+0000] {processor.py:179} INFO - Processing /opt/airflow/dags/setup_retail_pipeline.py took 0.106 seconds
[2026-05-03T14:26:28.957+0000] {processor.py:157} INFO - Started process (PID=6432) to work on /opt/airflow/dags/setup_retail_pipeline.py
[2026-05-03T14:26:28.958+0000] {processor.py:829} INFO - Processing file /opt/airflow/dags/setup_retail_pipeline.py for tasks to queue
[2026-05-03T14:26:28.959+0000] {logging_mixin.py:151} INFO - [2026-05-03T14:26:28.958+0000] {dagbag.py:539} INFO - Filling up the DagBag from /opt/airflow/dags/setup_retail_pipeline.py
[2026-05-03T14:26:28.979+0000] {processor.py:839} INFO - DAG(s) dict_keys(['setup_retail_pipeline']) retrieved from /opt/airflow/dags/setup_retail_pipeline.py
[2026-05-03T14:26:29.014+0000] {logging_mixin.py:151} INFO - [2026-05-03T14:26:29.013+0000] {dag.py:2915} INFO - Sync 1 DAGs
[2026-05-03T14:26:29.036+0000] {logging_mixin.py:151} INFO - [2026-05-03T14:26:29.036+0000] {dag.py:3696} INFO - Setting next_dagrun for setup_retail_pipeline to 2026-05-03T14:00:00+00:00, run_after=2026-05-03T15:00:00+00:00
[2026-05-03T14:26:29.062+0000] {processor.py:179} INFO - Processing /opt/airflow/dags/setup_retail_pipeline.py took 0.111 seconds
[2026-05-03T14:26:59.162+0000] {processor.py:157} INFO - Started process (PID=6442) to work on /opt/airflow/dags/setup_retail_pipeline.py
[2026-05-03T14:26:59.163+0000] {processor.py:829} INFO - Processing file /opt/airflow/dags/setup_retail_pipeline.py for tasks to queue
[2026-05-03T14:26:59.164+0000] {logging_mixin.py:151} INFO - [2026-05-03T14:26:59.163+0000] {dagbag.py:539} INFO - Filling up the DagBag from /opt/airflow/dags/setup_retail_pipeline.py
[2026-05-03T14:26:59.180+0000] {processor.py:839} INFO - DAG(s) dict_keys(['setup_retail_pipeline']) retrieved from /opt/airflow/dags/setup_retail_pipeline.py
[2026-05-03T14:26:59.209+0000] {logging_mixin.py:151} INFO - [2026-05-03T14:26:59.208+0000] {dag.py:2915} INFO - Sync 1 DAGs
[2026-05-03T14:26:59.234+0000] {logging_mixin.py:151} INFO - [2026-05-03T14:26:59.234+0000] {dag.py:3696} INFO - Setting next_dagrun for setup_retail_pipeline to 2026-05-03T14:00:00+00:00, run_after=2026-05-03T15:00:00+00:00
[2026-05-03T14:26:59.243+0000] {processor.py:179} INFO - Processing /opt/airflow/dags/setup_retail_pipeline.py took 0.085 seconds
[2026-05-03T14:27:29.345+0000] {processor.py:157} INFO - Started process (PID=6452) to work on /opt/airflow/dags/setup_retail_pipeline.py
[2026-05-03T14:27:29.346+0000] {processor.py:829} INFO - Processing file /opt/airflow/dags/setup_retail_pipeline.py for tasks to queue
[2026-05-03T14:27:29.349+0000] {logging_mixin.py:151} INFO - [2026-05-03T14:27:29.348+0000] {dagbag.py:539} INFO - Filling up the DagBag from /opt/airflow/dags/setup_retail_pipeline.py
[2026-05-03T14:27:29.370+0000] {processor.py:839} INFO - DAG(s) dict_keys(['setup_retail_pipeline']) retrieved from /opt/airflow/dags/setup_retail_pipeline.py
[2026-05-03T14:27:29.397+0000] {logging_mixin.py:151} INFO - [2026-05-03T14:27:29.397+0000] {dag.py:2915} INFO - Sync 1 DAGs
[2026-05-03T14:27:29.415+0000] {logging_mixin.py:151} INFO - [2026-05-03T14:27:29.415+0000] {dag.py:3696} INFO - Setting next_dagrun for setup_retail_pipeline to 2026-05-03T14:00:00+00:00, run_after=2026-05-03T15:00:00+00:00
[2026-05-03T14:27:29.429+0000] {processor.py:179} INFO - Processing /opt/airflow/dags/setup_retail_pipeline.py took 0.089 seconds
[2026-05-03T14:27:59.566+0000] {processor.py:157} INFO - Started process (PID=6462) to work on /opt/airflow/dags/setup_retail_pipeline.py
[2026-05-03T14:27:59.571+0000] {processor.py:829} INFO - Processing file /opt/airflow/dags/setup_retail_pipeline.py for tasks to queue
[2026-05-03T14:27:59.573+0000] {logging_mixin.py:151} INFO - [2026-05-03T14:27:59.572+0000] {dagbag.py:539} INFO - Filling up the DagBag from /opt/airflow/dags/setup_retail_pipeline.py
[2026-05-03T14:27:59.588+0000] {processor.py:839} INFO - DAG(s) dict_keys(['setup_retail_pipeline']) retrieved from /opt/airflow/dags/setup_retail_pipeline.py
[2026-05-03T14:27:59.614+0000] {logging_mixin.py:151} INFO - [2026-05-03T14:27:59.614+0000] {dag.py:2915} INFO - Sync 1 DAGs
[2026-05-03T14:27:59.630+0000] {logging_mixin.py:151} INFO - [2026-05-03T14:27:59.630+0000] {dag.py:3696} INFO - Setting next_dagrun for setup_retail_pipeline to 2026-05-03T14:00:00+00:00, run_after=2026-05-03T15:00:00+00:00
[2026-05-03T14:27:59.644+0000] {processor.py:179} INFO - Processing /opt/airflow/dags/setup_retail_pipeline.py took 0.080 seconds
[2026-05-03T14:28:29.717+0000] {processor.py:157} INFO - Started process (PID=6472) to work on /opt/airflow/dags/setup_retail_pipeline.py
[2026-05-03T14:28:29.720+0000] {processor.py:829} INFO - Processing file /opt/airflow/dags/setup_retail_pipeline.py for tasks to queue
[2026-05-03T14:28:29.721+0000] {logging_mixin.py:151} INFO - [2026-05-03T14:28:29.721+0000] {dagbag.py:539} INFO - Filling up the DagBag from /opt/airflow/dags/setup_retail_pipeline.py
[2026-05-03T14:28:29.739+0000] {processor.py:839} INFO - DAG(s) dict_keys(['setup_retail_pipeline']) retrieved from /opt/airflow/dags/setup_retail_pipeline.py
[2026-05-03T14:28:29.771+0000] {logging_mixin.py:151} INFO - [2026-05-03T14:28:29.771+0000] {dag.py:2915} INFO - Sync 1 DAGs
[2026-05-03T14:28:29.787+0000] {logging_mixin.py:151} INFO - [2026-05-03T14:28:29.787+0000] {dag.py:3696} INFO - Setting next_dagrun for setup_retail_pipeline to 2026-05-03T14:00:00+00:00, run_after=2026-05-03T15:00:00+00:00
[2026-05-03T14:28:29.805+0000] {processor.py:179} INFO - Processing /opt/airflow/dags/setup_retail_pipeline.py took 0.094 seconds
[2026-05-03T14:28:59.891+0000] {processor.py:157} INFO - Started process (PID=6482) to work on /opt/airflow/dags/setup_retail_pipeline.py
[2026-05-03T14:28:59.895+0000] {processor.py:829} INFO - Processing file /opt/airflow/dags/setup_retail_pipeline.py for tasks to queue
[2026-05-03T14:28:59.900+0000] {logging_mixin.py:151} INFO - [2026-05-03T14:28:59.900+0000] {dagbag.py:539} INFO - Filling up the DagBag from /opt/airflow/dags/setup_retail_pipeline.py
[2026-05-03T14:28:59.933+0000] {processor.py:839} INFO - DAG(s) dict_keys(['setup_retail_pipeline']) retrieved from /opt/airflow/dags/setup_retail_pipeline.py
[2026-05-03T14:28:59.982+0000] {logging_mixin.py:151} INFO - [2026-05-03T14:28:59.982+0000] {dag.py:2915} INFO - Sync 1 DAGs
[2026-05-03T14:29:00.024+0000] {logging_mixin.py:151} INFO - [2026-05-03T14:29:00.023+0000] {dag.py:3696} INFO - Setting next_dagrun for setup_retail_pipeline to 2026-05-03T14:00:00+00:00, run_after=2026-05-03T15:00:00+00:00
[2026-05-03T14:29:00.049+0000] {processor.py:179} INFO - Processing /opt/airflow/dags/setup_retail_pipeline.py took 0.165 seconds
[2026-05-03T14:29:30.190+0000] {processor.py:157} INFO - Started process (PID=6492) to work on /opt/airflow/dags/setup_retail_pipeline.py
[2026-05-03T14:29:30.191+0000] {processor.py:829} INFO - Processing file /opt/airflow/dags/setup_retail_pipeline.py for tasks to queue
[2026-05-03T14:29:30.192+0000] {logging_mixin.py:151} INFO - [2026-05-03T14:29:30.191+0000] {dagbag.py:539} INFO - Filling up the DagBag from /opt/airflow/dags/setup_retail_pipeline.py
[2026-05-03T14:29:30.211+0000] {processor.py:839} INFO - DAG(s) dict_keys(['setup_retail_pipeline']) retrieved from /opt/airflow/dags/setup_retail_pipeline.py
[2026-05-03T14:29:30.245+0000] {logging_mixin.py:151} INFO - [2026-05-03T14:29:30.245+0000] {dag.py:2915} INFO - Sync 1 DAGs
[2026-05-03T14:29:30.272+0000] {logging_mixin.py:151} INFO - [2026-05-03T14:29:30.272+0000] {dag.py:3696} INFO - Setting next_dagrun for setup_retail_pipeline to 2026-05-03T14:00:00+00:00, run_after=2026-05-03T15:00:00+00:00
[2026-05-03T14:29:30.295+0000] {processor.py:179} INFO - Processing /opt/airflow/dags/setup_retail_pipeline.py took 0.108 seconds
[2026-05-03T14:30:00.323+0000] {processor.py:157} INFO - Started process (PID=6502) to work on /opt/airflow/dags/setup_retail_pipeline.py
[2026-05-03T14:30:00.324+0000] {processor.py:829} INFO - Processing file /opt/airflow/dags/setup_retail_pipeline.py for tasks to queue
[2026-05-03T14:30:00.325+0000] {logging_mixin.py:151} INFO - [2026-05-03T14:30:00.325+0000] {dagbag.py:539} INFO - Filling up the DagBag from /opt/airflow/dags/setup_retail_pipeline.py
[2026-05-03T14:30:00.349+0000] {processor.py:839} INFO - DAG(s) dict_keys(['setup_retail_pipeline']) retrieved from /opt/airflow/dags/setup_retail_pipeline.py
[2026-05-03T14:30:00.379+0000] {logging_mixin.py:151} INFO - [2026-05-03T14:30:00.379+0000] {dag.py:2915} INFO - Sync 1 DAGs
[2026-05-03T14:30:00.398+0000] {logging_mixin.py:151} INFO - [2026-05-03T14:30:00.398+0000] {dag.py:3696} INFO - Setting next_dagrun for setup_retail_pipeline to 2026-05-03T14:00:00+00:00, run_after=2026-05-03T15:00:00+00:00
[2026-05-03T14:30:00.409+0000] {processor.py:179} INFO - Processing /opt/airflow/dags/setup_retail_pipeline.py took 0.090 seconds
[2026-05-03T14:30:30.719+0000] {processor.py:157} INFO - Started process (PID=6512) to work on /opt/airflow/dags/setup_retail_pipeline.py
[2026-05-03T14:30:30.723+0000] {processor.py:829} INFO - Processing file /opt/airflow/dags/setup_retail_pipeline.py for tasks to queue
[2026-05-03T14:30:30.724+0000] {logging_mixin.py:151} INFO - [2026-05-03T14:30:30.723+0000] {dagbag.py:539} INFO - Filling up the DagBag from /opt/airflow/dags/setup_retail_pipeline.py
[2026-05-03T14:30:30.749+0000] {processor.py:839} INFO - DAG(s) dict_keys(['setup_retail_pipeline']) retrieved from /opt/airflow/dags/setup_retail_pipeline.py
[2026-05-03T14:30:30.784+0000] {logging_mixin.py:151} INFO - [2026-05-03T14:30:30.784+0000] {dag.py:2915} INFO - Sync 1 DAGs
[2026-05-03T14:30:30.801+0000] {logging_mixin.py:151} INFO - [2026-05-03T14:30:30.801+0000] {dag.py:3696} INFO - Setting next_dagrun for setup_retail_pipeline to 2026-05-03T14:00:00+00:00, run_after=2026-05-03T15:00:00+00:00
[2026-05-03T14:30:30.812+0000] {processor.py:179} INFO - Processing /opt/airflow/dags/setup_retail_pipeline.py took 0.097 seconds
[2026-05-03T14:31:00.878+0000] {processor.py:157} INFO - Started process (PID=6522) to work on /opt/airflow/dags/setup_retail_pipeline.py
[2026-05-03T14:31:00.879+0000] {processor.py:829} INFO - Processing file /opt/airflow/dags/setup_retail_pipeline.py for tasks to queue
[2026-05-03T14:31:00.882+0000] {logging_mixin.py:151} INFO - [2026-05-03T14:31:00.881+0000] {dagbag.py:539} INFO - Filling up the DagBag from /opt/airflow/dags/setup_retail_pipeline.py
[2026-05-03T14:31:00.928+0000] {processor.py:839} INFO - DAG(s) dict_keys(['setup_retail_pipeline']) retrieved from /opt/airflow/dags/setup_retail_pipeline.py
[2026-05-03T14:31:00.985+0000] {logging_mixin.py:151} INFO - [2026-05-03T14:31:00.985+0000] {dag.py:2915} INFO - Sync 1 DAGs
[2026-05-03T14:31:01.010+0000] {logging_mixin.py:151} INFO - [2026-05-03T14:31:01.009+0000] {dag.py:3696} INFO - Setting next_dagrun for setup_retail_pipeline to 2026-05-03T14:00:00+00:00, run_after=2026-05-03T15:00:00+00:00
[2026-05-03T14:31:01.023+0000] {processor.py:179} INFO - Processing /opt/airflow/dags/setup_retail_pipeline.py took 0.153 seconds
[2026-05-03T14:31:31.198+0000] {processor.py:157} INFO - Started process (PID=6532) to work on /opt/airflow/dags/setup_retail_pipeline.py
[2026-05-03T14:31:31.201+0000] {processor.py:829} INFO - Processing file /opt/airflow/dags/setup_retail_pipeline.py for tasks to queue
[2026-05-03T14:31:31.203+0000] {logging_mixin.py:151} INFO - [2026-05-03T14:31:31.201+0000] {dagbag.py:539} INFO - Filling up the DagBag from /opt/airflow/dags/setup_retail_pipeline.py
[2026-05-03T14:31:31.261+0000] {processor.py:839} INFO - DAG(s) dict_keys(['setup_retail_pipeline']) retrieved from /opt/airflow/dags/setup_retail_pipeline.py
[2026-05-03T14:31:31.308+0000] {logging_mixin.py:151} INFO - [2026-05-03T14:31:31.308+0000] {dag.py:2915} INFO - Sync 1 DAGs
[2026-05-03T14:31:31.337+0000] {logging_mixin.py:151} INFO - [2026-05-03T14:31:31.337+0000] {dag.py:3696} INFO - Setting next_dagrun for setup_retail_pipeline to 2026-05-03T14:00:00+00:00, run_after=2026-05-03T15:00:00+00:00
[2026-05-03T14:31:31.351+0000] {processor.py:179} INFO - Processing /opt/airflow/dags/setup_retail_pipeline.py took 0.166 seconds
[2026-05-03T14:32:01.452+0000] {processor.py:157} INFO - Started process (PID=6542) to work on /opt/airflow/dags/setup_retail_pipeline.py
[2026-05-03T14:32:01.453+0000] {processor.py:829} INFO - Processing file /opt/airflow/dags/setup_retail_pipeline.py for tasks to queue
[2026-05-03T14:32:01.455+0000] {logging_mixin.py:151} INFO - [2026-05-03T14:32:01.454+0000] {dagbag.py:539} INFO - Filling up the DagBag from /opt/airflow/dags/setup_retail_pipeline.py
[2026-05-03T14:32:01.469+0000] {processor.py:839} INFO - DAG(s) dict_keys(['setup_retail_pipeline']) retrieved from /opt/airflow/dags/setup_retail_pipeline.py
[2026-05-03T14:32:01.501+0000] {logging_mixin.py:151} INFO - [2026-05-03T14:32:01.501+0000] {dag.py:2915} INFO - Sync 1 DAGs
[2026-05-03T14:32:01.523+0000] {logging_mixin.py:151} INFO - [2026-05-03T14:32:01.523+0000] {dag.py:3696} INFO - Setting next_dagrun for setup_retail_pipeline to 2026-05-03T14:00:00+00:00, run_after=2026-05-03T15:00:00+00:00
[2026-05-03T14:32:01.535+0000] {processor.py:179} INFO - Processing /opt/airflow/dags/setup_retail_pipeline.py took 0.087 seconds
[2026-05-03T14:32:31.601+0000] {processor.py:157} INFO - Started process (PID=6552) to work on /opt/airflow/dags/setup_retail_pipeline.py
[2026-05-03T14:32:31.604+0000] {processor.py:829} INFO - Processing file /opt/airflow/dags/setup_retail_pipeline.py for tasks to queue
[2026-05-03T14:32:31.605+0000] {logging_mixin.py:151} INFO - [2026-05-03T14:32:31.605+0000] {dagbag.py:539} INFO - Filling up the DagBag from /opt/airflow/dags/setup_retail_pipeline.py
[2026-05-03T14:32:31.625+0000] {processor.py:839} INFO - DAG(s) dict_keys(['setup_retail_pipeline']) retrieved from /opt/airflow/dags/setup_retail_pipeline.py
[2026-05-03T14:32:31.659+0000] {logging_mixin.py:151} INFO - [2026-05-03T14:32:31.658+0000] {dag.py:2915} INFO - Sync 1 DAGs
[2026-05-03T14:32:31.679+0000] {logging_mixin.py:151} INFO - [2026-05-03T14:32:31.679+0000] {dag.py:3696} INFO - Setting next_dagrun for setup_retail_pipeline to 2026-05-03T14:00:00+00:00, run_after=2026-05-03T15:00:00+00:00
[2026-05-03T14:32:31.690+0000] {processor.py:179} INFO - Processing /opt/airflow/dags/setup_retail_pipeline.py took 0.093 seconds
[2026-05-03T14:33:01.802+0000] {processor.py:157} INFO - Started process (PID=6562) to work on /opt/airflow/dags/setup_retail_pipeline.py
[2026-05-03T14:33:01.804+0000] {processor.py:829} INFO - Processing file /opt/airflow/dags/setup_retail_pipeline.py for tasks to queue
[2026-05-03T14:33:01.804+0000] {logging_mixin.py:151} INFO - [2026-05-03T14:33:01.804+0000] {dagbag.py:539} INFO - Filling up the DagBag from /opt/airflow/dags/setup_retail_pipeline.py
[2026-05-03T14:33:01.820+0000] {processor.py:839} INFO - DAG(s) dict_keys(['setup_retail_pipeline']) retrieved from /opt/airflow/dags/setup_retail_pipeline.py
[2026-05-03T14:33:01.851+0000] {logging_mixin.py:151} INFO - [2026-05-03T14:33:01.851+0000] {dag.py:2915} INFO - Sync 1 DAGs
[2026-05-03T14:33:01.870+0000] {logging_mixin.py:151} INFO - [2026-05-03T14:33:01.870+0000] {dag.py:3696} INFO - Setting next_dagrun for setup_retail_pipeline to 2026-05-03T14:00:00+00:00, run_after=2026-05-03T15:00:00+00:00
[2026-05-03T14:33:01.882+0000] {processor.py:179} INFO - Processing /opt/airflow/dags/setup_retail_pipeline.py took 0.085 seconds
[2026-05-03T14:33:31.941+0000] {processor.py:157} INFO - Started process (PID=6572) to work on /opt/airflow/dags/setup_retail_pipeline.py
[2026-05-03T14:33:31.942+0000] {processor.py:829} INFO - Processing file /opt/airflow/dags/setup_retail_pipeline.py for tasks to queue
[2026-05-03T14:33:31.943+0000] {logging_mixin.py:151} INFO - [2026-05-03T14:33:31.943+0000] {dagbag.py:539} INFO - Filling up the DagBag from /opt/airflow/dags/setup_retail_pipeline.py
[2026-05-03T14:33:31.956+0000] {processor.py:839} INFO - DAG(s) dict_keys(['setup_retail_pipeline']) retrieved from /opt/airflow/dags/setup_retail_pipeline.py
[2026-05-03T14:33:31.989+0000] {logging_mixin.py:151} INFO - [2026-05-03T14:33:31.989+0000] {dag.py:2915} INFO - Sync 1 DAGs
[2026-05-03T14:33:32.004+0000] {logging_mixin.py:151} INFO - [2026-05-03T14:33:32.004+0000] {dag.py:3696} INFO - Setting next_dagrun for setup_retail_pipeline to 2026-05-03T14:00:00+00:00, run_after=2026-05-03T15:00:00+00:00
[2026-05-03T14:33:32.012+0000] {processor.py:179} INFO - Processing /opt/airflow/dags/setup_retail_pipeline.py took 0.074 seconds
[2026-05-03T14:34:02.171+0000] {processor.py:157} INFO - Started process (PID=6582) to work on /opt/airflow/dags/setup_retail_pipeline.py
[2026-05-03T14:34:02.175+0000] {processor.py:829} INFO - Processing file /opt/airflow/dags/setup_retail_pipeline.py for tasks to queue
[2026-05-03T14:34:02.176+0000] {logging_mixin.py:151} INFO - [2026-05-03T14:34:02.175+0000] {dagbag.py:539} INFO - Filling up the DagBag from /opt/airflow/dags/setup_retail_pipeline.py
[2026-05-03T14:34:02.191+0000] {processor.py:839} INFO - DAG(s) dict_keys(['setup_retail_pipeline']) retrieved from /opt/airflow/dags/setup_retail_pipeline.py
[2026-05-03T14:34:02.225+0000] {logging_mixin.py:151} INFO - [2026-05-03T14:34:02.225+0000] {dag.py:2915} INFO - Sync 1 DAGs
[2026-05-03T14:34:02.248+0000] {logging_mixin.py:151} INFO - [2026-05-03T14:34:02.248+0000] {dag.py:3696} INFO - Setting next_dagrun for setup_retail_pipeline to 2026-05-03T14:00:00+00:00, run_after=2026-05-03T15:00:00+00:00
[2026-05-03T14:34:02.260+0000] {processor.py:179} INFO - Processing /opt/airflow/dags/setup_retail_pipeline.py took 0.093 seconds
[2026-05-03T14:34:32.428+0000] {processor.py:157} INFO - Started process (PID=6592) to work on /opt/airflow/dags/setup_retail_pipeline.py
[2026-05-03T14:34:32.431+0000] {processor.py:829} INFO - Processing file /opt/airflow/dags/setup_retail_pipeline.py for tasks to queue
[2026-05-03T14:34:32.433+0000] {logging_mixin.py:151} INFO - [2026-05-03T14:34:32.433+0000] {dagbag.py:539} INFO - Filling up the DagBag from /opt/airflow/dags/setup_retail_pipeline.py
[2026-05-03T14:34:32.453+0000] {processor.py:839} INFO - DAG(s) dict_keys(['setup_retail_pipeline']) retrieved from /opt/airflow/dags/setup_retail_pipeline.py
[2026-05-03T14:34:32.483+0000] {logging_mixin.py:151} INFO - [2026-05-03T14:34:32.483+0000] {dag.py:2915} INFO - Sync 1 DAGs
[2026-05-03T14:34:32.502+0000] {logging_mixin.py:151} INFO - [2026-05-03T14:34:32.502+0000] {dag.py:3696} INFO - Setting next_dagrun for setup_retail_pipeline to 2026-05-03T14:00:00+00:00, run_after=2026-05-03T15:00:00+00:00
[2026-05-03T14:34:32.514+0000] {processor.py:179} INFO - Processing /opt/airflow/dags/setup_retail_pipeline.py took 0.091 seconds
[2026-05-03T14:35:02.583+0000] {processor.py:157} INFO - Started process (PID=6602) to work on /opt/airflow/dags/setup_retail_pipeline.py
[2026-05-03T14:35:02.586+0000] {processor.py:829} INFO - Processing file /opt/airflow/dags/setup_retail_pipeline.py for tasks to queue
[2026-05-03T14:35:02.587+0000] {logging_mixin.py:151} INFO - [2026-05-03T14:35:02.587+0000] {dagbag.py:539} INFO - Filling up the DagBag from /opt/airflow/dags/setup_retail_pipeline.py
[2026-05-03T14:35:02.614+0000] {processor.py:839} INFO - DAG(s) dict_keys(['setup_retail_pipeline']) retrieved from /opt/airflow/dags/setup_retail_pipeline.py
[2026-05-03T14:35:02.655+0000] {logging_mixin.py:151} INFO - [2026-05-03T14:35:02.654+0000] {dag.py:2915} INFO - Sync 1 DAGs
[2026-05-03T14:35:02.679+0000] {logging_mixin.py:151} INFO - [2026-05-03T14:35:02.679+0000] {dag.py:3696} INFO - Setting next_dagrun for setup_retail_pipeline to 2026-05-03T14:00:00+00:00, run_after=2026-05-03T15:00:00+00:00
[2026-05-03T14:35:02.694+0000] {processor.py:179} INFO - Processing /opt/airflow/dags/setup_retail_pipeline.py took 0.115 seconds
[2026-05-03T14:35:32.940+0000] {processor.py:157} INFO - Started process (PID=6612) to work on /opt/airflow/dags/setup_retail_pipeline.py
[2026-05-03T14:35:32.943+0000] {processor.py:829} INFO - Processing file /opt/airflow/dags/setup_retail_pipeline.py for tasks to queue
[2026-05-03T14:35:32.944+0000] {logging_mixin.py:151} INFO - [2026-05-03T14:35:32.943+0000] {dagbag.py:539} INFO - Filling up the DagBag from /opt/airflow/dags/setup_retail_pipeline.py
[2026-05-03T14:35:32.965+0000] {processor.py:839} INFO - DAG(s) dict_keys(['setup_retail_pipeline']) retrieved from /opt/airflow/dags/setup_retail_pipeline.py
[2026-05-03T14:35:32.995+0000] {logging_mixin.py:151} INFO - [2026-05-03T14:35:32.995+0000] {dag.py:2915} INFO - Sync 1 DAGs
[2026-05-03T14:35:33.011+0000] {logging_mixin.py:151} INFO - [2026-05-03T14:35:33.011+0000] {dag.py:3696} INFO - Setting next_dagrun for setup_retail_pipeline to 2026-05-03T14:00:00+00:00, run_after=2026-05-03T15:00:00+00:00
[2026-05-03T14:35:33.033+0000] {processor.py:179} INFO - Processing /opt/airflow/dags/setup_retail_pipeline.py took 0.097 seconds
[2026-05-03T14:36:03.094+0000] {processor.py:157} INFO - Started process (PID=6622) to work on /opt/airflow/dags/setup_retail_pipeline.py
[2026-05-03T14:36:03.095+0000] {processor.py:829} INFO - Processing file /opt/airflow/dags/setup_retail_pipeline.py for tasks to queue
[2026-05-03T14:36:03.096+0000] {logging_mixin.py:151} INFO - [2026-05-03T14:36:03.096+0000] {dagbag.py:539} INFO - Filling up the DagBag from /opt/airflow/dags/setup_retail_pipeline.py
[2026-05-03T14:36:03.112+0000] {processor.py:839} INFO - DAG(s) dict_keys(['setup_retail_pipeline']) retrieved from /opt/airflow/dags/setup_retail_pipeline.py
[2026-05-03T14:36:03.146+0000] {logging_mixin.py:151} INFO - [2026-05-03T14:36:03.146+0000] {dag.py:2915} INFO - Sync 1 DAGs
[2026-05-03T14:36:03.166+0000] {logging_mixin.py:151} INFO - [2026-05-03T14:36:03.165+0000] {dag.py:3696} INFO - Setting next_dagrun for setup_retail_pipeline to 2026-05-03T14:00:00+00:00, run_after=2026-05-03T15:00:00+00:00
[2026-05-03T14:36:03.177+0000] {processor.py:179} INFO - Processing /opt/airflow/dags/setup_retail_pipeline.py took 0.088 seconds
[2026-05-03T14:36:33.255+0000] {processor.py:157} INFO - Started process (PID=6632) to work on /opt/airflow/dags/setup_retail_pipeline.py
[2026-05-03T14:36:33.257+0000] {processor.py:829} INFO - Processing file /opt/airflow/dags/setup_retail_pipeline.py for tasks to queue
[2026-05-03T14:36:33.261+0000] {logging_mixin.py:151} INFO - [2026-05-03T14:36:33.261+0000] {dagbag.py:539} INFO - Filling up the DagBag from /opt/airflow/dags/setup_retail_pipeline.py
[2026-05-03T14:36:33.279+0000] {processor.py:839} INFO - DAG(s) dict_keys(['setup_retail_pipeline']) retrieved from /opt/airflow/dags/setup_retail_pipeline.py
[2026-05-03T14:36:33.304+0000] {logging_mixin.py:151} INFO - [2026-05-03T14:36:33.304+0000] {dag.py:2915} INFO - Sync 1 DAGs
[2026-05-03T14:36:33.318+0000] {logging_mixin.py:151} INFO - [2026-05-03T14:36:33.318+0000] {dag.py:3696} INFO - Setting next_dagrun for setup_retail_pipeline to 2026-05-03T14:00:00+00:00, run_after=2026-05-03T15:00:00+00:00
[2026-05-03T14:36:33.327+0000] {processor.py:179} INFO - Processing /opt/airflow/dags/setup_retail_pipeline.py took 0.076 seconds
[2026-05-03T14:37:03.419+0000] {processor.py:157} INFO - Started process (PID=6642) to work on /opt/airflow/dags/setup_retail_pipeline.py
[2026-05-03T14:37:03.420+0000] {processor.py:829} INFO - Processing file /opt/airflow/dags/setup_retail_pipeline.py for tasks to queue
[2026-05-03T14:37:03.422+0000] {logging_mixin.py:151} INFO - [2026-05-03T14:37:03.421+0000] {dagbag.py:539} INFO - Filling up the DagBag from /opt/airflow/dags/setup_retail_pipeline.py
[2026-05-03T14:37:03.448+0000] {processor.py:839} INFO - DAG(s) dict_keys(['setup_retail_pipeline']) retrieved from /opt/airflow/dags/setup_retail_pipeline.py
[2026-05-03T14:37:03.482+0000] {logging_mixin.py:151} INFO - [2026-05-03T14:37:03.482+0000] {dag.py:2915} INFO - Sync 1 DAGs
[2026-05-03T14:37:03.504+0000] {logging_mixin.py:151} INFO - [2026-05-03T14:37:03.504+0000] {dag.py:3696} INFO - Setting next_dagrun for setup_retail_pipeline to 2026-05-03T14:00:00+00:00, run_after=2026-05-03T15:00:00+00:00
[2026-05-03T14:37:03.523+0000] {processor.py:179} INFO - Processing /opt/airflow/dags/setup_retail_pipeline.py took 0.111 seconds
[2026-05-03T14:37:33.619+0000] {processor.py:157} INFO - Started process (PID=6652) to work on /opt/airflow/dags/setup_retail_pipeline.py
[2026-05-03T14:37:33.619+0000] {processor.py:829} INFO - Processing file /opt/airflow/dags/setup_retail_pipeline.py for tasks to queue
[2026-05-03T14:37:33.620+0000] {logging_mixin.py:151} INFO - [2026-05-03T14:37:33.620+0000] {dagbag.py:539} INFO - Filling up the DagBag from /opt/airflow/dags/setup_retail_pipeline.py
[2026-05-03T14:37:33.639+0000] {processor.py:839} INFO - DAG(s) dict_keys(['setup_retail_pipeline']) retrieved from /opt/airflow/dags/setup_retail_pipeline.py
[2026-05-03T14:37:33.675+0000] {logging_mixin.py:151} INFO - [2026-05-03T14:37:33.674+0000] {dag.py:2915} INFO - Sync 1 DAGs
[2026-05-03T14:37:33.713+0000] {logging_mixin.py:151} INFO - [2026-05-03T14:37:33.713+0000] {dag.py:3696} INFO - Setting next_dagrun for setup_retail_pipeline to 2026-05-03T14:00:00+00:00, run_after=2026-05-03T15:00:00+00:00
[2026-05-03T14:37:33.730+0000] {processor.py:179} INFO - Processing /opt/airflow/dags/setup_retail_pipeline.py took 0.114 seconds
[2026-05-03T14:38:03.772+0000] {processor.py:157} INFO - Started process (PID=6662) to work on /opt/airflow/dags/setup_retail_pipeline.py
[2026-05-03T14:38:03.778+0000] {processor.py:829} INFO - Processing file /opt/airflow/dags/setup_retail_pipeline.py for tasks to queue
[2026-05-03T14:38:03.780+0000] {logging_mixin.py:151} INFO - [2026-05-03T14:38:03.779+0000] {dagbag.py:539} INFO - Filling up the DagBag from /opt/airflow/dags/setup_retail_pipeline.py
[2026-05-03T14:38:03.804+0000] {processor.py:839} INFO - DAG(s) dict_keys(['setup_retail_pipeline']) retrieved from /opt/airflow/dags/setup_retail_pipeline.py
[2026-05-03T14:38:03.843+0000] {logging_mixin.py:151} INFO - [2026-05-03T14:38:03.842+0000] {dag.py:2915} INFO - Sync 1 DAGs
[2026-05-03T14:38:03.866+0000] {logging_mixin.py:151} INFO - [2026-05-03T14:38:03.866+0000] {dag.py:3696} INFO - Setting next_dagrun for setup_retail_pipeline to 2026-05-03T14:00:00+00:00, run_after=2026-05-03T15:00:00+00:00
[2026-05-03T14:38:03.880+0000] {processor.py:179} INFO - Processing /opt/airflow/dags/setup_retail_pipeline.py took 0.113 seconds
[2026-05-03T14:38:34.144+0000] {processor.py:157} INFO - Started process (PID=6672) to work on /opt/airflow/dags/setup_retail_pipeline.py
[2026-05-03T14:38:34.146+0000] {processor.py:829} INFO - Processing file /opt/airflow/dags/setup_retail_pipeline.py for tasks to queue
[2026-05-03T14:38:34.148+0000] {logging_mixin.py:151} INFO - [2026-05-03T14:38:34.147+0000] {dagbag.py:539} INFO - Filling up the DagBag from /opt/airflow/dags/setup_retail_pipeline.py
[2026-05-03T14:38:34.163+0000] {processor.py:839} INFO - DAG(s) dict_keys(['setup_retail_pipeline']) retrieved from /opt/airflow/dags/setup_retail_pipeline.py
[2026-05-03T14:38:34.195+0000] {logging_mixin.py:151} INFO - [2026-05-03T14:38:34.195+0000] {dag.py:2915} INFO - Sync 1 DAGs
[2026-05-03T14:38:34.216+0000] {logging_mixin.py:151} INFO - [2026-05-03T14:38:34.216+0000] {dag.py:3696} INFO - Setting next_dagrun for setup_retail_pipeline to 2026-05-03T14:00:00+00:00, run_after=2026-05-03T15:00:00+00:00
[2026-05-03T14:38:34.230+0000] {processor.py:179} INFO - Processing /opt/airflow/dags/setup_retail_pipeline.py took 0.092 seconds
[2026-05-03T14:39:04.446+0000] {processor.py:157} INFO - Started process (PID=6682) to work on /opt/airflow/dags/setup_retail_pipeline.py
[2026-05-03T14:39:04.448+0000] {processor.py:829} INFO - Processing file /opt/airflow/dags/setup_retail_pipeline.py for tasks to queue
[2026-05-03T14:39:04.449+0000] {logging_mixin.py:151} INFO - [2026-05-03T14:39:04.449+0000] {dagbag.py:539} INFO - Filling up the DagBag from /opt/airflow/dags/setup_retail_pipeline.py
[2026-05-03T14:39:04.463+0000] {processor.py:839} INFO - DAG(s) dict_keys(['setup_retail_pipeline']) retrieved from /opt/airflow/dags/setup_retail_pipeline.py
[2026-05-03T14:39:04.490+0000] {logging_mixin.py:151} INFO - [2026-05-03T14:39:04.490+0000] {dag.py:2915} INFO - Sync 1 DAGs
[2026-05-03T14:39:04.506+0000] {logging_mixin.py:151} INFO - [2026-05-03T14:39:04.506+0000] {dag.py:3696} INFO - Setting next_dagrun for setup_retail_pipeline to 2026-05-03T14:00:00+00:00, run_after=2026-05-03T15:00:00+00:00
[2026-05-03T14:39:04.518+0000] {processor.py:179} INFO - Processing /opt/airflow/dags/setup_retail_pipeline.py took 0.076 seconds
[2026-05-03T14:39:34.616+0000] {processor.py:157} INFO - Started process (PID=6692) to work on /opt/airflow/dags/setup_retail_pipeline.py
[2026-05-03T14:39:34.617+0000] {processor.py:829} INFO - Processing file /opt/airflow/dags/setup_retail_pipeline.py for tasks to queue
[2026-05-03T14:39:34.618+0000] {logging_mixin.py:151} INFO - [2026-05-03T14:39:34.618+0000] {dagbag.py:539} INFO - Filling up the DagBag from /opt/airflow/dags/setup_retail_pipeline.py
[2026-05-03T14:39:34.633+0000] {processor.py:839} INFO - DAG(s) dict_keys(['setup_retail_pipeline']) retrieved from /opt/airflow/dags/setup_retail_pipeline.py
[2026-05-03T14:39:34.667+0000] {logging_mixin.py:151} INFO - [2026-05-03T14:39:34.667+0000] {dag.py:2915} INFO - Sync 1 DAGs
[2026-05-03T14:39:34.687+0000] {logging_mixin.py:151} INFO - [2026-05-03T14:39:34.687+0000] {dag.py:3696} INFO - Setting next_dagrun for setup_retail_pipeline to 2026-05-03T14:00:00+00:00, run_after=2026-05-03T15:00:00+00:00
[2026-05-03T14:39:34.702+0000] {processor.py:179} INFO - Processing /opt/airflow/dags/setup_retail_pipeline.py took 0.089 seconds
[2026-05-03T14:40:04.748+0000] {processor.py:157} INFO - Started process (PID=6702) to work on /opt/airflow/dags/setup_retail_pipeline.py
[2026-05-03T14:40:04.749+0000] {processor.py:829} INFO - Processing file /opt/airflow/dags/setup_retail_pipeline.py for tasks to queue
[2026-05-03T14:40:04.751+0000] {logging_mixin.py:151} INFO - [2026-05-03T14:40:04.751+0000] {dagbag.py:539} INFO - Filling up the DagBag from /opt/airflow/dags/setup_retail_pipeline.py
[2026-05-03T14:40:04.768+0000] {processor.py:839} INFO - DAG(s) dict_keys(['setup_retail_pipeline']) retrieved from /opt/airflow/dags/setup_retail_pipeline.py
[2026-05-03T14:40:04.813+0000] {logging_mixin.py:151} INFO - [2026-05-03T14:40:04.812+0000] {dag.py:2915} INFO - Sync 1 DAGs
[2026-05-03T14:40:04.848+0000] {logging_mixin.py:151} INFO - [2026-05-03T14:40:04.848+0000] {dag.py:3696} INFO - Setting next_dagrun for setup_retail_pipeline to 2026-05-03T14:00:00+00:00, run_after=2026-05-03T15:00:00+00:00
[2026-05-03T14:40:04.865+0000] {processor.py:179} INFO - Processing /opt/airflow/dags/setup_retail_pipeline.py took 0.121 seconds
[2026-05-03T14:40:35.006+0000] {processor.py:157} INFO - Started process (PID=6712) to work on /opt/airflow/dags/setup_retail_pipeline.py
[2026-05-03T14:40:35.007+0000] {processor.py:829} INFO - Processing file /opt/airflow/dags/setup_retail_pipeline.py for tasks to queue
[2026-05-03T14:40:35.010+0000] {logging_mixin.py:151} INFO - [2026-05-03T14:40:35.009+0000] {dagbag.py:539} INFO - Filling up the DagBag from /opt/airflow/dags/setup_retail_pipeline.py
[2026-05-03T14:40:35.036+0000] {processor.py:839} INFO - DAG(s) dict_keys(['setup_retail_pipeline']) retrieved from /opt/airflow/dags/setup_retail_pipeline.py
[2026-05-03T14:40:35.078+0000] {logging_mixin.py:151} INFO - [2026-05-03T14:40:35.078+0000] {dag.py:2915} INFO - Sync 1 DAGs
[2026-05-03T14:40:35.106+0000] {logging_mixin.py:151} INFO - [2026-05-03T14:40:35.106+0000] {dag.py:3696} INFO - Setting next_dagrun for setup_retail_pipeline to 2026-05-03T14:00:00+00:00, run_after=2026-05-03T15:00:00+00:00
[2026-05-03T14:40:35.135+0000] {processor.py:179} INFO - Processing /opt/airflow/dags/setup_retail_pipeline.py took 0.134 seconds
[2026-05-03T14:41:05.253+0000] {processor.py:157} INFO - Started process (PID=6722) to work on /opt/airflow/dags/setup_retail_pipeline.py
[2026-05-03T14:41:05.254+0000] {processor.py:829} INFO - Processing file /opt/airflow/dags/setup_retail_pipeline.py for tasks to queue
[2026-05-03T14:41:05.257+0000] {logging_mixin.py:151} INFO - [2026-05-03T14:41:05.255+0000] {dagbag.py:539} INFO - Filling up the DagBag from /opt/airflow/dags/setup_retail_pipeline.py
[2026-05-03T14:41:05.281+0000] {processor.py:839} INFO - DAG(s) dict_keys(['setup_retail_pipeline']) retrieved from /opt/airflow/dags/setup_retail_pipeline.py
[2026-05-03T14:41:05.322+0000] {logging_mixin.py:151} INFO - [2026-05-03T14:41:05.322+0000] {dag.py:2915} INFO - Sync 1 DAGs
[2026-05-03T14:41:05.350+0000] {logging_mixin.py:151} INFO - [2026-05-03T14:41:05.350+0000] {dag.py:3696} INFO - Setting next_dagrun for setup_retail_pipeline to 2026-05-03T14:00:00+00:00, run_after=2026-05-03T15:00:00+00:00
[2026-05-03T14:41:05.368+0000] {processor.py:179} INFO - Processing /opt/airflow/dags/setup_retail_pipeline.py took 0.122 seconds
[2026-05-03T14:41:35.475+0000] {processor.py:157} INFO - Started process (PID=6732) to work on /opt/airflow/dags/setup_retail_pipeline.py
[2026-05-03T14:41:35.476+0000] {processor.py:829} INFO - Processing file /opt/airflow/dags/setup_retail_pipeline.py for tasks to queue
[2026-05-03T14:41:35.477+0000] {logging_mixin.py:151} INFO - [2026-05-03T14:41:35.477+0000] {dagbag.py:539} INFO - Filling up the DagBag from /opt/airflow/dags/setup_retail_pipeline.py
[2026-05-03T14:41:35.501+0000] {processor.py:839} INFO - DAG(s) dict_keys(['setup_retail_pipeline']) retrieved from /opt/airflow/dags/setup_retail_pipeline.py
[2026-05-03T14:41:35.531+0000] {logging_mixin.py:151} INFO - [2026-05-03T14:41:35.531+0000] {dag.py:2915} INFO - Sync 1 DAGs
[2026-05-03T14:41:35.547+0000] {logging_mixin.py:151} INFO - [2026-05-03T14:41:35.547+0000] {dag.py:3696} INFO - Setting next_dagrun for setup_retail_pipeline to 2026-05-03T14:00:00+00:00, run_after=2026-05-03T15:00:00+00:00
[2026-05-03T14:41:35.562+0000] {processor.py:179} INFO - Processing /opt/airflow/dags/setup_retail_pipeline.py took 0.090 seconds
[2026-05-03T14:42:05.613+0000] {processor.py:157} INFO - Started process (PID=6742) to work on /opt/airflow/dags/setup_retail_pipeline.py
[2026-05-03T14:42:05.614+0000] {processor.py:829} INFO - Processing file /opt/airflow/dags/setup_retail_pipeline.py for tasks to queue
[2026-05-03T14:42:05.615+0000] {logging_mixin.py:151} INFO - [2026-05-03T14:42:05.615+0000] {dagbag.py:539} INFO - Filling up the DagBag from /opt/airflow/dags/setup_retail_pipeline.py
[2026-05-03T14:42:05.652+0000] {processor.py:839} INFO - DAG(s) dict_keys(['setup_retail_pipeline']) retrieved from /opt/airflow/dags/setup_retail_pipeline.py
[2026-05-03T14:42:05.697+0000] {logging_mixin.py:151} INFO - [2026-05-03T14:42:05.697+0000] {dag.py:2915} INFO - Sync 1 DAGs
[2026-05-03T14:42:05.719+0000] {logging_mixin.py:151} INFO - [2026-05-03T14:42:05.719+0000] {dag.py:3696} INFO - Setting next_dagrun for setup_retail_pipeline to 2026-05-03T14:00:00+00:00, run_after=2026-05-03T15:00:00+00:00
[2026-05-03T14:42:05.732+0000] {processor.py:179} INFO - Processing /opt/airflow/dags/setup_retail_pipeline.py took 0.130 seconds
[2026-05-03T14:42:35.833+0000] {processor.py:157} INFO - Started process (PID=6752) to work on /opt/airflow/dags/setup_retail_pipeline.py
[2026-05-03T14:42:35.835+0000] {processor.py:829} INFO - Processing file /opt/airflow/dags/setup_retail_pipeline.py for tasks to queue
[2026-05-03T14:42:35.836+0000] {logging_mixin.py:151} INFO - [2026-05-03T14:42:35.835+0000] {dagbag.py:539} INFO - Filling up the DagBag from /opt/airflow/dags/setup_retail_pipeline.py
[2026-05-03T14:42:35.857+0000] {processor.py:839} INFO - DAG(s) dict_keys(['setup_retail_pipeline']) retrieved from /opt/airflow/dags/setup_retail_pipeline.py
[2026-05-03T14:42:35.892+0000] {logging_mixin.py:151} INFO - [2026-05-03T14:42:35.892+0000] {dag.py:2915} INFO - Sync 1 DAGs
[2026-05-03T14:42:35.917+0000] {logging_mixin.py:151} INFO - [2026-05-03T14:42:35.917+0000] {dag.py:3696} INFO - Setting next_dagrun for setup_retail_pipeline to 2026-05-03T14:00:00+00:00, run_after=2026-05-03T15:00:00+00:00
[2026-05-03T14:42:35.939+0000] {processor.py:179} INFO - Processing /opt/airflow/dags/setup_retail_pipeline.py took 0.116 seconds
[2026-05-03T14:43:06.098+0000] {processor.py:157} INFO - Started process (PID=6762) to work on /opt/airflow/dags/setup_retail_pipeline.py
[2026-05-03T14:43:06.102+0000] {processor.py:829} INFO - Processing file /opt/airflow/dags/setup_retail_pipeline.py for tasks to queue
[2026-05-03T14:43:06.104+0000] {logging_mixin.py:151} INFO - [2026-05-03T14:43:06.103+0000] {dagbag.py:539} INFO - Filling up the DagBag from /opt/airflow/dags/setup_retail_pipeline.py
[2026-05-03T14:43:06.122+0000] {processor.py:839} INFO - DAG(s) dict_keys(['setup_retail_pipeline']) retrieved from /opt/airflow/dags/setup_retail_pipeline.py
[2026-05-03T14:43:06.161+0000] {logging_mixin.py:151} INFO - [2026-05-03T14:43:06.156+0000] {dag.py:2915} INFO - Sync 1 DAGs
[2026-05-03T14:43:06.185+0000] {logging_mixin.py:151} INFO - [2026-05-03T14:43:06.185+0000] {dag.py:3696} INFO - Setting next_dagrun for setup_retail_pipeline to 2026-05-03T14:00:00+00:00, run_after=2026-05-03T15:00:00+00:00
[2026-05-03T14:43:06.201+0000] {processor.py:179} INFO - Processing /opt/airflow/dags/setup_retail_pipeline.py took 0.107 seconds
[2026-05-03T14:43:36.225+0000] {processor.py:157} INFO - Started process (PID=6772) to work on /opt/airflow/dags/setup_retail_pipeline.py
[2026-05-03T14:43:36.226+0000] {processor.py:829} INFO - Processing file /opt/airflow/dags/setup_retail_pipeline.py for tasks to queue
[2026-05-03T14:43:36.227+0000] {logging_mixin.py:151} INFO - [2026-05-03T14:43:36.226+0000] {dagbag.py:539} INFO - Filling up the DagBag from /opt/airflow/dags/setup_retail_pipeline.py
[2026-05-03T14:43:36.238+0000] {processor.py:839} INFO - DAG(s) dict_keys(['setup_retail_pipeline']) retrieved from /opt/airflow/dags/setup_retail_pipeline.py
[2026-05-03T14:43:36.266+0000] {logging_mixin.py:151} INFO - [2026-05-03T14:43:36.266+0000] {dag.py:2915} INFO - Sync 1 DAGs
[2026-05-03T14:43:36.285+0000] {logging_mixin.py:151} INFO - [2026-05-03T14:43:36.285+0000] {dag.py:3696} INFO - Setting next_dagrun for setup_retail_pipeline to 2026-05-03T14:00:00+00:00, run_after=2026-05-03T15:00:00+00:00
[2026-05-03T14:43:36.298+0000] {processor.py:179} INFO - Processing /opt/airflow/dags/setup_retail_pipeline.py took 0.078 seconds
[2026-05-03T14:44:06.425+0000] {processor.py:157} INFO - Started process (PID=6782) to work on /opt/airflow/dags/setup_retail_pipeline.py
[2026-05-03T14:44:06.426+0000] {processor.py:829} INFO - Processing file /opt/airflow/dags/setup_retail_pipeline.py for tasks to queue
[2026-05-03T14:44:06.427+0000] {logging_mixin.py:151} INFO - [2026-05-03T14:44:06.427+0000] {dagbag.py:539} INFO - Filling up the DagBag from /opt/airflow/dags/setup_retail_pipeline.py
[2026-05-03T14:44:06.438+0000] {processor.py:839} INFO - DAG(s) dict_keys(['setup_retail_pipeline']) retrieved from /opt/airflow/dags/setup_retail_pipeline.py
[2026-05-03T14:44:06.461+0000] {logging_mixin.py:151} INFO - [2026-05-03T14:44:06.461+0000] {dag.py:2915} INFO - Sync 1 DAGs
[2026-05-03T14:44:06.474+0000] {logging_mixin.py:151} INFO - [2026-05-03T14:44:06.474+0000] {dag.py:3696} INFO - Setting next_dagrun for setup_retail_pipeline to 2026-05-03T14:00:00+00:00, run_after=2026-05-03T15:00:00+00:00
[2026-05-03T14:44:06.484+0000] {processor.py:179} INFO - Processing /opt/airflow/dags/setup_retail_pipeline.py took 0.062 seconds
[2026-05-03T14:44:36.623+0000] {processor.py:157} INFO - Started process (PID=6792) to work on /opt/airflow/dags/setup_retail_pipeline.py
[2026-05-03T14:44:36.624+0000] {processor.py:829} INFO - Processing file /opt/airflow/dags/setup_retail_pipeline.py for tasks to queue
[2026-05-03T14:44:36.624+0000] {logging_mixin.py:151} INFO - [2026-05-03T14:44:36.624+0000] {dagbag.py:539} INFO - Filling up the DagBag from /opt/airflow/dags/setup_retail_pipeline.py
[2026-05-03T14:44:36.634+0000] {processor.py:839} INFO - DAG(s) dict_keys(['setup_retail_pipeline']) retrieved from /opt/airflow/dags/setup_retail_pipeline.py
[2026-05-03T14:44:36.657+0000] {logging_mixin.py:151} INFO - [2026-05-03T14:44:36.657+0000] {dag.py:2915} INFO - Sync 1 DAGs
[2026-05-03T14:44:36.669+0000] {logging_mixin.py:151} INFO - [2026-05-03T14:44:36.669+0000] {dag.py:3696} INFO - Setting next_dagrun for setup_retail_pipeline to 2026-05-03T14:00:00+00:00, run_after=2026-05-03T15:00:00+00:00
[2026-05-03T14:44:36.678+0000] {processor.py:179} INFO - Processing /opt/airflow/dags/setup_retail_pipeline.py took 0.058 seconds
[2026-05-03T14:45:06.730+0000] {processor.py:157} INFO - Started process (PID=6802) to work on /opt/airflow/dags/setup_retail_pipeline.py
[2026-05-03T14:45:06.731+0000] {processor.py:829} INFO - Processing file /opt/airflow/dags/setup_retail_pipeline.py for tasks to queue
[2026-05-03T14:45:06.732+0000] {logging_mixin.py:151} INFO - [2026-05-03T14:45:06.732+0000] {dagbag.py:539} INFO - Filling up the DagBag from /opt/airflow/dags/setup_retail_pipeline.py
[2026-05-03T14:45:06.745+0000] {processor.py:839} INFO - DAG(s) dict_keys(['setup_retail_pipeline']) retrieved from /opt/airflow/dags/setup_retail_pipeline.py
[2026-05-03T14:45:06.780+0000] {logging_mixin.py:151} INFO - [2026-05-03T14:45:06.780+0000] {dag.py:2915} INFO - Sync 1 DAGs
[2026-05-03T14:45:06.805+0000] {logging_mixin.py:151} INFO - [2026-05-03T14:45:06.805+0000] {dag.py:3696} INFO - Setting next_dagrun for setup_retail_pipeline to 2026-05-03T14:00:00+00:00, run_after=2026-05-03T15:00:00+00:00
[2026-05-03T14:45:06.817+0000] {processor.py:179} INFO - Processing /opt/airflow/dags/setup_retail_pipeline.py took 0.090 seconds
[2026-05-03T14:45:36.885+0000] {processor.py:157} INFO - Started process (PID=6812) to work on /opt/airflow/dags/setup_retail_pipeline.py
[2026-05-03T14:45:36.885+0000] {processor.py:829} INFO - Processing file /opt/airflow/dags/setup_retail_pipeline.py for tasks to queue
[2026-05-03T14:45:36.886+0000] {logging_mixin.py:151} INFO - [2026-05-03T14:45:36.886+0000] {dagbag.py:539} INFO - Filling up the DagBag from /opt/airflow/dags/setup_retail_pipeline.py
[2026-05-03T14:45:36.899+0000] {processor.py:839} INFO - DAG(s) dict_keys(['setup_retail_pipeline']) retrieved from /opt/airflow/dags/setup_retail_pipeline.py
[2026-05-03T14:45:36.931+0000] {logging_mixin.py:151} INFO - [2026-05-03T14:45:36.930+0000] {dag.py:2915} INFO - Sync 1 DAGs
[2026-05-03T14:45:36.946+0000] {logging_mixin.py:151} INFO - [2026-05-03T14:45:36.946+0000] {dag.py:3696} INFO - Setting next_dagrun for setup_retail_pipeline to 2026-05-03T14:00:00+00:00, run_after=2026-05-03T15:00:00+00:00
[2026-05-03T14:45:36.961+0000] {processor.py:179} INFO - Processing /opt/airflow/dags/setup_retail_pipeline.py took 0.080 seconds
[2026-05-03T14:46:07.025+0000] {processor.py:157} INFO - Started process (PID=6822) to work on /opt/airflow/dags/setup_retail_pipeline.py
[2026-05-03T14:46:07.026+0000] {processor.py:829} INFO - Processing file /opt/airflow/dags/setup_retail_pipeline.py for tasks to queue
[2026-05-03T14:46:07.026+0000] {logging_mixin.py:151} INFO - [2026-05-03T14:46:07.026+0000] {dagbag.py:539} INFO - Filling up the DagBag from /opt/airflow/dags/setup_retail_pipeline.py
[2026-05-03T14:46:07.054+0000] {processor.py:839} INFO - DAG(s) dict_keys(['setup_retail_pipeline']) retrieved from /opt/airflow/dags/setup_retail_pipeline.py
[2026-05-03T14:46:07.111+0000] {logging_mixin.py:151} INFO - [2026-05-03T14:46:07.111+0000] {dag.py:2915} INFO - Sync 1 DAGs
[2026-05-03T14:46:07.135+0000] {logging_mixin.py:151} INFO - [2026-05-03T14:46:07.134+0000] {dag.py:3696} INFO - Setting next_dagrun for setup_retail_pipeline to 2026-05-03T14:00:00+00:00, run_after=2026-05-03T15:00:00+00:00
[2026-05-03T14:46:07.160+0000] {processor.py:179} INFO - Processing /opt/airflow/dags/setup_retail_pipeline.py took 0.139 seconds
[2026-05-03T14:46:37.182+0000] {processor.py:157} INFO - Started process (PID=6832) to work on /opt/airflow/dags/setup_retail_pipeline.py
[2026-05-03T14:46:37.183+0000] {processor.py:829} INFO - Processing file /opt/airflow/dags/setup_retail_pipeline.py for tasks to queue
[2026-05-03T14:46:37.184+0000] {logging_mixin.py:151} INFO - [2026-05-03T14:46:37.184+0000] {dagbag.py:539} INFO - Filling up the DagBag from /opt/airflow/dags/setup_retail_pipeline.py
[2026-05-03T14:46:37.195+0000] {processor.py:839} INFO - DAG(s) dict_keys(['setup_retail_pipeline']) retrieved from /opt/airflow/dags/setup_retail_pipeline.py
[2026-05-03T14:46:37.217+0000] {logging_mixin.py:151} INFO - [2026-05-03T14:46:37.217+0000] {dag.py:2915} INFO - Sync 1 DAGs
[2026-05-03T14:46:37.234+0000] {logging_mixin.py:151} INFO - [2026-05-03T14:46:37.234+0000] {dag.py:3696} INFO - Setting next_dagrun for setup_retail_pipeline to 2026-05-03T14:00:00+00:00, run_after=2026-05-03T15:00:00+00:00
[2026-05-03T14:46:37.245+0000] {processor.py:179} INFO - Processing /opt/airflow/dags/setup_retail_pipeline.py took 0.066 seconds
[2026-05-03T14:47:07.375+0000] {processor.py:157} INFO - Started process (PID=6842) to work on /opt/airflow/dags/setup_retail_pipeline.py
[2026-05-03T14:47:07.377+0000] {processor.py:829} INFO - Processing file /opt/airflow/dags/setup_retail_pipeline.py for tasks to queue
[2026-05-03T14:47:07.378+0000] {logging_mixin.py:151} INFO - [2026-05-03T14:47:07.377+0000] {dagbag.py:539} INFO - Filling up the DagBag from /opt/airflow/dags/setup_retail_pipeline.py
[2026-05-03T14:47:07.395+0000] {processor.py:839} INFO - DAG(s) dict_keys(['setup_retail_pipeline']) retrieved from /opt/airflow/dags/setup_retail_pipeline.py
[2026-05-03T14:47:07.438+0000] {logging_mixin.py:151} INFO - [2026-05-03T14:47:07.437+0000] {dag.py:2915} INFO - Sync 1 DAGs
[2026-05-03T14:47:07.467+0000] {logging_mixin.py:151} INFO - [2026-05-03T14:47:07.467+0000] {dag.py:3696} INFO - Setting next_dagrun for setup_retail_pipeline to 2026-05-03T14:00:00+00:00, run_after=2026-05-03T15:00:00+00:00
[2026-05-03T14:47:07.481+0000] {processor.py:179} INFO - Processing /opt/airflow/dags/setup_retail_pipeline.py took 0.114 seconds
[2026-05-03T14:47:37.572+0000] {processor.py:157} INFO - Started process (PID=6852) to work on /opt/airflow/dags/setup_retail_pipeline.py
[2026-05-03T14:47:37.573+0000] {processor.py:829} INFO - Processing file /opt/airflow/dags/setup_retail_pipeline.py for tasks to queue
[2026-05-03T14:47:37.574+0000] {logging_mixin.py:151} INFO - [2026-05-03T14:47:37.574+0000] {dagbag.py:539} INFO - Filling up the DagBag from /opt/airflow/dags/setup_retail_pipeline.py
[2026-05-03T14:47:37.587+0000] {processor.py:839} INFO - DAG(s) dict_keys(['setup_retail_pipeline']) retrieved from /opt/airflow/dags/setup_retail_pipeline.py
[2026-05-03T14:47:37.615+0000] {logging_mixin.py:151} INFO - [2026-05-03T14:47:37.615+0000] {dag.py:2915} INFO - Sync 1 DAGs
[2026-05-03T14:47:37.637+0000] {logging_mixin.py:151} INFO - [2026-05-03T14:47:37.637+0000] {dag.py:3696} INFO - Setting next_dagrun for setup_retail_pipeline to 2026-05-03T14:00:00+00:00, run_after=2026-05-03T15:00:00+00:00
[2026-05-03T14:47:37.649+0000] {processor.py:179} INFO - Processing /opt/airflow/dags/setup_retail_pipeline.py took 0.081 seconds
[2026-05-03T14:48:07.774+0000] {processor.py:157} INFO - Started process (PID=6862) to work on /opt/airflow/dags/setup_retail_pipeline.py
[2026-05-03T14:48:07.776+0000] {processor.py:829} INFO - Processing file /opt/airflow/dags/setup_retail_pipeline.py for tasks to queue
[2026-05-03T14:48:07.781+0000] {logging_mixin.py:151} INFO - [2026-05-03T14:48:07.778+0000] {dagbag.py:539} INFO - Filling up the DagBag from /opt/airflow/dags/setup_retail_pipeline.py
[2026-05-03T14:48:07.808+0000] {processor.py:839} INFO - DAG(s) dict_keys(['setup_retail_pipeline']) retrieved from /opt/airflow/dags/setup_retail_pipeline.py
[2026-05-03T14:48:07.877+0000] {logging_mixin.py:151} INFO - [2026-05-03T14:48:07.877+0000] {dag.py:2915} INFO - Sync 1 DAGs
[2026-05-03T14:48:07.929+0000] {logging_mixin.py:151} INFO - [2026-05-03T14:48:07.929+0000] {dag.py:3696} INFO - Setting next_dagrun for setup_retail_pipeline to 2026-05-03T14:00:00+00:00, run_after=2026-05-03T15:00:00+00:00
[2026-05-03T14:48:07.961+0000] {processor.py:179} INFO - Processing /opt/airflow/dags/setup_retail_pipeline.py took 0.196 seconds
[2026-05-03T14:48:38.081+0000] {processor.py:157} INFO - Started process (PID=6872) to work on /opt/airflow/dags/setup_retail_pipeline.py
[2026-05-03T14:48:38.083+0000] {processor.py:829} INFO - Processing file /opt/airflow/dags/setup_retail_pipeline.py for tasks to queue
[2026-05-03T14:48:38.084+0000] {logging_mixin.py:151} INFO - [2026-05-03T14:48:38.083+0000] {dagbag.py:539} INFO - Filling up the DagBag from /opt/airflow/dags/setup_retail_pipeline.py
[2026-05-03T14:48:38.096+0000] {processor.py:839} INFO - DAG(s) dict_keys(['setup_retail_pipeline']) retrieved from /opt/airflow/dags/setup_retail_pipeline.py
[2026-05-03T14:48:38.127+0000] {logging_mixin.py:151} INFO - [2026-05-03T14:48:38.127+0000] {dag.py:2915} INFO - Sync 1 DAGs
[2026-05-03T14:48:38.145+0000] {logging_mixin.py:151} INFO - [2026-05-03T14:48:38.145+0000] {dag.py:3696} INFO - Setting next_dagrun for setup_retail_pipeline to 2026-05-03T14:00:00+00:00, run_after=2026-05-03T15:00:00+00:00
[2026-05-03T14:48:38.157+0000] {processor.py:179} INFO - Processing /opt/airflow/dags/setup_retail_pipeline.py took 0.080 seconds
[2026-05-03T14:49:08.299+0000] {processor.py:157} INFO - Started process (PID=6882) to work on /opt/airflow/dags/setup_retail_pipeline.py
[2026-05-03T14:49:08.301+0000] {processor.py:829} INFO - Processing file /opt/airflow/dags/setup_retail_pipeline.py for tasks to queue
[2026-05-03T14:49:08.302+0000] {logging_mixin.py:151} INFO - [2026-05-03T14:49:08.301+0000] {dagbag.py:539} INFO - Filling up the DagBag from /opt/airflow/dags/setup_retail_pipeline.py
[2026-05-03T14:49:08.325+0000] {processor.py:839} INFO - DAG(s) dict_keys(['setup_retail_pipeline']) retrieved from /opt/airflow/dags/setup_retail_pipeline.py
[2026-05-03T14:49:08.362+0000] {logging_mixin.py:151} INFO - [2026-05-03T14:49:08.362+0000] {dag.py:2915} INFO - Sync 1 DAGs
[2026-05-03T14:49:08.386+0000] {logging_mixin.py:151} INFO - [2026-05-03T14:49:08.386+0000] {dag.py:3696} INFO - Setting next_dagrun for setup_retail_pipeline to 2026-05-03T14:00:00+00:00, run_after=2026-05-03T15:00:00+00:00
[2026-05-03T14:49:08.401+0000] {processor.py:179} INFO - Processing /opt/airflow/dags/setup_retail_pipeline.py took 0.110 seconds
[2026-05-03T14:49:38.587+0000] {processor.py:157} INFO - Started process (PID=6892) to work on /opt/airflow/dags/setup_retail_pipeline.py
[2026-05-03T14:49:38.591+0000] {processor.py:829} INFO - Processing file /opt/airflow/dags/setup_retail_pipeline.py for tasks to queue
[2026-05-03T14:49:38.592+0000] {logging_mixin.py:151} INFO - [2026-05-03T14:49:38.591+0000] {dagbag.py:539} INFO - Filling up the DagBag from /opt/airflow/dags/setup_retail_pipeline.py
[2026-05-03T14:49:38.608+0000] {processor.py:839} INFO - DAG(s) dict_keys(['setup_retail_pipeline']) retrieved from /opt/airflow/dags/setup_retail_pipeline.py
[2026-05-03T14:49:38.646+0000] {logging_mixin.py:151} INFO - [2026-05-03T14:49:38.646+0000] {dag.py:2915} INFO - Sync 1 DAGs
[2026-05-03T14:49:38.662+0000] {logging_mixin.py:151} INFO - [2026-05-03T14:49:38.662+0000] {dag.py:3696} INFO - Setting next_dagrun for setup_retail_pipeline to 2026-05-03T14:00:00+00:00, run_after=2026-05-03T15:00:00+00:00
[2026-05-03T14:49:38.675+0000] {processor.py:179} INFO - Processing /opt/airflow/dags/setup_retail_pipeline.py took 0.093 seconds
[2026-05-03T14:50:08.773+0000] {processor.py:157} INFO - Started process (PID=6902) to work on /opt/airflow/dags/setup_retail_pipeline.py
[2026-05-03T14:50:08.775+0000] {processor.py:829} INFO - Processing file /opt/airflow/dags/setup_retail_pipeline.py for tasks to queue
[2026-05-03T14:50:08.776+0000] {logging_mixin.py:151} INFO - [2026-05-03T14:50:08.776+0000] {dagbag.py:539} INFO - Filling up the DagBag from /opt/airflow/dags/setup_retail_pipeline.py
[2026-05-03T14:50:08.808+0000] {processor.py:839} INFO - DAG(s) dict_keys(['setup_retail_pipeline']) retrieved from /opt/airflow/dags/setup_retail_pipeline.py
[2026-05-03T14:50:08.869+0000] {logging_mixin.py:151} INFO - [2026-05-03T14:50:08.868+0000] {dag.py:2915} INFO - Sync 1 DAGs
[2026-05-03T14:50:08.901+0000] {logging_mixin.py:151} INFO - [2026-05-03T14:50:08.901+0000] {dag.py:3696} INFO - Setting next_dagrun for setup_retail_pipeline to 2026-05-03T14:00:00+00:00, run_after=2026-05-03T15:00:00+00:00
[2026-05-03T14:50:08.920+0000] {processor.py:179} INFO - Processing /opt/airflow/dags/setup_retail_pipeline.py took 0.153 seconds
[2026-05-03T14:50:39.047+0000] {processor.py:157} INFO - Started process (PID=6912) to work on /opt/airflow/dags/setup_retail_pipeline.py
[2026-05-03T14:50:39.049+0000] {processor.py:829} INFO - Processing file /opt/airflow/dags/setup_retail_pipeline.py for tasks to queue
[2026-05-03T14:50:39.052+0000] {logging_mixin.py:151} INFO - [2026-05-03T14:50:39.052+0000] {dagbag.py:539} INFO - Filling up the DagBag from /opt/airflow/dags/setup_retail_pipeline.py
[2026-05-03T14:50:39.075+0000] {processor.py:839} INFO - DAG(s) dict_keys(['setup_retail_pipeline']) retrieved from /opt/airflow/dags/setup_retail_pipeline.py
[2026-05-03T14:50:39.124+0000] {logging_mixin.py:151} INFO - [2026-05-03T14:50:39.123+0000] {dag.py:2915} INFO - Sync 1 DAGs
[2026-05-03T14:50:39.151+0000] {logging_mixin.py:151} INFO - [2026-05-03T14:50:39.150+0000] {dag.py:3696} INFO - Setting next_dagrun for setup_retail_pipeline to 2026-05-03T14:00:00+00:00, run_after=2026-05-03T15:00:00+00:00
[2026-05-03T14:50:39.163+0000] {processor.py:179} INFO - Processing /opt/airflow/dags/setup_retail_pipeline.py took 0.122 seconds
[2026-05-03T14:51:09.263+0000] {processor.py:157} INFO - Started process (PID=6922) to work on /opt/airflow/dags/setup_retail_pipeline.py
[2026-05-03T14:51:09.264+0000] {processor.py:829} INFO - Processing file /opt/airflow/dags/setup_retail_pipeline.py for tasks to queue
[2026-05-03T14:51:09.265+0000] {logging_mixin.py:151} INFO - [2026-05-03T14:51:09.265+0000] {dagbag.py:539} INFO - Filling up the DagBag from /opt/airflow/dags/setup_retail_pipeline.py
[2026-05-03T14:51:09.285+0000] {processor.py:839} INFO - DAG(s) dict_keys(['setup_retail_pipeline']) retrieved from /opt/airflow/dags/setup_retail_pipeline.py
[2026-05-03T14:51:09.332+0000] {logging_mixin.py:151} INFO - [2026-05-03T14:51:09.331+0000] {dag.py:2915} INFO - Sync 1 DAGs
[2026-05-03T14:51:09.351+0000] {logging_mixin.py:151} INFO - [2026-05-03T14:51:09.351+0000] {dag.py:3696} INFO - Setting next_dagrun for setup_retail_pipeline to 2026-05-03T14:00:00+00:00, run_after=2026-05-03T15:00:00+00:00
[2026-05-03T14:51:09.366+0000] {processor.py:179} INFO - Processing /opt/airflow/dags/setup_retail_pipeline.py took 0.107 seconds
[2026-05-03T14:51:39.387+0000] {processor.py:157} INFO - Started process (PID=6932) to work on /opt/airflow/dags/setup_retail_pipeline.py
[2026-05-03T14:51:39.390+0000] {processor.py:829} INFO - Processing file /opt/airflow/dags/setup_retail_pipeline.py for tasks to queue
[2026-05-03T14:51:39.391+0000] {logging_mixin.py:151} INFO - [2026-05-03T14:51:39.391+0000] {dagbag.py:539} INFO - Filling up the DagBag from /opt/airflow/dags/setup_retail_pipeline.py
[2026-05-03T14:51:39.408+0000] {processor.py:839} INFO - DAG(s) dict_keys(['setup_retail_pipeline']) retrieved from /opt/airflow/dags/setup_retail_pipeline.py
[2026-05-03T14:51:39.434+0000] {logging_mixin.py:151} INFO - [2026-05-03T14:51:39.434+0000] {dag.py:2915} INFO - Sync 1 DAGs
[2026-05-03T14:51:39.451+0000] {logging_mixin.py:151} INFO - [2026-05-03T14:51:39.451+0000] {dag.py:3696} INFO - Setting next_dagrun for setup_retail_pipeline to 2026-05-03T14:00:00+00:00, run_after=2026-05-03T15:00:00+00:00
[2026-05-03T14:51:39.462+0000] {processor.py:179} INFO - Processing /opt/airflow/dags/setup_retail_pipeline.py took 0.078 seconds
[2026-05-03T14:52:09.598+0000] {processor.py:157} INFO - Started process (PID=6942) to work on /opt/airflow/dags/setup_retail_pipeline.py
[2026-05-03T14:52:09.601+0000] {processor.py:829} INFO - Processing file /opt/airflow/dags/setup_retail_pipeline.py for tasks to queue
[2026-05-03T14:52:09.603+0000] {logging_mixin.py:151} INFO - [2026-05-03T14:52:09.602+0000] {dagbag.py:539} INFO - Filling up the DagBag from /opt/airflow/dags/setup_retail_pipeline.py
[2026-05-03T14:52:09.631+0000] {processor.py:839} INFO - DAG(s) dict_keys(['setup_retail_pipeline']) retrieved from /opt/airflow/dags/setup_retail_pipeline.py
[2026-05-03T14:52:09.662+0000] {logging_mixin.py:151} INFO - [2026-05-03T14:52:09.661+0000] {dag.py:2915} INFO - Sync 1 DAGs
[2026-05-03T14:52:09.682+0000] {logging_mixin.py:151} INFO - [2026-05-03T14:52:09.682+0000] {dag.py:3696} INFO - Setting next_dagrun for setup_retail_pipeline to 2026-05-03T14:00:00+00:00, run_after=2026-05-03T15:00:00+00:00
[2026-05-03T14:52:09.694+0000] {processor.py:179} INFO - Processing /opt/airflow/dags/setup_retail_pipeline.py took 0.100 seconds
[2026-05-03T14:52:39.735+0000] {processor.py:157} INFO - Started process (PID=6952) to work on /opt/airflow/dags/setup_retail_pipeline.py
[2026-05-03T14:52:39.738+0000] {processor.py:829} INFO - Processing file /opt/airflow/dags/setup_retail_pipeline.py for tasks to queue
[2026-05-03T14:52:39.739+0000] {logging_mixin.py:151} INFO - [2026-05-03T14:52:39.739+0000] {dagbag.py:539} INFO - Filling up the DagBag from /opt/airflow/dags/setup_retail_pipeline.py
[2026-05-03T14:52:39.752+0000] {processor.py:839} INFO - DAG(s) dict_keys(['setup_retail_pipeline']) retrieved from /opt/airflow/dags/setup_retail_pipeline.py
[2026-05-03T14:52:39.776+0000] {logging_mixin.py:151} INFO - [2026-05-03T14:52:39.776+0000] {dag.py:2915} INFO - Sync 1 DAGs
[2026-05-03T14:52:39.791+0000] {logging_mixin.py:151} INFO - [2026-05-03T14:52:39.791+0000] {dag.py:3696} INFO - Setting next_dagrun for setup_retail_pipeline to 2026-05-03T14:00:00+00:00, run_after=2026-05-03T15:00:00+00:00
[2026-05-03T14:52:39.801+0000] {processor.py:179} INFO - Processing /opt/airflow/dags/setup_retail_pipeline.py took 0.070 seconds
[2026-05-03T14:53:09.936+0000] {processor.py:157} INFO - Started process (PID=6962) to work on /opt/airflow/dags/setup_retail_pipeline.py
[2026-05-03T14:53:09.939+0000] {processor.py:829} INFO - Processing file /opt/airflow/dags/setup_retail_pipeline.py for tasks to queue
[2026-05-03T14:53:09.940+0000] {logging_mixin.py:151} INFO - [2026-05-03T14:53:09.940+0000] {dagbag.py:539} INFO - Filling up the DagBag from /opt/airflow/dags/setup_retail_pipeline.py
[2026-05-03T14:53:09.952+0000] {processor.py:839} INFO - DAG(s) dict_keys(['setup_retail_pipeline']) retrieved from /opt/airflow/dags/setup_retail_pipeline.py
[2026-05-03T14:53:09.991+0000] {logging_mixin.py:151} INFO - [2026-05-03T14:53:09.991+0000] {dag.py:2915} INFO - Sync 1 DAGs
[2026-05-03T14:53:10.011+0000] {logging_mixin.py:151} INFO - [2026-05-03T14:53:10.011+0000] {dag.py:3696} INFO - Setting next_dagrun for setup_retail_pipeline to 2026-05-03T14:00:00+00:00, run_after=2026-05-03T15:00:00+00:00
[2026-05-03T14:53:10.027+0000] {processor.py:179} INFO - Processing /opt/airflow/dags/setup_retail_pipeline.py took 0.094 seconds
[2026-05-03T14:53:40.221+0000] {processor.py:157} INFO - Started process (PID=6972) to work on /opt/airflow/dags/setup_retail_pipeline.py
[2026-05-03T14:53:40.223+0000] {processor.py:829} INFO - Processing file /opt/airflow/dags/setup_retail_pipeline.py for tasks to queue
[2026-05-03T14:53:40.225+0000] {logging_mixin.py:151} INFO - [2026-05-03T14:53:40.224+0000] {dagbag.py:539} INFO - Filling up the DagBag from /opt/airflow/dags/setup_retail_pipeline.py
[2026-05-03T14:53:40.248+0000] {processor.py:839} INFO - DAG(s) dict_keys(['setup_retail_pipeline']) retrieved from /opt/airflow/dags/setup_retail_pipeline.py
[2026-05-03T14:53:40.278+0000] {logging_mixin.py:151} INFO - [2026-05-03T14:53:40.277+0000] {dag.py:2915} INFO - Sync 1 DAGs
[2026-05-03T14:53:40.294+0000] {logging_mixin.py:151} INFO - [2026-05-03T14:53:40.294+0000] {dag.py:3696} INFO - Setting next_dagrun for setup_retail_pipeline to 2026-05-03T14:00:00+00:00, run_after=2026-05-03T15:00:00+00:00
[2026-05-03T14:53:40.305+0000] {processor.py:179} INFO - Processing /opt/airflow/dags/setup_retail_pipeline.py took 0.090 seconds
[2026-05-03T14:54:10.421+0000] {processor.py:157} INFO - Started process (PID=6982) to work on /opt/airflow/dags/setup_retail_pipeline.py
[2026-05-03T14:54:10.426+0000] {processor.py:829} INFO - Processing file /opt/airflow/dags/setup_retail_pipeline.py for tasks to queue
[2026-05-03T14:54:10.428+0000] {logging_mixin.py:151} INFO - [2026-05-03T14:54:10.427+0000] {dagbag.py:539} INFO - Filling up the DagBag from /opt/airflow/dags/setup_retail_pipeline.py
[2026-05-03T14:54:10.443+0000] {processor.py:839} INFO - DAG(s) dict_keys(['setup_retail_pipeline']) retrieved from /opt/airflow/dags/setup_retail_pipeline.py
[2026-05-03T14:54:10.477+0000] {logging_mixin.py:151} INFO - [2026-05-03T14:54:10.476+0000] {dag.py:2915} INFO - Sync 1 DAGs
[2026-05-03T14:54:10.497+0000] {logging_mixin.py:151} INFO - [2026-05-03T14:54:10.497+0000] {dag.py:3696} INFO - Setting next_dagrun for setup_retail_pipeline to 2026-05-03T14:00:00+00:00, run_after=2026-05-03T15:00:00+00:00
[2026-05-03T14:54:10.512+0000] {processor.py:179} INFO - Processing /opt/airflow/dags/setup_retail_pipeline.py took 0.097 seconds
[2026-05-03T14:54:40.655+0000] {processor.py:157} INFO - Started process (PID=6992) to work on /opt/airflow/dags/setup_retail_pipeline.py
[2026-05-03T14:54:40.656+0000] {processor.py:829} INFO - Processing file /opt/airflow/dags/setup_retail_pipeline.py for tasks to queue
[2026-05-03T14:54:40.656+0000] {logging_mixin.py:151} INFO - [2026-05-03T14:54:40.656+0000] {dagbag.py:539} INFO - Filling up the DagBag from /opt/airflow/dags/setup_retail_pipeline.py
[2026-05-03T14:54:40.673+0000] {processor.py:839} INFO - DAG(s) dict_keys(['setup_retail_pipeline']) retrieved from /opt/airflow/dags/setup_retail_pipeline.py
[2026-05-03T14:54:40.706+0000] {logging_mixin.py:151} INFO - [2026-05-03T14:54:40.706+0000] {dag.py:2915} INFO - Sync 1 DAGs
[2026-05-03T14:54:40.734+0000] {logging_mixin.py:151} INFO - [2026-05-03T14:54:40.733+0000] {dag.py:3696} INFO - Setting next_dagrun for setup_retail_pipeline to 2026-05-03T14:00:00+00:00, run_after=2026-05-03T15:00:00+00:00
[2026-05-03T14:54:40.748+0000] {processor.py:179} INFO - Processing /opt/airflow/dags/setup_retail_pipeline.py took 0.100 seconds
[2026-05-03T14:55:10.827+0000] {processor.py:157} INFO - Started process (PID=7002) to work on /opt/airflow/dags/setup_retail_pipeline.py
[2026-05-03T14:55:10.831+0000] {processor.py:829} INFO - Processing file /opt/airflow/dags/setup_retail_pipeline.py for tasks to queue
[2026-05-03T14:55:10.832+0000] {logging_mixin.py:151} INFO - [2026-05-03T14:55:10.832+0000] {dagbag.py:539} INFO - Filling up the DagBag from /opt/airflow/dags/setup_retail_pipeline.py
[2026-05-03T14:55:10.851+0000] {processor.py:839} INFO - DAG(s) dict_keys(['setup_retail_pipeline']) retrieved from /opt/airflow/dags/setup_retail_pipeline.py
[2026-05-03T14:55:10.886+0000] {logging_mixin.py:151} INFO - [2026-05-03T14:55:10.886+0000] {dag.py:2915} INFO - Sync 1 DAGs
[2026-05-03T14:55:10.902+0000] {logging_mixin.py:151} INFO - [2026-05-03T14:55:10.902+0000] {dag.py:3696} INFO - Setting next_dagrun for setup_retail_pipeline to 2026-05-03T14:00:00+00:00, run_after=2026-05-03T15:00:00+00:00
[2026-05-03T14:55:10.913+0000] {processor.py:179} INFO - Processing /opt/airflow/dags/setup_retail_pipeline.py took 0.091 seconds
[2026-05-03T14:55:40.967+0000] {processor.py:157} INFO - Started process (PID=7012) to work on /opt/airflow/dags/setup_retail_pipeline.py
[2026-05-03T14:55:40.970+0000] {processor.py:829} INFO - Processing file /opt/airflow/dags/setup_retail_pipeline.py for tasks to queue
[2026-05-03T14:55:40.972+0000] {logging_mixin.py:151} INFO - [2026-05-03T14:55:40.971+0000] {dagbag.py:539} INFO - Filling up the DagBag from /opt/airflow/dags/setup_retail_pipeline.py
[2026-05-03T14:55:40.985+0000] {processor.py:839} INFO - DAG(s) dict_keys(['setup_retail_pipeline']) retrieved from /opt/airflow/dags/setup_retail_pipeline.py
[2026-05-03T14:55:41.019+0000] {logging_mixin.py:151} INFO - [2026-05-03T14:55:41.019+0000] {dag.py:2915} INFO - Sync 1 DAGs
[2026-05-03T14:55:41.053+0000] {logging_mixin.py:151} INFO - [2026-05-03T14:55:41.053+0000] {dag.py:3696} INFO - Setting next_dagrun for setup_retail_pipeline to 2026-05-03T14:00:00+00:00, run_after=2026-05-03T15:00:00+00:00
[2026-05-03T14:55:41.066+0000] {processor.py:179} INFO - Processing /opt/airflow/dags/setup_retail_pipeline.py took 0.103 seconds
[2026-05-03T14:56:11.119+0000] {processor.py:157} INFO - Started process (PID=7022) to work on /opt/airflow/dags/setup_retail_pipeline.py
[2026-05-03T14:56:11.123+0000] {processor.py:829} INFO - Processing file /opt/airflow/dags/setup_retail_pipeline.py for tasks to queue
[2026-05-03T14:56:11.124+0000] {logging_mixin.py:151} INFO - [2026-05-03T14:56:11.123+0000] {dagbag.py:539} INFO - Filling up the DagBag from /opt/airflow/dags/setup_retail_pipeline.py
[2026-05-03T14:56:11.138+0000] {processor.py:839} INFO - DAG(s) dict_keys(['setup_retail_pipeline']) retrieved from /opt/airflow/dags/setup_retail_pipeline.py
[2026-05-03T14:56:11.175+0000] {logging_mixin.py:151} INFO - [2026-05-03T14:56:11.175+0000] {dag.py:2915} INFO - Sync 1 DAGs
[2026-05-03T14:56:11.198+0000] {logging_mixin.py:151} INFO - [2026-05-03T14:56:11.198+0000] {dag.py:3696} INFO - Setting next_dagrun for setup_retail_pipeline to 2026-05-03T14:00:00+00:00, run_after=2026-05-03T15:00:00+00:00
[2026-05-03T14:56:11.210+0000] {processor.py:179} INFO - Processing /opt/airflow/dags/setup_retail_pipeline.py took 0.094 seconds
[2026-05-03T14:56:41.270+0000] {processor.py:157} INFO - Started process (PID=7032) to work on /opt/airflow/dags/setup_retail_pipeline.py
[2026-05-03T14:56:41.271+0000] {processor.py:829} INFO - Processing file /opt/airflow/dags/setup_retail_pipeline.py for tasks to queue
[2026-05-03T14:56:41.272+0000] {logging_mixin.py:151} INFO - [2026-05-03T14:56:41.272+0000] {dagbag.py:539} INFO - Filling up the DagBag from /opt/airflow/dags/setup_retail_pipeline.py
[2026-05-03T14:56:41.285+0000] {processor.py:839} INFO - DAG(s) dict_keys(['setup_retail_pipeline']) retrieved from /opt/airflow/dags/setup_retail_pipeline.py
[2026-05-03T14:56:41.311+0000] {logging_mixin.py:151} INFO - [2026-05-03T14:56:41.311+0000] {dag.py:2915} INFO - Sync 1 DAGs
[2026-05-03T14:56:41.343+0000] {logging_mixin.py:151} INFO - [2026-05-03T14:56:41.343+0000] {dag.py:3696} INFO - Setting next_dagrun for setup_retail_pipeline to 2026-05-03T14:00:00+00:00, run_after=2026-05-03T15:00:00+00:00
[2026-05-03T14:56:41.364+0000] {processor.py:179} INFO - Processing /opt/airflow/dags/setup_retail_pipeline.py took 0.097 seconds
[2026-05-03T14:57:11.487+0000] {processor.py:157} INFO - Started process (PID=7042) to work on /opt/airflow/dags/setup_retail_pipeline.py
[2026-05-03T14:57:11.490+0000] {processor.py:829} INFO - Processing file /opt/airflow/dags/setup_retail_pipeline.py for tasks to queue
[2026-05-03T14:57:11.491+0000] {logging_mixin.py:151} INFO - [2026-05-03T14:57:11.491+0000] {dagbag.py:539} INFO - Filling up the DagBag from /opt/airflow/dags/setup_retail_pipeline.py
[2026-05-03T14:57:11.505+0000] {processor.py:839} INFO - DAG(s) dict_keys(['setup_retail_pipeline']) retrieved from /opt/airflow/dags/setup_retail_pipeline.py
[2026-05-03T14:57:11.531+0000] {logging_mixin.py:151} INFO - [2026-05-03T14:57:11.531+0000] {dag.py:2915} INFO - Sync 1 DAGs
[2026-05-03T14:57:11.547+0000] {logging_mixin.py:151} INFO - [2026-05-03T14:57:11.547+0000] {dag.py:3696} INFO - Setting next_dagrun for setup_retail_pipeline to 2026-05-03T14:00:00+00:00, run_after=2026-05-03T15:00:00+00:00
[2026-05-03T14:57:11.562+0000] {processor.py:179} INFO - Processing /opt/airflow/dags/setup_retail_pipeline.py took 0.079 seconds
[2026-05-03T14:57:41.613+0000] {processor.py:157} INFO - Started process (PID=7052) to work on /opt/airflow/dags/setup_retail_pipeline.py
[2026-05-03T14:57:41.615+0000] {processor.py:829} INFO - Processing file /opt/airflow/dags/setup_retail_pipeline.py for tasks to queue
[2026-05-03T14:57:41.616+0000] {logging_mixin.py:151} INFO - [2026-05-03T14:57:41.615+0000] {dagbag.py:539} INFO - Filling up the DagBag from /opt/airflow/dags/setup_retail_pipeline.py
[2026-05-03T14:57:41.634+0000] {processor.py:839} INFO - DAG(s) dict_keys(['setup_retail_pipeline']) retrieved from /opt/airflow/dags/setup_retail_pipeline.py
[2026-05-03T14:57:41.663+0000] {logging_mixin.py:151} INFO - [2026-05-03T14:57:41.663+0000] {dag.py:2915} INFO - Sync 1 DAGs
[2026-05-03T14:57:41.683+0000] {logging_mixin.py:151} INFO - [2026-05-03T14:57:41.683+0000] {dag.py:3696} INFO - Setting next_dagrun for setup_retail_pipeline to 2026-05-03T14:00:00+00:00, run_after=2026-05-03T15:00:00+00:00
[2026-05-03T14:57:41.694+0000] {processor.py:179} INFO - Processing /opt/airflow/dags/setup_retail_pipeline.py took 0.089 seconds
[2026-05-03T14:58:11.780+0000] {processor.py:157} INFO - Started process (PID=7062) to work on /opt/airflow/dags/setup_retail_pipeline.py
[2026-05-03T14:58:11.784+0000] {processor.py:829} INFO - Processing file /opt/airflow/dags/setup_retail_pipeline.py for tasks to queue
[2026-05-03T14:58:11.785+0000] {logging_mixin.py:151} INFO - [2026-05-03T14:58:11.785+0000] {dagbag.py:539} INFO - Filling up the DagBag from /opt/airflow/dags/setup_retail_pipeline.py
[2026-05-03T14:58:11.808+0000] {processor.py:839} INFO - DAG(s) dict_keys(['setup_retail_pipeline']) retrieved from /opt/airflow/dags/setup_retail_pipeline.py
[2026-05-03T14:58:11.837+0000] {logging_mixin.py:151} INFO - [2026-05-03T14:58:11.837+0000] {dag.py:2915} INFO - Sync 1 DAGs
[2026-05-03T14:58:11.867+0000] {logging_mixin.py:151} INFO - [2026-05-03T14:58:11.867+0000] {dag.py:3696} INFO - Setting next_dagrun for setup_retail_pipeline to 2026-05-03T14:00:00+00:00, run_after=2026-05-03T15:00:00+00:00
[2026-05-03T14:58:11.877+0000] {processor.py:179} INFO - Processing /opt/airflow/dags/setup_retail_pipeline.py took 0.102 seconds
[2026-05-03T14:58:42.041+0000] {processor.py:157} INFO - Started process (PID=7072) to work on /opt/airflow/dags/setup_retail_pipeline.py
[2026-05-03T14:58:42.044+0000] {processor.py:829} INFO - Processing file /opt/airflow/dags/setup_retail_pipeline.py for tasks to queue
[2026-05-03T14:58:42.045+0000] {logging_mixin.py:151} INFO - [2026-05-03T14:58:42.045+0000] {dagbag.py:539} INFO - Filling up the DagBag from /opt/airflow/dags/setup_retail_pipeline.py
[2026-05-03T14:58:42.065+0000] {processor.py:839} INFO - DAG(s) dict_keys(['setup_retail_pipeline']) retrieved from /opt/airflow/dags/setup_retail_pipeline.py
[2026-05-03T14:58:42.097+0000] {logging_mixin.py:151} INFO - [2026-05-03T14:58:42.096+0000] {dag.py:2915} INFO - Sync 1 DAGs
[2026-05-03T14:58:42.113+0000] {logging_mixin.py:151} INFO - [2026-05-03T14:58:42.113+0000] {dag.py:3696} INFO - Setting next_dagrun for setup_retail_pipeline to 2026-05-03T14:00:00+00:00, run_after=2026-05-03T15:00:00+00:00
[2026-05-03T14:58:42.123+0000] {processor.py:179} INFO - Processing /opt/airflow/dags/setup_retail_pipeline.py took 0.086 seconds
[2026-05-03T14:59:12.333+0000] {processor.py:157} INFO - Started process (PID=7082) to work on /opt/airflow/dags/setup_retail_pipeline.py
[2026-05-03T14:59:12.334+0000] {processor.py:829} INFO - Processing file /opt/airflow/dags/setup_retail_pipeline.py for tasks to queue
[2026-05-03T14:59:12.335+0000] {logging_mixin.py:151} INFO - [2026-05-03T14:59:12.335+0000] {dagbag.py:539} INFO - Filling up the DagBag from /opt/airflow/dags/setup_retail_pipeline.py
[2026-05-03T14:59:12.357+0000] {processor.py:839} INFO - DAG(s) dict_keys(['setup_retail_pipeline']) retrieved from /opt/airflow/dags/setup_retail_pipeline.py
[2026-05-03T14:59:12.389+0000] {logging_mixin.py:151} INFO - [2026-05-03T14:59:12.389+0000] {dag.py:2915} INFO - Sync 1 DAGs
[2026-05-03T14:59:12.418+0000] {logging_mixin.py:151} INFO - [2026-05-03T14:59:12.418+0000] {dag.py:3696} INFO - Setting next_dagrun for setup_retail_pipeline to 2026-05-03T14:00:00+00:00, run_after=2026-05-03T15:00:00+00:00
[2026-05-03T14:59:12.431+0000] {processor.py:179} INFO - Processing /opt/airflow/dags/setup_retail_pipeline.py took 0.102 seconds
[2026-05-03T14:59:42.502+0000] {processor.py:157} INFO - Started process (PID=7092) to work on /opt/airflow/dags/setup_retail_pipeline.py
[2026-05-03T14:59:42.504+0000] {processor.py:829} INFO - Processing file /opt/airflow/dags/setup_retail_pipeline.py for tasks to queue
[2026-05-03T14:59:42.505+0000] {logging_mixin.py:151} INFO - [2026-05-03T14:59:42.504+0000] {dagbag.py:539} INFO - Filling up the DagBag from /opt/airflow/dags/setup_retail_pipeline.py
[2026-05-03T14:59:42.531+0000] {processor.py:839} INFO - DAG(s) dict_keys(['setup_retail_pipeline']) retrieved from /opt/airflow/dags/setup_retail_pipeline.py
[2026-05-03T14:59:42.576+0000] {logging_mixin.py:151} INFO - [2026-05-03T14:59:42.576+0000] {dag.py:2915} INFO - Sync 1 DAGs
[2026-05-03T14:59:42.605+0000] {logging_mixin.py:151} INFO - [2026-05-03T14:59:42.605+0000] {dag.py:3696} INFO - Setting next_dagrun for setup_retail_pipeline to 2026-05-03T14:00:00+00:00, run_after=2026-05-03T15:00:00+00:00
[2026-05-03T14:59:42.626+0000] {processor.py:179} INFO - Processing /opt/airflow/dags/setup_retail_pipeline.py took 0.129 seconds
[2026-05-03T15:00:12.821+0000] {processor.py:157} INFO - Started process (PID=7149) to work on /opt/airflow/dags/setup_retail_pipeline.py
[2026-05-03T15:00:12.823+0000] {processor.py:829} INFO - Processing file /opt/airflow/dags/setup_retail_pipeline.py for tasks to queue
[2026-05-03T15:00:12.824+0000] {logging_mixin.py:151} INFO - [2026-05-03T15:00:12.824+0000] {dagbag.py:539} INFO - Filling up the DagBag from /opt/airflow/dags/setup_retail_pipeline.py
[2026-05-03T15:00:12.855+0000] {processor.py:839} INFO - DAG(s) dict_keys(['setup_retail_pipeline']) retrieved from /opt/airflow/dags/setup_retail_pipeline.py
[2026-05-03T15:00:12.905+0000] {logging_mixin.py:151} INFO - [2026-05-03T15:00:12.905+0000] {dag.py:2915} INFO - Sync 1 DAGs
[2026-05-03T15:00:12.957+0000] {processor.py:179} INFO - Processing /opt/airflow/dags/setup_retail_pipeline.py took 0.146 seconds
[2026-05-03T15:00:43.006+0000] {processor.py:157} INFO - Started process (PID=7198) to work on /opt/airflow/dags/setup_retail_pipeline.py
[2026-05-03T15:00:43.009+0000] {processor.py:829} INFO - Processing file /opt/airflow/dags/setup_retail_pipeline.py for tasks to queue
[2026-05-03T15:00:43.010+0000] {logging_mixin.py:151} INFO - [2026-05-03T15:00:43.010+0000] {dagbag.py:539} INFO - Filling up the DagBag from /opt/airflow/dags/setup_retail_pipeline.py
[2026-05-03T15:00:43.024+0000] {processor.py:839} INFO - DAG(s) dict_keys(['setup_retail_pipeline']) retrieved from /opt/airflow/dags/setup_retail_pipeline.py
[2026-05-03T15:00:43.066+0000] {logging_mixin.py:151} INFO - [2026-05-03T15:00:43.066+0000] {dag.py:2915} INFO - Sync 1 DAGs
[2026-05-03T15:00:43.091+0000] {logging_mixin.py:151} INFO - [2026-05-03T15:00:43.091+0000] {dag.py:3696} INFO - Setting next_dagrun for setup_retail_pipeline to 2026-05-03T15:00:00+00:00, run_after=2026-05-03T16:00:00+00:00
[2026-05-03T15:00:43.104+0000] {processor.py:179} INFO - Processing /opt/airflow/dags/setup_retail_pipeline.py took 0.102 seconds
[2026-05-03T15:01:13.214+0000] {processor.py:157} INFO - Started process (PID=7208) to work on /opt/airflow/dags/setup_retail_pipeline.py
[2026-05-03T15:01:13.217+0000] {processor.py:829} INFO - Processing file /opt/airflow/dags/setup_retail_pipeline.py for tasks to queue
[2026-05-03T15:01:13.220+0000] {logging_mixin.py:151} INFO - [2026-05-03T15:01:13.219+0000] {dagbag.py:539} INFO - Filling up the DagBag from /opt/airflow/dags/setup_retail_pipeline.py
[2026-05-03T15:01:13.236+0000] {processor.py:839} INFO - DAG(s) dict_keys(['setup_retail_pipeline']) retrieved from /opt/airflow/dags/setup_retail_pipeline.py
[2026-05-03T15:01:13.273+0000] {logging_mixin.py:151} INFO - [2026-05-03T15:01:13.273+0000] {dag.py:2915} INFO - Sync 1 DAGs
[2026-05-03T15:01:13.299+0000] {logging_mixin.py:151} INFO - [2026-05-03T15:01:13.299+0000] {dag.py:3696} INFO - Setting next_dagrun for setup_retail_pipeline to 2026-05-03T15:00:00+00:00, run_after=2026-05-03T16:00:00+00:00
[2026-05-03T15:01:13.314+0000] {processor.py:179} INFO - Processing /opt/airflow/dags/setup_retail_pipeline.py took 0.106 seconds
[2026-05-03T15:01:43.683+0000] {processor.py:157} INFO - Started process (PID=7218) to work on /opt/airflow/dags/setup_retail_pipeline.py
[2026-05-03T15:01:43.686+0000] {processor.py:829} INFO - Processing file /opt/airflow/dags/setup_retail_pipeline.py for tasks to queue
[2026-05-03T15:01:43.689+0000] {logging_mixin.py:151} INFO - [2026-05-03T15:01:43.688+0000] {dagbag.py:539} INFO - Filling up the DagBag from /opt/airflow/dags/setup_retail_pipeline.py
[2026-05-03T15:01:43.721+0000] {processor.py:839} INFO - DAG(s) dict_keys(['setup_retail_pipeline']) retrieved from /opt/airflow/dags/setup_retail_pipeline.py
[2026-05-03T15:01:43.770+0000] {logging_mixin.py:151} INFO - [2026-05-03T15:01:43.769+0000] {dag.py:2915} INFO - Sync 1 DAGs
[2026-05-03T15:01:43.794+0000] {logging_mixin.py:151} INFO - [2026-05-03T15:01:43.793+0000] {dag.py:3696} INFO - Setting next_dagrun for setup_retail_pipeline to 2026-05-03T15:00:00+00:00, run_after=2026-05-03T16:00:00+00:00
[2026-05-03T15:01:43.806+0000] {processor.py:179} INFO - Processing /opt/airflow/dags/setup_retail_pipeline.py took 0.135 seconds
[2026-05-03T15:02:13.959+0000] {processor.py:157} INFO - Started process (PID=7228) to work on /opt/airflow/dags/setup_retail_pipeline.py
[2026-05-03T15:02:13.960+0000] {processor.py:829} INFO - Processing file /opt/airflow/dags/setup_retail_pipeline.py for tasks to queue
[2026-05-03T15:02:13.962+0000] {logging_mixin.py:151} INFO - [2026-05-03T15:02:13.961+0000] {dagbag.py:539} INFO - Filling up the DagBag from /opt/airflow/dags/setup_retail_pipeline.py
[2026-05-03T15:02:13.987+0000] {processor.py:839} INFO - DAG(s) dict_keys(['setup_retail_pipeline']) retrieved from /opt/airflow/dags/setup_retail_pipeline.py
[2026-05-03T15:02:14.028+0000] {logging_mixin.py:151} INFO - [2026-05-03T15:02:14.028+0000] {dag.py:2915} INFO - Sync 1 DAGs
[2026-05-03T15:02:14.051+0000] {logging_mixin.py:151} INFO - [2026-05-03T15:02:14.050+0000] {dag.py:3696} INFO - Setting next_dagrun for setup_retail_pipeline to 2026-05-03T15:00:00+00:00, run_after=2026-05-03T16:00:00+00:00
[2026-05-03T15:02:14.062+0000] {processor.py:179} INFO - Processing /opt/airflow/dags/setup_retail_pipeline.py took 0.111 seconds
[2026-05-03T15:02:44.161+0000] {processor.py:157} INFO - Started process (PID=7238) to work on /opt/airflow/dags/setup_retail_pipeline.py
[2026-05-03T15:02:44.164+0000] {processor.py:829} INFO - Processing file /opt/airflow/dags/setup_retail_pipeline.py for tasks to queue
[2026-05-03T15:02:44.166+0000] {logging_mixin.py:151} INFO - [2026-05-03T15:02:44.165+0000] {dagbag.py:539} INFO - Filling up the DagBag from /opt/airflow/dags/setup_retail_pipeline.py
[2026-05-03T15:02:44.184+0000] {processor.py:839} INFO - DAG(s) dict_keys(['setup_retail_pipeline']) retrieved from /opt/airflow/dags/setup_retail_pipeline.py
[2026-05-03T15:02:44.221+0000] {logging_mixin.py:151} INFO - [2026-05-03T15:02:44.220+0000] {dag.py:2915} INFO - Sync 1 DAGs
[2026-05-03T15:02:44.251+0000] {logging_mixin.py:151} INFO - [2026-05-03T15:02:44.251+0000] {dag.py:3696} INFO - Setting next_dagrun for setup_retail_pipeline to 2026-05-03T15:00:00+00:00, run_after=2026-05-03T16:00:00+00:00
[2026-05-03T15:02:44.269+0000] {processor.py:179} INFO - Processing /opt/airflow/dags/setup_retail_pipeline.py took 0.111 seconds
[2026-05-03T15:03:14.392+0000] {processor.py:157} INFO - Started process (PID=7251) to work on /opt/airflow/dags/setup_retail_pipeline.py
[2026-05-03T15:03:14.396+0000] {processor.py:829} INFO - Processing file /opt/airflow/dags/setup_retail_pipeline.py for tasks to queue
[2026-05-03T15:03:14.400+0000] {logging_mixin.py:151} INFO - [2026-05-03T15:03:14.399+0000] {dagbag.py:539} INFO - Filling up the DagBag from /opt/airflow/dags/setup_retail_pipeline.py
[2026-05-03T15:03:14.417+0000] {processor.py:839} INFO - DAG(s) dict_keys(['setup_retail_pipeline']) retrieved from /opt/airflow/dags/setup_retail_pipeline.py
[2026-05-03T15:03:14.448+0000] {logging_mixin.py:151} INFO - [2026-05-03T15:03:14.448+0000] {dag.py:2915} INFO - Sync 1 DAGs
[2026-05-03T15:03:14.463+0000] {logging_mixin.py:151} INFO - [2026-05-03T15:03:14.463+0000] {dag.py:3696} INFO - Setting next_dagrun for setup_retail_pipeline to 2026-05-03T15:00:00+00:00, run_after=2026-05-03T16:00:00+00:00
[2026-05-03T15:03:14.477+0000] {processor.py:179} INFO - Processing /opt/airflow/dags/setup_retail_pipeline.py took 0.094 seconds
[2026-05-03T15:03:44.532+0000] {processor.py:157} INFO - Started process (PID=7258) to work on /opt/airflow/dags/setup_retail_pipeline.py
[2026-05-03T15:03:44.534+0000] {processor.py:829} INFO - Processing file /opt/airflow/dags/setup_retail_pipeline.py for tasks to queue
[2026-05-03T15:03:44.536+0000] {logging_mixin.py:151} INFO - [2026-05-03T15:03:44.535+0000] {dagbag.py:539} INFO - Filling up the DagBag from /opt/airflow/dags/setup_retail_pipeline.py
[2026-05-03T15:03:44.566+0000] {processor.py:839} INFO - DAG(s) dict_keys(['setup_retail_pipeline']) retrieved from /opt/airflow/dags/setup_retail_pipeline.py
[2026-05-03T15:03:44.604+0000] {logging_mixin.py:151} INFO - [2026-05-03T15:03:44.604+0000] {dag.py:2915} INFO - Sync 1 DAGs
[2026-05-03T15:03:44.628+0000] {logging_mixin.py:151} INFO - [2026-05-03T15:03:44.628+0000] {dag.py:3696} INFO - Setting next_dagrun for setup_retail_pipeline to 2026-05-03T15:00:00+00:00, run_after=2026-05-03T16:00:00+00:00
[2026-05-03T15:03:44.644+0000] {processor.py:179} INFO - Processing /opt/airflow/dags/setup_retail_pipeline.py took 0.119 seconds
[2026-05-03T15:04:14.843+0000] {processor.py:157} INFO - Started process (PID=7268) to work on /opt/airflow/dags/setup_retail_pipeline.py
[2026-05-03T15:04:14.845+0000] {processor.py:829} INFO - Processing file /opt/airflow/dags/setup_retail_pipeline.py for tasks to queue
[2026-05-03T15:04:14.847+0000] {logging_mixin.py:151} INFO - [2026-05-03T15:04:14.847+0000] {dagbag.py:539} INFO - Filling up the DagBag from /opt/airflow/dags/setup_retail_pipeline.py
[2026-05-03T15:04:14.870+0000] {processor.py:839} INFO - DAG(s) dict_keys(['setup_retail_pipeline']) retrieved from /opt/airflow/dags/setup_retail_pipeline.py
[2026-05-03T15:04:14.920+0000] {logging_mixin.py:151} INFO - [2026-05-03T15:04:14.920+0000] {dag.py:2915} INFO - Sync 1 DAGs
[2026-05-03T15:04:14.941+0000] {logging_mixin.py:151} INFO - [2026-05-03T15:04:14.940+0000] {dag.py:3696} INFO - Setting next_dagrun for setup_retail_pipeline to 2026-05-03T15:00:00+00:00, run_after=2026-05-03T16:00:00+00:00
[2026-05-03T15:04:14.953+0000] {processor.py:179} INFO - Processing /opt/airflow/dags/setup_retail_pipeline.py took 0.115 seconds
[2026-05-03T15:04:44.989+0000] {processor.py:157} INFO - Started process (PID=7278) to work on /opt/airflow/dags/setup_retail_pipeline.py
[2026-05-03T15:04:44.990+0000] {processor.py:829} INFO - Processing file /opt/airflow/dags/setup_retail_pipeline.py for tasks to queue
[2026-05-03T15:04:44.991+0000] {logging_mixin.py:151} INFO - [2026-05-03T15:04:44.990+0000] {dagbag.py:539} INFO - Filling up the DagBag from /opt/airflow/dags/setup_retail_pipeline.py
[2026-05-03T15:04:45.019+0000] {processor.py:839} INFO - DAG(s) dict_keys(['setup_retail_pipeline']) retrieved from /opt/airflow/dags/setup_retail_pipeline.py
[2026-05-03T15:04:45.059+0000] {logging_mixin.py:151} INFO - [2026-05-03T15:04:45.059+0000] {dag.py:2915} INFO - Sync 1 DAGs
[2026-05-03T15:04:45.082+0000] {logging_mixin.py:151} INFO - [2026-05-03T15:04:45.082+0000] {dag.py:3696} INFO - Setting next_dagrun for setup_retail_pipeline to 2026-05-03T15:00:00+00:00, run_after=2026-05-03T16:00:00+00:00
[2026-05-03T15:04:45.093+0000] {processor.py:179} INFO - Processing /opt/airflow/dags/setup_retail_pipeline.py took 0.107 seconds
[2026-05-03T15:05:15.348+0000] {processor.py:157} INFO - Started process (PID=7288) to work on /opt/airflow/dags/setup_retail_pipeline.py
[2026-05-03T15:05:15.353+0000] {processor.py:829} INFO - Processing file /opt/airflow/dags/setup_retail_pipeline.py for tasks to queue
[2026-05-03T15:05:15.356+0000] {logging_mixin.py:151} INFO - [2026-05-03T15:05:15.354+0000] {dagbag.py:539} INFO - Filling up the DagBag from /opt/airflow/dags/setup_retail_pipeline.py
[2026-05-03T15:05:15.389+0000] {processor.py:839} INFO - DAG(s) dict_keys(['setup_retail_pipeline']) retrieved from /opt/airflow/dags/setup_retail_pipeline.py
[2026-05-03T15:05:15.441+0000] {logging_mixin.py:151} INFO - [2026-05-03T15:05:15.441+0000] {dag.py:2915} INFO - Sync 1 DAGs
[2026-05-03T15:05:15.470+0000] {logging_mixin.py:151} INFO - [2026-05-03T15:05:15.469+0000] {dag.py:3696} INFO - Setting next_dagrun for setup_retail_pipeline to 2026-05-03T15:00:00+00:00, run_after=2026-05-03T16:00:00+00:00
[2026-05-03T15:05:15.484+0000] {processor.py:179} INFO - Processing /opt/airflow/dags/setup_retail_pipeline.py took 0.148 seconds
[2026-05-03T15:05:35.519+0000] {processor.py:157} INFO - Started process (PID=7298) to work on /opt/airflow/dags/setup_retail_pipeline.py
[2026-05-03T15:05:35.522+0000] {processor.py:829} INFO - Processing file /opt/airflow/dags/setup_retail_pipeline.py for tasks to queue
[2026-05-03T15:05:35.524+0000] {logging_mixin.py:151} INFO - [2026-05-03T15:05:35.523+0000] {dagbag.py:539} INFO - Filling up the DagBag from /opt/airflow/dags/setup_retail_pipeline.py
[2026-05-03T15:05:35.540+0000] {logging_mixin.py:151} INFO - [2026-05-03T15:05:35.534+0000] {dagbag.py:347} ERROR - Failed to import: /opt/airflow/dags/setup_retail_pipeline.py
Traceback (most recent call last):
  File "/home/airflow/.local/lib/python3.8/site-packages/airflow/models/dagbag.py", line 343, in parse
    loader.exec_module(new_module)
  File "<frozen importlib._bootstrap_external>", line 843, in exec_module
  File "<frozen importlib._bootstrap>", line 219, in _call_with_frames_removed
  File "/opt/airflow/dags/setup_retail_pipeline.py", line 13, in <module>
    'start_date': datetime(2025, 12, 1, tz=KST),
TypeError: 'tz' is an invalid keyword argument for this function
[2026-05-03T15:05:35.541+0000] {processor.py:841} WARNING - No viable dags retrieved from /opt/airflow/dags/setup_retail_pipeline.py
[2026-05-03T15:05:35.584+0000] {processor.py:179} INFO - Processing /opt/airflow/dags/setup_retail_pipeline.py took 0.070 seconds
[2026-05-03T15:06:05.795+0000] {processor.py:157} INFO - Started process (PID=7313) to work on /opt/airflow/dags/setup_retail_pipeline.py
[2026-05-03T15:06:05.796+0000] {processor.py:829} INFO - Processing file /opt/airflow/dags/setup_retail_pipeline.py for tasks to queue
[2026-05-03T15:06:05.798+0000] {logging_mixin.py:151} INFO - [2026-05-03T15:06:05.798+0000] {dagbag.py:539} INFO - Filling up the DagBag from /opt/airflow/dags/setup_retail_pipeline.py
[2026-05-03T15:06:05.803+0000] {logging_mixin.py:151} INFO - [2026-05-03T15:06:05.802+0000] {dagbag.py:347} ERROR - Failed to import: /opt/airflow/dags/setup_retail_pipeline.py
Traceback (most recent call last):
  File "/home/airflow/.local/lib/python3.8/site-packages/airflow/models/dagbag.py", line 343, in parse
    loader.exec_module(new_module)
  File "<frozen importlib._bootstrap_external>", line 843, in exec_module
  File "<frozen importlib._bootstrap>", line 219, in _call_with_frames_removed
  File "/opt/airflow/dags/setup_retail_pipeline.py", line 13, in <module>
    'start_date': datetime(2025, 12, 1, tz=KST),
TypeError: 'tz' is an invalid keyword argument for this function
[2026-05-03T15:06:05.804+0000] {processor.py:841} WARNING - No viable dags retrieved from /opt/airflow/dags/setup_retail_pipeline.py
[2026-05-03T15:06:05.824+0000] {processor.py:179} INFO - Processing /opt/airflow/dags/setup_retail_pipeline.py took 0.032 seconds
[2026-05-03T15:06:36.018+0000] {processor.py:157} INFO - Started process (PID=7323) to work on /opt/airflow/dags/setup_retail_pipeline.py
[2026-05-03T15:06:36.019+0000] {processor.py:829} INFO - Processing file /opt/airflow/dags/setup_retail_pipeline.py for tasks to queue
[2026-05-03T15:06:36.020+0000] {logging_mixin.py:151} INFO - [2026-05-03T15:06:36.020+0000] {dagbag.py:539} INFO - Filling up the DagBag from /opt/airflow/dags/setup_retail_pipeline.py
[2026-05-03T15:06:36.026+0000] {logging_mixin.py:151} INFO - [2026-05-03T15:06:36.024+0000] {dagbag.py:347} ERROR - Failed to import: /opt/airflow/dags/setup_retail_pipeline.py
Traceback (most recent call last):
  File "/home/airflow/.local/lib/python3.8/site-packages/airflow/models/dagbag.py", line 343, in parse
    loader.exec_module(new_module)
  File "<frozen importlib._bootstrap_external>", line 843, in exec_module
  File "<frozen importlib._bootstrap>", line 219, in _call_with_frames_removed
  File "/opt/airflow/dags/setup_retail_pipeline.py", line 13, in <module>
    'start_date': datetime(2025, 12, 1, tz=KST),
TypeError: 'tz' is an invalid keyword argument for this function
[2026-05-03T15:06:36.026+0000] {processor.py:841} WARNING - No viable dags retrieved from /opt/airflow/dags/setup_retail_pipeline.py
[2026-05-03T15:06:36.047+0000] {processor.py:179} INFO - Processing /opt/airflow/dags/setup_retail_pipeline.py took 0.033 seconds
[2026-05-03T15:07:06.228+0000] {processor.py:157} INFO - Started process (PID=7333) to work on /opt/airflow/dags/setup_retail_pipeline.py
[2026-05-03T15:07:06.231+0000] {processor.py:829} INFO - Processing file /opt/airflow/dags/setup_retail_pipeline.py for tasks to queue
[2026-05-03T15:07:06.233+0000] {logging_mixin.py:151} INFO - [2026-05-03T15:07:06.233+0000] {dagbag.py:539} INFO - Filling up the DagBag from /opt/airflow/dags/setup_retail_pipeline.py
[2026-05-03T15:07:06.241+0000] {logging_mixin.py:151} INFO - [2026-05-03T15:07:06.239+0000] {dagbag.py:347} ERROR - Failed to import: /opt/airflow/dags/setup_retail_pipeline.py
Traceback (most recent call last):
  File "/home/airflow/.local/lib/python3.8/site-packages/airflow/models/dagbag.py", line 343, in parse
    loader.exec_module(new_module)
  File "<frozen importlib._bootstrap_external>", line 843, in exec_module
  File "<frozen importlib._bootstrap>", line 219, in _call_with_frames_removed
  File "/opt/airflow/dags/setup_retail_pipeline.py", line 13, in <module>
    'start_date': datetime(2025, 12, 1, tz=KST),
TypeError: 'tz' is an invalid keyword argument for this function
[2026-05-03T15:07:06.242+0000] {processor.py:841} WARNING - No viable dags retrieved from /opt/airflow/dags/setup_retail_pipeline.py
[2026-05-03T15:07:06.277+0000] {processor.py:179} INFO - Processing /opt/airflow/dags/setup_retail_pipeline.py took 0.058 seconds
[2026-05-03T15:07:36.551+0000] {processor.py:157} INFO - Started process (PID=7348) to work on /opt/airflow/dags/setup_retail_pipeline.py
[2026-05-03T15:07:36.555+0000] {processor.py:829} INFO - Processing file /opt/airflow/dags/setup_retail_pipeline.py for tasks to queue
[2026-05-03T15:07:36.556+0000] {logging_mixin.py:151} INFO - [2026-05-03T15:07:36.555+0000] {dagbag.py:539} INFO - Filling up the DagBag from /opt/airflow/dags/setup_retail_pipeline.py
[2026-05-03T15:07:36.565+0000] {logging_mixin.py:151} INFO - [2026-05-03T15:07:36.561+0000] {dagbag.py:347} ERROR - Failed to import: /opt/airflow/dags/setup_retail_pipeline.py
Traceback (most recent call last):
  File "/home/airflow/.local/lib/python3.8/site-packages/airflow/models/dagbag.py", line 343, in parse
    loader.exec_module(new_module)
  File "<frozen importlib._bootstrap_external>", line 843, in exec_module
  File "<frozen importlib._bootstrap>", line 219, in _call_with_frames_removed
  File "/opt/airflow/dags/setup_retail_pipeline.py", line 13, in <module>
    'start_date': datetime(2025, 12, 1, tz=KST),
TypeError: 'tz' is an invalid keyword argument for this function
[2026-05-03T15:07:36.565+0000] {processor.py:841} WARNING - No viable dags retrieved from /opt/airflow/dags/setup_retail_pipeline.py
[2026-05-03T15:07:36.596+0000] {processor.py:179} INFO - Processing /opt/airflow/dags/setup_retail_pipeline.py took 0.049 seconds
[2026-05-03T15:07:41.608+0000] {processor.py:157} INFO - Started process (PID=7353) to work on /opt/airflow/dags/setup_retail_pipeline.py
[2026-05-03T15:07:41.609+0000] {processor.py:829} INFO - Processing file /opt/airflow/dags/setup_retail_pipeline.py for tasks to queue
[2026-05-03T15:07:41.611+0000] {logging_mixin.py:151} INFO - [2026-05-03T15:07:41.610+0000] {dagbag.py:539} INFO - Filling up the DagBag from /opt/airflow/dags/setup_retail_pipeline.py
[2026-05-03T15:07:41.647+0000] {processor.py:839} INFO - DAG(s) dict_keys(['setup_retail_pipeline']) retrieved from /opt/airflow/dags/setup_retail_pipeline.py
[2026-05-03T15:07:41.846+0000] {logging_mixin.py:151} INFO - [2026-05-03T15:07:41.844+0000] {security.py:708} INFO - Not syncing DAG-level permissions for DAG 'DAG:setup_retail_pipeline' as access control is unset.
[2026-05-03T15:07:41.846+0000] {logging_mixin.py:151} INFO - [2026-05-03T15:07:41.846+0000] {dag.py:2915} INFO - Sync 1 DAGs
[2026-05-03T15:07:41.867+0000] {logging_mixin.py:151} INFO - [2026-05-03T15:07:41.867+0000] {dag.py:3696} INFO - Setting next_dagrun for setup_retail_pipeline to 2026-05-03T15:00:00+00:00, run_after=2026-05-03T16:00:00+00:00
[2026-05-03T15:07:41.906+0000] {processor.py:179} INFO - Processing /opt/airflow/dags/setup_retail_pipeline.py took 0.306 seconds
[2026-05-03T15:08:12.421+0000] {processor.py:157} INFO - Started process (PID=7363) to work on /opt/airflow/dags/setup_retail_pipeline.py
[2026-05-03T15:08:12.424+0000] {processor.py:829} INFO - Processing file /opt/airflow/dags/setup_retail_pipeline.py for tasks to queue
[2026-05-03T15:08:12.428+0000] {logging_mixin.py:151} INFO - [2026-05-03T15:08:12.425+0000] {dagbag.py:539} INFO - Filling up the DagBag from /opt/airflow/dags/setup_retail_pipeline.py
[2026-05-03T15:08:12.474+0000] {processor.py:839} INFO - DAG(s) dict_keys(['setup_retail_pipeline']) retrieved from /opt/airflow/dags/setup_retail_pipeline.py
[2026-05-03T15:08:12.537+0000] {logging_mixin.py:151} INFO - [2026-05-03T15:08:12.537+0000] {dag.py:2915} INFO - Sync 1 DAGs
[2026-05-03T15:08:12.558+0000] {logging_mixin.py:151} INFO - [2026-05-03T15:08:12.558+0000] {dag.py:3696} INFO - Setting next_dagrun for setup_retail_pipeline to 2026-05-03T15:00:00+00:00, run_after=2026-05-03T16:00:00+00:00
[2026-05-03T15:08:12.569+0000] {processor.py:179} INFO - Processing /opt/airflow/dags/setup_retail_pipeline.py took 0.155 seconds
[2026-05-03T15:08:42.701+0000] {processor.py:157} INFO - Started process (PID=7373) to work on /opt/airflow/dags/setup_retail_pipeline.py
[2026-05-03T15:08:42.702+0000] {processor.py:829} INFO - Processing file /opt/airflow/dags/setup_retail_pipeline.py for tasks to queue
[2026-05-03T15:08:42.704+0000] {logging_mixin.py:151} INFO - [2026-05-03T15:08:42.703+0000] {dagbag.py:539} INFO - Filling up the DagBag from /opt/airflow/dags/setup_retail_pipeline.py
[2026-05-03T15:08:42.728+0000] {processor.py:839} INFO - DAG(s) dict_keys(['setup_retail_pipeline']) retrieved from /opt/airflow/dags/setup_retail_pipeline.py
[2026-05-03T15:08:42.779+0000] {logging_mixin.py:151} INFO - [2026-05-03T15:08:42.779+0000] {dag.py:2915} INFO - Sync 1 DAGs
[2026-05-03T15:08:42.794+0000] {logging_mixin.py:151} INFO - [2026-05-03T15:08:42.794+0000] {dag.py:3696} INFO - Setting next_dagrun for setup_retail_pipeline to 2026-05-03T15:00:00+00:00, run_after=2026-05-03T16:00:00+00:00
[2026-05-03T15:08:42.804+0000] {processor.py:179} INFO - Processing /opt/airflow/dags/setup_retail_pipeline.py took 0.106 seconds
[2026-05-03T15:09:12.949+0000] {processor.py:157} INFO - Started process (PID=7383) to work on /opt/airflow/dags/setup_retail_pipeline.py
[2026-05-03T15:09:12.953+0000] {processor.py:829} INFO - Processing file /opt/airflow/dags/setup_retail_pipeline.py for tasks to queue
[2026-05-03T15:09:12.955+0000] {logging_mixin.py:151} INFO - [2026-05-03T15:09:12.954+0000] {dagbag.py:539} INFO - Filling up the DagBag from /opt/airflow/dags/setup_retail_pipeline.py
[2026-05-03T15:09:12.977+0000] {processor.py:839} INFO - DAG(s) dict_keys(['setup_retail_pipeline']) retrieved from /opt/airflow/dags/setup_retail_pipeline.py
[2026-05-03T15:09:13.012+0000] {logging_mixin.py:151} INFO - [2026-05-03T15:09:13.012+0000] {dag.py:2915} INFO - Sync 1 DAGs
[2026-05-03T15:09:13.035+0000] {logging_mixin.py:151} INFO - [2026-05-03T15:09:13.035+0000] {dag.py:3696} INFO - Setting next_dagrun for setup_retail_pipeline to 2026-05-03T15:00:00+00:00, run_after=2026-05-03T16:00:00+00:00
[2026-05-03T15:09:13.045+0000] {processor.py:179} INFO - Processing /opt/airflow/dags/setup_retail_pipeline.py took 0.100 seconds
[2026-05-03T15:09:43.582+0000] {processor.py:157} INFO - Started process (PID=7393) to work on /opt/airflow/dags/setup_retail_pipeline.py
[2026-05-03T15:09:43.586+0000] {processor.py:829} INFO - Processing file /opt/airflow/dags/setup_retail_pipeline.py for tasks to queue
[2026-05-03T15:09:43.589+0000] {logging_mixin.py:151} INFO - [2026-05-03T15:09:43.587+0000] {dagbag.py:539} INFO - Filling up the DagBag from /opt/airflow/dags/setup_retail_pipeline.py
[2026-05-03T15:09:43.640+0000] {processor.py:839} INFO - DAG(s) dict_keys(['setup_retail_pipeline']) retrieved from /opt/airflow/dags/setup_retail_pipeline.py
[2026-05-03T15:09:43.695+0000] {logging_mixin.py:151} INFO - [2026-05-03T15:09:43.694+0000] {dag.py:2915} INFO - Sync 1 DAGs
[2026-05-03T15:09:43.727+0000] {logging_mixin.py:151} INFO - [2026-05-03T15:09:43.727+0000] {dag.py:3696} INFO - Setting next_dagrun for setup_retail_pipeline to 2026-05-03T15:00:00+00:00, run_after=2026-05-03T16:00:00+00:00
[2026-05-03T15:09:43.742+0000] {processor.py:179} INFO - Processing /opt/airflow/dags/setup_retail_pipeline.py took 0.174 seconds
[2026-05-03T15:10:13.832+0000] {processor.py:157} INFO - Started process (PID=7403) to work on /opt/airflow/dags/setup_retail_pipeline.py
[2026-05-03T15:10:13.834+0000] {processor.py:829} INFO - Processing file /opt/airflow/dags/setup_retail_pipeline.py for tasks to queue
[2026-05-03T15:10:13.835+0000] {logging_mixin.py:151} INFO - [2026-05-03T15:10:13.835+0000] {dagbag.py:539} INFO - Filling up the DagBag from /opt/airflow/dags/setup_retail_pipeline.py
[2026-05-03T15:10:13.863+0000] {processor.py:839} INFO - DAG(s) dict_keys(['setup_retail_pipeline']) retrieved from /opt/airflow/dags/setup_retail_pipeline.py
[2026-05-03T15:10:13.900+0000] {logging_mixin.py:151} INFO - [2026-05-03T15:10:13.900+0000] {dag.py:2915} INFO - Sync 1 DAGs
[2026-05-03T15:10:13.921+0000] {logging_mixin.py:151} INFO - [2026-05-03T15:10:13.921+0000] {dag.py:3696} INFO - Setting next_dagrun for setup_retail_pipeline to 2026-05-03T15:00:00+00:00, run_after=2026-05-03T16:00:00+00:00
[2026-05-03T15:10:13.953+0000] {processor.py:179} INFO - Processing /opt/airflow/dags/setup_retail_pipeline.py took 0.127 seconds
[2026-05-03T15:10:44.211+0000] {processor.py:157} INFO - Started process (PID=7413) to work on /opt/airflow/dags/setup_retail_pipeline.py
[2026-05-03T15:10:44.213+0000] {processor.py:829} INFO - Processing file /opt/airflow/dags/setup_retail_pipeline.py for tasks to queue
[2026-05-03T15:10:44.213+0000] {logging_mixin.py:151} INFO - [2026-05-03T15:10:44.213+0000] {dagbag.py:539} INFO - Filling up the DagBag from /opt/airflow/dags/setup_retail_pipeline.py
[2026-05-03T15:10:44.229+0000] {processor.py:839} INFO - DAG(s) dict_keys(['setup_retail_pipeline']) retrieved from /opt/airflow/dags/setup_retail_pipeline.py
[2026-05-03T15:10:44.258+0000] {logging_mixin.py:151} INFO - [2026-05-03T15:10:44.258+0000] {dag.py:2915} INFO - Sync 1 DAGs
[2026-05-03T15:10:44.277+0000] {logging_mixin.py:151} INFO - [2026-05-03T15:10:44.277+0000] {dag.py:3696} INFO - Setting next_dagrun for setup_retail_pipeline to 2026-05-03T15:00:00+00:00, run_after=2026-05-03T16:00:00+00:00
[2026-05-03T15:10:44.288+0000] {processor.py:179} INFO - Processing /opt/airflow/dags/setup_retail_pipeline.py took 0.081 seconds
[2026-05-03T15:11:14.416+0000] {processor.py:157} INFO - Started process (PID=7423) to work on /opt/airflow/dags/setup_retail_pipeline.py
[2026-05-03T15:11:14.418+0000] {processor.py:829} INFO - Processing file /opt/airflow/dags/setup_retail_pipeline.py for tasks to queue
[2026-05-03T15:11:14.419+0000] {logging_mixin.py:151} INFO - [2026-05-03T15:11:14.419+0000] {dagbag.py:539} INFO - Filling up the DagBag from /opt/airflow/dags/setup_retail_pipeline.py
[2026-05-03T15:11:14.440+0000] {processor.py:839} INFO - DAG(s) dict_keys(['setup_retail_pipeline']) retrieved from /opt/airflow/dags/setup_retail_pipeline.py
[2026-05-03T15:11:14.476+0000] {logging_mixin.py:151} INFO - [2026-05-03T15:11:14.476+0000] {dag.py:2915} INFO - Sync 1 DAGs
[2026-05-03T15:11:14.497+0000] {logging_mixin.py:151} INFO - [2026-05-03T15:11:14.497+0000] {dag.py:3696} INFO - Setting next_dagrun for setup_retail_pipeline to 2026-05-03T15:00:00+00:00, run_after=2026-05-03T16:00:00+00:00
[2026-05-03T15:11:14.512+0000] {processor.py:179} INFO - Processing /opt/airflow/dags/setup_retail_pipeline.py took 0.104 seconds
[2026-05-03T15:11:44.736+0000] {processor.py:157} INFO - Started process (PID=7433) to work on /opt/airflow/dags/setup_retail_pipeline.py
[2026-05-03T15:11:44.739+0000] {processor.py:829} INFO - Processing file /opt/airflow/dags/setup_retail_pipeline.py for tasks to queue
[2026-05-03T15:11:44.741+0000] {logging_mixin.py:151} INFO - [2026-05-03T15:11:44.740+0000] {dagbag.py:539} INFO - Filling up the DagBag from /opt/airflow/dags/setup_retail_pipeline.py
[2026-05-03T15:11:44.777+0000] {processor.py:839} INFO - DAG(s) dict_keys(['setup_retail_pipeline']) retrieved from /opt/airflow/dags/setup_retail_pipeline.py
[2026-05-03T15:11:44.814+0000] {logging_mixin.py:151} INFO - [2026-05-03T15:11:44.813+0000] {dag.py:2915} INFO - Sync 1 DAGs
[2026-05-03T15:11:44.836+0000] {logging_mixin.py:151} INFO - [2026-05-03T15:11:44.836+0000] {dag.py:3696} INFO - Setting next_dagrun for setup_retail_pipeline to 2026-05-03T15:00:00+00:00, run_after=2026-05-03T16:00:00+00:00
[2026-05-03T15:11:44.850+0000] {processor.py:179} INFO - Processing /opt/airflow/dags/setup_retail_pipeline.py took 0.122 seconds
[2026-05-03T15:12:15.073+0000] {processor.py:157} INFO - Started process (PID=7443) to work on /opt/airflow/dags/setup_retail_pipeline.py
[2026-05-03T15:12:15.074+0000] {processor.py:829} INFO - Processing file /opt/airflow/dags/setup_retail_pipeline.py for tasks to queue
[2026-05-03T15:12:15.076+0000] {logging_mixin.py:151} INFO - [2026-05-03T15:12:15.075+0000] {dagbag.py:539} INFO - Filling up the DagBag from /opt/airflow/dags/setup_retail_pipeline.py
[2026-05-03T15:12:15.097+0000] {processor.py:839} INFO - DAG(s) dict_keys(['setup_retail_pipeline']) retrieved from /opt/airflow/dags/setup_retail_pipeline.py
[2026-05-03T15:12:15.130+0000] {logging_mixin.py:151} INFO - [2026-05-03T15:12:15.129+0000] {dag.py:2915} INFO - Sync 1 DAGs
[2026-05-03T15:12:15.150+0000] {logging_mixin.py:151} INFO - [2026-05-03T15:12:15.150+0000] {dag.py:3696} INFO - Setting next_dagrun for setup_retail_pipeline to 2026-05-03T15:00:00+00:00, run_after=2026-05-03T16:00:00+00:00
[2026-05-03T15:12:15.162+0000] {processor.py:179} INFO - Processing /opt/airflow/dags/setup_retail_pipeline.py took 0.095 seconds
[2026-05-03T15:12:45.345+0000] {processor.py:157} INFO - Started process (PID=7453) to work on /opt/airflow/dags/setup_retail_pipeline.py
[2026-05-03T15:12:45.346+0000] {processor.py:829} INFO - Processing file /opt/airflow/dags/setup_retail_pipeline.py for tasks to queue
[2026-05-03T15:12:45.346+0000] {logging_mixin.py:151} INFO - [2026-05-03T15:12:45.346+0000] {dagbag.py:539} INFO - Filling up the DagBag from /opt/airflow/dags/setup_retail_pipeline.py
[2026-05-03T15:12:45.355+0000] {processor.py:839} INFO - DAG(s) dict_keys(['setup_retail_pipeline']) retrieved from /opt/airflow/dags/setup_retail_pipeline.py
[2026-05-03T15:12:45.374+0000] {logging_mixin.py:151} INFO - [2026-05-03T15:12:45.374+0000] {dag.py:2915} INFO - Sync 1 DAGs
[2026-05-03T15:12:45.387+0000] {logging_mixin.py:151} INFO - [2026-05-03T15:12:45.387+0000] {dag.py:3696} INFO - Setting next_dagrun for setup_retail_pipeline to 2026-05-03T15:00:00+00:00, run_after=2026-05-03T16:00:00+00:00
[2026-05-03T15:12:45.399+0000] {processor.py:179} INFO - Processing /opt/airflow/dags/setup_retail_pipeline.py took 0.056 seconds
[2026-05-03T15:13:15.546+0000] {processor.py:157} INFO - Started process (PID=7463) to work on /opt/airflow/dags/setup_retail_pipeline.py
[2026-05-03T15:13:15.551+0000] {processor.py:829} INFO - Processing file /opt/airflow/dags/setup_retail_pipeline.py for tasks to queue
[2026-05-03T15:13:15.552+0000] {logging_mixin.py:151} INFO - [2026-05-03T15:13:15.552+0000] {dagbag.py:539} INFO - Filling up the DagBag from /opt/airflow/dags/setup_retail_pipeline.py
[2026-05-03T15:13:15.575+0000] {processor.py:839} INFO - DAG(s) dict_keys(['setup_retail_pipeline']) retrieved from /opt/airflow/dags/setup_retail_pipeline.py
[2026-05-03T15:13:15.616+0000] {logging_mixin.py:151} INFO - [2026-05-03T15:13:15.615+0000] {dag.py:2915} INFO - Sync 1 DAGs
[2026-05-03T15:13:15.639+0000] {logging_mixin.py:151} INFO - [2026-05-03T15:13:15.638+0000] {dag.py:3696} INFO - Setting next_dagrun for setup_retail_pipeline to 2026-05-03T15:00:00+00:00, run_after=2026-05-03T16:00:00+00:00
[2026-05-03T15:13:15.655+0000] {processor.py:179} INFO - Processing /opt/airflow/dags/setup_retail_pipeline.py took 0.115 seconds
[2026-05-03T15:13:45.847+0000] {processor.py:157} INFO - Started process (PID=7473) to work on /opt/airflow/dags/setup_retail_pipeline.py
[2026-05-03T15:13:45.851+0000] {processor.py:829} INFO - Processing file /opt/airflow/dags/setup_retail_pipeline.py for tasks to queue
[2026-05-03T15:13:45.852+0000] {logging_mixin.py:151} INFO - [2026-05-03T15:13:45.852+0000] {dagbag.py:539} INFO - Filling up the DagBag from /opt/airflow/dags/setup_retail_pipeline.py
[2026-05-03T15:13:45.885+0000] {processor.py:839} INFO - DAG(s) dict_keys(['setup_retail_pipeline']) retrieved from /opt/airflow/dags/setup_retail_pipeline.py
[2026-05-03T15:13:45.959+0000] {logging_mixin.py:151} INFO - [2026-05-03T15:13:45.958+0000] {dag.py:2915} INFO - Sync 1 DAGs
[2026-05-03T15:13:45.998+0000] {logging_mixin.py:151} INFO - [2026-05-03T15:13:45.998+0000] {dag.py:3696} INFO - Setting next_dagrun for setup_retail_pipeline to 2026-05-03T15:00:00+00:00, run_after=2026-05-03T16:00:00+00:00
[2026-05-03T15:13:46.018+0000] {processor.py:179} INFO - Processing /opt/airflow/dags/setup_retail_pipeline.py took 0.174 seconds
[2026-05-03T15:14:16.149+0000] {processor.py:157} INFO - Started process (PID=7483) to work on /opt/airflow/dags/setup_retail_pipeline.py
[2026-05-03T15:14:16.152+0000] {processor.py:829} INFO - Processing file /opt/airflow/dags/setup_retail_pipeline.py for tasks to queue
[2026-05-03T15:14:16.153+0000] {logging_mixin.py:151} INFO - [2026-05-03T15:14:16.153+0000] {dagbag.py:539} INFO - Filling up the DagBag from /opt/airflow/dags/setup_retail_pipeline.py
[2026-05-03T15:14:16.173+0000] {processor.py:839} INFO - DAG(s) dict_keys(['setup_retail_pipeline']) retrieved from /opt/airflow/dags/setup_retail_pipeline.py
[2026-05-03T15:14:16.201+0000] {logging_mixin.py:151} INFO - [2026-05-03T15:14:16.201+0000] {dag.py:2915} INFO - Sync 1 DAGs
[2026-05-03T15:14:16.222+0000] {logging_mixin.py:151} INFO - [2026-05-03T15:14:16.222+0000] {dag.py:3696} INFO - Setting next_dagrun for setup_retail_pipeline to 2026-05-03T15:00:00+00:00, run_after=2026-05-03T16:00:00+00:00
[2026-05-03T15:14:16.233+0000] {processor.py:179} INFO - Processing /opt/airflow/dags/setup_retail_pipeline.py took 0.087 seconds
[2026-05-03T15:14:46.555+0000] {processor.py:157} INFO - Started process (PID=7493) to work on /opt/airflow/dags/setup_retail_pipeline.py
[2026-05-03T15:14:46.557+0000] {processor.py:829} INFO - Processing file /opt/airflow/dags/setup_retail_pipeline.py for tasks to queue
[2026-05-03T15:14:46.563+0000] {logging_mixin.py:151} INFO - [2026-05-03T15:14:46.559+0000] {dagbag.py:539} INFO - Filling up the DagBag from /opt/airflow/dags/setup_retail_pipeline.py
[2026-05-03T15:14:46.614+0000] {processor.py:839} INFO - DAG(s) dict_keys(['setup_retail_pipeline']) retrieved from /opt/airflow/dags/setup_retail_pipeline.py
[2026-05-03T15:14:46.672+0000] {logging_mixin.py:151} INFO - [2026-05-03T15:14:46.672+0000] {dag.py:2915} INFO - Sync 1 DAGs
[2026-05-03T15:14:46.699+0000] {logging_mixin.py:151} INFO - [2026-05-03T15:14:46.699+0000] {dag.py:3696} INFO - Setting next_dagrun for setup_retail_pipeline to 2026-05-03T15:00:00+00:00, run_after=2026-05-03T16:00:00+00:00
[2026-05-03T15:14:46.722+0000] {processor.py:179} INFO - Processing /opt/airflow/dags/setup_retail_pipeline.py took 0.178 seconds
[2026-05-03T15:15:16.913+0000] {processor.py:157} INFO - Started process (PID=7503) to work on /opt/airflow/dags/setup_retail_pipeline.py
[2026-05-03T15:15:16.918+0000] {processor.py:829} INFO - Processing file /opt/airflow/dags/setup_retail_pipeline.py for tasks to queue
[2026-05-03T15:15:16.919+0000] {logging_mixin.py:151} INFO - [2026-05-03T15:15:16.919+0000] {dagbag.py:539} INFO - Filling up the DagBag from /opt/airflow/dags/setup_retail_pipeline.py
[2026-05-03T15:15:16.949+0000] {processor.py:839} INFO - DAG(s) dict_keys(['setup_retail_pipeline']) retrieved from /opt/airflow/dags/setup_retail_pipeline.py
[2026-05-03T15:15:16.990+0000] {logging_mixin.py:151} INFO - [2026-05-03T15:15:16.989+0000] {dag.py:2915} INFO - Sync 1 DAGs
[2026-05-03T15:15:17.027+0000] {logging_mixin.py:151} INFO - [2026-05-03T15:15:17.026+0000] {dag.py:3696} INFO - Setting next_dagrun for setup_retail_pipeline to 2026-05-03T15:00:00+00:00, run_after=2026-05-03T16:00:00+00:00
[2026-05-03T15:15:17.071+0000] {processor.py:179} INFO - Processing /opt/airflow/dags/setup_retail_pipeline.py took 0.165 seconds
[2026-05-03T15:15:47.144+0000] {processor.py:157} INFO - Started process (PID=7513) to work on /opt/airflow/dags/setup_retail_pipeline.py
[2026-05-03T15:15:47.147+0000] {processor.py:829} INFO - Processing file /opt/airflow/dags/setup_retail_pipeline.py for tasks to queue
[2026-05-03T15:15:47.149+0000] {logging_mixin.py:151} INFO - [2026-05-03T15:15:47.148+0000] {dagbag.py:539} INFO - Filling up the DagBag from /opt/airflow/dags/setup_retail_pipeline.py
[2026-05-03T15:15:47.173+0000] {processor.py:839} INFO - DAG(s) dict_keys(['setup_retail_pipeline']) retrieved from /opt/airflow/dags/setup_retail_pipeline.py
[2026-05-03T15:15:47.218+0000] {logging_mixin.py:151} INFO - [2026-05-03T15:15:47.218+0000] {dag.py:2915} INFO - Sync 1 DAGs
[2026-05-03T15:15:47.246+0000] {logging_mixin.py:151} INFO - [2026-05-03T15:15:47.246+0000] {dag.py:3696} INFO - Setting next_dagrun for setup_retail_pipeline to 2026-05-03T15:00:00+00:00, run_after=2026-05-03T16:00:00+00:00
[2026-05-03T15:15:47.261+0000] {processor.py:179} INFO - Processing /opt/airflow/dags/setup_retail_pipeline.py took 0.124 seconds
[2026-05-03T15:16:17.410+0000] {processor.py:157} INFO - Started process (PID=7523) to work on /opt/airflow/dags/setup_retail_pipeline.py
[2026-05-03T15:16:17.413+0000] {processor.py:829} INFO - Processing file /opt/airflow/dags/setup_retail_pipeline.py for tasks to queue
[2026-05-03T15:16:17.414+0000] {logging_mixin.py:151} INFO - [2026-05-03T15:16:17.414+0000] {dagbag.py:539} INFO - Filling up the DagBag from /opt/airflow/dags/setup_retail_pipeline.py
[2026-05-03T15:16:17.447+0000] {processor.py:839} INFO - DAG(s) dict_keys(['setup_retail_pipeline']) retrieved from /opt/airflow/dags/setup_retail_pipeline.py
[2026-05-03T15:16:17.489+0000] {logging_mixin.py:151} INFO - [2026-05-03T15:16:17.489+0000] {dag.py:2915} INFO - Sync 1 DAGs
[2026-05-03T15:16:17.508+0000] {logging_mixin.py:151} INFO - [2026-05-03T15:16:17.507+0000] {dag.py:3696} INFO - Setting next_dagrun for setup_retail_pipeline to 2026-05-03T15:00:00+00:00, run_after=2026-05-03T16:00:00+00:00
[2026-05-03T15:16:17.522+0000] {processor.py:179} INFO - Processing /opt/airflow/dags/setup_retail_pipeline.py took 0.116 seconds
[2026-05-03T15:16:47.674+0000] {processor.py:157} INFO - Started process (PID=7533) to work on /opt/airflow/dags/setup_retail_pipeline.py
[2026-05-03T15:16:47.677+0000] {processor.py:829} INFO - Processing file /opt/airflow/dags/setup_retail_pipeline.py for tasks to queue
[2026-05-03T15:16:47.678+0000] {logging_mixin.py:151} INFO - [2026-05-03T15:16:47.678+0000] {dagbag.py:539} INFO - Filling up the DagBag from /opt/airflow/dags/setup_retail_pipeline.py
[2026-05-03T15:16:47.699+0000] {processor.py:839} INFO - DAG(s) dict_keys(['setup_retail_pipeline']) retrieved from /opt/airflow/dags/setup_retail_pipeline.py
[2026-05-03T15:16:47.741+0000] {logging_mixin.py:151} INFO - [2026-05-03T15:16:47.741+0000] {dag.py:2915} INFO - Sync 1 DAGs
[2026-05-03T15:16:47.763+0000] {logging_mixin.py:151} INFO - [2026-05-03T15:16:47.762+0000] {dag.py:3696} INFO - Setting next_dagrun for setup_retail_pipeline to 2026-05-03T15:00:00+00:00, run_after=2026-05-03T16:00:00+00:00
[2026-05-03T15:16:47.779+0000] {processor.py:179} INFO - Processing /opt/airflow/dags/setup_retail_pipeline.py took 0.113 seconds
[2026-05-03T15:17:17.966+0000] {processor.py:157} INFO - Started process (PID=7543) to work on /opt/airflow/dags/setup_retail_pipeline.py
[2026-05-03T15:17:17.969+0000] {processor.py:829} INFO - Processing file /opt/airflow/dags/setup_retail_pipeline.py for tasks to queue
[2026-05-03T15:17:17.970+0000] {logging_mixin.py:151} INFO - [2026-05-03T15:17:17.969+0000] {dagbag.py:539} INFO - Filling up the DagBag from /opt/airflow/dags/setup_retail_pipeline.py
[2026-05-03T15:17:17.982+0000] {processor.py:839} INFO - DAG(s) dict_keys(['setup_retail_pipeline']) retrieved from /opt/airflow/dags/setup_retail_pipeline.py
[2026-05-03T15:17:18.009+0000] {logging_mixin.py:151} INFO - [2026-05-03T15:17:18.008+0000] {dag.py:2915} INFO - Sync 1 DAGs
[2026-05-03T15:17:18.024+0000] {logging_mixin.py:151} INFO - [2026-05-03T15:17:18.024+0000] {dag.py:3696} INFO - Setting next_dagrun for setup_retail_pipeline to 2026-05-03T15:00:00+00:00, run_after=2026-05-03T16:00:00+00:00
[2026-05-03T15:17:18.036+0000] {processor.py:179} INFO - Processing /opt/airflow/dags/setup_retail_pipeline.py took 0.073 seconds
[2026-05-03T15:17:48.171+0000] {processor.py:157} INFO - Started process (PID=7553) to work on /opt/airflow/dags/setup_retail_pipeline.py
[2026-05-03T15:17:48.172+0000] {processor.py:829} INFO - Processing file /opt/airflow/dags/setup_retail_pipeline.py for tasks to queue
[2026-05-03T15:17:48.174+0000] {logging_mixin.py:151} INFO - [2026-05-03T15:17:48.173+0000] {dagbag.py:539} INFO - Filling up the DagBag from /opt/airflow/dags/setup_retail_pipeline.py
[2026-05-03T15:17:48.197+0000] {processor.py:839} INFO - DAG(s) dict_keys(['setup_retail_pipeline']) retrieved from /opt/airflow/dags/setup_retail_pipeline.py
[2026-05-03T15:17:48.237+0000] {logging_mixin.py:151} INFO - [2026-05-03T15:17:48.237+0000] {dag.py:2915} INFO - Sync 1 DAGs
[2026-05-03T15:17:48.259+0000] {logging_mixin.py:151} INFO - [2026-05-03T15:17:48.259+0000] {dag.py:3696} INFO - Setting next_dagrun for setup_retail_pipeline to 2026-05-03T15:00:00+00:00, run_after=2026-05-03T16:00:00+00:00
[2026-05-03T15:17:48.276+0000] {processor.py:179} INFO - Processing /opt/airflow/dags/setup_retail_pipeline.py took 0.109 seconds
[2026-05-03T15:18:18.394+0000] {processor.py:157} INFO - Started process (PID=7563) to work on /opt/airflow/dags/setup_retail_pipeline.py
[2026-05-03T15:18:18.397+0000] {processor.py:829} INFO - Processing file /opt/airflow/dags/setup_retail_pipeline.py for tasks to queue
[2026-05-03T15:18:18.398+0000] {logging_mixin.py:151} INFO - [2026-05-03T15:18:18.398+0000] {dagbag.py:539} INFO - Filling up the DagBag from /opt/airflow/dags/setup_retail_pipeline.py
[2026-05-03T15:18:18.415+0000] {processor.py:839} INFO - DAG(s) dict_keys(['setup_retail_pipeline']) retrieved from /opt/airflow/dags/setup_retail_pipeline.py
[2026-05-03T15:18:18.450+0000] {logging_mixin.py:151} INFO - [2026-05-03T15:18:18.450+0000] {dag.py:2915} INFO - Sync 1 DAGs
[2026-05-03T15:18:18.466+0000] {logging_mixin.py:151} INFO - [2026-05-03T15:18:18.465+0000] {dag.py:3696} INFO - Setting next_dagrun for setup_retail_pipeline to 2026-05-03T15:00:00+00:00, run_after=2026-05-03T16:00:00+00:00
[2026-05-03T15:18:18.476+0000] {processor.py:179} INFO - Processing /opt/airflow/dags/setup_retail_pipeline.py took 0.085 seconds
[2026-05-03T15:18:48.699+0000] {processor.py:157} INFO - Started process (PID=7573) to work on /opt/airflow/dags/setup_retail_pipeline.py
[2026-05-03T15:18:48.700+0000] {processor.py:829} INFO - Processing file /opt/airflow/dags/setup_retail_pipeline.py for tasks to queue
[2026-05-03T15:18:48.702+0000] {logging_mixin.py:151} INFO - [2026-05-03T15:18:48.701+0000] {dagbag.py:539} INFO - Filling up the DagBag from /opt/airflow/dags/setup_retail_pipeline.py
[2026-05-03T15:18:48.719+0000] {processor.py:839} INFO - DAG(s) dict_keys(['setup_retail_pipeline']) retrieved from /opt/airflow/dags/setup_retail_pipeline.py
[2026-05-03T15:18:48.749+0000] {logging_mixin.py:151} INFO - [2026-05-03T15:18:48.749+0000] {dag.py:2915} INFO - Sync 1 DAGs
[2026-05-03T15:18:48.770+0000] {logging_mixin.py:151} INFO - [2026-05-03T15:18:48.770+0000] {dag.py:3696} INFO - Setting next_dagrun for setup_retail_pipeline to 2026-05-03T15:00:00+00:00, run_after=2026-05-03T16:00:00+00:00
[2026-05-03T15:18:48.783+0000] {processor.py:179} INFO - Processing /opt/airflow/dags/setup_retail_pipeline.py took 0.087 seconds
[2026-05-03T15:19:19.047+0000] {processor.py:157} INFO - Started process (PID=7583) to work on /opt/airflow/dags/setup_retail_pipeline.py
[2026-05-03T15:19:19.051+0000] {processor.py:829} INFO - Processing file /opt/airflow/dags/setup_retail_pipeline.py for tasks to queue
[2026-05-03T15:19:19.052+0000] {logging_mixin.py:151} INFO - [2026-05-03T15:19:19.052+0000] {dagbag.py:539} INFO - Filling up the DagBag from /opt/airflow/dags/setup_retail_pipeline.py
[2026-05-03T15:19:19.078+0000] {processor.py:839} INFO - DAG(s) dict_keys(['setup_retail_pipeline']) retrieved from /opt/airflow/dags/setup_retail_pipeline.py
[2026-05-03T15:19:19.116+0000] {logging_mixin.py:151} INFO - [2026-05-03T15:19:19.115+0000] {dag.py:2915} INFO - Sync 1 DAGs
[2026-05-03T15:19:19.135+0000] {logging_mixin.py:151} INFO - [2026-05-03T15:19:19.135+0000] {dag.py:3696} INFO - Setting next_dagrun for setup_retail_pipeline to 2026-05-03T15:00:00+00:00, run_after=2026-05-03T16:00:00+00:00
[2026-05-03T15:19:19.153+0000] {processor.py:179} INFO - Processing /opt/airflow/dags/setup_retail_pipeline.py took 0.109 seconds
[2026-05-03T15:19:49.370+0000] {processor.py:157} INFO - Started process (PID=7593) to work on /opt/airflow/dags/setup_retail_pipeline.py
[2026-05-03T15:19:49.373+0000] {processor.py:829} INFO - Processing file /opt/airflow/dags/setup_retail_pipeline.py for tasks to queue
[2026-05-03T15:19:49.375+0000] {logging_mixin.py:151} INFO - [2026-05-03T15:19:49.374+0000] {dagbag.py:539} INFO - Filling up the DagBag from /opt/airflow/dags/setup_retail_pipeline.py
[2026-05-03T15:19:49.390+0000] {processor.py:839} INFO - DAG(s) dict_keys(['setup_retail_pipeline']) retrieved from /opt/airflow/dags/setup_retail_pipeline.py
[2026-05-03T15:19:49.414+0000] {logging_mixin.py:151} INFO - [2026-05-03T15:19:49.414+0000] {dag.py:2915} INFO - Sync 1 DAGs
[2026-05-03T15:19:49.423+0000] {logging_mixin.py:151} INFO - [2026-05-03T15:19:49.423+0000] {dag.py:3696} INFO - Setting next_dagrun for setup_retail_pipeline to 2026-05-03T15:00:00+00:00, run_after=2026-05-03T16:00:00+00:00
[2026-05-03T15:19:49.431+0000] {processor.py:179} INFO - Processing /opt/airflow/dags/setup_retail_pipeline.py took 0.065 seconds
[2026-05-03T15:20:19.638+0000] {processor.py:157} INFO - Started process (PID=7603) to work on /opt/airflow/dags/setup_retail_pipeline.py
[2026-05-03T15:20:19.643+0000] {processor.py:829} INFO - Processing file /opt/airflow/dags/setup_retail_pipeline.py for tasks to queue
[2026-05-03T15:20:19.646+0000] {logging_mixin.py:151} INFO - [2026-05-03T15:20:19.644+0000] {dagbag.py:539} INFO - Filling up the DagBag from /opt/airflow/dags/setup_retail_pipeline.py
[2026-05-03T15:20:19.660+0000] {processor.py:839} INFO - DAG(s) dict_keys(['setup_retail_pipeline']) retrieved from /opt/airflow/dags/setup_retail_pipeline.py
[2026-05-03T15:20:19.682+0000] {logging_mixin.py:151} INFO - [2026-05-03T15:20:19.682+0000] {dag.py:2915} INFO - Sync 1 DAGs
[2026-05-03T15:20:19.692+0000] {logging_mixin.py:151} INFO - [2026-05-03T15:20:19.692+0000] {dag.py:3696} INFO - Setting next_dagrun for setup_retail_pipeline to 2026-05-03T15:00:00+00:00, run_after=2026-05-03T16:00:00+00:00
[2026-05-03T15:20:19.698+0000] {processor.py:179} INFO - Processing /opt/airflow/dags/setup_retail_pipeline.py took 0.066 seconds
[2026-05-03T15:20:49.898+0000] {processor.py:157} INFO - Started process (PID=7613) to work on /opt/airflow/dags/setup_retail_pipeline.py
[2026-05-03T15:20:49.899+0000] {processor.py:829} INFO - Processing file /opt/airflow/dags/setup_retail_pipeline.py for tasks to queue
[2026-05-03T15:20:49.900+0000] {logging_mixin.py:151} INFO - [2026-05-03T15:20:49.900+0000] {dagbag.py:539} INFO - Filling up the DagBag from /opt/airflow/dags/setup_retail_pipeline.py
[2026-05-03T15:20:49.912+0000] {processor.py:839} INFO - DAG(s) dict_keys(['setup_retail_pipeline']) retrieved from /opt/airflow/dags/setup_retail_pipeline.py
[2026-05-03T15:20:49.934+0000] {logging_mixin.py:151} INFO - [2026-05-03T15:20:49.934+0000] {dag.py:2915} INFO - Sync 1 DAGs
[2026-05-03T15:20:49.944+0000] {logging_mixin.py:151} INFO - [2026-05-03T15:20:49.944+0000] {dag.py:3696} INFO - Setting next_dagrun for setup_retail_pipeline to 2026-05-03T15:00:00+00:00, run_after=2026-05-03T16:00:00+00:00
[2026-05-03T15:20:49.950+0000] {processor.py:179} INFO - Processing /opt/airflow/dags/setup_retail_pipeline.py took 0.056 seconds
[2026-05-03T15:21:20.165+0000] {processor.py:157} INFO - Started process (PID=7623) to work on /opt/airflow/dags/setup_retail_pipeline.py
[2026-05-03T15:21:20.166+0000] {processor.py:829} INFO - Processing file /opt/airflow/dags/setup_retail_pipeline.py for tasks to queue
[2026-05-03T15:21:20.166+0000] {logging_mixin.py:151} INFO - [2026-05-03T15:21:20.166+0000] {dagbag.py:539} INFO - Filling up the DagBag from /opt/airflow/dags/setup_retail_pipeline.py
[2026-05-03T15:21:20.181+0000] {processor.py:839} INFO - DAG(s) dict_keys(['setup_retail_pipeline']) retrieved from /opt/airflow/dags/setup_retail_pipeline.py
[2026-05-03T15:21:20.203+0000] {logging_mixin.py:151} INFO - [2026-05-03T15:21:20.203+0000] {dag.py:2915} INFO - Sync 1 DAGs
[2026-05-03T15:21:20.216+0000] {logging_mixin.py:151} INFO - [2026-05-03T15:21:20.216+0000] {dag.py:3696} INFO - Setting next_dagrun for setup_retail_pipeline to 2026-05-03T15:00:00+00:00, run_after=2026-05-03T16:00:00+00:00
[2026-05-03T15:21:20.222+0000] {processor.py:179} INFO - Processing /opt/airflow/dags/setup_retail_pipeline.py took 0.062 seconds
[2026-05-03T15:21:50.424+0000] {processor.py:157} INFO - Started process (PID=7633) to work on /opt/airflow/dags/setup_retail_pipeline.py
[2026-05-03T15:21:50.427+0000] {processor.py:829} INFO - Processing file /opt/airflow/dags/setup_retail_pipeline.py for tasks to queue
[2026-05-03T15:21:50.427+0000] {logging_mixin.py:151} INFO - [2026-05-03T15:21:50.427+0000] {dagbag.py:539} INFO - Filling up the DagBag from /opt/airflow/dags/setup_retail_pipeline.py
[2026-05-03T15:21:50.438+0000] {processor.py:839} INFO - DAG(s) dict_keys(['setup_retail_pipeline']) retrieved from /opt/airflow/dags/setup_retail_pipeline.py
[2026-05-03T15:21:50.459+0000] {logging_mixin.py:151} INFO - [2026-05-03T15:21:50.459+0000] {dag.py:2915} INFO - Sync 1 DAGs
[2026-05-03T15:21:50.469+0000] {logging_mixin.py:151} INFO - [2026-05-03T15:21:50.469+0000] {dag.py:3696} INFO - Setting next_dagrun for setup_retail_pipeline to 2026-05-03T15:00:00+00:00, run_after=2026-05-03T16:00:00+00:00
[2026-05-03T15:21:50.477+0000] {processor.py:179} INFO - Processing /opt/airflow/dags/setup_retail_pipeline.py took 0.057 seconds
[2026-05-03T15:22:20.739+0000] {processor.py:157} INFO - Started process (PID=7643) to work on /opt/airflow/dags/setup_retail_pipeline.py
[2026-05-03T15:22:20.743+0000] {processor.py:829} INFO - Processing file /opt/airflow/dags/setup_retail_pipeline.py for tasks to queue
[2026-05-03T15:22:20.744+0000] {logging_mixin.py:151} INFO - [2026-05-03T15:22:20.743+0000] {dagbag.py:539} INFO - Filling up the DagBag from /opt/airflow/dags/setup_retail_pipeline.py
[2026-05-03T15:22:20.758+0000] {processor.py:839} INFO - DAG(s) dict_keys(['setup_retail_pipeline']) retrieved from /opt/airflow/dags/setup_retail_pipeline.py
[2026-05-03T15:22:20.781+0000] {logging_mixin.py:151} INFO - [2026-05-03T15:22:20.781+0000] {dag.py:2915} INFO - Sync 1 DAGs
[2026-05-03T15:22:20.792+0000] {logging_mixin.py:151} INFO - [2026-05-03T15:22:20.792+0000] {dag.py:3696} INFO - Setting next_dagrun for setup_retail_pipeline to 2026-05-03T15:00:00+00:00, run_after=2026-05-03T16:00:00+00:00
[2026-05-03T15:22:20.798+0000] {processor.py:179} INFO - Processing /opt/airflow/dags/setup_retail_pipeline.py took 0.063 seconds
[2026-05-03T15:22:50.996+0000] {processor.py:157} INFO - Started process (PID=7653) to work on /opt/airflow/dags/setup_retail_pipeline.py
[2026-05-03T15:22:50.997+0000] {processor.py:829} INFO - Processing file /opt/airflow/dags/setup_retail_pipeline.py for tasks to queue
[2026-05-03T15:22:50.998+0000] {logging_mixin.py:151} INFO - [2026-05-03T15:22:50.998+0000] {dagbag.py:539} INFO - Filling up the DagBag from /opt/airflow/dags/setup_retail_pipeline.py
[2026-05-03T15:22:51.010+0000] {processor.py:839} INFO - DAG(s) dict_keys(['setup_retail_pipeline']) retrieved from /opt/airflow/dags/setup_retail_pipeline.py
[2026-05-03T15:22:51.030+0000] {logging_mixin.py:151} INFO - [2026-05-03T15:22:51.030+0000] {dag.py:2915} INFO - Sync 1 DAGs
[2026-05-03T15:22:51.043+0000] {logging_mixin.py:151} INFO - [2026-05-03T15:22:51.043+0000] {dag.py:3696} INFO - Setting next_dagrun for setup_retail_pipeline to 2026-05-03T15:00:00+00:00, run_after=2026-05-03T16:00:00+00:00
[2026-05-03T15:22:51.049+0000] {processor.py:179} INFO - Processing /opt/airflow/dags/setup_retail_pipeline.py took 0.058 seconds
[2026-05-03T15:23:21.343+0000] {processor.py:157} INFO - Started process (PID=7663) to work on /opt/airflow/dags/setup_retail_pipeline.py
[2026-05-03T15:23:21.344+0000] {processor.py:829} INFO - Processing file /opt/airflow/dags/setup_retail_pipeline.py for tasks to queue
[2026-05-03T15:23:21.345+0000] {logging_mixin.py:151} INFO - [2026-05-03T15:23:21.344+0000] {dagbag.py:539} INFO - Filling up the DagBag from /opt/airflow/dags/setup_retail_pipeline.py
[2026-05-03T15:23:21.356+0000] {processor.py:839} INFO - DAG(s) dict_keys(['setup_retail_pipeline']) retrieved from /opt/airflow/dags/setup_retail_pipeline.py
[2026-05-03T15:23:21.377+0000] {logging_mixin.py:151} INFO - [2026-05-03T15:23:21.376+0000] {dag.py:2915} INFO - Sync 1 DAGs
[2026-05-03T15:23:21.389+0000] {logging_mixin.py:151} INFO - [2026-05-03T15:23:21.389+0000] {dag.py:3696} INFO - Setting next_dagrun for setup_retail_pipeline to 2026-05-03T15:00:00+00:00, run_after=2026-05-03T16:00:00+00:00
[2026-05-03T15:23:21.395+0000] {processor.py:179} INFO - Processing /opt/airflow/dags/setup_retail_pipeline.py took 0.056 seconds
[2026-05-03T15:23:51.650+0000] {processor.py:157} INFO - Started process (PID=7673) to work on /opt/airflow/dags/setup_retail_pipeline.py
[2026-05-03T15:23:51.651+0000] {processor.py:829} INFO - Processing file /opt/airflow/dags/setup_retail_pipeline.py for tasks to queue
[2026-05-03T15:23:51.652+0000] {logging_mixin.py:151} INFO - [2026-05-03T15:23:51.652+0000] {dagbag.py:539} INFO - Filling up the DagBag from /opt/airflow/dags/setup_retail_pipeline.py
[2026-05-03T15:23:51.664+0000] {processor.py:839} INFO - DAG(s) dict_keys(['setup_retail_pipeline']) retrieved from /opt/airflow/dags/setup_retail_pipeline.py
[2026-05-03T15:23:51.684+0000] {logging_mixin.py:151} INFO - [2026-05-03T15:23:51.684+0000] {dag.py:2915} INFO - Sync 1 DAGs
[2026-05-03T15:23:51.695+0000] {logging_mixin.py:151} INFO - [2026-05-03T15:23:51.695+0000] {dag.py:3696} INFO - Setting next_dagrun for setup_retail_pipeline to 2026-05-03T15:00:00+00:00, run_after=2026-05-03T16:00:00+00:00
[2026-05-03T15:23:51.702+0000] {processor.py:179} INFO - Processing /opt/airflow/dags/setup_retail_pipeline.py took 0.055 seconds
[2026-05-03T15:24:21.891+0000] {processor.py:157} INFO - Started process (PID=7683) to work on /opt/airflow/dags/setup_retail_pipeline.py
[2026-05-03T15:24:21.894+0000] {processor.py:829} INFO - Processing file /opt/airflow/dags/setup_retail_pipeline.py for tasks to queue
[2026-05-03T15:24:21.895+0000] {logging_mixin.py:151} INFO - [2026-05-03T15:24:21.895+0000] {dagbag.py:539} INFO - Filling up the DagBag from /opt/airflow/dags/setup_retail_pipeline.py
[2026-05-03T15:24:21.906+0000] {processor.py:839} INFO - DAG(s) dict_keys(['setup_retail_pipeline']) retrieved from /opt/airflow/dags/setup_retail_pipeline.py
[2026-05-03T15:24:21.926+0000] {logging_mixin.py:151} INFO - [2026-05-03T15:24:21.926+0000] {dag.py:2915} INFO - Sync 1 DAGs
[2026-05-03T15:24:21.937+0000] {logging_mixin.py:151} INFO - [2026-05-03T15:24:21.937+0000] {dag.py:3696} INFO - Setting next_dagrun for setup_retail_pipeline to 2026-05-03T15:00:00+00:00, run_after=2026-05-03T16:00:00+00:00
[2026-05-03T15:24:21.943+0000] {processor.py:179} INFO - Processing /opt/airflow/dags/setup_retail_pipeline.py took 0.056 seconds
[2026-05-03T15:24:52.121+0000] {processor.py:157} INFO - Started process (PID=7693) to work on /opt/airflow/dags/setup_retail_pipeline.py
[2026-05-03T15:24:52.122+0000] {processor.py:829} INFO - Processing file /opt/airflow/dags/setup_retail_pipeline.py for tasks to queue
[2026-05-03T15:24:52.123+0000] {logging_mixin.py:151} INFO - [2026-05-03T15:24:52.122+0000] {dagbag.py:539} INFO - Filling up the DagBag from /opt/airflow/dags/setup_retail_pipeline.py
[2026-05-03T15:24:52.136+0000] {processor.py:839} INFO - DAG(s) dict_keys(['setup_retail_pipeline']) retrieved from /opt/airflow/dags/setup_retail_pipeline.py
[2026-05-03T15:24:52.155+0000] {logging_mixin.py:151} INFO - [2026-05-03T15:24:52.155+0000] {dag.py:2915} INFO - Sync 1 DAGs
[2026-05-03T15:24:52.166+0000] {logging_mixin.py:151} INFO - [2026-05-03T15:24:52.166+0000] {dag.py:3696} INFO - Setting next_dagrun for setup_retail_pipeline to 2026-05-03T15:00:00+00:00, run_after=2026-05-03T16:00:00+00:00
[2026-05-03T15:24:52.174+0000] {processor.py:179} INFO - Processing /opt/airflow/dags/setup_retail_pipeline.py took 0.057 seconds
[2026-05-03T15:25:22.396+0000] {processor.py:157} INFO - Started process (PID=7703) to work on /opt/airflow/dags/setup_retail_pipeline.py
[2026-05-03T15:25:22.396+0000] {processor.py:829} INFO - Processing file /opt/airflow/dags/setup_retail_pipeline.py for tasks to queue
[2026-05-03T15:25:22.397+0000] {logging_mixin.py:151} INFO - [2026-05-03T15:25:22.397+0000] {dagbag.py:539} INFO - Filling up the DagBag from /opt/airflow/dags/setup_retail_pipeline.py
[2026-05-03T15:25:22.410+0000] {processor.py:839} INFO - DAG(s) dict_keys(['setup_retail_pipeline']) retrieved from /opt/airflow/dags/setup_retail_pipeline.py
[2026-05-03T15:25:22.428+0000] {logging_mixin.py:151} INFO - [2026-05-03T15:25:22.428+0000] {dag.py:2915} INFO - Sync 1 DAGs
[2026-05-03T15:25:22.440+0000] {logging_mixin.py:151} INFO - [2026-05-03T15:25:22.440+0000] {dag.py:3696} INFO - Setting next_dagrun for setup_retail_pipeline to 2026-05-03T15:00:00+00:00, run_after=2026-05-03T16:00:00+00:00
[2026-05-03T15:25:22.448+0000] {processor.py:179} INFO - Processing /opt/airflow/dags/setup_retail_pipeline.py took 0.055 seconds
[2026-05-03T15:25:52.669+0000] {processor.py:157} INFO - Started process (PID=7713) to work on /opt/airflow/dags/setup_retail_pipeline.py
[2026-05-03T15:25:52.670+0000] {processor.py:829} INFO - Processing file /opt/airflow/dags/setup_retail_pipeline.py for tasks to queue
[2026-05-03T15:25:52.670+0000] {logging_mixin.py:151} INFO - [2026-05-03T15:25:52.670+0000] {dagbag.py:539} INFO - Filling up the DagBag from /opt/airflow/dags/setup_retail_pipeline.py
[2026-05-03T15:25:52.681+0000] {processor.py:839} INFO - DAG(s) dict_keys(['setup_retail_pipeline']) retrieved from /opt/airflow/dags/setup_retail_pipeline.py
[2026-05-03T15:25:52.699+0000] {logging_mixin.py:151} INFO - [2026-05-03T15:25:52.699+0000] {dag.py:2915} INFO - Sync 1 DAGs
[2026-05-03T15:25:52.712+0000] {logging_mixin.py:151} INFO - [2026-05-03T15:25:52.712+0000] {dag.py:3696} INFO - Setting next_dagrun for setup_retail_pipeline to 2026-05-03T15:00:00+00:00, run_after=2026-05-03T16:00:00+00:00
[2026-05-03T15:25:52.721+0000] {processor.py:179} INFO - Processing /opt/airflow/dags/setup_retail_pipeline.py took 0.055 seconds
[2026-05-03T15:26:22.899+0000] {processor.py:157} INFO - Started process (PID=7723) to work on /opt/airflow/dags/setup_retail_pipeline.py
[2026-05-03T15:26:22.900+0000] {processor.py:829} INFO - Processing file /opt/airflow/dags/setup_retail_pipeline.py for tasks to queue
[2026-05-03T15:26:22.901+0000] {logging_mixin.py:151} INFO - [2026-05-03T15:26:22.900+0000] {dagbag.py:539} INFO - Filling up the DagBag from /opt/airflow/dags/setup_retail_pipeline.py
[2026-05-03T15:26:22.912+0000] {processor.py:839} INFO - DAG(s) dict_keys(['setup_retail_pipeline']) retrieved from /opt/airflow/dags/setup_retail_pipeline.py
[2026-05-03T15:26:22.931+0000] {logging_mixin.py:151} INFO - [2026-05-03T15:26:22.931+0000] {dag.py:2915} INFO - Sync 1 DAGs
[2026-05-03T15:26:22.941+0000] {logging_mixin.py:151} INFO - [2026-05-03T15:26:22.941+0000] {dag.py:3696} INFO - Setting next_dagrun for setup_retail_pipeline to 2026-05-03T15:00:00+00:00, run_after=2026-05-03T16:00:00+00:00
[2026-05-03T15:26:22.950+0000] {processor.py:179} INFO - Processing /opt/airflow/dags/setup_retail_pipeline.py took 0.054 seconds
[2026-05-03T15:26:53.157+0000] {processor.py:157} INFO - Started process (PID=7733) to work on /opt/airflow/dags/setup_retail_pipeline.py
[2026-05-03T15:26:53.158+0000] {processor.py:829} INFO - Processing file /opt/airflow/dags/setup_retail_pipeline.py for tasks to queue
[2026-05-03T15:26:53.159+0000] {logging_mixin.py:151} INFO - [2026-05-03T15:26:53.159+0000] {dagbag.py:539} INFO - Filling up the DagBag from /opt/airflow/dags/setup_retail_pipeline.py
[2026-05-03T15:26:53.175+0000] {processor.py:839} INFO - DAG(s) dict_keys(['setup_retail_pipeline']) retrieved from /opt/airflow/dags/setup_retail_pipeline.py
[2026-05-03T15:26:53.198+0000] {logging_mixin.py:151} INFO - [2026-05-03T15:26:53.198+0000] {dag.py:2915} INFO - Sync 1 DAGs
[2026-05-03T15:26:53.210+0000] {logging_mixin.py:151} INFO - [2026-05-03T15:26:53.209+0000] {dag.py:3696} INFO - Setting next_dagrun for setup_retail_pipeline to 2026-05-03T15:00:00+00:00, run_after=2026-05-03T16:00:00+00:00
[2026-05-03T15:26:53.218+0000] {processor.py:179} INFO - Processing /opt/airflow/dags/setup_retail_pipeline.py took 0.064 seconds
[2026-05-03T15:27:23.424+0000] {processor.py:157} INFO - Started process (PID=7743) to work on /opt/airflow/dags/setup_retail_pipeline.py
[2026-05-03T15:27:23.425+0000] {processor.py:829} INFO - Processing file /opt/airflow/dags/setup_retail_pipeline.py for tasks to queue
[2026-05-03T15:27:23.426+0000] {logging_mixin.py:151} INFO - [2026-05-03T15:27:23.426+0000] {dagbag.py:539} INFO - Filling up the DagBag from /opt/airflow/dags/setup_retail_pipeline.py
[2026-05-03T15:27:23.440+0000] {processor.py:839} INFO - DAG(s) dict_keys(['setup_retail_pipeline']) retrieved from /opt/airflow/dags/setup_retail_pipeline.py
[2026-05-03T15:27:23.460+0000] {logging_mixin.py:151} INFO - [2026-05-03T15:27:23.460+0000] {dag.py:2915} INFO - Sync 1 DAGs
[2026-05-03T15:27:23.471+0000] {logging_mixin.py:151} INFO - [2026-05-03T15:27:23.471+0000] {dag.py:3696} INFO - Setting next_dagrun for setup_retail_pipeline to 2026-05-03T15:00:00+00:00, run_after=2026-05-03T16:00:00+00:00
[2026-05-03T15:27:23.479+0000] {processor.py:179} INFO - Processing /opt/airflow/dags/setup_retail_pipeline.py took 0.060 seconds
[2026-05-03T15:27:53.709+0000] {processor.py:157} INFO - Started process (PID=7753) to work on /opt/airflow/dags/setup_retail_pipeline.py
[2026-05-03T15:27:53.710+0000] {processor.py:829} INFO - Processing file /opt/airflow/dags/setup_retail_pipeline.py for tasks to queue
[2026-05-03T15:27:53.711+0000] {logging_mixin.py:151} INFO - [2026-05-03T15:27:53.710+0000] {dagbag.py:539} INFO - Filling up the DagBag from /opt/airflow/dags/setup_retail_pipeline.py
[2026-05-03T15:27:53.725+0000] {processor.py:839} INFO - DAG(s) dict_keys(['setup_retail_pipeline']) retrieved from /opt/airflow/dags/setup_retail_pipeline.py
[2026-05-03T15:27:53.743+0000] {logging_mixin.py:151} INFO - [2026-05-03T15:27:53.743+0000] {dag.py:2915} INFO - Sync 1 DAGs
[2026-05-03T15:27:53.753+0000] {logging_mixin.py:151} INFO - [2026-05-03T15:27:53.753+0000] {dag.py:3696} INFO - Setting next_dagrun for setup_retail_pipeline to 2026-05-03T15:00:00+00:00, run_after=2026-05-03T16:00:00+00:00
[2026-05-03T15:27:53.760+0000] {processor.py:179} INFO - Processing /opt/airflow/dags/setup_retail_pipeline.py took 0.055 seconds
[2026-05-03T15:28:23.950+0000] {processor.py:157} INFO - Started process (PID=7763) to work on /opt/airflow/dags/setup_retail_pipeline.py
[2026-05-03T15:28:23.951+0000] {processor.py:829} INFO - Processing file /opt/airflow/dags/setup_retail_pipeline.py for tasks to queue
[2026-05-03T15:28:23.951+0000] {logging_mixin.py:151} INFO - [2026-05-03T15:28:23.951+0000] {dagbag.py:539} INFO - Filling up the DagBag from /opt/airflow/dags/setup_retail_pipeline.py
[2026-05-03T15:28:23.959+0000] {processor.py:839} INFO - DAG(s) dict_keys(['setup_retail_pipeline']) retrieved from /opt/airflow/dags/setup_retail_pipeline.py
[2026-05-03T15:28:23.972+0000] {logging_mixin.py:151} INFO - [2026-05-03T15:28:23.972+0000] {dag.py:2915} INFO - Sync 1 DAGs
[2026-05-03T15:28:23.981+0000] {logging_mixin.py:151} INFO - [2026-05-03T15:28:23.981+0000] {dag.py:3696} INFO - Setting next_dagrun for setup_retail_pipeline to 2026-05-03T15:00:00+00:00, run_after=2026-05-03T16:00:00+00:00
[2026-05-03T15:28:23.987+0000] {processor.py:179} INFO - Processing /opt/airflow/dags/setup_retail_pipeline.py took 0.039 seconds
[2026-05-03T15:28:54.216+0000] {processor.py:157} INFO - Started process (PID=7773) to work on /opt/airflow/dags/setup_retail_pipeline.py
[2026-05-03T15:28:54.219+0000] {processor.py:829} INFO - Processing file /opt/airflow/dags/setup_retail_pipeline.py for tasks to queue
[2026-05-03T15:28:54.219+0000] {logging_mixin.py:151} INFO - [2026-05-03T15:28:54.219+0000] {dagbag.py:539} INFO - Filling up the DagBag from /opt/airflow/dags/setup_retail_pipeline.py
[2026-05-03T15:28:54.231+0000] {processor.py:839} INFO - DAG(s) dict_keys(['setup_retail_pipeline']) retrieved from /opt/airflow/dags/setup_retail_pipeline.py
[2026-05-03T15:28:54.248+0000] {logging_mixin.py:151} INFO - [2026-05-03T15:28:54.248+0000] {dag.py:2915} INFO - Sync 1 DAGs
[2026-05-03T15:28:54.259+0000] {logging_mixin.py:151} INFO - [2026-05-03T15:28:54.258+0000] {dag.py:3696} INFO - Setting next_dagrun for setup_retail_pipeline to 2026-05-03T15:00:00+00:00, run_after=2026-05-03T16:00:00+00:00
[2026-05-03T15:28:54.266+0000] {processor.py:179} INFO - Processing /opt/airflow/dags/setup_retail_pipeline.py took 0.053 seconds
[2026-05-03T15:29:24.455+0000] {processor.py:157} INFO - Started process (PID=7783) to work on /opt/airflow/dags/setup_retail_pipeline.py
[2026-05-03T15:29:24.455+0000] {processor.py:829} INFO - Processing file /opt/airflow/dags/setup_retail_pipeline.py for tasks to queue
[2026-05-03T15:29:24.456+0000] {logging_mixin.py:151} INFO - [2026-05-03T15:29:24.456+0000] {dagbag.py:539} INFO - Filling up the DagBag from /opt/airflow/dags/setup_retail_pipeline.py
[2026-05-03T15:29:24.466+0000] {processor.py:839} INFO - DAG(s) dict_keys(['setup_retail_pipeline']) retrieved from /opt/airflow/dags/setup_retail_pipeline.py
[2026-05-03T15:29:24.485+0000] {logging_mixin.py:151} INFO - [2026-05-03T15:29:24.485+0000] {dag.py:2915} INFO - Sync 1 DAGs
[2026-05-03T15:29:24.500+0000] {logging_mixin.py:151} INFO - [2026-05-03T15:29:24.500+0000] {dag.py:3696} INFO - Setting next_dagrun for setup_retail_pipeline to 2026-05-03T15:00:00+00:00, run_after=2026-05-03T16:00:00+00:00
[2026-05-03T15:29:24.507+0000] {processor.py:179} INFO - Processing /opt/airflow/dags/setup_retail_pipeline.py took 0.055 seconds
[2026-05-03T15:29:54.759+0000] {processor.py:157} INFO - Started process (PID=7793) to work on /opt/airflow/dags/setup_retail_pipeline.py
[2026-05-03T15:29:54.762+0000] {processor.py:829} INFO - Processing file /opt/airflow/dags/setup_retail_pipeline.py for tasks to queue
[2026-05-03T15:29:54.763+0000] {logging_mixin.py:151} INFO - [2026-05-03T15:29:54.762+0000] {dagbag.py:539} INFO - Filling up the DagBag from /opt/airflow/dags/setup_retail_pipeline.py
[2026-05-03T15:29:54.774+0000] {processor.py:839} INFO - DAG(s) dict_keys(['setup_retail_pipeline']) retrieved from /opt/airflow/dags/setup_retail_pipeline.py
[2026-05-03T15:29:54.794+0000] {logging_mixin.py:151} INFO - [2026-05-03T15:29:54.794+0000] {dag.py:2915} INFO - Sync 1 DAGs
[2026-05-03T15:29:54.804+0000] {logging_mixin.py:151} INFO - [2026-05-03T15:29:54.804+0000] {dag.py:3696} INFO - Setting next_dagrun for setup_retail_pipeline to 2026-05-03T15:00:00+00:00, run_after=2026-05-03T16:00:00+00:00
[2026-05-03T15:29:54.810+0000] {processor.py:179} INFO - Processing /opt/airflow/dags/setup_retail_pipeline.py took 0.056 seconds
[2026-05-03T15:30:25.002+0000] {processor.py:157} INFO - Started process (PID=7828) to work on /opt/airflow/dags/setup_retail_pipeline.py
[2026-05-03T15:30:25.005+0000] {processor.py:829} INFO - Processing file /opt/airflow/dags/setup_retail_pipeline.py for tasks to queue
[2026-05-03T15:30:25.006+0000] {logging_mixin.py:151} INFO - [2026-05-03T15:30:25.006+0000] {dagbag.py:539} INFO - Filling up the DagBag from /opt/airflow/dags/setup_retail_pipeline.py
[2026-05-03T15:30:25.017+0000] {processor.py:839} INFO - DAG(s) dict_keys(['setup_retail_pipeline']) retrieved from /opt/airflow/dags/setup_retail_pipeline.py
[2026-05-03T15:30:25.041+0000] {logging_mixin.py:151} INFO - [2026-05-03T15:30:25.041+0000] {dag.py:2915} INFO - Sync 1 DAGs
[2026-05-03T15:30:25.052+0000] {logging_mixin.py:151} INFO - [2026-05-03T15:30:25.052+0000] {dag.py:3696} INFO - Setting next_dagrun for setup_retail_pipeline to 2026-05-03T15:00:00+00:00, run_after=2026-05-03T16:00:00+00:00
[2026-05-03T15:30:25.058+0000] {processor.py:179} INFO - Processing /opt/airflow/dags/setup_retail_pipeline.py took 0.062 seconds
[2026-05-03T15:30:55.275+0000] {processor.py:157} INFO - Started process (PID=7838) to work on /opt/airflow/dags/setup_retail_pipeline.py
[2026-05-03T15:30:55.277+0000] {processor.py:829} INFO - Processing file /opt/airflow/dags/setup_retail_pipeline.py for tasks to queue
[2026-05-03T15:30:55.277+0000] {logging_mixin.py:151} INFO - [2026-05-03T15:30:55.277+0000] {dagbag.py:539} INFO - Filling up the DagBag from /opt/airflow/dags/setup_retail_pipeline.py
[2026-05-03T15:30:55.290+0000] {processor.py:839} INFO - DAG(s) dict_keys(['setup_retail_pipeline']) retrieved from /opt/airflow/dags/setup_retail_pipeline.py
[2026-05-03T15:30:55.312+0000] {logging_mixin.py:151} INFO - [2026-05-03T15:30:55.312+0000] {dag.py:2915} INFO - Sync 1 DAGs
[2026-05-03T15:30:55.322+0000] {logging_mixin.py:151} INFO - [2026-05-03T15:30:55.322+0000] {dag.py:3696} INFO - Setting next_dagrun for setup_retail_pipeline to 2026-05-03T15:00:00+00:00, run_after=2026-05-03T16:00:00+00:00
[2026-05-03T15:30:55.329+0000] {processor.py:179} INFO - Processing /opt/airflow/dags/setup_retail_pipeline.py took 0.060 seconds
[2026-05-03T15:31:25.578+0000] {processor.py:157} INFO - Started process (PID=7848) to work on /opt/airflow/dags/setup_retail_pipeline.py
[2026-05-03T15:31:25.581+0000] {processor.py:829} INFO - Processing file /opt/airflow/dags/setup_retail_pipeline.py for tasks to queue
[2026-05-03T15:31:25.582+0000] {logging_mixin.py:151} INFO - [2026-05-03T15:31:25.582+0000] {dagbag.py:539} INFO - Filling up the DagBag from /opt/airflow/dags/setup_retail_pipeline.py
[2026-05-03T15:31:25.589+0000] {processor.py:839} INFO - DAG(s) dict_keys(['setup_retail_pipeline']) retrieved from /opt/airflow/dags/setup_retail_pipeline.py
[2026-05-03T15:31:25.605+0000] {logging_mixin.py:151} INFO - [2026-05-03T15:31:25.605+0000] {dag.py:2915} INFO - Sync 1 DAGs
[2026-05-03T15:31:25.615+0000] {logging_mixin.py:151} INFO - [2026-05-03T15:31:25.615+0000] {dag.py:3696} INFO - Setting next_dagrun for setup_retail_pipeline to 2026-05-03T15:00:00+00:00, run_after=2026-05-03T16:00:00+00:00
[2026-05-03T15:31:25.621+0000] {processor.py:179} INFO - Processing /opt/airflow/dags/setup_retail_pipeline.py took 0.047 seconds
[2026-05-03T15:31:55.791+0000] {processor.py:157} INFO - Started process (PID=7858) to work on /opt/airflow/dags/setup_retail_pipeline.py
[2026-05-03T15:31:55.792+0000] {processor.py:829} INFO - Processing file /opt/airflow/dags/setup_retail_pipeline.py for tasks to queue
[2026-05-03T15:31:55.793+0000] {logging_mixin.py:151} INFO - [2026-05-03T15:31:55.793+0000] {dagbag.py:539} INFO - Filling up the DagBag from /opt/airflow/dags/setup_retail_pipeline.py
[2026-05-03T15:31:55.803+0000] {processor.py:839} INFO - DAG(s) dict_keys(['setup_retail_pipeline']) retrieved from /opt/airflow/dags/setup_retail_pipeline.py
[2026-05-03T15:31:55.822+0000] {logging_mixin.py:151} INFO - [2026-05-03T15:31:55.822+0000] {dag.py:2915} INFO - Sync 1 DAGs
[2026-05-03T15:31:55.833+0000] {logging_mixin.py:151} INFO - [2026-05-03T15:31:55.833+0000] {dag.py:3696} INFO - Setting next_dagrun for setup_retail_pipeline to 2026-05-03T15:00:00+00:00, run_after=2026-05-03T16:00:00+00:00
[2026-05-03T15:31:55.840+0000] {processor.py:179} INFO - Processing /opt/airflow/dags/setup_retail_pipeline.py took 0.052 seconds
[2026-05-03T15:32:26.093+0000] {processor.py:157} INFO - Started process (PID=7868) to work on /opt/airflow/dags/setup_retail_pipeline.py
[2026-05-03T15:32:26.094+0000] {processor.py:829} INFO - Processing file /opt/airflow/dags/setup_retail_pipeline.py for tasks to queue
[2026-05-03T15:32:26.094+0000] {logging_mixin.py:151} INFO - [2026-05-03T15:32:26.094+0000] {dagbag.py:539} INFO - Filling up the DagBag from /opt/airflow/dags/setup_retail_pipeline.py
[2026-05-03T15:32:26.105+0000] {processor.py:839} INFO - DAG(s) dict_keys(['setup_retail_pipeline']) retrieved from /opt/airflow/dags/setup_retail_pipeline.py
[2026-05-03T15:32:26.123+0000] {logging_mixin.py:151} INFO - [2026-05-03T15:32:26.123+0000] {dag.py:2915} INFO - Sync 1 DAGs
[2026-05-03T15:32:26.133+0000] {logging_mixin.py:151} INFO - [2026-05-03T15:32:26.133+0000] {dag.py:3696} INFO - Setting next_dagrun for setup_retail_pipeline to 2026-05-03T15:00:00+00:00, run_after=2026-05-03T16:00:00+00:00
[2026-05-03T15:32:26.140+0000] {processor.py:179} INFO - Processing /opt/airflow/dags/setup_retail_pipeline.py took 0.052 seconds
[2026-05-03T15:32:56.479+0000] {processor.py:157} INFO - Started process (PID=7878) to work on /opt/airflow/dags/setup_retail_pipeline.py
[2026-05-03T15:32:56.480+0000] {processor.py:829} INFO - Processing file /opt/airflow/dags/setup_retail_pipeline.py for tasks to queue
[2026-05-03T15:32:56.481+0000] {logging_mixin.py:151} INFO - [2026-05-03T15:32:56.481+0000] {dagbag.py:539} INFO - Filling up the DagBag from /opt/airflow/dags/setup_retail_pipeline.py
[2026-05-03T15:32:56.493+0000] {processor.py:839} INFO - DAG(s) dict_keys(['setup_retail_pipeline']) retrieved from /opt/airflow/dags/setup_retail_pipeline.py
[2026-05-03T15:32:56.516+0000] {logging_mixin.py:151} INFO - [2026-05-03T15:32:56.516+0000] {dag.py:2915} INFO - Sync 1 DAGs
[2026-05-03T15:32:56.525+0000] {logging_mixin.py:151} INFO - [2026-05-03T15:32:56.525+0000] {dag.py:3696} INFO - Setting next_dagrun for setup_retail_pipeline to 2026-05-03T15:00:00+00:00, run_after=2026-05-03T16:00:00+00:00
[2026-05-03T15:32:56.531+0000] {processor.py:179} INFO - Processing /opt/airflow/dags/setup_retail_pipeline.py took 0.057 seconds
[2026-05-03T15:33:26.748+0000] {processor.py:157} INFO - Started process (PID=7888) to work on /opt/airflow/dags/setup_retail_pipeline.py
[2026-05-03T15:33:26.749+0000] {processor.py:829} INFO - Processing file /opt/airflow/dags/setup_retail_pipeline.py for tasks to queue
[2026-05-03T15:33:26.750+0000] {logging_mixin.py:151} INFO - [2026-05-03T15:33:26.750+0000] {dagbag.py:539} INFO - Filling up the DagBag from /opt/airflow/dags/setup_retail_pipeline.py
[2026-05-03T15:33:26.761+0000] {processor.py:839} INFO - DAG(s) dict_keys(['setup_retail_pipeline']) retrieved from /opt/airflow/dags/setup_retail_pipeline.py
[2026-05-03T15:33:26.785+0000] {logging_mixin.py:151} INFO - [2026-05-03T15:33:26.785+0000] {dag.py:2915} INFO - Sync 1 DAGs
[2026-05-03T15:33:26.796+0000] {logging_mixin.py:151} INFO - [2026-05-03T15:33:26.796+0000] {dag.py:3696} INFO - Setting next_dagrun for setup_retail_pipeline to 2026-05-03T15:00:00+00:00, run_after=2026-05-03T16:00:00+00:00
[2026-05-03T15:33:26.802+0000] {processor.py:179} INFO - Processing /opt/airflow/dags/setup_retail_pipeline.py took 0.059 seconds
[2026-05-03T15:33:57.017+0000] {processor.py:157} INFO - Started process (PID=7898) to work on /opt/airflow/dags/setup_retail_pipeline.py
[2026-05-03T15:33:57.019+0000] {processor.py:829} INFO - Processing file /opt/airflow/dags/setup_retail_pipeline.py for tasks to queue
[2026-05-03T15:33:57.020+0000] {logging_mixin.py:151} INFO - [2026-05-03T15:33:57.019+0000] {dagbag.py:539} INFO - Filling up the DagBag from /opt/airflow/dags/setup_retail_pipeline.py
[2026-05-03T15:33:57.038+0000] {processor.py:839} INFO - DAG(s) dict_keys(['setup_retail_pipeline']) retrieved from /opt/airflow/dags/setup_retail_pipeline.py
[2026-05-03T15:33:57.059+0000] {logging_mixin.py:151} INFO - [2026-05-03T15:33:57.059+0000] {dag.py:2915} INFO - Sync 1 DAGs
[2026-05-03T15:33:57.069+0000] {logging_mixin.py:151} INFO - [2026-05-03T15:33:57.069+0000] {dag.py:3696} INFO - Setting next_dagrun for setup_retail_pipeline to 2026-05-03T15:00:00+00:00, run_after=2026-05-03T16:00:00+00:00
[2026-05-03T15:33:57.075+0000] {processor.py:179} INFO - Processing /opt/airflow/dags/setup_retail_pipeline.py took 0.065 seconds
[2026-05-03T15:34:27.263+0000] {processor.py:157} INFO - Started process (PID=7908) to work on /opt/airflow/dags/setup_retail_pipeline.py
[2026-05-03T15:34:27.264+0000] {processor.py:829} INFO - Processing file /opt/airflow/dags/setup_retail_pipeline.py for tasks to queue
[2026-05-03T15:34:27.265+0000] {logging_mixin.py:151} INFO - [2026-05-03T15:34:27.264+0000] {dagbag.py:539} INFO - Filling up the DagBag from /opt/airflow/dags/setup_retail_pipeline.py
[2026-05-03T15:34:27.277+0000] {processor.py:839} INFO - DAG(s) dict_keys(['setup_retail_pipeline']) retrieved from /opt/airflow/dags/setup_retail_pipeline.py
[2026-05-03T15:34:27.299+0000] {logging_mixin.py:151} INFO - [2026-05-03T15:34:27.299+0000] {dag.py:2915} INFO - Sync 1 DAGs
[2026-05-03T15:34:27.310+0000] {logging_mixin.py:151} INFO - [2026-05-03T15:34:27.310+0000] {dag.py:3696} INFO - Setting next_dagrun for setup_retail_pipeline to 2026-05-03T15:00:00+00:00, run_after=2026-05-03T16:00:00+00:00
[2026-05-03T15:34:27.316+0000] {processor.py:179} INFO - Processing /opt/airflow/dags/setup_retail_pipeline.py took 0.057 seconds
[2026-05-03T15:34:57.532+0000] {processor.py:157} INFO - Started process (PID=7918) to work on /opt/airflow/dags/setup_retail_pipeline.py
[2026-05-03T15:34:57.534+0000] {processor.py:829} INFO - Processing file /opt/airflow/dags/setup_retail_pipeline.py for tasks to queue
[2026-05-03T15:34:57.535+0000] {logging_mixin.py:151} INFO - [2026-05-03T15:34:57.535+0000] {dagbag.py:539} INFO - Filling up the DagBag from /opt/airflow/dags/setup_retail_pipeline.py
[2026-05-03T15:34:57.546+0000] {processor.py:839} INFO - DAG(s) dict_keys(['setup_retail_pipeline']) retrieved from /opt/airflow/dags/setup_retail_pipeline.py
[2026-05-03T15:34:57.568+0000] {logging_mixin.py:151} INFO - [2026-05-03T15:34:57.568+0000] {dag.py:2915} INFO - Sync 1 DAGs
[2026-05-03T15:34:57.579+0000] {logging_mixin.py:151} INFO - [2026-05-03T15:34:57.579+0000] {dag.py:3696} INFO - Setting next_dagrun for setup_retail_pipeline to 2026-05-03T15:00:00+00:00, run_after=2026-05-03T16:00:00+00:00
[2026-05-03T15:34:57.591+0000] {processor.py:179} INFO - Processing /opt/airflow/dags/setup_retail_pipeline.py took 0.065 seconds
[2026-05-03T15:35:27.823+0000] {processor.py:157} INFO - Started process (PID=7939) to work on /opt/airflow/dags/setup_retail_pipeline.py
[2026-05-03T15:35:27.830+0000] {processor.py:829} INFO - Processing file /opt/airflow/dags/setup_retail_pipeline.py for tasks to queue
[2026-05-03T15:35:27.831+0000] {logging_mixin.py:151} INFO - [2026-05-03T15:35:27.831+0000] {dagbag.py:539} INFO - Filling up the DagBag from /opt/airflow/dags/setup_retail_pipeline.py
[2026-05-03T15:35:27.847+0000] {processor.py:839} INFO - DAG(s) dict_keys(['setup_retail_pipeline']) retrieved from /opt/airflow/dags/setup_retail_pipeline.py
[2026-05-03T15:35:27.879+0000] {logging_mixin.py:151} INFO - [2026-05-03T15:35:27.879+0000] {dag.py:2915} INFO - Sync 1 DAGs
[2026-05-03T15:35:27.895+0000] {logging_mixin.py:151} INFO - [2026-05-03T15:35:27.895+0000] {dag.py:3696} INFO - Setting next_dagrun for setup_retail_pipeline to 2026-05-03T15:00:00+00:00, run_after=2026-05-03T16:00:00+00:00
[2026-05-03T15:35:27.902+0000] {processor.py:179} INFO - Processing /opt/airflow/dags/setup_retail_pipeline.py took 0.083 seconds
[2026-05-03T15:35:58.278+0000] {processor.py:157} INFO - Started process (PID=7949) to work on /opt/airflow/dags/setup_retail_pipeline.py
[2026-05-03T15:35:58.283+0000] {processor.py:829} INFO - Processing file /opt/airflow/dags/setup_retail_pipeline.py for tasks to queue
[2026-05-03T15:35:58.284+0000] {logging_mixin.py:151} INFO - [2026-05-03T15:35:58.283+0000] {dagbag.py:539} INFO - Filling up the DagBag from /opt/airflow/dags/setup_retail_pipeline.py
[2026-05-03T15:35:58.302+0000] {processor.py:839} INFO - DAG(s) dict_keys(['setup_retail_pipeline']) retrieved from /opt/airflow/dags/setup_retail_pipeline.py
[2026-05-03T15:35:58.345+0000] {logging_mixin.py:151} INFO - [2026-05-03T15:35:58.344+0000] {dag.py:2915} INFO - Sync 1 DAGs
[2026-05-03T15:35:58.369+0000] {logging_mixin.py:151} INFO - [2026-05-03T15:35:58.369+0000] {dag.py:3696} INFO - Setting next_dagrun for setup_retail_pipeline to 2026-05-03T15:00:00+00:00, run_after=2026-05-03T16:00:00+00:00
[2026-05-03T15:35:58.375+0000] {processor.py:179} INFO - Processing /opt/airflow/dags/setup_retail_pipeline.py took 0.105 seconds
[2026-05-03T15:36:28.584+0000] {processor.py:157} INFO - Started process (PID=7959) to work on /opt/airflow/dags/setup_retail_pipeline.py
[2026-05-03T15:36:28.585+0000] {processor.py:829} INFO - Processing file /opt/airflow/dags/setup_retail_pipeline.py for tasks to queue
[2026-05-03T15:36:28.586+0000] {logging_mixin.py:151} INFO - [2026-05-03T15:36:28.585+0000] {dagbag.py:539} INFO - Filling up the DagBag from /opt/airflow/dags/setup_retail_pipeline.py
[2026-05-03T15:36:28.598+0000] {processor.py:839} INFO - DAG(s) dict_keys(['setup_retail_pipeline']) retrieved from /opt/airflow/dags/setup_retail_pipeline.py
[2026-05-03T15:36:28.619+0000] {logging_mixin.py:151} INFO - [2026-05-03T15:36:28.619+0000] {dag.py:2915} INFO - Sync 1 DAGs
[2026-05-03T15:36:28.630+0000] {logging_mixin.py:151} INFO - [2026-05-03T15:36:28.630+0000] {dag.py:3696} INFO - Setting next_dagrun for setup_retail_pipeline to 2026-05-03T15:00:00+00:00, run_after=2026-05-03T16:00:00+00:00
[2026-05-03T15:36:28.638+0000] {processor.py:179} INFO - Processing /opt/airflow/dags/setup_retail_pipeline.py took 0.058 seconds
[2026-05-03T15:36:58.810+0000] {processor.py:157} INFO - Started process (PID=7969) to work on /opt/airflow/dags/setup_retail_pipeline.py
[2026-05-03T15:36:58.811+0000] {processor.py:829} INFO - Processing file /opt/airflow/dags/setup_retail_pipeline.py for tasks to queue
[2026-05-03T15:36:58.811+0000] {logging_mixin.py:151} INFO - [2026-05-03T15:36:58.811+0000] {dagbag.py:539} INFO - Filling up the DagBag from /opt/airflow/dags/setup_retail_pipeline.py
[2026-05-03T15:36:58.820+0000] {processor.py:839} INFO - DAG(s) dict_keys(['setup_retail_pipeline']) retrieved from /opt/airflow/dags/setup_retail_pipeline.py
[2026-05-03T15:36:58.837+0000] {logging_mixin.py:151} INFO - [2026-05-03T15:36:58.837+0000] {dag.py:2915} INFO - Sync 1 DAGs
[2026-05-03T15:36:58.852+0000] {logging_mixin.py:151} INFO - [2026-05-03T15:36:58.852+0000] {dag.py:3696} INFO - Setting next_dagrun for setup_retail_pipeline to 2026-05-03T15:00:00+00:00, run_after=2026-05-03T16:00:00+00:00
[2026-05-03T15:36:58.862+0000] {processor.py:179} INFO - Processing /opt/airflow/dags/setup_retail_pipeline.py took 0.057 seconds
[2026-05-03T15:37:29.087+0000] {processor.py:157} INFO - Started process (PID=7979) to work on /opt/airflow/dags/setup_retail_pipeline.py
[2026-05-03T15:37:29.089+0000] {processor.py:829} INFO - Processing file /opt/airflow/dags/setup_retail_pipeline.py for tasks to queue
[2026-05-03T15:37:29.089+0000] {logging_mixin.py:151} INFO - [2026-05-03T15:37:29.089+0000] {dagbag.py:539} INFO - Filling up the DagBag from /opt/airflow/dags/setup_retail_pipeline.py
[2026-05-03T15:37:29.102+0000] {processor.py:839} INFO - DAG(s) dict_keys(['setup_retail_pipeline']) retrieved from /opt/airflow/dags/setup_retail_pipeline.py
[2026-05-03T15:37:29.124+0000] {logging_mixin.py:151} INFO - [2026-05-03T15:37:29.124+0000] {dag.py:2915} INFO - Sync 1 DAGs
[2026-05-03T15:37:29.135+0000] {logging_mixin.py:151} INFO - [2026-05-03T15:37:29.135+0000] {dag.py:3696} INFO - Setting next_dagrun for setup_retail_pipeline to 2026-05-03T15:00:00+00:00, run_after=2026-05-03T16:00:00+00:00
[2026-05-03T15:37:29.141+0000] {processor.py:179} INFO - Processing /opt/airflow/dags/setup_retail_pipeline.py took 0.060 seconds
[2026-05-03T15:37:59.344+0000] {processor.py:157} INFO - Started process (PID=7989) to work on /opt/airflow/dags/setup_retail_pipeline.py
[2026-05-03T15:37:59.345+0000] {processor.py:829} INFO - Processing file /opt/airflow/dags/setup_retail_pipeline.py for tasks to queue
[2026-05-03T15:37:59.346+0000] {logging_mixin.py:151} INFO - [2026-05-03T15:37:59.346+0000] {dagbag.py:539} INFO - Filling up the DagBag from /opt/airflow/dags/setup_retail_pipeline.py
[2026-05-03T15:37:59.358+0000] {processor.py:839} INFO - DAG(s) dict_keys(['setup_retail_pipeline']) retrieved from /opt/airflow/dags/setup_retail_pipeline.py
[2026-05-03T15:37:59.382+0000] {logging_mixin.py:151} INFO - [2026-05-03T15:37:59.382+0000] {dag.py:2915} INFO - Sync 1 DAGs
[2026-05-03T15:37:59.392+0000] {logging_mixin.py:151} INFO - [2026-05-03T15:37:59.392+0000] {dag.py:3696} INFO - Setting next_dagrun for setup_retail_pipeline to 2026-05-03T15:00:00+00:00, run_after=2026-05-03T16:00:00+00:00
[2026-05-03T15:37:59.399+0000] {processor.py:179} INFO - Processing /opt/airflow/dags/setup_retail_pipeline.py took 0.062 seconds
[2026-05-03T15:38:29.673+0000] {processor.py:157} INFO - Started process (PID=7999) to work on /opt/airflow/dags/setup_retail_pipeline.py
[2026-05-03T15:38:29.674+0000] {processor.py:829} INFO - Processing file /opt/airflow/dags/setup_retail_pipeline.py for tasks to queue
[2026-05-03T15:38:29.674+0000] {logging_mixin.py:151} INFO - [2026-05-03T15:38:29.674+0000] {dagbag.py:539} INFO - Filling up the DagBag from /opt/airflow/dags/setup_retail_pipeline.py
[2026-05-03T15:38:29.683+0000] {processor.py:839} INFO - DAG(s) dict_keys(['setup_retail_pipeline']) retrieved from /opt/airflow/dags/setup_retail_pipeline.py
[2026-05-03T15:38:29.700+0000] {logging_mixin.py:151} INFO - [2026-05-03T15:38:29.700+0000] {dag.py:2915} INFO - Sync 1 DAGs
[2026-05-03T15:38:29.711+0000] {logging_mixin.py:151} INFO - [2026-05-03T15:38:29.711+0000] {dag.py:3696} INFO - Setting next_dagrun for setup_retail_pipeline to 2026-05-03T15:00:00+00:00, run_after=2026-05-03T16:00:00+00:00
[2026-05-03T15:38:29.718+0000] {processor.py:179} INFO - Processing /opt/airflow/dags/setup_retail_pipeline.py took 0.048 seconds
[2026-05-03T15:38:59.951+0000] {processor.py:157} INFO - Started process (PID=8009) to work on /opt/airflow/dags/setup_retail_pipeline.py
[2026-05-03T15:38:59.954+0000] {processor.py:829} INFO - Processing file /opt/airflow/dags/setup_retail_pipeline.py for tasks to queue
[2026-05-03T15:38:59.955+0000] {logging_mixin.py:151} INFO - [2026-05-03T15:38:59.955+0000] {dagbag.py:539} INFO - Filling up the DagBag from /opt/airflow/dags/setup_retail_pipeline.py
[2026-05-03T15:38:59.964+0000] {processor.py:839} INFO - DAG(s) dict_keys(['setup_retail_pipeline']) retrieved from /opt/airflow/dags/setup_retail_pipeline.py
[2026-05-03T15:38:59.980+0000] {logging_mixin.py:151} INFO - [2026-05-03T15:38:59.980+0000] {dag.py:2915} INFO - Sync 1 DAGs
[2026-05-03T15:38:59.991+0000] {logging_mixin.py:151} INFO - [2026-05-03T15:38:59.991+0000] {dag.py:3696} INFO - Setting next_dagrun for setup_retail_pipeline to 2026-05-03T15:00:00+00:00, run_after=2026-05-03T16:00:00+00:00
[2026-05-03T15:38:59.997+0000] {processor.py:179} INFO - Processing /opt/airflow/dags/setup_retail_pipeline.py took 0.049 seconds
[2026-05-03T15:39:30.184+0000] {processor.py:157} INFO - Started process (PID=8019) to work on /opt/airflow/dags/setup_retail_pipeline.py
[2026-05-03T15:39:30.185+0000] {processor.py:829} INFO - Processing file /opt/airflow/dags/setup_retail_pipeline.py for tasks to queue
[2026-05-03T15:39:30.186+0000] {logging_mixin.py:151} INFO - [2026-05-03T15:39:30.186+0000] {dagbag.py:539} INFO - Filling up the DagBag from /opt/airflow/dags/setup_retail_pipeline.py
[2026-05-03T15:39:30.198+0000] {processor.py:839} INFO - DAG(s) dict_keys(['setup_retail_pipeline']) retrieved from /opt/airflow/dags/setup_retail_pipeline.py
[2026-05-03T15:39:30.221+0000] {logging_mixin.py:151} INFO - [2026-05-03T15:39:30.221+0000] {dag.py:2915} INFO - Sync 1 DAGs
[2026-05-03T15:39:30.235+0000] {logging_mixin.py:151} INFO - [2026-05-03T15:39:30.234+0000] {dag.py:3696} INFO - Setting next_dagrun for setup_retail_pipeline to 2026-05-03T15:00:00+00:00, run_after=2026-05-03T16:00:00+00:00
[2026-05-03T15:39:30.243+0000] {processor.py:179} INFO - Processing /opt/airflow/dags/setup_retail_pipeline.py took 0.064 seconds
[2026-05-03T15:40:00.466+0000] {processor.py:157} INFO - Started process (PID=8029) to work on /opt/airflow/dags/setup_retail_pipeline.py
[2026-05-03T15:40:00.469+0000] {processor.py:829} INFO - Processing file /opt/airflow/dags/setup_retail_pipeline.py for tasks to queue
[2026-05-03T15:40:00.470+0000] {logging_mixin.py:151} INFO - [2026-05-03T15:40:00.470+0000] {dagbag.py:539} INFO - Filling up the DagBag from /opt/airflow/dags/setup_retail_pipeline.py
[2026-05-03T15:40:00.485+0000] {processor.py:839} INFO - DAG(s) dict_keys(['setup_retail_pipeline']) retrieved from /opt/airflow/dags/setup_retail_pipeline.py
[2026-05-03T15:40:00.509+0000] {logging_mixin.py:151} INFO - [2026-05-03T15:40:00.509+0000] {dag.py:2915} INFO - Sync 1 DAGs
[2026-05-03T15:40:00.520+0000] {logging_mixin.py:151} INFO - [2026-05-03T15:40:00.520+0000] {dag.py:3696} INFO - Setting next_dagrun for setup_retail_pipeline to 2026-05-03T15:00:00+00:00, run_after=2026-05-03T16:00:00+00:00
[2026-05-03T15:40:00.527+0000] {processor.py:179} INFO - Processing /opt/airflow/dags/setup_retail_pipeline.py took 0.066 seconds
[2026-05-03T15:40:30.719+0000] {processor.py:157} INFO - Started process (PID=8052) to work on /opt/airflow/dags/setup_retail_pipeline.py
[2026-05-03T15:40:30.722+0000] {processor.py:829} INFO - Processing file /opt/airflow/dags/setup_retail_pipeline.py for tasks to queue
[2026-05-03T15:40:30.723+0000] {logging_mixin.py:151} INFO - [2026-05-03T15:40:30.723+0000] {dagbag.py:539} INFO - Filling up the DagBag from /opt/airflow/dags/setup_retail_pipeline.py
[2026-05-03T15:40:30.739+0000] {processor.py:839} INFO - DAG(s) dict_keys(['setup_retail_pipeline']) retrieved from /opt/airflow/dags/setup_retail_pipeline.py
[2026-05-03T15:40:30.762+0000] {logging_mixin.py:151} INFO - [2026-05-03T15:40:30.762+0000] {dag.py:2915} INFO - Sync 1 DAGs
[2026-05-03T15:40:30.774+0000] {logging_mixin.py:151} INFO - [2026-05-03T15:40:30.774+0000] {dag.py:3696} INFO - Setting next_dagrun for setup_retail_pipeline to 2026-05-03T15:00:00+00:00, run_after=2026-05-03T16:00:00+00:00
[2026-05-03T15:40:30.781+0000] {processor.py:179} INFO - Processing /opt/airflow/dags/setup_retail_pipeline.py took 0.067 seconds
[2026-05-03T15:41:00.969+0000] {processor.py:157} INFO - Started process (PID=8062) to work on /opt/airflow/dags/setup_retail_pipeline.py
[2026-05-03T15:41:00.970+0000] {processor.py:829} INFO - Processing file /opt/airflow/dags/setup_retail_pipeline.py for tasks to queue
[2026-05-03T15:41:00.971+0000] {logging_mixin.py:151} INFO - [2026-05-03T15:41:00.971+0000] {dagbag.py:539} INFO - Filling up the DagBag from /opt/airflow/dags/setup_retail_pipeline.py
[2026-05-03T15:41:00.982+0000] {processor.py:839} INFO - DAG(s) dict_keys(['setup_retail_pipeline']) retrieved from /opt/airflow/dags/setup_retail_pipeline.py
[2026-05-03T15:41:01.001+0000] {logging_mixin.py:151} INFO - [2026-05-03T15:41:01.000+0000] {dag.py:2915} INFO - Sync 1 DAGs
[2026-05-03T15:41:01.011+0000] {logging_mixin.py:151} INFO - [2026-05-03T15:41:01.010+0000] {dag.py:3696} INFO - Setting next_dagrun for setup_retail_pipeline to 2026-05-03T15:00:00+00:00, run_after=2026-05-03T16:00:00+00:00
[2026-05-03T15:41:01.017+0000] {processor.py:179} INFO - Processing /opt/airflow/dags/setup_retail_pipeline.py took 0.052 seconds
[2026-05-03T15:41:31.331+0000] {processor.py:157} INFO - Started process (PID=8072) to work on /opt/airflow/dags/setup_retail_pipeline.py
[2026-05-03T15:41:31.333+0000] {processor.py:829} INFO - Processing file /opt/airflow/dags/setup_retail_pipeline.py for tasks to queue
[2026-05-03T15:41:31.334+0000] {logging_mixin.py:151} INFO - [2026-05-03T15:41:31.333+0000] {dagbag.py:539} INFO - Filling up the DagBag from /opt/airflow/dags/setup_retail_pipeline.py
[2026-05-03T15:41:31.357+0000] {processor.py:839} INFO - DAG(s) dict_keys(['setup_retail_pipeline']) retrieved from /opt/airflow/dags/setup_retail_pipeline.py
[2026-05-03T15:41:31.387+0000] {logging_mixin.py:151} INFO - [2026-05-03T15:41:31.387+0000] {dag.py:2915} INFO - Sync 1 DAGs
[2026-05-03T15:41:31.407+0000] {logging_mixin.py:151} INFO - [2026-05-03T15:41:31.407+0000] {dag.py:3696} INFO - Setting next_dagrun for setup_retail_pipeline to 2026-05-03T15:00:00+00:00, run_after=2026-05-03T16:00:00+00:00
[2026-05-03T15:41:31.414+0000] {processor.py:179} INFO - Processing /opt/airflow/dags/setup_retail_pipeline.py took 0.091 seconds
[2026-05-03T15:42:01.633+0000] {processor.py:157} INFO - Started process (PID=8082) to work on /opt/airflow/dags/setup_retail_pipeline.py
[2026-05-03T15:42:01.634+0000] {processor.py:829} INFO - Processing file /opt/airflow/dags/setup_retail_pipeline.py for tasks to queue
[2026-05-03T15:42:01.635+0000] {logging_mixin.py:151} INFO - [2026-05-03T15:42:01.635+0000] {dagbag.py:539} INFO - Filling up the DagBag from /opt/airflow/dags/setup_retail_pipeline.py
[2026-05-03T15:42:01.662+0000] {processor.py:839} INFO - DAG(s) dict_keys(['setup_retail_pipeline']) retrieved from /opt/airflow/dags/setup_retail_pipeline.py
[2026-05-03T15:42:01.701+0000] {logging_mixin.py:151} INFO - [2026-05-03T15:42:01.701+0000] {dag.py:2915} INFO - Sync 1 DAGs
[2026-05-03T15:42:01.714+0000] {logging_mixin.py:151} INFO - [2026-05-03T15:42:01.714+0000] {dag.py:3696} INFO - Setting next_dagrun for setup_retail_pipeline to 2026-05-03T15:00:00+00:00, run_after=2026-05-03T16:00:00+00:00
[2026-05-03T15:42:01.722+0000] {processor.py:179} INFO - Processing /opt/airflow/dags/setup_retail_pipeline.py took 0.093 seconds
[2026-05-03T15:42:31.953+0000] {processor.py:157} INFO - Started process (PID=8092) to work on /opt/airflow/dags/setup_retail_pipeline.py
[2026-05-03T15:42:31.955+0000] {processor.py:829} INFO - Processing file /opt/airflow/dags/setup_retail_pipeline.py for tasks to queue
[2026-05-03T15:42:31.955+0000] {logging_mixin.py:151} INFO - [2026-05-03T15:42:31.955+0000] {dagbag.py:539} INFO - Filling up the DagBag from /opt/airflow/dags/setup_retail_pipeline.py
[2026-05-03T15:42:31.981+0000] {processor.py:839} INFO - DAG(s) dict_keys(['setup_retail_pipeline']) retrieved from /opt/airflow/dags/setup_retail_pipeline.py
[2026-05-03T15:42:32.004+0000] {logging_mixin.py:151} INFO - [2026-05-03T15:42:32.004+0000] {dag.py:2915} INFO - Sync 1 DAGs
[2026-05-03T15:42:32.017+0000] {logging_mixin.py:151} INFO - [2026-05-03T15:42:32.017+0000] {dag.py:3696} INFO - Setting next_dagrun for setup_retail_pipeline to 2026-05-03T15:00:00+00:00, run_after=2026-05-03T16:00:00+00:00
[2026-05-03T15:42:32.024+0000] {processor.py:179} INFO - Processing /opt/airflow/dags/setup_retail_pipeline.py took 0.077 seconds
[2026-05-03T15:43:02.258+0000] {processor.py:157} INFO - Started process (PID=8102) to work on /opt/airflow/dags/setup_retail_pipeline.py
[2026-05-03T15:43:02.262+0000] {processor.py:829} INFO - Processing file /opt/airflow/dags/setup_retail_pipeline.py for tasks to queue
[2026-05-03T15:43:02.263+0000] {logging_mixin.py:151} INFO - [2026-05-03T15:43:02.262+0000] {dagbag.py:539} INFO - Filling up the DagBag from /opt/airflow/dags/setup_retail_pipeline.py
[2026-05-03T15:43:02.274+0000] {processor.py:839} INFO - DAG(s) dict_keys(['setup_retail_pipeline']) retrieved from /opt/airflow/dags/setup_retail_pipeline.py
[2026-05-03T15:43:02.294+0000] {logging_mixin.py:151} INFO - [2026-05-03T15:43:02.294+0000] {dag.py:2915} INFO - Sync 1 DAGs
[2026-05-03T15:43:02.307+0000] {logging_mixin.py:151} INFO - [2026-05-03T15:43:02.307+0000] {dag.py:3696} INFO - Setting next_dagrun for setup_retail_pipeline to 2026-05-03T15:00:00+00:00, run_after=2026-05-03T16:00:00+00:00
[2026-05-03T15:43:02.317+0000] {processor.py:179} INFO - Processing /opt/airflow/dags/setup_retail_pipeline.py took 0.062 seconds
[2026-05-03T15:43:32.580+0000] {processor.py:157} INFO - Started process (PID=8112) to work on /opt/airflow/dags/setup_retail_pipeline.py
[2026-05-03T15:43:32.583+0000] {processor.py:829} INFO - Processing file /opt/airflow/dags/setup_retail_pipeline.py for tasks to queue
[2026-05-03T15:43:32.584+0000] {logging_mixin.py:151} INFO - [2026-05-03T15:43:32.584+0000] {dagbag.py:539} INFO - Filling up the DagBag from /opt/airflow/dags/setup_retail_pipeline.py
[2026-05-03T15:43:32.598+0000] {processor.py:839} INFO - DAG(s) dict_keys(['setup_retail_pipeline']) retrieved from /opt/airflow/dags/setup_retail_pipeline.py
[2026-05-03T15:43:32.619+0000] {logging_mixin.py:151} INFO - [2026-05-03T15:43:32.619+0000] {dag.py:2915} INFO - Sync 1 DAGs
[2026-05-03T15:43:32.630+0000] {logging_mixin.py:151} INFO - [2026-05-03T15:43:32.630+0000] {dag.py:3696} INFO - Setting next_dagrun for setup_retail_pipeline to 2026-05-03T15:00:00+00:00, run_after=2026-05-03T16:00:00+00:00
[2026-05-03T15:43:32.638+0000] {processor.py:179} INFO - Processing /opt/airflow/dags/setup_retail_pipeline.py took 0.060 seconds
[2026-05-03T15:44:02.847+0000] {processor.py:157} INFO - Started process (PID=8122) to work on /opt/airflow/dags/setup_retail_pipeline.py
[2026-05-03T15:44:02.849+0000] {processor.py:829} INFO - Processing file /opt/airflow/dags/setup_retail_pipeline.py for tasks to queue
[2026-05-03T15:44:02.849+0000] {logging_mixin.py:151} INFO - [2026-05-03T15:44:02.849+0000] {dagbag.py:539} INFO - Filling up the DagBag from /opt/airflow/dags/setup_retail_pipeline.py
[2026-05-03T15:44:02.862+0000] {processor.py:839} INFO - DAG(s) dict_keys(['setup_retail_pipeline']) retrieved from /opt/airflow/dags/setup_retail_pipeline.py
[2026-05-03T15:44:02.884+0000] {logging_mixin.py:151} INFO - [2026-05-03T15:44:02.884+0000] {dag.py:2915} INFO - Sync 1 DAGs
[2026-05-03T15:44:02.896+0000] {logging_mixin.py:151} INFO - [2026-05-03T15:44:02.896+0000] {dag.py:3696} INFO - Setting next_dagrun for setup_retail_pipeline to 2026-05-03T15:00:00+00:00, run_after=2026-05-03T16:00:00+00:00
[2026-05-03T15:44:02.904+0000] {processor.py:179} INFO - Processing /opt/airflow/dags/setup_retail_pipeline.py took 0.061 seconds
[2026-05-03T15:44:33.135+0000] {processor.py:157} INFO - Started process (PID=8132) to work on /opt/airflow/dags/setup_retail_pipeline.py
[2026-05-03T15:44:33.138+0000] {processor.py:829} INFO - Processing file /opt/airflow/dags/setup_retail_pipeline.py for tasks to queue
[2026-05-03T15:44:33.139+0000] {logging_mixin.py:151} INFO - [2026-05-03T15:44:33.139+0000] {dagbag.py:539} INFO - Filling up the DagBag from /opt/airflow/dags/setup_retail_pipeline.py
[2026-05-03T15:44:33.156+0000] {processor.py:839} INFO - DAG(s) dict_keys(['setup_retail_pipeline']) retrieved from /opt/airflow/dags/setup_retail_pipeline.py
[2026-05-03T15:44:33.185+0000] {logging_mixin.py:151} INFO - [2026-05-03T15:44:33.185+0000] {dag.py:2915} INFO - Sync 1 DAGs
[2026-05-03T15:44:33.200+0000] {logging_mixin.py:151} INFO - [2026-05-03T15:44:33.200+0000] {dag.py:3696} INFO - Setting next_dagrun for setup_retail_pipeline to 2026-05-03T15:00:00+00:00, run_after=2026-05-03T16:00:00+00:00
[2026-05-03T15:44:33.210+0000] {processor.py:179} INFO - Processing /opt/airflow/dags/setup_retail_pipeline.py took 0.081 seconds
[2026-05-03T15:45:03.470+0000] {processor.py:157} INFO - Started process (PID=8145) to work on /opt/airflow/dags/setup_retail_pipeline.py
[2026-05-03T15:45:03.474+0000] {processor.py:829} INFO - Processing file /opt/airflow/dags/setup_retail_pipeline.py for tasks to queue
[2026-05-03T15:45:03.475+0000] {logging_mixin.py:151} INFO - [2026-05-03T15:45:03.475+0000] {dagbag.py:539} INFO - Filling up the DagBag from /opt/airflow/dags/setup_retail_pipeline.py
[2026-05-03T15:45:03.505+0000] {processor.py:839} INFO - DAG(s) dict_keys(['setup_retail_pipeline']) retrieved from /opt/airflow/dags/setup_retail_pipeline.py
[2026-05-03T15:45:03.561+0000] {logging_mixin.py:151} INFO - [2026-05-03T15:45:03.561+0000] {dag.py:2915} INFO - Sync 1 DAGs
[2026-05-03T15:45:03.578+0000] {logging_mixin.py:151} INFO - [2026-05-03T15:45:03.578+0000] {dag.py:3696} INFO - Setting next_dagrun for setup_retail_pipeline to 2026-05-03T15:00:00+00:00, run_after=2026-05-03T16:00:00+00:00
[2026-05-03T15:45:03.588+0000] {processor.py:179} INFO - Processing /opt/airflow/dags/setup_retail_pipeline.py took 0.128 seconds
[2026-05-03T15:45:33.837+0000] {processor.py:157} INFO - Started process (PID=8167) to work on /opt/airflow/dags/setup_retail_pipeline.py
[2026-05-03T15:45:33.838+0000] {processor.py:829} INFO - Processing file /opt/airflow/dags/setup_retail_pipeline.py for tasks to queue
[2026-05-03T15:45:33.840+0000] {logging_mixin.py:151} INFO - [2026-05-03T15:45:33.840+0000] {dagbag.py:539} INFO - Filling up the DagBag from /opt/airflow/dags/setup_retail_pipeline.py
[2026-05-03T15:45:33.865+0000] {processor.py:839} INFO - DAG(s) dict_keys(['setup_retail_pipeline']) retrieved from /opt/airflow/dags/setup_retail_pipeline.py
[2026-05-03T15:45:33.899+0000] {logging_mixin.py:151} INFO - [2026-05-03T15:45:33.899+0000] {dag.py:2915} INFO - Sync 1 DAGs
[2026-05-03T15:45:33.915+0000] {logging_mixin.py:151} INFO - [2026-05-03T15:45:33.915+0000] {dag.py:3696} INFO - Setting next_dagrun for setup_retail_pipeline to 2026-05-03T15:00:00+00:00, run_after=2026-05-03T16:00:00+00:00
[2026-05-03T15:45:33.927+0000] {processor.py:179} INFO - Processing /opt/airflow/dags/setup_retail_pipeline.py took 0.095 seconds
[2026-05-03T15:46:04.166+0000] {processor.py:157} INFO - Started process (PID=8177) to work on /opt/airflow/dags/setup_retail_pipeline.py
[2026-05-03T15:46:04.168+0000] {processor.py:829} INFO - Processing file /opt/airflow/dags/setup_retail_pipeline.py for tasks to queue
[2026-05-03T15:46:04.169+0000] {logging_mixin.py:151} INFO - [2026-05-03T15:46:04.168+0000] {dagbag.py:539} INFO - Filling up the DagBag from /opt/airflow/dags/setup_retail_pipeline.py
[2026-05-03T15:46:04.195+0000] {processor.py:839} INFO - DAG(s) dict_keys(['setup_retail_pipeline']) retrieved from /opt/airflow/dags/setup_retail_pipeline.py
[2026-05-03T15:46:04.237+0000] {logging_mixin.py:151} INFO - [2026-05-03T15:46:04.237+0000] {dag.py:2915} INFO - Sync 1 DAGs
[2026-05-03T15:46:04.251+0000] {logging_mixin.py:151} INFO - [2026-05-03T15:46:04.251+0000] {dag.py:3696} INFO - Setting next_dagrun for setup_retail_pipeline to 2026-05-03T15:00:00+00:00, run_after=2026-05-03T16:00:00+00:00
[2026-05-03T15:46:04.259+0000] {processor.py:179} INFO - Processing /opt/airflow/dags/setup_retail_pipeline.py took 0.097 seconds
[2026-05-03T15:46:34.401+0000] {processor.py:157} INFO - Started process (PID=8187) to work on /opt/airflow/dags/setup_retail_pipeline.py
[2026-05-03T15:46:34.403+0000] {processor.py:829} INFO - Processing file /opt/airflow/dags/setup_retail_pipeline.py for tasks to queue
[2026-05-03T15:46:34.405+0000] {logging_mixin.py:151} INFO - [2026-05-03T15:46:34.404+0000] {dagbag.py:539} INFO - Filling up the DagBag from /opt/airflow/dags/setup_retail_pipeline.py
[2026-05-03T15:46:34.437+0000] {processor.py:839} INFO - DAG(s) dict_keys(['setup_retail_pipeline']) retrieved from /opt/airflow/dags/setup_retail_pipeline.py
[2026-05-03T15:46:34.478+0000] {logging_mixin.py:151} INFO - [2026-05-03T15:46:34.478+0000] {dag.py:2915} INFO - Sync 1 DAGs
[2026-05-03T15:46:34.497+0000] {logging_mixin.py:151} INFO - [2026-05-03T15:46:34.497+0000] {dag.py:3696} INFO - Setting next_dagrun for setup_retail_pipeline to 2026-05-03T15:00:00+00:00, run_after=2026-05-03T16:00:00+00:00
[2026-05-03T15:46:34.510+0000] {processor.py:179} INFO - Processing /opt/airflow/dags/setup_retail_pipeline.py took 0.117 seconds
[2026-05-03T15:47:04.844+0000] {processor.py:157} INFO - Started process (PID=8197) to work on /opt/airflow/dags/setup_retail_pipeline.py
[2026-05-03T15:47:04.850+0000] {processor.py:829} INFO - Processing file /opt/airflow/dags/setup_retail_pipeline.py for tasks to queue
[2026-05-03T15:47:04.865+0000] {logging_mixin.py:151} INFO - [2026-05-03T15:47:04.861+0000] {dagbag.py:539} INFO - Filling up the DagBag from /opt/airflow/dags/setup_retail_pipeline.py
[2026-05-03T15:47:04.919+0000] {processor.py:839} INFO - DAG(s) dict_keys(['setup_retail_pipeline']) retrieved from /opt/airflow/dags/setup_retail_pipeline.py
[2026-05-03T15:47:04.968+0000] {logging_mixin.py:151} INFO - [2026-05-03T15:47:04.968+0000] {dag.py:2915} INFO - Sync 1 DAGs
[2026-05-03T15:47:04.989+0000] {logging_mixin.py:151} INFO - [2026-05-03T15:47:04.989+0000] {dag.py:3696} INFO - Setting next_dagrun for setup_retail_pipeline to 2026-05-03T15:00:00+00:00, run_after=2026-05-03T16:00:00+00:00
[2026-05-03T15:47:05.000+0000] {processor.py:179} INFO - Processing /opt/airflow/dags/setup_retail_pipeline.py took 0.164 seconds
[2026-05-03T15:47:35.068+0000] {processor.py:157} INFO - Started process (PID=8208) to work on /opt/airflow/dags/setup_retail_pipeline.py
[2026-05-03T15:47:35.070+0000] {processor.py:829} INFO - Processing file /opt/airflow/dags/setup_retail_pipeline.py for tasks to queue
[2026-05-03T15:47:35.072+0000] {logging_mixin.py:151} INFO - [2026-05-03T15:47:35.071+0000] {dagbag.py:539} INFO - Filling up the DagBag from /opt/airflow/dags/setup_retail_pipeline.py
[2026-05-03T15:47:35.104+0000] {processor.py:839} INFO - DAG(s) dict_keys(['setup_retail_pipeline']) retrieved from /opt/airflow/dags/setup_retail_pipeline.py
[2026-05-03T15:47:35.158+0000] {logging_mixin.py:151} INFO - [2026-05-03T15:47:35.158+0000] {dag.py:2915} INFO - Sync 1 DAGs
[2026-05-03T15:47:35.177+0000] {logging_mixin.py:151} INFO - [2026-05-03T15:47:35.177+0000] {dag.py:3696} INFO - Setting next_dagrun for setup_retail_pipeline to 2026-05-03T15:00:00+00:00, run_after=2026-05-03T16:00:00+00:00
[2026-05-03T15:47:35.186+0000] {processor.py:179} INFO - Processing /opt/airflow/dags/setup_retail_pipeline.py took 0.121 seconds
[2026-05-03T15:48:05.442+0000] {processor.py:157} INFO - Started process (PID=8216) to work on /opt/airflow/dags/setup_retail_pipeline.py
[2026-05-03T15:48:05.443+0000] {processor.py:829} INFO - Processing file /opt/airflow/dags/setup_retail_pipeline.py for tasks to queue
[2026-05-03T15:48:05.449+0000] {logging_mixin.py:151} INFO - [2026-05-03T15:48:05.446+0000] {dagbag.py:539} INFO - Filling up the DagBag from /opt/airflow/dags/setup_retail_pipeline.py
[2026-05-03T15:48:05.495+0000] {processor.py:839} INFO - DAG(s) dict_keys(['setup_retail_pipeline']) retrieved from /opt/airflow/dags/setup_retail_pipeline.py
[2026-05-03T15:48:05.561+0000] {logging_mixin.py:151} INFO - [2026-05-03T15:48:05.561+0000] {dag.py:2915} INFO - Sync 1 DAGs
[2026-05-03T15:48:05.589+0000] {logging_mixin.py:151} INFO - [2026-05-03T15:48:05.589+0000] {dag.py:3696} INFO - Setting next_dagrun for setup_retail_pipeline to 2026-05-03T15:00:00+00:00, run_after=2026-05-03T16:00:00+00:00
[2026-05-03T15:48:05.598+0000] {processor.py:179} INFO - Processing /opt/airflow/dags/setup_retail_pipeline.py took 0.169 seconds
[2026-05-03T15:48:35.679+0000] {processor.py:157} INFO - Started process (PID=8228) to work on /opt/airflow/dags/setup_retail_pipeline.py
[2026-05-03T15:48:35.681+0000] {processor.py:829} INFO - Processing file /opt/airflow/dags/setup_retail_pipeline.py for tasks to queue
[2026-05-03T15:48:35.681+0000] {logging_mixin.py:151} INFO - [2026-05-03T15:48:35.681+0000] {dagbag.py:539} INFO - Filling up the DagBag from /opt/airflow/dags/setup_retail_pipeline.py
[2026-05-03T15:48:35.703+0000] {processor.py:839} INFO - DAG(s) dict_keys(['setup_retail_pipeline']) retrieved from /opt/airflow/dags/setup_retail_pipeline.py
[2026-05-03T15:48:35.743+0000] {logging_mixin.py:151} INFO - [2026-05-03T15:48:35.743+0000] {dag.py:2915} INFO - Sync 1 DAGs
[2026-05-03T15:48:35.763+0000] {logging_mixin.py:151} INFO - [2026-05-03T15:48:35.763+0000] {dag.py:3696} INFO - Setting next_dagrun for setup_retail_pipeline to 2026-05-03T15:00:00+00:00, run_after=2026-05-03T16:00:00+00:00
[2026-05-03T15:48:35.771+0000] {processor.py:179} INFO - Processing /opt/airflow/dags/setup_retail_pipeline.py took 0.097 seconds
[2026-05-03T15:49:06.022+0000] {processor.py:157} INFO - Started process (PID=8238) to work on /opt/airflow/dags/setup_retail_pipeline.py
[2026-05-03T15:49:06.022+0000] {processor.py:829} INFO - Processing file /opt/airflow/dags/setup_retail_pipeline.py for tasks to queue
[2026-05-03T15:49:06.022+0000] {logging_mixin.py:151} INFO - [2026-05-03T15:49:06.022+0000] {dagbag.py:539} INFO - Filling up the DagBag from /opt/airflow/dags/setup_retail_pipeline.py
[2026-05-03T15:49:06.045+0000] {processor.py:839} INFO - DAG(s) dict_keys(['setup_retail_pipeline']) retrieved from /opt/airflow/dags/setup_retail_pipeline.py
[2026-05-03T15:49:06.088+0000] {logging_mixin.py:151} INFO - [2026-05-03T15:49:06.088+0000] {dag.py:2915} INFO - Sync 1 DAGs
[2026-05-03T15:49:06.101+0000] {logging_mixin.py:151} INFO - [2026-05-03T15:49:06.101+0000] {dag.py:3696} INFO - Setting next_dagrun for setup_retail_pipeline to 2026-05-03T15:00:00+00:00, run_after=2026-05-03T16:00:00+00:00
[2026-05-03T15:49:06.109+0000] {processor.py:179} INFO - Processing /opt/airflow/dags/setup_retail_pipeline.py took 0.091 seconds
[2026-05-03T15:49:36.293+0000] {processor.py:157} INFO - Started process (PID=8251) to work on /opt/airflow/dags/setup_retail_pipeline.py
[2026-05-03T15:49:36.294+0000] {processor.py:829} INFO - Processing file /opt/airflow/dags/setup_retail_pipeline.py for tasks to queue
[2026-05-03T15:49:36.295+0000] {logging_mixin.py:151} INFO - [2026-05-03T15:49:36.295+0000] {dagbag.py:539} INFO - Filling up the DagBag from /opt/airflow/dags/setup_retail_pipeline.py
[2026-05-03T15:49:36.319+0000] {processor.py:839} INFO - DAG(s) dict_keys(['setup_retail_pipeline']) retrieved from /opt/airflow/dags/setup_retail_pipeline.py
[2026-05-03T15:49:36.370+0000] {logging_mixin.py:151} INFO - [2026-05-03T15:49:36.370+0000] {dag.py:2915} INFO - Sync 1 DAGs
[2026-05-03T15:49:36.386+0000] {logging_mixin.py:151} INFO - [2026-05-03T15:49:36.386+0000] {dag.py:3696} INFO - Setting next_dagrun for setup_retail_pipeline to 2026-05-03T15:00:00+00:00, run_after=2026-05-03T16:00:00+00:00
[2026-05-03T15:49:36.395+0000] {processor.py:179} INFO - Processing /opt/airflow/dags/setup_retail_pipeline.py took 0.106 seconds
[2026-05-03T15:50:06.531+0000] {processor.py:157} INFO - Started process (PID=8261) to work on /opt/airflow/dags/setup_retail_pipeline.py
[2026-05-03T15:50:06.535+0000] {processor.py:829} INFO - Processing file /opt/airflow/dags/setup_retail_pipeline.py for tasks to queue
[2026-05-03T15:50:06.537+0000] {logging_mixin.py:151} INFO - [2026-05-03T15:50:06.536+0000] {dagbag.py:539} INFO - Filling up the DagBag from /opt/airflow/dags/setup_retail_pipeline.py
[2026-05-03T15:50:06.584+0000] {processor.py:839} INFO - DAG(s) dict_keys(['setup_retail_pipeline']) retrieved from /opt/airflow/dags/setup_retail_pipeline.py
[2026-05-03T15:50:06.650+0000] {logging_mixin.py:151} INFO - [2026-05-03T15:50:06.650+0000] {dag.py:2915} INFO - Sync 1 DAGs
[2026-05-03T15:50:06.667+0000] {logging_mixin.py:151} INFO - [2026-05-03T15:50:06.667+0000] {dag.py:3696} INFO - Setting next_dagrun for setup_retail_pipeline to 2026-05-03T15:00:00+00:00, run_after=2026-05-03T16:00:00+00:00
[2026-05-03T15:50:06.675+0000] {processor.py:179} INFO - Processing /opt/airflow/dags/setup_retail_pipeline.py took 0.155 seconds
[2026-05-03T15:50:36.828+0000] {processor.py:157} INFO - Started process (PID=8271) to work on /opt/airflow/dags/setup_retail_pipeline.py
[2026-05-03T15:50:36.830+0000] {processor.py:829} INFO - Processing file /opt/airflow/dags/setup_retail_pipeline.py for tasks to queue
[2026-05-03T15:50:36.836+0000] {logging_mixin.py:151} INFO - [2026-05-03T15:50:36.835+0000] {dagbag.py:539} INFO - Filling up the DagBag from /opt/airflow/dags/setup_retail_pipeline.py
[2026-05-03T15:50:36.873+0000] {processor.py:839} INFO - DAG(s) dict_keys(['setup_retail_pipeline']) retrieved from /opt/airflow/dags/setup_retail_pipeline.py
[2026-05-03T15:50:36.927+0000] {logging_mixin.py:151} INFO - [2026-05-03T15:50:36.927+0000] {dag.py:2915} INFO - Sync 1 DAGs
[2026-05-03T15:50:36.947+0000] {logging_mixin.py:151} INFO - [2026-05-03T15:50:36.947+0000] {dag.py:3696} INFO - Setting next_dagrun for setup_retail_pipeline to 2026-05-03T15:00:00+00:00, run_after=2026-05-03T16:00:00+00:00
[2026-05-03T15:50:36.962+0000] {processor.py:179} INFO - Processing /opt/airflow/dags/setup_retail_pipeline.py took 0.143 seconds
[2026-05-03T15:51:07.226+0000] {processor.py:157} INFO - Started process (PID=8281) to work on /opt/airflow/dags/setup_retail_pipeline.py
[2026-05-03T15:51:07.228+0000] {processor.py:829} INFO - Processing file /opt/airflow/dags/setup_retail_pipeline.py for tasks to queue
[2026-05-03T15:51:07.229+0000] {logging_mixin.py:151} INFO - [2026-05-03T15:51:07.228+0000] {dagbag.py:539} INFO - Filling up the DagBag from /opt/airflow/dags/setup_retail_pipeline.py
[2026-05-03T15:51:07.266+0000] {processor.py:839} INFO - DAG(s) dict_keys(['setup_retail_pipeline']) retrieved from /opt/airflow/dags/setup_retail_pipeline.py
[2026-05-03T15:51:07.370+0000] {logging_mixin.py:151} INFO - [2026-05-03T15:51:07.369+0000] {dag.py:2915} INFO - Sync 1 DAGs
[2026-05-03T15:51:07.385+0000] {logging_mixin.py:151} INFO - [2026-05-03T15:51:07.385+0000] {dag.py:3696} INFO - Setting next_dagrun for setup_retail_pipeline to 2026-05-03T15:00:00+00:00, run_after=2026-05-03T16:00:00+00:00
[2026-05-03T15:51:07.395+0000] {processor.py:179} INFO - Processing /opt/airflow/dags/setup_retail_pipeline.py took 0.175 seconds
[2026-05-03T15:51:37.467+0000] {processor.py:157} INFO - Started process (PID=8290) to work on /opt/airflow/dags/setup_retail_pipeline.py
[2026-05-03T15:51:37.468+0000] {processor.py:829} INFO - Processing file /opt/airflow/dags/setup_retail_pipeline.py for tasks to queue
[2026-05-03T15:51:37.470+0000] {logging_mixin.py:151} INFO - [2026-05-03T15:51:37.469+0000] {dagbag.py:539} INFO - Filling up the DagBag from /opt/airflow/dags/setup_retail_pipeline.py
[2026-05-03T15:51:37.491+0000] {processor.py:839} INFO - DAG(s) dict_keys(['setup_retail_pipeline']) retrieved from /opt/airflow/dags/setup_retail_pipeline.py
[2026-05-03T15:51:37.540+0000] {logging_mixin.py:151} INFO - [2026-05-03T15:51:37.540+0000] {dag.py:2915} INFO - Sync 1 DAGs
[2026-05-03T15:51:37.553+0000] {logging_mixin.py:151} INFO - [2026-05-03T15:51:37.553+0000] {dag.py:3696} INFO - Setting next_dagrun for setup_retail_pipeline to 2026-05-03T15:00:00+00:00, run_after=2026-05-03T16:00:00+00:00
[2026-05-03T15:51:37.560+0000] {processor.py:179} INFO - Processing /opt/airflow/dags/setup_retail_pipeline.py took 0.099 seconds
[2026-05-03T15:51:49.706+0000] {processor.py:157} INFO - Started process (PID=8298) to work on /opt/airflow/dags/setup_retail_pipeline.py
[2026-05-03T15:51:49.707+0000] {processor.py:829} INFO - Processing file /opt/airflow/dags/setup_retail_pipeline.py for tasks to queue
[2026-05-03T15:51:49.708+0000] {logging_mixin.py:151} INFO - [2026-05-03T15:51:49.708+0000] {dagbag.py:539} INFO - Filling up the DagBag from /opt/airflow/dags/setup_retail_pipeline.py
[2026-05-03T15:51:49.730+0000] {processor.py:839} INFO - DAG(s) dict_keys(['setup_retail_pipeline']) retrieved from /opt/airflow/dags/setup_retail_pipeline.py
[2026-05-03T15:51:49.818+0000] {logging_mixin.py:151} INFO - [2026-05-03T15:51:49.818+0000] {security.py:708} INFO - Not syncing DAG-level permissions for DAG 'DAG:setup_retail_pipeline' as access control is unset.
[2026-05-03T15:51:49.818+0000] {logging_mixin.py:151} INFO - [2026-05-03T15:51:49.818+0000] {dag.py:2915} INFO - Sync 1 DAGs
[2026-05-03T15:51:49.829+0000] {logging_mixin.py:151} INFO - [2026-05-03T15:51:49.829+0000] {dag.py:3696} INFO - Setting next_dagrun for setup_retail_pipeline to 2026-05-03T15:00:00+00:00, run_after=2026-05-03T16:00:00+00:00
[2026-05-03T15:51:49.839+0000] {processor.py:179} INFO - Processing /opt/airflow/dags/setup_retail_pipeline.py took 0.139 seconds
[2026-05-03T15:52:20.057+0000] {processor.py:157} INFO - Started process (PID=8308) to work on /opt/airflow/dags/setup_retail_pipeline.py
[2026-05-03T15:52:20.059+0000] {processor.py:829} INFO - Processing file /opt/airflow/dags/setup_retail_pipeline.py for tasks to queue
[2026-05-03T15:52:20.060+0000] {logging_mixin.py:151} INFO - [2026-05-03T15:52:20.060+0000] {dagbag.py:539} INFO - Filling up the DagBag from /opt/airflow/dags/setup_retail_pipeline.py
[2026-05-03T15:52:20.081+0000] {processor.py:839} INFO - DAG(s) dict_keys(['setup_retail_pipeline']) retrieved from /opt/airflow/dags/setup_retail_pipeline.py
[2026-05-03T15:52:20.101+0000] {logging_mixin.py:151} INFO - [2026-05-03T15:52:20.101+0000] {dag.py:2915} INFO - Sync 1 DAGs
[2026-05-03T15:52:20.117+0000] {logging_mixin.py:151} INFO - [2026-05-03T15:52:20.117+0000] {dag.py:3696} INFO - Setting next_dagrun for setup_retail_pipeline to 2026-05-03T15:00:00+00:00, run_after=2026-05-03T16:00:00+00:00
[2026-05-03T15:52:20.125+0000] {processor.py:179} INFO - Processing /opt/airflow/dags/setup_retail_pipeline.py took 0.072 seconds
[2026-05-03T15:52:50.338+0000] {processor.py:157} INFO - Started process (PID=8333) to work on /opt/airflow/dags/setup_retail_pipeline.py
[2026-05-03T15:52:50.340+0000] {processor.py:829} INFO - Processing file /opt/airflow/dags/setup_retail_pipeline.py for tasks to queue
[2026-05-03T15:52:50.341+0000] {logging_mixin.py:151} INFO - [2026-05-03T15:52:50.340+0000] {dagbag.py:539} INFO - Filling up the DagBag from /opt/airflow/dags/setup_retail_pipeline.py
[2026-05-03T15:52:50.357+0000] {processor.py:839} INFO - DAG(s) dict_keys(['setup_retail_pipeline']) retrieved from /opt/airflow/dags/setup_retail_pipeline.py
[2026-05-03T15:52:50.380+0000] {logging_mixin.py:151} INFO - [2026-05-03T15:52:50.380+0000] {dag.py:2915} INFO - Sync 1 DAGs
[2026-05-03T15:52:50.391+0000] {logging_mixin.py:151} INFO - [2026-05-03T15:52:50.391+0000] {dag.py:3696} INFO - Setting next_dagrun for setup_retail_pipeline to 2026-05-03T15:00:00+00:00, run_after=2026-05-03T16:00:00+00:00
[2026-05-03T15:52:50.398+0000] {processor.py:179} INFO - Processing /opt/airflow/dags/setup_retail_pipeline.py took 0.066 seconds
[2026-05-03T15:53:20.636+0000] {processor.py:157} INFO - Started process (PID=8343) to work on /opt/airflow/dags/setup_retail_pipeline.py
[2026-05-03T15:53:20.637+0000] {processor.py:829} INFO - Processing file /opt/airflow/dags/setup_retail_pipeline.py for tasks to queue
[2026-05-03T15:53:20.638+0000] {logging_mixin.py:151} INFO - [2026-05-03T15:53:20.637+0000] {dagbag.py:539} INFO - Filling up the DagBag from /opt/airflow/dags/setup_retail_pipeline.py
[2026-05-03T15:53:20.656+0000] {processor.py:839} INFO - DAG(s) dict_keys(['setup_retail_pipeline']) retrieved from /opt/airflow/dags/setup_retail_pipeline.py
[2026-05-03T15:53:20.689+0000] {logging_mixin.py:151} INFO - [2026-05-03T15:53:20.689+0000] {dag.py:2915} INFO - Sync 1 DAGs
[2026-05-03T15:53:20.700+0000] {logging_mixin.py:151} INFO - [2026-05-03T15:53:20.699+0000] {dag.py:3696} INFO - Setting next_dagrun for setup_retail_pipeline to 2026-05-03T15:00:00+00:00, run_after=2026-05-03T16:00:00+00:00
[2026-05-03T15:53:20.707+0000] {processor.py:179} INFO - Processing /opt/airflow/dags/setup_retail_pipeline.py took 0.075 seconds
[2026-05-03T15:53:50.962+0000] {processor.py:157} INFO - Started process (PID=8353) to work on /opt/airflow/dags/setup_retail_pipeline.py
[2026-05-03T15:53:50.965+0000] {processor.py:829} INFO - Processing file /opt/airflow/dags/setup_retail_pipeline.py for tasks to queue
[2026-05-03T15:53:50.967+0000] {logging_mixin.py:151} INFO - [2026-05-03T15:53:50.966+0000] {dagbag.py:539} INFO - Filling up the DagBag from /opt/airflow/dags/setup_retail_pipeline.py
[2026-05-03T15:53:50.992+0000] {processor.py:839} INFO - DAG(s) dict_keys(['setup_retail_pipeline']) retrieved from /opt/airflow/dags/setup_retail_pipeline.py
[2026-05-03T15:53:51.021+0000] {logging_mixin.py:151} INFO - [2026-05-03T15:53:51.021+0000] {dag.py:2915} INFO - Sync 1 DAGs
[2026-05-03T15:53:51.039+0000] {logging_mixin.py:151} INFO - [2026-05-03T15:53:51.039+0000] {dag.py:3696} INFO - Setting next_dagrun for setup_retail_pipeline to 2026-05-03T15:00:00+00:00, run_after=2026-05-03T16:00:00+00:00
[2026-05-03T15:53:51.047+0000] {processor.py:179} INFO - Processing /opt/airflow/dags/setup_retail_pipeline.py took 0.094 seconds
[2026-05-03T15:54:21.274+0000] {processor.py:157} INFO - Started process (PID=8363) to work on /opt/airflow/dags/setup_retail_pipeline.py
[2026-05-03T15:54:21.276+0000] {processor.py:829} INFO - Processing file /opt/airflow/dags/setup_retail_pipeline.py for tasks to queue
[2026-05-03T15:54:21.277+0000] {logging_mixin.py:151} INFO - [2026-05-03T15:54:21.277+0000] {dagbag.py:539} INFO - Filling up the DagBag from /opt/airflow/dags/setup_retail_pipeline.py
[2026-05-03T15:54:21.295+0000] {processor.py:839} INFO - DAG(s) dict_keys(['setup_retail_pipeline']) retrieved from /opt/airflow/dags/setup_retail_pipeline.py
[2026-05-03T15:54:21.330+0000] {logging_mixin.py:151} INFO - [2026-05-03T15:54:21.329+0000] {dag.py:2915} INFO - Sync 1 DAGs
[2026-05-03T15:54:21.342+0000] {logging_mixin.py:151} INFO - [2026-05-03T15:54:21.341+0000] {dag.py:3696} INFO - Setting next_dagrun for setup_retail_pipeline to 2026-05-03T15:00:00+00:00, run_after=2026-05-03T16:00:00+00:00
[2026-05-03T15:54:21.349+0000] {processor.py:179} INFO - Processing /opt/airflow/dags/setup_retail_pipeline.py took 0.085 seconds
[2026-05-03T15:54:51.544+0000] {processor.py:157} INFO - Started process (PID=8373) to work on /opt/airflow/dags/setup_retail_pipeline.py
[2026-05-03T15:54:51.545+0000] {processor.py:829} INFO - Processing file /opt/airflow/dags/setup_retail_pipeline.py for tasks to queue
[2026-05-03T15:54:51.545+0000] {logging_mixin.py:151} INFO - [2026-05-03T15:54:51.545+0000] {dagbag.py:539} INFO - Filling up the DagBag from /opt/airflow/dags/setup_retail_pipeline.py
[2026-05-03T15:54:51.558+0000] {processor.py:839} INFO - DAG(s) dict_keys(['setup_retail_pipeline']) retrieved from /opt/airflow/dags/setup_retail_pipeline.py
[2026-05-03T15:54:51.577+0000] {logging_mixin.py:151} INFO - [2026-05-03T15:54:51.577+0000] {dag.py:2915} INFO - Sync 1 DAGs
[2026-05-03T15:54:51.587+0000] {logging_mixin.py:151} INFO - [2026-05-03T15:54:51.587+0000] {dag.py:3696} INFO - Setting next_dagrun for setup_retail_pipeline to 2026-05-03T15:00:00+00:00, run_after=2026-05-03T16:00:00+00:00
[2026-05-03T15:54:51.593+0000] {processor.py:179} INFO - Processing /opt/airflow/dags/setup_retail_pipeline.py took 0.053 seconds
[2026-05-03T15:55:21.797+0000] {processor.py:157} INFO - Started process (PID=8383) to work on /opt/airflow/dags/setup_retail_pipeline.py
[2026-05-03T15:55:21.798+0000] {processor.py:829} INFO - Processing file /opt/airflow/dags/setup_retail_pipeline.py for tasks to queue
[2026-05-03T15:55:21.799+0000] {logging_mixin.py:151} INFO - [2026-05-03T15:55:21.798+0000] {dagbag.py:539} INFO - Filling up the DagBag from /opt/airflow/dags/setup_retail_pipeline.py
[2026-05-03T15:55:21.811+0000] {processor.py:839} INFO - DAG(s) dict_keys(['setup_retail_pipeline']) retrieved from /opt/airflow/dags/setup_retail_pipeline.py
[2026-05-03T15:55:21.844+0000] {logging_mixin.py:151} INFO - [2026-05-03T15:55:21.844+0000] {dag.py:2915} INFO - Sync 1 DAGs
[2026-05-03T15:55:21.868+0000] {logging_mixin.py:151} INFO - [2026-05-03T15:55:21.868+0000] {dag.py:3696} INFO - Setting next_dagrun for setup_retail_pipeline to 2026-05-03T15:00:00+00:00, run_after=2026-05-03T16:00:00+00:00
[2026-05-03T15:55:21.875+0000] {processor.py:179} INFO - Processing /opt/airflow/dags/setup_retail_pipeline.py took 0.084 seconds
[2026-05-03T15:55:52.120+0000] {processor.py:157} INFO - Started process (PID=8393) to work on /opt/airflow/dags/setup_retail_pipeline.py
[2026-05-03T15:55:52.120+0000] {processor.py:829} INFO - Processing file /opt/airflow/dags/setup_retail_pipeline.py for tasks to queue
[2026-05-03T15:55:52.121+0000] {logging_mixin.py:151} INFO - [2026-05-03T15:55:52.121+0000] {dagbag.py:539} INFO - Filling up the DagBag from /opt/airflow/dags/setup_retail_pipeline.py
[2026-05-03T15:55:52.136+0000] {processor.py:839} INFO - DAG(s) dict_keys(['setup_retail_pipeline']) retrieved from /opt/airflow/dags/setup_retail_pipeline.py
[2026-05-03T15:55:52.157+0000] {logging_mixin.py:151} INFO - [2026-05-03T15:55:52.157+0000] {dag.py:2915} INFO - Sync 1 DAGs
[2026-05-03T15:55:52.169+0000] {logging_mixin.py:151} INFO - [2026-05-03T15:55:52.169+0000] {dag.py:3696} INFO - Setting next_dagrun for setup_retail_pipeline to 2026-05-03T15:00:00+00:00, run_after=2026-05-03T16:00:00+00:00
[2026-05-03T15:55:52.176+0000] {processor.py:179} INFO - Processing /opt/airflow/dags/setup_retail_pipeline.py took 0.061 seconds
[2026-05-03T15:56:22.416+0000] {processor.py:157} INFO - Started process (PID=8403) to work on /opt/airflow/dags/setup_retail_pipeline.py
[2026-05-03T15:56:22.419+0000] {processor.py:829} INFO - Processing file /opt/airflow/dags/setup_retail_pipeline.py for tasks to queue
[2026-05-03T15:56:22.420+0000] {logging_mixin.py:151} INFO - [2026-05-03T15:56:22.420+0000] {dagbag.py:539} INFO - Filling up the DagBag from /opt/airflow/dags/setup_retail_pipeline.py
[2026-05-03T15:56:22.439+0000] {processor.py:839} INFO - DAG(s) dict_keys(['setup_retail_pipeline']) retrieved from /opt/airflow/dags/setup_retail_pipeline.py
[2026-05-03T15:56:22.469+0000] {logging_mixin.py:151} INFO - [2026-05-03T15:56:22.469+0000] {dag.py:2915} INFO - Sync 1 DAGs
[2026-05-03T15:56:22.483+0000] {logging_mixin.py:151} INFO - [2026-05-03T15:56:22.483+0000] {dag.py:3696} INFO - Setting next_dagrun for setup_retail_pipeline to 2026-05-03T15:00:00+00:00, run_after=2026-05-03T16:00:00+00:00
[2026-05-03T15:56:22.489+0000] {processor.py:179} INFO - Processing /opt/airflow/dags/setup_retail_pipeline.py took 0.081 seconds
[2026-05-03T15:56:52.694+0000] {processor.py:157} INFO - Started process (PID=8413) to work on /opt/airflow/dags/setup_retail_pipeline.py
[2026-05-03T15:56:52.695+0000] {processor.py:829} INFO - Processing file /opt/airflow/dags/setup_retail_pipeline.py for tasks to queue
[2026-05-03T15:56:52.696+0000] {logging_mixin.py:151} INFO - [2026-05-03T15:56:52.695+0000] {dagbag.py:539} INFO - Filling up the DagBag from /opt/airflow/dags/setup_retail_pipeline.py
[2026-05-03T15:56:52.711+0000] {processor.py:839} INFO - DAG(s) dict_keys(['setup_retail_pipeline']) retrieved from /opt/airflow/dags/setup_retail_pipeline.py
[2026-05-03T15:56:52.730+0000] {logging_mixin.py:151} INFO - [2026-05-03T15:56:52.730+0000] {dag.py:2915} INFO - Sync 1 DAGs
[2026-05-03T15:56:52.740+0000] {logging_mixin.py:151} INFO - [2026-05-03T15:56:52.740+0000] {dag.py:3696} INFO - Setting next_dagrun for setup_retail_pipeline to 2026-05-03T15:00:00+00:00, run_after=2026-05-03T16:00:00+00:00
[2026-05-03T15:56:52.746+0000] {processor.py:179} INFO - Processing /opt/airflow/dags/setup_retail_pipeline.py took 0.056 seconds
[2026-05-03T15:57:23.034+0000] {processor.py:157} INFO - Started process (PID=8423) to work on /opt/airflow/dags/setup_retail_pipeline.py
[2026-05-03T15:57:23.038+0000] {processor.py:829} INFO - Processing file /opt/airflow/dags/setup_retail_pipeline.py for tasks to queue
[2026-05-03T15:57:23.039+0000] {logging_mixin.py:151} INFO - [2026-05-03T15:57:23.038+0000] {dagbag.py:539} INFO - Filling up the DagBag from /opt/airflow/dags/setup_retail_pipeline.py
[2026-05-03T15:57:23.058+0000] {processor.py:839} INFO - DAG(s) dict_keys(['setup_retail_pipeline']) retrieved from /opt/airflow/dags/setup_retail_pipeline.py
[2026-05-03T15:57:23.083+0000] {logging_mixin.py:151} INFO - [2026-05-03T15:57:23.083+0000] {dag.py:2915} INFO - Sync 1 DAGs
[2026-05-03T15:57:23.096+0000] {logging_mixin.py:151} INFO - [2026-05-03T15:57:23.096+0000] {dag.py:3696} INFO - Setting next_dagrun for setup_retail_pipeline to 2026-05-03T15:00:00+00:00, run_after=2026-05-03T16:00:00+00:00
[2026-05-03T15:57:23.103+0000] {processor.py:179} INFO - Processing /opt/airflow/dags/setup_retail_pipeline.py took 0.075 seconds
[2026-05-03T15:57:53.332+0000] {processor.py:157} INFO - Started process (PID=8433) to work on /opt/airflow/dags/setup_retail_pipeline.py
[2026-05-03T15:57:53.333+0000] {processor.py:829} INFO - Processing file /opt/airflow/dags/setup_retail_pipeline.py for tasks to queue
[2026-05-03T15:57:53.334+0000] {logging_mixin.py:151} INFO - [2026-05-03T15:57:53.333+0000] {dagbag.py:539} INFO - Filling up the DagBag from /opt/airflow/dags/setup_retail_pipeline.py
[2026-05-03T15:57:53.348+0000] {processor.py:839} INFO - DAG(s) dict_keys(['setup_retail_pipeline']) retrieved from /opt/airflow/dags/setup_retail_pipeline.py
[2026-05-03T15:57:53.366+0000] {logging_mixin.py:151} INFO - [2026-05-03T15:57:53.366+0000] {dag.py:2915} INFO - Sync 1 DAGs
[2026-05-03T15:57:53.376+0000] {logging_mixin.py:151} INFO - [2026-05-03T15:57:53.376+0000] {dag.py:3696} INFO - Setting next_dagrun for setup_retail_pipeline to 2026-05-03T15:00:00+00:00, run_after=2026-05-03T16:00:00+00:00
[2026-05-03T15:57:53.383+0000] {processor.py:179} INFO - Processing /opt/airflow/dags/setup_retail_pipeline.py took 0.055 seconds
[2026-05-03T15:58:23.616+0000] {processor.py:157} INFO - Started process (PID=8443) to work on /opt/airflow/dags/setup_retail_pipeline.py
[2026-05-03T15:58:23.618+0000] {processor.py:829} INFO - Processing file /opt/airflow/dags/setup_retail_pipeline.py for tasks to queue
[2026-05-03T15:58:23.619+0000] {logging_mixin.py:151} INFO - [2026-05-03T15:58:23.619+0000] {dagbag.py:539} INFO - Filling up the DagBag from /opt/airflow/dags/setup_retail_pipeline.py
[2026-05-03T15:58:23.637+0000] {processor.py:839} INFO - DAG(s) dict_keys(['setup_retail_pipeline']) retrieved from /opt/airflow/dags/setup_retail_pipeline.py
[2026-05-03T15:58:23.658+0000] {logging_mixin.py:151} INFO - [2026-05-03T15:58:23.658+0000] {dag.py:2915} INFO - Sync 1 DAGs
[2026-05-03T15:58:23.668+0000] {logging_mixin.py:151} INFO - [2026-05-03T15:58:23.668+0000] {dag.py:3696} INFO - Setting next_dagrun for setup_retail_pipeline to 2026-05-03T15:00:00+00:00, run_after=2026-05-03T16:00:00+00:00
[2026-05-03T15:58:23.674+0000] {processor.py:179} INFO - Processing /opt/airflow/dags/setup_retail_pipeline.py took 0.065 seconds
[2026-05-03T15:58:53.844+0000] {processor.py:157} INFO - Started process (PID=8453) to work on /opt/airflow/dags/setup_retail_pipeline.py
[2026-05-03T15:58:53.846+0000] {processor.py:829} INFO - Processing file /opt/airflow/dags/setup_retail_pipeline.py for tasks to queue
[2026-05-03T15:58:53.847+0000] {logging_mixin.py:151} INFO - [2026-05-03T15:58:53.847+0000] {dagbag.py:539} INFO - Filling up the DagBag from /opt/airflow/dags/setup_retail_pipeline.py
[2026-05-03T15:58:53.860+0000] {processor.py:839} INFO - DAG(s) dict_keys(['setup_retail_pipeline']) retrieved from /opt/airflow/dags/setup_retail_pipeline.py
[2026-05-03T15:58:53.878+0000] {logging_mixin.py:151} INFO - [2026-05-03T15:58:53.878+0000] {dag.py:2915} INFO - Sync 1 DAGs
[2026-05-03T15:58:53.890+0000] {logging_mixin.py:151} INFO - [2026-05-03T15:58:53.890+0000] {dag.py:3696} INFO - Setting next_dagrun for setup_retail_pipeline to 2026-05-03T15:00:00+00:00, run_after=2026-05-03T16:00:00+00:00
[2026-05-03T15:58:53.898+0000] {processor.py:179} INFO - Processing /opt/airflow/dags/setup_retail_pipeline.py took 0.058 seconds
[2026-05-03T15:59:24.111+0000] {processor.py:157} INFO - Started process (PID=8463) to work on /opt/airflow/dags/setup_retail_pipeline.py
[2026-05-03T15:59:24.114+0000] {processor.py:829} INFO - Processing file /opt/airflow/dags/setup_retail_pipeline.py for tasks to queue
[2026-05-03T15:59:24.115+0000] {logging_mixin.py:151} INFO - [2026-05-03T15:59:24.115+0000] {dagbag.py:539} INFO - Filling up the DagBag from /opt/airflow/dags/setup_retail_pipeline.py
[2026-05-03T15:59:24.134+0000] {processor.py:839} INFO - DAG(s) dict_keys(['setup_retail_pipeline']) retrieved from /opt/airflow/dags/setup_retail_pipeline.py
[2026-05-03T15:59:24.155+0000] {logging_mixin.py:151} INFO - [2026-05-03T15:59:24.155+0000] {dag.py:2915} INFO - Sync 1 DAGs
[2026-05-03T15:59:24.165+0000] {logging_mixin.py:151} INFO - [2026-05-03T15:59:24.165+0000] {dag.py:3696} INFO - Setting next_dagrun for setup_retail_pipeline to 2026-05-03T15:00:00+00:00, run_after=2026-05-03T16:00:00+00:00
[2026-05-03T15:59:24.170+0000] {processor.py:179} INFO - Processing /opt/airflow/dags/setup_retail_pipeline.py took 0.063 seconds
[2026-05-03T15:59:54.383+0000] {processor.py:157} INFO - Started process (PID=8473) to work on /opt/airflow/dags/setup_retail_pipeline.py
[2026-05-03T15:59:54.386+0000] {processor.py:829} INFO - Processing file /opt/airflow/dags/setup_retail_pipeline.py for tasks to queue
[2026-05-03T15:59:54.387+0000] {logging_mixin.py:151} INFO - [2026-05-03T15:59:54.386+0000] {dagbag.py:539} INFO - Filling up the DagBag from /opt/airflow/dags/setup_retail_pipeline.py
[2026-05-03T15:59:54.400+0000] {processor.py:839} INFO - DAG(s) dict_keys(['setup_retail_pipeline']) retrieved from /opt/airflow/dags/setup_retail_pipeline.py
[2026-05-03T15:59:54.419+0000] {logging_mixin.py:151} INFO - [2026-05-03T15:59:54.419+0000] {dag.py:2915} INFO - Sync 1 DAGs
[2026-05-03T15:59:54.431+0000] {logging_mixin.py:151} INFO - [2026-05-03T15:59:54.430+0000] {dag.py:3696} INFO - Setting next_dagrun for setup_retail_pipeline to 2026-05-03T15:00:00+00:00, run_after=2026-05-03T16:00:00+00:00
[2026-05-03T15:59:54.437+0000] {processor.py:179} INFO - Processing /opt/airflow/dags/setup_retail_pipeline.py took 0.059 seconds
[2026-05-03T16:00:24.638+0000] {processor.py:157} INFO - Started process (PID=8552) to work on /opt/airflow/dags/setup_retail_pipeline.py
[2026-05-03T16:00:24.639+0000] {processor.py:829} INFO - Processing file /opt/airflow/dags/setup_retail_pipeline.py for tasks to queue
[2026-05-03T16:00:24.640+0000] {logging_mixin.py:151} INFO - [2026-05-03T16:00:24.639+0000] {dagbag.py:539} INFO - Filling up the DagBag from /opt/airflow/dags/setup_retail_pipeline.py
[2026-05-03T16:00:24.653+0000] {processor.py:839} INFO - DAG(s) dict_keys(['setup_retail_pipeline']) retrieved from /opt/airflow/dags/setup_retail_pipeline.py
[2026-05-03T16:00:24.676+0000] {logging_mixin.py:151} INFO - [2026-05-03T16:00:24.676+0000] {dag.py:2915} INFO - Sync 1 DAGs
[2026-05-03T16:00:24.695+0000] {processor.py:179} INFO - Processing /opt/airflow/dags/setup_retail_pipeline.py took 0.059 seconds
[2026-05-03T16:00:54.944+0000] {processor.py:157} INFO - Started process (PID=8576) to work on /opt/airflow/dags/setup_retail_pipeline.py
[2026-05-03T16:00:54.947+0000] {processor.py:829} INFO - Processing file /opt/airflow/dags/setup_retail_pipeline.py for tasks to queue
[2026-05-03T16:00:54.949+0000] {logging_mixin.py:151} INFO - [2026-05-03T16:00:54.948+0000] {dagbag.py:539} INFO - Filling up the DagBag from /opt/airflow/dags/setup_retail_pipeline.py
[2026-05-03T16:00:54.970+0000] {processor.py:839} INFO - DAG(s) dict_keys(['setup_retail_pipeline']) retrieved from /opt/airflow/dags/setup_retail_pipeline.py
[2026-05-03T16:00:55.002+0000] {logging_mixin.py:151} INFO - [2026-05-03T16:00:55.002+0000] {dag.py:2915} INFO - Sync 1 DAGs
[2026-05-03T16:00:55.023+0000] {logging_mixin.py:151} INFO - [2026-05-03T16:00:55.022+0000] {dag.py:3696} INFO - Setting next_dagrun for setup_retail_pipeline to 2026-05-03T16:00:00+00:00, run_after=2026-05-03T17:00:00+00:00
[2026-05-03T16:00:55.031+0000] {processor.py:179} INFO - Processing /opt/airflow/dags/setup_retail_pipeline.py took 0.095 seconds
[2026-05-03T16:01:25.312+0000] {processor.py:157} INFO - Started process (PID=8586) to work on /opt/airflow/dags/setup_retail_pipeline.py
[2026-05-03T16:01:25.314+0000] {processor.py:829} INFO - Processing file /opt/airflow/dags/setup_retail_pipeline.py for tasks to queue
[2026-05-03T16:01:25.315+0000] {logging_mixin.py:151} INFO - [2026-05-03T16:01:25.314+0000] {dagbag.py:539} INFO - Filling up the DagBag from /opt/airflow/dags/setup_retail_pipeline.py
[2026-05-03T16:01:25.333+0000] {processor.py:839} INFO - DAG(s) dict_keys(['setup_retail_pipeline']) retrieved from /opt/airflow/dags/setup_retail_pipeline.py
[2026-05-03T16:01:25.362+0000] {logging_mixin.py:151} INFO - [2026-05-03T16:01:25.362+0000] {dag.py:2915} INFO - Sync 1 DAGs
[2026-05-03T16:01:25.380+0000] {logging_mixin.py:151} INFO - [2026-05-03T16:01:25.380+0000] {dag.py:3696} INFO - Setting next_dagrun for setup_retail_pipeline to 2026-05-03T16:00:00+00:00, run_after=2026-05-03T17:00:00+00:00
[2026-05-03T16:01:25.387+0000] {processor.py:179} INFO - Processing /opt/airflow/dags/setup_retail_pipeline.py took 0.080 seconds
[2026-05-03T16:01:55.607+0000] {processor.py:157} INFO - Started process (PID=8596) to work on /opt/airflow/dags/setup_retail_pipeline.py
[2026-05-03T16:01:55.609+0000] {processor.py:829} INFO - Processing file /opt/airflow/dags/setup_retail_pipeline.py for tasks to queue
[2026-05-03T16:01:55.610+0000] {logging_mixin.py:151} INFO - [2026-05-03T16:01:55.610+0000] {dagbag.py:539} INFO - Filling up the DagBag from /opt/airflow/dags/setup_retail_pipeline.py
[2026-05-03T16:01:55.622+0000] {processor.py:839} INFO - DAG(s) dict_keys(['setup_retail_pipeline']) retrieved from /opt/airflow/dags/setup_retail_pipeline.py
[2026-05-03T16:01:55.651+0000] {logging_mixin.py:151} INFO - [2026-05-03T16:01:55.651+0000] {dag.py:2915} INFO - Sync 1 DAGs
[2026-05-03T16:01:55.661+0000] {logging_mixin.py:151} INFO - [2026-05-03T16:01:55.661+0000] {dag.py:3696} INFO - Setting next_dagrun for setup_retail_pipeline to 2026-05-03T16:00:00+00:00, run_after=2026-05-03T17:00:00+00:00
[2026-05-03T16:01:55.669+0000] {processor.py:179} INFO - Processing /opt/airflow/dags/setup_retail_pipeline.py took 0.065 seconds
[2026-05-03T16:02:26.034+0000] {processor.py:157} INFO - Started process (PID=8606) to work on /opt/airflow/dags/setup_retail_pipeline.py
[2026-05-03T16:02:26.036+0000] {processor.py:829} INFO - Processing file /opt/airflow/dags/setup_retail_pipeline.py for tasks to queue
[2026-05-03T16:02:26.037+0000] {logging_mixin.py:151} INFO - [2026-05-03T16:02:26.036+0000] {dagbag.py:539} INFO - Filling up the DagBag from /opt/airflow/dags/setup_retail_pipeline.py
[2026-05-03T16:02:26.056+0000] {processor.py:839} INFO - DAG(s) dict_keys(['setup_retail_pipeline']) retrieved from /opt/airflow/dags/setup_retail_pipeline.py
[2026-05-03T16:02:26.081+0000] {logging_mixin.py:151} INFO - [2026-05-03T16:02:26.081+0000] {dag.py:2915} INFO - Sync 1 DAGs
[2026-05-03T16:02:26.094+0000] {logging_mixin.py:151} INFO - [2026-05-03T16:02:26.094+0000] {dag.py:3696} INFO - Setting next_dagrun for setup_retail_pipeline to 2026-05-03T16:00:00+00:00, run_after=2026-05-03T17:00:00+00:00
[2026-05-03T16:02:26.102+0000] {processor.py:179} INFO - Processing /opt/airflow/dags/setup_retail_pipeline.py took 0.072 seconds
[2026-05-03T16:02:56.309+0000] {processor.py:157} INFO - Started process (PID=8616) to work on /opt/airflow/dags/setup_retail_pipeline.py
[2026-05-03T16:02:56.311+0000] {processor.py:829} INFO - Processing file /opt/airflow/dags/setup_retail_pipeline.py for tasks to queue
[2026-05-03T16:02:56.315+0000] {logging_mixin.py:151} INFO - [2026-05-03T16:02:56.315+0000] {dagbag.py:539} INFO - Filling up the DagBag from /opt/airflow/dags/setup_retail_pipeline.py
[2026-05-03T16:02:56.331+0000] {processor.py:839} INFO - DAG(s) dict_keys(['setup_retail_pipeline']) retrieved from /opt/airflow/dags/setup_retail_pipeline.py
[2026-05-03T16:02:56.353+0000] {logging_mixin.py:151} INFO - [2026-05-03T16:02:56.353+0000] {dag.py:2915} INFO - Sync 1 DAGs
[2026-05-03T16:02:56.364+0000] {logging_mixin.py:151} INFO - [2026-05-03T16:02:56.364+0000] {dag.py:3696} INFO - Setting next_dagrun for setup_retail_pipeline to 2026-05-03T16:00:00+00:00, run_after=2026-05-03T17:00:00+00:00
[2026-05-03T16:02:56.370+0000] {processor.py:179} INFO - Processing /opt/airflow/dags/setup_retail_pipeline.py took 0.065 seconds
[2026-05-03T16:03:26.611+0000] {processor.py:157} INFO - Started process (PID=8626) to work on /opt/airflow/dags/setup_retail_pipeline.py
[2026-05-03T16:03:26.612+0000] {processor.py:829} INFO - Processing file /opt/airflow/dags/setup_retail_pipeline.py for tasks to queue
[2026-05-03T16:03:26.614+0000] {logging_mixin.py:151} INFO - [2026-05-03T16:03:26.613+0000] {dagbag.py:539} INFO - Filling up the DagBag from /opt/airflow/dags/setup_retail_pipeline.py
[2026-05-03T16:03:26.638+0000] {processor.py:839} INFO - DAG(s) dict_keys(['setup_retail_pipeline']) retrieved from /opt/airflow/dags/setup_retail_pipeline.py
[2026-05-03T16:03:26.668+0000] {logging_mixin.py:151} INFO - [2026-05-03T16:03:26.668+0000] {dag.py:2915} INFO - Sync 1 DAGs
[2026-05-03T16:03:26.686+0000] {logging_mixin.py:151} INFO - [2026-05-03T16:03:26.686+0000] {dag.py:3696} INFO - Setting next_dagrun for setup_retail_pipeline to 2026-05-03T16:00:00+00:00, run_after=2026-05-03T17:00:00+00:00
[2026-05-03T16:03:26.693+0000] {processor.py:179} INFO - Processing /opt/airflow/dags/setup_retail_pipeline.py took 0.094 seconds
[2026-05-03T16:03:56.802+0000] {processor.py:157} INFO - Started process (PID=8636) to work on /opt/airflow/dags/setup_retail_pipeline.py
[2026-05-03T16:03:56.803+0000] {processor.py:829} INFO - Processing file /opt/airflow/dags/setup_retail_pipeline.py for tasks to queue
[2026-05-03T16:03:56.803+0000] {logging_mixin.py:151} INFO - [2026-05-03T16:03:56.803+0000] {dagbag.py:539} INFO - Filling up the DagBag from /opt/airflow/dags/setup_retail_pipeline.py
[2026-05-03T16:03:56.812+0000] {processor.py:839} INFO - DAG(s) dict_keys(['setup_retail_pipeline']) retrieved from /opt/airflow/dags/setup_retail_pipeline.py
[2026-05-03T16:03:56.832+0000] {logging_mixin.py:151} INFO - [2026-05-03T16:03:56.832+0000] {dag.py:2915} INFO - Sync 1 DAGs
[2026-05-03T16:03:56.842+0000] {logging_mixin.py:151} INFO - [2026-05-03T16:03:56.842+0000] {dag.py:3696} INFO - Setting next_dagrun for setup_retail_pipeline to 2026-05-03T16:00:00+00:00, run_after=2026-05-03T17:00:00+00:00
[2026-05-03T16:03:56.848+0000] {processor.py:179} INFO - Processing /opt/airflow/dags/setup_retail_pipeline.py took 0.052 seconds
[2026-05-03T16:04:27.081+0000] {processor.py:157} INFO - Started process (PID=8646) to work on /opt/airflow/dags/setup_retail_pipeline.py
[2026-05-03T16:04:27.083+0000] {processor.py:829} INFO - Processing file /opt/airflow/dags/setup_retail_pipeline.py for tasks to queue
[2026-05-03T16:04:27.083+0000] {logging_mixin.py:151} INFO - [2026-05-03T16:04:27.083+0000] {dagbag.py:539} INFO - Filling up the DagBag from /opt/airflow/dags/setup_retail_pipeline.py
[2026-05-03T16:04:27.096+0000] {processor.py:839} INFO - DAG(s) dict_keys(['setup_retail_pipeline']) retrieved from /opt/airflow/dags/setup_retail_pipeline.py
[2026-05-03T16:04:27.118+0000] {logging_mixin.py:151} INFO - [2026-05-03T16:04:27.118+0000] {dag.py:2915} INFO - Sync 1 DAGs
[2026-05-03T16:04:27.128+0000] {logging_mixin.py:151} INFO - [2026-05-03T16:04:27.128+0000] {dag.py:3696} INFO - Setting next_dagrun for setup_retail_pipeline to 2026-05-03T16:00:00+00:00, run_after=2026-05-03T17:00:00+00:00
[2026-05-03T16:04:27.135+0000] {processor.py:179} INFO - Processing /opt/airflow/dags/setup_retail_pipeline.py took 0.061 seconds
[2026-05-03T16:04:57.312+0000] {processor.py:157} INFO - Started process (PID=8724) to work on /opt/airflow/dags/setup_retail_pipeline.py
[2026-05-03T16:04:57.315+0000] {processor.py:829} INFO - Processing file /opt/airflow/dags/setup_retail_pipeline.py for tasks to queue
[2026-05-03T16:04:57.315+0000] {logging_mixin.py:151} INFO - [2026-05-03T16:04:57.315+0000] {dagbag.py:539} INFO - Filling up the DagBag from /opt/airflow/dags/setup_retail_pipeline.py
[2026-05-03T16:04:57.327+0000] {processor.py:839} INFO - DAG(s) dict_keys(['setup_retail_pipeline']) retrieved from /opt/airflow/dags/setup_retail_pipeline.py
[2026-05-03T16:04:57.347+0000] {logging_mixin.py:151} INFO - [2026-05-03T16:04:57.346+0000] {dag.py:2915} INFO - Sync 1 DAGs
[2026-05-03T16:04:57.361+0000] {processor.py:179} INFO - Processing /opt/airflow/dags/setup_retail_pipeline.py took 0.051 seconds
[2026-05-03T16:05:27.578+0000] {processor.py:157} INFO - Started process (PID=8748) to work on /opt/airflow/dags/setup_retail_pipeline.py
[2026-05-03T16:05:27.579+0000] {processor.py:829} INFO - Processing file /opt/airflow/dags/setup_retail_pipeline.py for tasks to queue
[2026-05-03T16:05:27.580+0000] {logging_mixin.py:151} INFO - [2026-05-03T16:05:27.579+0000] {dagbag.py:539} INFO - Filling up the DagBag from /opt/airflow/dags/setup_retail_pipeline.py
[2026-05-03T16:05:27.592+0000] {processor.py:839} INFO - DAG(s) dict_keys(['setup_retail_pipeline']) retrieved from /opt/airflow/dags/setup_retail_pipeline.py
[2026-05-03T16:05:27.608+0000] {logging_mixin.py:151} INFO - [2026-05-03T16:05:27.608+0000] {dag.py:2915} INFO - Sync 1 DAGs
[2026-05-03T16:05:27.623+0000] {processor.py:179} INFO - Processing /opt/airflow/dags/setup_retail_pipeline.py took 0.048 seconds
[2026-05-03T16:05:57.847+0000] {processor.py:157} INFO - Started process (PID=8772) to work on /opt/airflow/dags/setup_retail_pipeline.py
[2026-05-03T16:05:57.848+0000] {processor.py:829} INFO - Processing file /opt/airflow/dags/setup_retail_pipeline.py for tasks to queue
[2026-05-03T16:05:57.850+0000] {logging_mixin.py:151} INFO - [2026-05-03T16:05:57.849+0000] {dagbag.py:539} INFO - Filling up the DagBag from /opt/airflow/dags/setup_retail_pipeline.py
[2026-05-03T16:05:57.875+0000] {processor.py:839} INFO - DAG(s) dict_keys(['setup_retail_pipeline']) retrieved from /opt/airflow/dags/setup_retail_pipeline.py
[2026-05-03T16:05:57.908+0000] {logging_mixin.py:151} INFO - [2026-05-03T16:05:57.908+0000] {dag.py:2915} INFO - Sync 1 DAGs
[2026-05-03T16:05:57.935+0000] {processor.py:179} INFO - Processing /opt/airflow/dags/setup_retail_pipeline.py took 0.092 seconds
[2026-05-03T16:06:28.080+0000] {processor.py:157} INFO - Started process (PID=8795) to work on /opt/airflow/dags/setup_retail_pipeline.py
[2026-05-03T16:06:28.084+0000] {processor.py:829} INFO - Processing file /opt/airflow/dags/setup_retail_pipeline.py for tasks to queue
[2026-05-03T16:06:28.085+0000] {logging_mixin.py:151} INFO - [2026-05-03T16:06:28.085+0000] {dagbag.py:539} INFO - Filling up the DagBag from /opt/airflow/dags/setup_retail_pipeline.py
[2026-05-03T16:06:28.107+0000] {processor.py:839} INFO - DAG(s) dict_keys(['setup_retail_pipeline']) retrieved from /opt/airflow/dags/setup_retail_pipeline.py
[2026-05-03T16:06:28.131+0000] {logging_mixin.py:151} INFO - [2026-05-03T16:06:28.131+0000] {dag.py:2915} INFO - Sync 1 DAGs
[2026-05-03T16:06:28.147+0000] {logging_mixin.py:151} INFO - [2026-05-03T16:06:28.146+0000] {dag.py:3696} INFO - Setting next_dagrun for setup_retail_pipeline to 2026-05-03T16:00:00+00:00, run_after=2026-05-03T17:00:00+00:00
[2026-05-03T16:06:28.155+0000] {processor.py:179} INFO - Processing /opt/airflow/dags/setup_retail_pipeline.py took 0.079 seconds
[2026-05-03T16:06:58.451+0000] {processor.py:157} INFO - Started process (PID=8805) to work on /opt/airflow/dags/setup_retail_pipeline.py
[2026-05-03T16:06:58.455+0000] {processor.py:829} INFO - Processing file /opt/airflow/dags/setup_retail_pipeline.py for tasks to queue
[2026-05-03T16:06:58.456+0000] {logging_mixin.py:151} INFO - [2026-05-03T16:06:58.456+0000] {dagbag.py:539} INFO - Filling up the DagBag from /opt/airflow/dags/setup_retail_pipeline.py
[2026-05-03T16:06:58.476+0000] {processor.py:839} INFO - DAG(s) dict_keys(['setup_retail_pipeline']) retrieved from /opt/airflow/dags/setup_retail_pipeline.py
[2026-05-03T16:06:58.509+0000] {logging_mixin.py:151} INFO - [2026-05-03T16:06:58.509+0000] {dag.py:2915} INFO - Sync 1 DAGs
[2026-05-03T16:06:58.521+0000] {logging_mixin.py:151} INFO - [2026-05-03T16:06:58.521+0000] {dag.py:3696} INFO - Setting next_dagrun for setup_retail_pipeline to 2026-05-03T16:00:00+00:00, run_after=2026-05-03T17:00:00+00:00
[2026-05-03T16:06:58.528+0000] {processor.py:179} INFO - Processing /opt/airflow/dags/setup_retail_pipeline.py took 0.084 seconds
[2026-05-03T16:07:28.615+0000] {processor.py:157} INFO - Started process (PID=8880) to work on /opt/airflow/dags/setup_retail_pipeline.py
[2026-05-03T16:07:28.618+0000] {processor.py:829} INFO - Processing file /opt/airflow/dags/setup_retail_pipeline.py for tasks to queue
[2026-05-03T16:07:28.619+0000] {logging_mixin.py:151} INFO - [2026-05-03T16:07:28.619+0000] {dagbag.py:539} INFO - Filling up the DagBag from /opt/airflow/dags/setup_retail_pipeline.py
[2026-05-03T16:07:28.632+0000] {processor.py:839} INFO - DAG(s) dict_keys(['setup_retail_pipeline']) retrieved from /opt/airflow/dags/setup_retail_pipeline.py
[2026-05-03T16:07:28.653+0000] {logging_mixin.py:151} INFO - [2026-05-03T16:07:28.653+0000] {dag.py:2915} INFO - Sync 1 DAGs
[2026-05-03T16:07:28.672+0000] {processor.py:179} INFO - Processing /opt/airflow/dags/setup_retail_pipeline.py took 0.060 seconds
[2026-05-03T16:07:58.939+0000] {processor.py:157} INFO - Started process (PID=8904) to work on /opt/airflow/dags/setup_retail_pipeline.py
[2026-05-03T16:07:58.940+0000] {processor.py:829} INFO - Processing file /opt/airflow/dags/setup_retail_pipeline.py for tasks to queue
[2026-05-03T16:07:58.941+0000] {logging_mixin.py:151} INFO - [2026-05-03T16:07:58.940+0000] {dagbag.py:539} INFO - Filling up the DagBag from /opt/airflow/dags/setup_retail_pipeline.py
[2026-05-03T16:07:58.964+0000] {processor.py:839} INFO - DAG(s) dict_keys(['setup_retail_pipeline']) retrieved from /opt/airflow/dags/setup_retail_pipeline.py
[2026-05-03T16:07:58.992+0000] {logging_mixin.py:151} INFO - [2026-05-03T16:07:58.992+0000] {dag.py:2915} INFO - Sync 1 DAGs
[2026-05-03T16:07:59.009+0000] {logging_mixin.py:151} INFO - [2026-05-03T16:07:59.009+0000] {dag.py:3696} INFO - Setting next_dagrun for setup_retail_pipeline to 2026-05-03T16:00:00+00:00, run_after=2026-05-03T17:00:00+00:00
[2026-05-03T16:07:59.022+0000] {processor.py:179} INFO - Processing /opt/airflow/dags/setup_retail_pipeline.py took 0.089 seconds
[2026-05-03T16:08:29.253+0000] {processor.py:157} INFO - Started process (PID=8914) to work on /opt/airflow/dags/setup_retail_pipeline.py
[2026-05-03T16:08:29.254+0000] {processor.py:829} INFO - Processing file /opt/airflow/dags/setup_retail_pipeline.py for tasks to queue
[2026-05-03T16:08:29.255+0000] {logging_mixin.py:151} INFO - [2026-05-03T16:08:29.255+0000] {dagbag.py:539} INFO - Filling up the DagBag from /opt/airflow/dags/setup_retail_pipeline.py
[2026-05-03T16:08:29.273+0000] {processor.py:839} INFO - DAG(s) dict_keys(['setup_retail_pipeline']) retrieved from /opt/airflow/dags/setup_retail_pipeline.py
[2026-05-03T16:08:29.306+0000] {logging_mixin.py:151} INFO - [2026-05-03T16:08:29.306+0000] {dag.py:2915} INFO - Sync 1 DAGs
[2026-05-03T16:08:29.321+0000] {logging_mixin.py:151} INFO - [2026-05-03T16:08:29.321+0000] {dag.py:3696} INFO - Setting next_dagrun for setup_retail_pipeline to 2026-05-03T16:00:00+00:00, run_after=2026-05-03T17:00:00+00:00
[2026-05-03T16:08:29.328+0000] {processor.py:179} INFO - Processing /opt/airflow/dags/setup_retail_pipeline.py took 0.080 seconds
[2026-05-03T16:08:56.550+0000] {processor.py:157} INFO - Started process (PID=8924) to work on /opt/airflow/dags/setup_retail_pipeline.py
[2026-05-03T16:08:56.554+0000] {processor.py:829} INFO - Processing file /opt/airflow/dags/setup_retail_pipeline.py for tasks to queue
[2026-05-03T16:08:56.555+0000] {logging_mixin.py:151} INFO - [2026-05-03T16:08:56.554+0000] {dagbag.py:539} INFO - Filling up the DagBag from /opt/airflow/dags/setup_retail_pipeline.py
[2026-05-03T16:08:56.587+0000] {processor.py:839} INFO - DAG(s) dict_keys(['setup_retail_pipeline']) retrieved from /opt/airflow/dags/setup_retail_pipeline.py
[2026-05-03T16:08:56.657+0000] {logging_mixin.py:151} INFO - [2026-05-03T16:08:56.657+0000] {security.py:708} INFO - Not syncing DAG-level permissions for DAG 'DAG:setup_retail_pipeline' as access control is unset.
[2026-05-03T16:08:56.657+0000] {logging_mixin.py:151} INFO - [2026-05-03T16:08:56.657+0000] {dag.py:2915} INFO - Sync 1 DAGs
[2026-05-03T16:08:56.668+0000] {logging_mixin.py:151} INFO - [2026-05-03T16:08:56.668+0000] {dag.py:3696} INFO - Setting next_dagrun for setup_retail_pipeline to 2026-05-03T16:00:00+00:00, run_after=2026-05-03T17:00:00+00:00
[2026-05-03T16:08:56.676+0000] {processor.py:179} INFO - Processing /opt/airflow/dags/setup_retail_pipeline.py took 0.133 seconds
[2026-05-03T16:09:24.785+0000] {processor.py:157} INFO - Started process (PID=8934) to work on /opt/airflow/dags/setup_retail_pipeline.py
[2026-05-03T16:09:24.787+0000] {processor.py:829} INFO - Processing file /opt/airflow/dags/setup_retail_pipeline.py for tasks to queue
[2026-05-03T16:09:24.793+0000] {logging_mixin.py:151} INFO - [2026-05-03T16:09:24.789+0000] {dagbag.py:539} INFO - Filling up the DagBag from /opt/airflow/dags/setup_retail_pipeline.py
[2026-05-03T16:09:24.819+0000] {processor.py:839} INFO - DAG(s) dict_keys(['setup_retail_pipeline']) retrieved from /opt/airflow/dags/setup_retail_pipeline.py
[2026-05-03T16:09:24.830+0000] {logging_mixin.py:151} INFO - [2026-05-03T16:09:24.830+0000] {dag.py:2915} INFO - Sync 1 DAGs
[2026-05-03T16:09:24.843+0000] {logging_mixin.py:151} INFO - [2026-05-03T16:09:24.843+0000] {dag.py:3696} INFO - Setting next_dagrun for setup_retail_pipeline to 2026-05-03T16:00:00+00:00, run_after=2026-05-03T17:00:00+00:00
[2026-05-03T16:09:24.851+0000] {processor.py:179} INFO - Processing /opt/airflow/dags/setup_retail_pipeline.py took 0.081 seconds
[2026-05-03T16:09:55.051+0000] {processor.py:157} INFO - Started process (PID=9002) to work on /opt/airflow/dags/setup_retail_pipeline.py
[2026-05-03T16:09:55.052+0000] {processor.py:829} INFO - Processing file /opt/airflow/dags/setup_retail_pipeline.py for tasks to queue
[2026-05-03T16:09:55.053+0000] {logging_mixin.py:151} INFO - [2026-05-03T16:09:55.052+0000] {dagbag.py:539} INFO - Filling up the DagBag from /opt/airflow/dags/setup_retail_pipeline.py
[2026-05-03T16:09:55.074+0000] {processor.py:839} INFO - DAG(s) dict_keys(['setup_retail_pipeline']) retrieved from /opt/airflow/dags/setup_retail_pipeline.py
[2026-05-03T16:09:55.136+0000] {logging_mixin.py:151} INFO - [2026-05-03T16:09:55.136+0000] {security.py:708} INFO - Not syncing DAG-level permissions for DAG 'DAG:setup_retail_pipeline' as access control is unset.
[2026-05-03T16:09:55.137+0000] {logging_mixin.py:151} INFO - [2026-05-03T16:09:55.137+0000] {dag.py:2915} INFO - Sync 1 DAGs
[2026-05-03T16:09:55.158+0000] {processor.py:179} INFO - Processing /opt/airflow/dags/setup_retail_pipeline.py took 0.116 seconds
[2026-05-03T16:10:25.371+0000] {processor.py:157} INFO - Started process (PID=9036) to work on /opt/airflow/dags/setup_retail_pipeline.py
[2026-05-03T16:10:25.372+0000] {processor.py:829} INFO - Processing file /opt/airflow/dags/setup_retail_pipeline.py for tasks to queue
[2026-05-03T16:10:25.373+0000] {logging_mixin.py:151} INFO - [2026-05-03T16:10:25.373+0000] {dagbag.py:539} INFO - Filling up the DagBag from /opt/airflow/dags/setup_retail_pipeline.py
[2026-05-03T16:10:25.382+0000] {processor.py:839} INFO - DAG(s) dict_keys(['setup_retail_pipeline']) retrieved from /opt/airflow/dags/setup_retail_pipeline.py
[2026-05-03T16:10:25.406+0000] {logging_mixin.py:151} INFO - [2026-05-03T16:10:25.406+0000] {dag.py:2915} INFO - Sync 1 DAGs
[2026-05-03T16:10:25.415+0000] {logging_mixin.py:151} INFO - [2026-05-03T16:10:25.415+0000] {dag.py:3696} INFO - Setting next_dagrun for setup_retail_pipeline to 2026-05-03T16:00:00+00:00, run_after=2026-05-03T17:00:00+00:00
[2026-05-03T16:10:25.421+0000] {processor.py:179} INFO - Processing /opt/airflow/dags/setup_retail_pipeline.py took 0.052 seconds
[2026-05-03T16:10:55.724+0000] {processor.py:157} INFO - Started process (PID=9046) to work on /opt/airflow/dags/setup_retail_pipeline.py
[2026-05-03T16:10:55.727+0000] {processor.py:829} INFO - Processing file /opt/airflow/dags/setup_retail_pipeline.py for tasks to queue
[2026-05-03T16:10:55.729+0000] {logging_mixin.py:151} INFO - [2026-05-03T16:10:55.728+0000] {dagbag.py:539} INFO - Filling up the DagBag from /opt/airflow/dags/setup_retail_pipeline.py
[2026-05-03T16:10:55.750+0000] {processor.py:839} INFO - DAG(s) dict_keys(['setup_retail_pipeline']) retrieved from /opt/airflow/dags/setup_retail_pipeline.py
[2026-05-03T16:10:55.778+0000] {logging_mixin.py:151} INFO - [2026-05-03T16:10:55.778+0000] {dag.py:2915} INFO - Sync 1 DAGs
[2026-05-03T16:10:55.790+0000] {logging_mixin.py:151} INFO - [2026-05-03T16:10:55.790+0000] {dag.py:3696} INFO - Setting next_dagrun for setup_retail_pipeline to 2026-05-03T16:00:00+00:00, run_after=2026-05-03T17:00:00+00:00
[2026-05-03T16:10:55.796+0000] {processor.py:179} INFO - Processing /opt/airflow/dags/setup_retail_pipeline.py took 0.076 seconds
[2026-05-03T16:11:26.244+0000] {processor.py:157} INFO - Started process (PID=9056) to work on /opt/airflow/dags/setup_retail_pipeline.py
[2026-05-03T16:11:26.247+0000] {processor.py:829} INFO - Processing file /opt/airflow/dags/setup_retail_pipeline.py for tasks to queue
[2026-05-03T16:11:26.248+0000] {logging_mixin.py:151} INFO - [2026-05-03T16:11:26.248+0000] {dagbag.py:539} INFO - Filling up the DagBag from /opt/airflow/dags/setup_retail_pipeline.py
[2026-05-03T16:11:26.264+0000] {processor.py:839} INFO - DAG(s) dict_keys(['setup_retail_pipeline']) retrieved from /opt/airflow/dags/setup_retail_pipeline.py
[2026-05-03T16:11:26.297+0000] {logging_mixin.py:151} INFO - [2026-05-03T16:11:26.297+0000] {dag.py:2915} INFO - Sync 1 DAGs
[2026-05-03T16:11:26.314+0000] {logging_mixin.py:151} INFO - [2026-05-03T16:11:26.314+0000] {dag.py:3696} INFO - Setting next_dagrun for setup_retail_pipeline to 2026-05-03T16:00:00+00:00, run_after=2026-05-03T17:00:00+00:00
[2026-05-03T16:11:26.321+0000] {processor.py:179} INFO - Processing /opt/airflow/dags/setup_retail_pipeline.py took 0.085 seconds
[2026-05-03T16:11:56.550+0000] {processor.py:157} INFO - Started process (PID=9066) to work on /opt/airflow/dags/setup_retail_pipeline.py
[2026-05-03T16:11:56.551+0000] {processor.py:829} INFO - Processing file /opt/airflow/dags/setup_retail_pipeline.py for tasks to queue
[2026-05-03T16:11:56.552+0000] {logging_mixin.py:151} INFO - [2026-05-03T16:11:56.551+0000] {dagbag.py:539} INFO - Filling up the DagBag from /opt/airflow/dags/setup_retail_pipeline.py
[2026-05-03T16:11:56.564+0000] {processor.py:839} INFO - DAG(s) dict_keys(['setup_retail_pipeline']) retrieved from /opt/airflow/dags/setup_retail_pipeline.py
[2026-05-03T16:11:56.582+0000] {logging_mixin.py:151} INFO - [2026-05-03T16:11:56.582+0000] {dag.py:2915} INFO - Sync 1 DAGs
[2026-05-03T16:11:56.592+0000] {logging_mixin.py:151} INFO - [2026-05-03T16:11:56.592+0000] {dag.py:3696} INFO - Setting next_dagrun for setup_retail_pipeline to 2026-05-03T16:00:00+00:00, run_after=2026-05-03T17:00:00+00:00
[2026-05-03T16:11:56.598+0000] {processor.py:179} INFO - Processing /opt/airflow/dags/setup_retail_pipeline.py took 0.051 seconds
[2026-05-03T16:17:17.006+0000] {processor.py:157} INFO - Started process (PID=9076) to work on /opt/airflow/dags/setup_retail_pipeline.py
[2026-05-03T16:17:17.007+0000] {processor.py:829} INFO - Processing file /opt/airflow/dags/setup_retail_pipeline.py for tasks to queue
[2026-05-03T16:17:17.007+0000] {logging_mixin.py:151} INFO - [2026-05-03T16:17:17.007+0000] {dagbag.py:539} INFO - Filling up the DagBag from /opt/airflow/dags/setup_retail_pipeline.py
[2026-05-03T16:17:17.019+0000] {processor.py:839} INFO - DAG(s) dict_keys(['setup_retail_pipeline']) retrieved from /opt/airflow/dags/setup_retail_pipeline.py
[2026-05-03T16:17:17.039+0000] {logging_mixin.py:151} INFO - [2026-05-03T16:17:17.038+0000] {dag.py:2915} INFO - Sync 1 DAGs
[2026-05-03T16:17:17.050+0000] {logging_mixin.py:151} INFO - [2026-05-03T16:17:17.050+0000] {dag.py:3696} INFO - Setting next_dagrun for setup_retail_pipeline to 2026-05-03T16:00:00+00:00, run_after=2026-05-03T17:00:00+00:00
[2026-05-03T16:17:17.058+0000] {processor.py:179} INFO - Processing /opt/airflow/dags/setup_retail_pipeline.py took 0.054 seconds
[2026-05-03T16:32:46.239+0000] {processor.py:157} INFO - Started process (PID=9088) to work on /opt/airflow/dags/setup_retail_pipeline.py
[2026-05-03T16:32:46.245+0000] {processor.py:829} INFO - Processing file /opt/airflow/dags/setup_retail_pipeline.py for tasks to queue
[2026-05-03T16:32:46.248+0000] {logging_mixin.py:151} INFO - [2026-05-03T16:32:46.247+0000] {dagbag.py:539} INFO - Filling up the DagBag from /opt/airflow/dags/setup_retail_pipeline.py
[2026-05-03T16:32:46.278+0000] {processor.py:839} INFO - DAG(s) dict_keys(['setup_retail_pipeline']) retrieved from /opt/airflow/dags/setup_retail_pipeline.py
[2026-05-03T16:32:46.318+0000] {logging_mixin.py:151} INFO - [2026-05-03T16:32:46.318+0000] {dag.py:2915} INFO - Sync 1 DAGs
[2026-05-03T16:32:46.347+0000] {logging_mixin.py:151} INFO - [2026-05-03T16:32:46.347+0000] {dag.py:3696} INFO - Setting next_dagrun for setup_retail_pipeline to 2026-05-03T16:00:00+00:00, run_after=2026-05-03T17:00:00+00:00
[2026-05-03T16:32:46.376+0000] {processor.py:179} INFO - Processing /opt/airflow/dags/setup_retail_pipeline.py took 0.159 seconds
[2026-05-03T16:33:16.476+0000] {processor.py:157} INFO - Started process (PID=9098) to work on /opt/airflow/dags/setup_retail_pipeline.py
[2026-05-03T16:33:16.479+0000] {processor.py:829} INFO - Processing file /opt/airflow/dags/setup_retail_pipeline.py for tasks to queue
[2026-05-03T16:33:16.481+0000] {logging_mixin.py:151} INFO - [2026-05-03T16:33:16.481+0000] {dagbag.py:539} INFO - Filling up the DagBag from /opt/airflow/dags/setup_retail_pipeline.py
[2026-05-03T16:33:16.502+0000] {processor.py:839} INFO - DAG(s) dict_keys(['setup_retail_pipeline']) retrieved from /opt/airflow/dags/setup_retail_pipeline.py
[2026-05-03T16:33:16.529+0000] {logging_mixin.py:151} INFO - [2026-05-03T16:33:16.529+0000] {dag.py:2915} INFO - Sync 1 DAGs
[2026-05-03T16:33:16.545+0000] {logging_mixin.py:151} INFO - [2026-05-03T16:33:16.545+0000] {dag.py:3696} INFO - Setting next_dagrun for setup_retail_pipeline to 2026-05-03T16:00:00+00:00, run_after=2026-05-03T17:00:00+00:00
[2026-05-03T16:33:16.556+0000] {processor.py:179} INFO - Processing /opt/airflow/dags/setup_retail_pipeline.py took 0.086 seconds
[2026-05-03T16:33:46.813+0000] {processor.py:157} INFO - Started process (PID=9108) to work on /opt/airflow/dags/setup_retail_pipeline.py
[2026-05-03T16:33:46.814+0000] {processor.py:829} INFO - Processing file /opt/airflow/dags/setup_retail_pipeline.py for tasks to queue
[2026-05-03T16:33:46.815+0000] {logging_mixin.py:151} INFO - [2026-05-03T16:33:46.815+0000] {dagbag.py:539} INFO - Filling up the DagBag from /opt/airflow/dags/setup_retail_pipeline.py
[2026-05-03T16:33:46.834+0000] {processor.py:839} INFO - DAG(s) dict_keys(['setup_retail_pipeline']) retrieved from /opt/airflow/dags/setup_retail_pipeline.py
[2026-05-03T16:33:46.857+0000] {logging_mixin.py:151} INFO - [2026-05-03T16:33:46.857+0000] {dag.py:2915} INFO - Sync 1 DAGs
[2026-05-03T16:33:46.877+0000] {logging_mixin.py:151} INFO - [2026-05-03T16:33:46.877+0000] {dag.py:3696} INFO - Setting next_dagrun for setup_retail_pipeline to 2026-05-03T16:00:00+00:00, run_after=2026-05-03T17:00:00+00:00
[2026-05-03T16:33:46.887+0000] {processor.py:179} INFO - Processing /opt/airflow/dags/setup_retail_pipeline.py took 0.080 seconds
[2026-05-03T16:34:17.035+0000] {processor.py:157} INFO - Started process (PID=9118) to work on /opt/airflow/dags/setup_retail_pipeline.py
[2026-05-03T16:34:17.036+0000] {processor.py:829} INFO - Processing file /opt/airflow/dags/setup_retail_pipeline.py for tasks to queue
[2026-05-03T16:34:17.037+0000] {logging_mixin.py:151} INFO - [2026-05-03T16:34:17.037+0000] {dagbag.py:539} INFO - Filling up the DagBag from /opt/airflow/dags/setup_retail_pipeline.py
[2026-05-03T16:34:17.054+0000] {processor.py:839} INFO - DAG(s) dict_keys(['setup_retail_pipeline']) retrieved from /opt/airflow/dags/setup_retail_pipeline.py
[2026-05-03T16:34:17.072+0000] {logging_mixin.py:151} INFO - [2026-05-03T16:34:17.072+0000] {dag.py:2915} INFO - Sync 1 DAGs
[2026-05-03T16:34:17.086+0000] {logging_mixin.py:151} INFO - [2026-05-03T16:34:17.086+0000] {dag.py:3696} INFO - Setting next_dagrun for setup_retail_pipeline to 2026-05-03T16:00:00+00:00, run_after=2026-05-03T17:00:00+00:00
[2026-05-03T16:34:17.094+0000] {processor.py:179} INFO - Processing /opt/airflow/dags/setup_retail_pipeline.py took 0.064 seconds
[2026-05-03T16:34:47.250+0000] {processor.py:157} INFO - Started process (PID=9128) to work on /opt/airflow/dags/setup_retail_pipeline.py
[2026-05-03T16:34:47.254+0000] {processor.py:829} INFO - Processing file /opt/airflow/dags/setup_retail_pipeline.py for tasks to queue
[2026-05-03T16:34:47.255+0000] {logging_mixin.py:151} INFO - [2026-05-03T16:34:47.255+0000] {dagbag.py:539} INFO - Filling up the DagBag from /opt/airflow/dags/setup_retail_pipeline.py
[2026-05-03T16:34:47.276+0000] {processor.py:839} INFO - DAG(s) dict_keys(['setup_retail_pipeline']) retrieved from /opt/airflow/dags/setup_retail_pipeline.py
[2026-05-03T16:34:47.304+0000] {logging_mixin.py:151} INFO - [2026-05-03T16:34:47.304+0000] {dag.py:2915} INFO - Sync 1 DAGs
[2026-05-03T16:34:47.317+0000] {logging_mixin.py:151} INFO - [2026-05-03T16:34:47.317+0000] {dag.py:3696} INFO - Setting next_dagrun for setup_retail_pipeline to 2026-05-03T16:00:00+00:00, run_after=2026-05-03T17:00:00+00:00
[2026-05-03T16:34:47.329+0000] {processor.py:179} INFO - Processing /opt/airflow/dags/setup_retail_pipeline.py took 0.083 seconds
[2026-05-03T16:35:17.548+0000] {processor.py:157} INFO - Started process (PID=9138) to work on /opt/airflow/dags/setup_retail_pipeline.py
[2026-05-03T16:35:17.549+0000] {processor.py:829} INFO - Processing file /opt/airflow/dags/setup_retail_pipeline.py for tasks to queue
[2026-05-03T16:35:17.550+0000] {logging_mixin.py:151} INFO - [2026-05-03T16:35:17.550+0000] {dagbag.py:539} INFO - Filling up the DagBag from /opt/airflow/dags/setup_retail_pipeline.py
[2026-05-03T16:35:17.564+0000] {processor.py:839} INFO - DAG(s) dict_keys(['setup_retail_pipeline']) retrieved from /opt/airflow/dags/setup_retail_pipeline.py
[2026-05-03T16:35:17.584+0000] {logging_mixin.py:151} INFO - [2026-05-03T16:35:17.583+0000] {dag.py:2915} INFO - Sync 1 DAGs
[2026-05-03T16:35:17.597+0000] {logging_mixin.py:151} INFO - [2026-05-03T16:35:17.597+0000] {dag.py:3696} INFO - Setting next_dagrun for setup_retail_pipeline to 2026-05-03T16:00:00+00:00, run_after=2026-05-03T17:00:00+00:00
[2026-05-03T16:35:17.606+0000] {processor.py:179} INFO - Processing /opt/airflow/dags/setup_retail_pipeline.py took 0.064 seconds
[2026-05-03T16:35:48.308+0000] {processor.py:157} INFO - Started process (PID=9148) to work on /opt/airflow/dags/setup_retail_pipeline.py
[2026-05-03T16:35:48.309+0000] {processor.py:829} INFO - Processing file /opt/airflow/dags/setup_retail_pipeline.py for tasks to queue
[2026-05-03T16:35:48.310+0000] {logging_mixin.py:151} INFO - [2026-05-03T16:35:48.309+0000] {dagbag.py:539} INFO - Filling up the DagBag from /opt/airflow/dags/setup_retail_pipeline.py
[2026-05-03T16:35:48.329+0000] {processor.py:839} INFO - DAG(s) dict_keys(['setup_retail_pipeline']) retrieved from /opt/airflow/dags/setup_retail_pipeline.py
[2026-05-03T16:35:48.359+0000] {logging_mixin.py:151} INFO - [2026-05-03T16:35:48.359+0000] {dag.py:2915} INFO - Sync 1 DAGs
[2026-05-03T16:35:48.372+0000] {logging_mixin.py:151} INFO - [2026-05-03T16:35:48.372+0000] {dag.py:3696} INFO - Setting next_dagrun for setup_retail_pipeline to 2026-05-03T16:00:00+00:00, run_after=2026-05-03T17:00:00+00:00
[2026-05-03T16:35:48.384+0000] {processor.py:179} INFO - Processing /opt/airflow/dags/setup_retail_pipeline.py took 0.085 seconds
[2026-05-03T16:36:18.501+0000] {processor.py:157} INFO - Started process (PID=9158) to work on /opt/airflow/dags/setup_retail_pipeline.py
[2026-05-03T16:36:18.503+0000] {processor.py:829} INFO - Processing file /opt/airflow/dags/setup_retail_pipeline.py for tasks to queue
[2026-05-03T16:36:18.505+0000] {logging_mixin.py:151} INFO - [2026-05-03T16:36:18.504+0000] {dagbag.py:539} INFO - Filling up the DagBag from /opt/airflow/dags/setup_retail_pipeline.py
[2026-05-03T16:36:18.524+0000] {processor.py:839} INFO - DAG(s) dict_keys(['setup_retail_pipeline']) retrieved from /opt/airflow/dags/setup_retail_pipeline.py
[2026-05-03T16:36:18.546+0000] {logging_mixin.py:151} INFO - [2026-05-03T16:36:18.546+0000] {dag.py:2915} INFO - Sync 1 DAGs
[2026-05-03T16:36:18.559+0000] {logging_mixin.py:151} INFO - [2026-05-03T16:36:18.559+0000] {dag.py:3696} INFO - Setting next_dagrun for setup_retail_pipeline to 2026-05-03T16:00:00+00:00, run_after=2026-05-03T17:00:00+00:00
[2026-05-03T16:36:18.568+0000] {processor.py:179} INFO - Processing /opt/airflow/dags/setup_retail_pipeline.py took 0.073 seconds
[2026-05-03T16:36:48.734+0000] {processor.py:157} INFO - Started process (PID=9168) to work on /opt/airflow/dags/setup_retail_pipeline.py
[2026-05-03T16:36:48.735+0000] {processor.py:829} INFO - Processing file /opt/airflow/dags/setup_retail_pipeline.py for tasks to queue
[2026-05-03T16:36:48.736+0000] {logging_mixin.py:151} INFO - [2026-05-03T16:36:48.735+0000] {dagbag.py:539} INFO - Filling up the DagBag from /opt/airflow/dags/setup_retail_pipeline.py
[2026-05-03T16:36:48.754+0000] {processor.py:839} INFO - DAG(s) dict_keys(['setup_retail_pipeline']) retrieved from /opt/airflow/dags/setup_retail_pipeline.py
[2026-05-03T16:36:48.778+0000] {logging_mixin.py:151} INFO - [2026-05-03T16:36:48.778+0000] {dag.py:2915} INFO - Sync 1 DAGs
[2026-05-03T16:36:48.791+0000] {logging_mixin.py:151} INFO - [2026-05-03T16:36:48.791+0000] {dag.py:3696} INFO - Setting next_dagrun for setup_retail_pipeline to 2026-05-03T16:00:00+00:00, run_after=2026-05-03T17:00:00+00:00
[2026-05-03T16:36:48.800+0000] {processor.py:179} INFO - Processing /opt/airflow/dags/setup_retail_pipeline.py took 0.075 seconds
[2026-05-03T16:53:44.363+0000] {processor.py:157} INFO - Started process (PID=9180) to work on /opt/airflow/dags/setup_retail_pipeline.py
[2026-05-03T16:53:44.364+0000] {processor.py:829} INFO - Processing file /opt/airflow/dags/setup_retail_pipeline.py for tasks to queue
[2026-05-03T16:53:44.366+0000] {logging_mixin.py:151} INFO - [2026-05-03T16:53:44.365+0000] {dagbag.py:539} INFO - Filling up the DagBag from /opt/airflow/dags/setup_retail_pipeline.py
[2026-05-03T16:53:44.406+0000] {processor.py:839} INFO - DAG(s) dict_keys(['setup_retail_pipeline']) retrieved from /opt/airflow/dags/setup_retail_pipeline.py
[2026-05-03T16:53:44.462+0000] {logging_mixin.py:151} INFO - [2026-05-03T16:53:44.462+0000] {dag.py:2915} INFO - Sync 1 DAGs
[2026-05-03T16:53:44.489+0000] {logging_mixin.py:151} INFO - [2026-05-03T16:53:44.489+0000] {dag.py:3696} INFO - Setting next_dagrun for setup_retail_pipeline to 2026-05-03T16:00:00+00:00, run_after=2026-05-03T17:00:00+00:00
[2026-05-03T16:53:44.506+0000] {processor.py:179} INFO - Processing /opt/airflow/dags/setup_retail_pipeline.py took 0.152 seconds
[2026-05-03T17:10:11.525+0000] {processor.py:157} INFO - Started process (PID=9190) to work on /opt/airflow/dags/setup_retail_pipeline.py
[2026-05-03T17:10:11.527+0000] {processor.py:829} INFO - Processing file /opt/airflow/dags/setup_retail_pipeline.py for tasks to queue
[2026-05-03T17:10:11.531+0000] {logging_mixin.py:151} INFO - [2026-05-03T17:10:11.529+0000] {dagbag.py:539} INFO - Filling up the DagBag from /opt/airflow/dags/setup_retail_pipeline.py
[2026-05-03T17:10:11.561+0000] {processor.py:839} INFO - DAG(s) dict_keys(['setup_retail_pipeline']) retrieved from /opt/airflow/dags/setup_retail_pipeline.py
[2026-05-03T17:10:11.614+0000] {logging_mixin.py:151} INFO - [2026-05-03T17:10:11.614+0000] {dag.py:2915} INFO - Sync 1 DAGs
[2026-05-03T17:10:11.641+0000] {logging_mixin.py:151} INFO - [2026-05-03T17:10:11.641+0000] {dag.py:3696} INFO - Setting next_dagrun for setup_retail_pipeline to 2026-05-03T16:00:00+00:00, run_after=2026-05-03T17:00:00+00:00
[2026-05-03T17:10:11.661+0000] {processor.py:179} INFO - Processing /opt/airflow/dags/setup_retail_pipeline.py took 0.150 seconds
[2026-05-03T17:10:41.787+0000] {processor.py:157} INFO - Started process (PID=9282) to work on /opt/airflow/dags/setup_retail_pipeline.py
[2026-05-03T17:10:41.788+0000] {processor.py:829} INFO - Processing file /opt/airflow/dags/setup_retail_pipeline.py for tasks to queue
[2026-05-03T17:10:41.789+0000] {logging_mixin.py:151} INFO - [2026-05-03T17:10:41.789+0000] {dagbag.py:539} INFO - Filling up the DagBag from /opt/airflow/dags/setup_retail_pipeline.py
[2026-05-03T17:10:41.810+0000] {processor.py:839} INFO - DAG(s) dict_keys(['setup_retail_pipeline']) retrieved from /opt/airflow/dags/setup_retail_pipeline.py
[2026-05-03T17:10:41.836+0000] {logging_mixin.py:151} INFO - [2026-05-03T17:10:41.836+0000] {dag.py:2915} INFO - Sync 1 DAGs
[2026-05-03T17:10:41.850+0000] {logging_mixin.py:151} INFO - [2026-05-03T17:10:41.850+0000] {dag.py:3696} INFO - Setting next_dagrun for setup_retail_pipeline to 2026-05-03T17:00:00+00:00, run_after=2026-05-03T18:00:00+00:00
[2026-05-03T17:10:41.863+0000] {processor.py:179} INFO - Processing /opt/airflow/dags/setup_retail_pipeline.py took 0.081 seconds
[2026-05-03T17:27:12.962+0000] {processor.py:157} INFO - Started process (PID=9294) to work on /opt/airflow/dags/setup_retail_pipeline.py
[2026-05-03T17:27:12.965+0000] {processor.py:829} INFO - Processing file /opt/airflow/dags/setup_retail_pipeline.py for tasks to queue
[2026-05-03T17:27:12.970+0000] {logging_mixin.py:151} INFO - [2026-05-03T17:27:12.968+0000] {dagbag.py:539} INFO - Filling up the DagBag from /opt/airflow/dags/setup_retail_pipeline.py
[2026-05-03T17:27:13.015+0000] {processor.py:839} INFO - DAG(s) dict_keys(['setup_retail_pipeline']) retrieved from /opt/airflow/dags/setup_retail_pipeline.py
[2026-05-03T17:27:13.076+0000] {logging_mixin.py:151} INFO - [2026-05-03T17:27:13.076+0000] {dag.py:2915} INFO - Sync 1 DAGs
[2026-05-03T17:27:13.110+0000] {logging_mixin.py:151} INFO - [2026-05-03T17:27:13.110+0000] {dag.py:3696} INFO - Setting next_dagrun for setup_retail_pipeline to 2026-05-03T17:00:00+00:00, run_after=2026-05-03T18:00:00+00:00
[2026-05-03T17:27:13.132+0000] {processor.py:179} INFO - Processing /opt/airflow/dags/setup_retail_pipeline.py took 0.179 seconds
[2026-05-03T17:27:43.177+0000] {processor.py:157} INFO - Started process (PID=9304) to work on /opt/airflow/dags/setup_retail_pipeline.py
[2026-05-03T17:27:43.180+0000] {processor.py:829} INFO - Processing file /opt/airflow/dags/setup_retail_pipeline.py for tasks to queue
[2026-05-03T17:27:43.181+0000] {logging_mixin.py:151} INFO - [2026-05-03T17:27:43.181+0000] {dagbag.py:539} INFO - Filling up the DagBag from /opt/airflow/dags/setup_retail_pipeline.py
[2026-05-03T17:27:43.196+0000] {processor.py:839} INFO - DAG(s) dict_keys(['setup_retail_pipeline']) retrieved from /opt/airflow/dags/setup_retail_pipeline.py
[2026-05-03T17:27:43.225+0000] {logging_mixin.py:151} INFO - [2026-05-03T17:27:43.225+0000] {dag.py:2915} INFO - Sync 1 DAGs
[2026-05-03T17:27:43.240+0000] {logging_mixin.py:151} INFO - [2026-05-03T17:27:43.240+0000] {dag.py:3696} INFO - Setting next_dagrun for setup_retail_pipeline to 2026-05-03T17:00:00+00:00, run_after=2026-05-03T18:00:00+00:00
[2026-05-03T17:27:43.250+0000] {processor.py:179} INFO - Processing /opt/airflow/dags/setup_retail_pipeline.py took 0.077 seconds
[2026-05-03T17:43:39.296+0000] {processor.py:157} INFO - Started process (PID=9314) to work on /opt/airflow/dags/setup_retail_pipeline.py
[2026-05-03T17:43:39.299+0000] {processor.py:829} INFO - Processing file /opt/airflow/dags/setup_retail_pipeline.py for tasks to queue
[2026-05-03T17:43:39.301+0000] {logging_mixin.py:151} INFO - [2026-05-03T17:43:39.299+0000] {dagbag.py:539} INFO - Filling up the DagBag from /opt/airflow/dags/setup_retail_pipeline.py
[2026-05-03T17:43:39.321+0000] {processor.py:839} INFO - DAG(s) dict_keys(['setup_retail_pipeline']) retrieved from /opt/airflow/dags/setup_retail_pipeline.py
[2026-05-03T17:43:39.353+0000] {logging_mixin.py:151} INFO - [2026-05-03T17:43:39.353+0000] {dag.py:2915} INFO - Sync 1 DAGs
[2026-05-03T17:43:39.366+0000] {logging_mixin.py:151} INFO - [2026-05-03T17:43:39.366+0000] {dag.py:3696} INFO - Setting next_dagrun for setup_retail_pipeline to 2026-05-03T17:00:00+00:00, run_after=2026-05-03T18:00:00+00:00
[2026-05-03T17:43:39.376+0000] {processor.py:179} INFO - Processing /opt/airflow/dags/setup_retail_pipeline.py took 0.086 seconds
[2026-05-03T17:59:31.504+0000] {processor.py:157} INFO - Started process (PID=9324) to work on /opt/airflow/dags/setup_retail_pipeline.py
[2026-05-03T17:59:31.506+0000] {processor.py:829} INFO - Processing file /opt/airflow/dags/setup_retail_pipeline.py for tasks to queue
[2026-05-03T17:59:31.507+0000] {logging_mixin.py:151} INFO - [2026-05-03T17:59:31.506+0000] {dagbag.py:539} INFO - Filling up the DagBag from /opt/airflow/dags/setup_retail_pipeline.py
[2026-05-03T17:59:31.529+0000] {processor.py:839} INFO - DAG(s) dict_keys(['setup_retail_pipeline']) retrieved from /opt/airflow/dags/setup_retail_pipeline.py
[2026-05-03T17:59:31.571+0000] {logging_mixin.py:151} INFO - [2026-05-03T17:59:31.571+0000] {dag.py:2915} INFO - Sync 1 DAGs
[2026-05-03T17:59:31.593+0000] {logging_mixin.py:151} INFO - [2026-05-03T17:59:31.593+0000] {dag.py:3696} INFO - Setting next_dagrun for setup_retail_pipeline to 2026-05-03T17:00:00+00:00, run_after=2026-05-03T18:00:00+00:00
[2026-05-03T17:59:31.610+0000] {processor.py:179} INFO - Processing /opt/airflow/dags/setup_retail_pipeline.py took 0.111 seconds
[2026-05-03T18:00:01.822+0000] {processor.py:157} INFO - Started process (PID=9348) to work on /opt/airflow/dags/setup_retail_pipeline.py
[2026-05-03T18:00:01.823+0000] {processor.py:829} INFO - Processing file /opt/airflow/dags/setup_retail_pipeline.py for tasks to queue
[2026-05-03T18:00:01.824+0000] {logging_mixin.py:151} INFO - [2026-05-03T18:00:01.824+0000] {dagbag.py:539} INFO - Filling up the DagBag from /opt/airflow/dags/setup_retail_pipeline.py
[2026-05-03T18:00:01.860+0000] {processor.py:839} INFO - DAG(s) dict_keys(['setup_retail_pipeline']) retrieved from /opt/airflow/dags/setup_retail_pipeline.py
[2026-05-03T18:00:01.887+0000] {logging_mixin.py:151} INFO - [2026-05-03T18:00:01.887+0000] {dag.py:2915} INFO - Sync 1 DAGs
[2026-05-03T18:00:01.911+0000] {processor.py:179} INFO - Processing /opt/airflow/dags/setup_retail_pipeline.py took 0.097 seconds
[2026-05-03T18:00:32.150+0000] {processor.py:157} INFO - Started process (PID=9428) to work on /opt/airflow/dags/setup_retail_pipeline.py
[2026-05-03T18:00:32.153+0000] {processor.py:829} INFO - Processing file /opt/airflow/dags/setup_retail_pipeline.py for tasks to queue
[2026-05-03T18:00:32.156+0000] {logging_mixin.py:151} INFO - [2026-05-03T18:00:32.155+0000] {dagbag.py:539} INFO - Filling up the DagBag from /opt/airflow/dags/setup_retail_pipeline.py
[2026-05-03T18:00:32.175+0000] {processor.py:839} INFO - DAG(s) dict_keys(['setup_retail_pipeline']) retrieved from /opt/airflow/dags/setup_retail_pipeline.py
[2026-05-03T18:00:32.210+0000] {logging_mixin.py:151} INFO - [2026-05-03T18:00:32.210+0000] {dag.py:2915} INFO - Sync 1 DAGs
[2026-05-03T18:00:32.228+0000] {logging_mixin.py:151} INFO - [2026-05-03T18:00:32.228+0000] {dag.py:3696} INFO - Setting next_dagrun for setup_retail_pipeline to 2026-05-03T18:00:00+00:00, run_after=2026-05-03T19:00:00+00:00
[2026-05-03T18:00:32.240+0000] {processor.py:179} INFO - Processing /opt/airflow/dags/setup_retail_pipeline.py took 0.099 seconds
[2026-05-03T18:01:02.473+0000] {processor.py:157} INFO - Started process (PID=9438) to work on /opt/airflow/dags/setup_retail_pipeline.py
[2026-05-03T18:01:02.475+0000] {processor.py:829} INFO - Processing file /opt/airflow/dags/setup_retail_pipeline.py for tasks to queue
[2026-05-03T18:01:02.477+0000] {logging_mixin.py:151} INFO - [2026-05-03T18:01:02.477+0000] {dagbag.py:539} INFO - Filling up the DagBag from /opt/airflow/dags/setup_retail_pipeline.py
[2026-05-03T18:01:02.499+0000] {processor.py:839} INFO - DAG(s) dict_keys(['setup_retail_pipeline']) retrieved from /opt/airflow/dags/setup_retail_pipeline.py
[2026-05-03T18:01:02.532+0000] {logging_mixin.py:151} INFO - [2026-05-03T18:01:02.532+0000] {dag.py:2915} INFO - Sync 1 DAGs
[2026-05-03T18:01:02.546+0000] {logging_mixin.py:151} INFO - [2026-05-03T18:01:02.546+0000] {dag.py:3696} INFO - Setting next_dagrun for setup_retail_pipeline to 2026-05-03T18:00:00+00:00, run_after=2026-05-03T19:00:00+00:00
[2026-05-03T18:01:02.559+0000] {processor.py:179} INFO - Processing /opt/airflow/dags/setup_retail_pipeline.py took 0.094 seconds
[2026-05-03T18:01:32.718+0000] {processor.py:157} INFO - Started process (PID=9448) to work on /opt/airflow/dags/setup_retail_pipeline.py
[2026-05-03T18:01:32.722+0000] {processor.py:829} INFO - Processing file /opt/airflow/dags/setup_retail_pipeline.py for tasks to queue
[2026-05-03T18:01:32.724+0000] {logging_mixin.py:151} INFO - [2026-05-03T18:01:32.723+0000] {dagbag.py:539} INFO - Filling up the DagBag from /opt/airflow/dags/setup_retail_pipeline.py
[2026-05-03T18:01:32.739+0000] {processor.py:839} INFO - DAG(s) dict_keys(['setup_retail_pipeline']) retrieved from /opt/airflow/dags/setup_retail_pipeline.py
[2026-05-03T18:01:32.763+0000] {logging_mixin.py:151} INFO - [2026-05-03T18:01:32.763+0000] {dag.py:2915} INFO - Sync 1 DAGs
[2026-05-03T18:01:32.776+0000] {logging_mixin.py:151} INFO - [2026-05-03T18:01:32.776+0000] {dag.py:3696} INFO - Setting next_dagrun for setup_retail_pipeline to 2026-05-03T18:00:00+00:00, run_after=2026-05-03T19:00:00+00:00
[2026-05-03T18:01:32.786+0000] {processor.py:179} INFO - Processing /opt/airflow/dags/setup_retail_pipeline.py took 0.072 seconds
[2026-05-03T18:02:03.000+0000] {processor.py:157} INFO - Started process (PID=9458) to work on /opt/airflow/dags/setup_retail_pipeline.py
[2026-05-03T18:02:03.003+0000] {processor.py:829} INFO - Processing file /opt/airflow/dags/setup_retail_pipeline.py for tasks to queue
[2026-05-03T18:02:03.003+0000] {logging_mixin.py:151} INFO - [2026-05-03T18:02:03.003+0000] {dagbag.py:539} INFO - Filling up the DagBag from /opt/airflow/dags/setup_retail_pipeline.py
[2026-05-03T18:02:03.030+0000] {processor.py:839} INFO - DAG(s) dict_keys(['setup_retail_pipeline']) retrieved from /opt/airflow/dags/setup_retail_pipeline.py
[2026-05-03T18:02:03.056+0000] {logging_mixin.py:151} INFO - [2026-05-03T18:02:03.056+0000] {dag.py:2915} INFO - Sync 1 DAGs
[2026-05-03T18:02:03.074+0000] {logging_mixin.py:151} INFO - [2026-05-03T18:02:03.074+0000] {dag.py:3696} INFO - Setting next_dagrun for setup_retail_pipeline to 2026-05-03T18:00:00+00:00, run_after=2026-05-03T19:00:00+00:00
[2026-05-03T18:02:03.084+0000] {processor.py:179} INFO - Processing /opt/airflow/dags/setup_retail_pipeline.py took 0.090 seconds
[2026-05-03T18:02:33.200+0000] {processor.py:157} INFO - Started process (PID=9468) to work on /opt/airflow/dags/setup_retail_pipeline.py
[2026-05-03T18:02:33.203+0000] {processor.py:829} INFO - Processing file /opt/airflow/dags/setup_retail_pipeline.py for tasks to queue
[2026-05-03T18:02:33.204+0000] {logging_mixin.py:151} INFO - [2026-05-03T18:02:33.203+0000] {dagbag.py:539} INFO - Filling up the DagBag from /opt/airflow/dags/setup_retail_pipeline.py
[2026-05-03T18:02:33.220+0000] {processor.py:839} INFO - DAG(s) dict_keys(['setup_retail_pipeline']) retrieved from /opt/airflow/dags/setup_retail_pipeline.py
[2026-05-03T18:02:33.242+0000] {logging_mixin.py:151} INFO - [2026-05-03T18:02:33.242+0000] {dag.py:2915} INFO - Sync 1 DAGs
[2026-05-03T18:02:33.262+0000] {logging_mixin.py:151} INFO - [2026-05-03T18:02:33.262+0000] {dag.py:3696} INFO - Setting next_dagrun for setup_retail_pipeline to 2026-05-03T18:00:00+00:00, run_after=2026-05-03T19:00:00+00:00
[2026-05-03T18:02:33.271+0000] {processor.py:179} INFO - Processing /opt/airflow/dags/setup_retail_pipeline.py took 0.077 seconds
[2026-05-03T18:03:03.505+0000] {processor.py:157} INFO - Started process (PID=9478) to work on /opt/airflow/dags/setup_retail_pipeline.py
[2026-05-03T18:03:03.506+0000] {processor.py:829} INFO - Processing file /opt/airflow/dags/setup_retail_pipeline.py for tasks to queue
[2026-05-03T18:03:03.507+0000] {logging_mixin.py:151} INFO - [2026-05-03T18:03:03.507+0000] {dagbag.py:539} INFO - Filling up the DagBag from /opt/airflow/dags/setup_retail_pipeline.py
[2026-05-03T18:03:03.524+0000] {processor.py:839} INFO - DAG(s) dict_keys(['setup_retail_pipeline']) retrieved from /opt/airflow/dags/setup_retail_pipeline.py
[2026-05-03T18:03:03.548+0000] {logging_mixin.py:151} INFO - [2026-05-03T18:03:03.548+0000] {dag.py:2915} INFO - Sync 1 DAGs
[2026-05-03T18:03:03.560+0000] {logging_mixin.py:151} INFO - [2026-05-03T18:03:03.560+0000] {dag.py:3696} INFO - Setting next_dagrun for setup_retail_pipeline to 2026-05-03T18:00:00+00:00, run_after=2026-05-03T19:00:00+00:00
[2026-05-03T18:03:03.570+0000] {processor.py:179} INFO - Processing /opt/airflow/dags/setup_retail_pipeline.py took 0.071 seconds
[2026-05-03T18:12:10.920+0000] {processor.py:157} INFO - Started process (PID=9490) to work on /opt/airflow/dags/setup_retail_pipeline.py
[2026-05-03T18:12:10.925+0000] {processor.py:829} INFO - Processing file /opt/airflow/dags/setup_retail_pipeline.py for tasks to queue
[2026-05-03T18:12:10.928+0000] {logging_mixin.py:151} INFO - [2026-05-03T18:12:10.926+0000] {dagbag.py:539} INFO - Filling up the DagBag from /opt/airflow/dags/setup_retail_pipeline.py
[2026-05-03T18:12:10.963+0000] {processor.py:839} INFO - DAG(s) dict_keys(['setup_retail_pipeline']) retrieved from /opt/airflow/dags/setup_retail_pipeline.py
[2026-05-03T18:12:11.022+0000] {logging_mixin.py:151} INFO - [2026-05-03T18:12:11.022+0000] {dag.py:2915} INFO - Sync 1 DAGs
[2026-05-03T18:12:11.046+0000] {logging_mixin.py:151} INFO - [2026-05-03T18:12:11.046+0000] {dag.py:3696} INFO - Setting next_dagrun for setup_retail_pipeline to 2026-05-03T18:00:00+00:00, run_after=2026-05-03T19:00:00+00:00
[2026-05-03T18:12:11.062+0000] {processor.py:179} INFO - Processing /opt/airflow/dags/setup_retail_pipeline.py took 0.156 seconds
[2026-05-03T18:12:41.351+0000] {processor.py:157} INFO - Started process (PID=9500) to work on /opt/airflow/dags/setup_retail_pipeline.py
[2026-05-03T18:12:41.353+0000] {processor.py:829} INFO - Processing file /opt/airflow/dags/setup_retail_pipeline.py for tasks to queue
[2026-05-03T18:12:41.361+0000] {logging_mixin.py:151} INFO - [2026-05-03T18:12:41.357+0000] {dagbag.py:539} INFO - Filling up the DagBag from /opt/airflow/dags/setup_retail_pipeline.py
[2026-05-03T18:12:41.426+0000] {processor.py:839} INFO - DAG(s) dict_keys(['setup_retail_pipeline']) retrieved from /opt/airflow/dags/setup_retail_pipeline.py
[2026-05-03T18:12:41.495+0000] {logging_mixin.py:151} INFO - [2026-05-03T18:12:41.495+0000] {dag.py:2915} INFO - Sync 1 DAGs
[2026-05-03T18:12:41.528+0000] {logging_mixin.py:151} INFO - [2026-05-03T18:12:41.528+0000] {dag.py:3696} INFO - Setting next_dagrun for setup_retail_pipeline to 2026-05-03T18:00:00+00:00, run_after=2026-05-03T19:00:00+00:00
[2026-05-03T18:12:41.540+0000] {processor.py:179} INFO - Processing /opt/airflow/dags/setup_retail_pipeline.py took 0.205 seconds
[2026-05-03T18:29:02.372+0000] {processor.py:157} INFO - Started process (PID=9510) to work on /opt/airflow/dags/setup_retail_pipeline.py
[2026-05-03T18:29:02.375+0000] {processor.py:829} INFO - Processing file /opt/airflow/dags/setup_retail_pipeline.py for tasks to queue
[2026-05-03T18:29:02.376+0000] {logging_mixin.py:151} INFO - [2026-05-03T18:29:02.376+0000] {dagbag.py:539} INFO - Filling up the DagBag from /opt/airflow/dags/setup_retail_pipeline.py
[2026-05-03T18:29:02.411+0000] {processor.py:839} INFO - DAG(s) dict_keys(['setup_retail_pipeline']) retrieved from /opt/airflow/dags/setup_retail_pipeline.py
[2026-05-03T18:29:02.448+0000] {logging_mixin.py:151} INFO - [2026-05-03T18:29:02.448+0000] {dag.py:2915} INFO - Sync 1 DAGs
[2026-05-03T18:29:02.467+0000] {logging_mixin.py:151} INFO - [2026-05-03T18:29:02.467+0000] {dag.py:3696} INFO - Setting next_dagrun for setup_retail_pipeline to 2026-05-03T18:00:00+00:00, run_after=2026-05-03T19:00:00+00:00
[2026-05-03T18:29:02.478+0000] {processor.py:179} INFO - Processing /opt/airflow/dags/setup_retail_pipeline.py took 0.123 seconds
[2026-05-03T18:46:07.545+0000] {processor.py:157} INFO - Started process (PID=9520) to work on /opt/airflow/dags/setup_retail_pipeline.py
[2026-05-03T18:46:07.547+0000] {processor.py:829} INFO - Processing file /opt/airflow/dags/setup_retail_pipeline.py for tasks to queue
[2026-05-03T18:46:07.548+0000] {logging_mixin.py:151} INFO - [2026-05-03T18:46:07.548+0000] {dagbag.py:539} INFO - Filling up the DagBag from /opt/airflow/dags/setup_retail_pipeline.py
[2026-05-03T18:46:07.585+0000] {processor.py:839} INFO - DAG(s) dict_keys(['setup_retail_pipeline']) retrieved from /opt/airflow/dags/setup_retail_pipeline.py
[2026-05-03T18:46:07.618+0000] {logging_mixin.py:151} INFO - [2026-05-03T18:46:07.618+0000] {dag.py:2915} INFO - Sync 1 DAGs
[2026-05-03T18:46:07.638+0000] {logging_mixin.py:151} INFO - [2026-05-03T18:46:07.637+0000] {dag.py:3696} INFO - Setting next_dagrun for setup_retail_pipeline to 2026-05-03T18:00:00+00:00, run_after=2026-05-03T19:00:00+00:00
[2026-05-03T18:46:07.652+0000] {processor.py:179} INFO - Processing /opt/airflow/dags/setup_retail_pipeline.py took 0.119 seconds
[2026-05-03T18:46:37.795+0000] {processor.py:157} INFO - Started process (PID=9530) to work on /opt/airflow/dags/setup_retail_pipeline.py
[2026-05-03T18:46:37.797+0000] {processor.py:829} INFO - Processing file /opt/airflow/dags/setup_retail_pipeline.py for tasks to queue
[2026-05-03T18:46:37.800+0000] {logging_mixin.py:151} INFO - [2026-05-03T18:46:37.798+0000] {dagbag.py:539} INFO - Filling up the DagBag from /opt/airflow/dags/setup_retail_pipeline.py
[2026-05-03T18:46:37.826+0000] {processor.py:839} INFO - DAG(s) dict_keys(['setup_retail_pipeline']) retrieved from /opt/airflow/dags/setup_retail_pipeline.py
[2026-05-03T18:46:37.859+0000] {logging_mixin.py:151} INFO - [2026-05-03T18:46:37.859+0000] {dag.py:2915} INFO - Sync 1 DAGs
[2026-05-03T18:46:37.879+0000] {logging_mixin.py:151} INFO - [2026-05-03T18:46:37.879+0000] {dag.py:3696} INFO - Setting next_dagrun for setup_retail_pipeline to 2026-05-03T18:00:00+00:00, run_after=2026-05-03T19:00:00+00:00
[2026-05-03T18:46:37.888+0000] {processor.py:179} INFO - Processing /opt/airflow/dags/setup_retail_pipeline.py took 0.106 seconds
[2026-05-03T19:02:12.067+0000] {processor.py:157} INFO - Started process (PID=9541) to work on /opt/airflow/dags/setup_retail_pipeline.py
[2026-05-03T19:02:12.069+0000] {processor.py:829} INFO - Processing file /opt/airflow/dags/setup_retail_pipeline.py for tasks to queue
[2026-05-03T19:02:12.070+0000] {logging_mixin.py:151} INFO - [2026-05-03T19:02:12.070+0000] {dagbag.py:539} INFO - Filling up the DagBag from /opt/airflow/dags/setup_retail_pipeline.py
[2026-05-03T19:02:12.104+0000] {processor.py:839} INFO - DAG(s) dict_keys(['setup_retail_pipeline']) retrieved from /opt/airflow/dags/setup_retail_pipeline.py
[2026-05-03T19:02:12.221+0000] {logging_mixin.py:151} INFO - [2026-05-03T19:02:12.221+0000] {dag.py:2915} INFO - Sync 1 DAGs
[2026-05-03T19:02:12.349+0000] {processor.py:179} INFO - Processing /opt/airflow/dags/setup_retail_pipeline.py took 0.291 seconds
[2026-05-03T19:02:42.591+0000] {processor.py:157} INFO - Started process (PID=9630) to work on /opt/airflow/dags/setup_retail_pipeline.py
[2026-05-03T19:02:42.597+0000] {processor.py:829} INFO - Processing file /opt/airflow/dags/setup_retail_pipeline.py for tasks to queue
[2026-05-03T19:02:42.599+0000] {logging_mixin.py:151} INFO - [2026-05-03T19:02:42.598+0000] {dagbag.py:539} INFO - Filling up the DagBag from /opt/airflow/dags/setup_retail_pipeline.py
[2026-05-03T19:02:42.648+0000] {processor.py:839} INFO - DAG(s) dict_keys(['setup_retail_pipeline']) retrieved from /opt/airflow/dags/setup_retail_pipeline.py
[2026-05-03T19:02:42.705+0000] {logging_mixin.py:151} INFO - [2026-05-03T19:02:42.705+0000] {dag.py:2915} INFO - Sync 1 DAGs
[2026-05-03T19:02:42.728+0000] {logging_mixin.py:151} INFO - [2026-05-03T19:02:42.728+0000] {dag.py:3696} INFO - Setting next_dagrun for setup_retail_pipeline to 2026-05-03T19:00:00+00:00, run_after=2026-05-03T20:00:00+00:00
[2026-05-03T19:02:42.744+0000] {processor.py:179} INFO - Processing /opt/airflow/dags/setup_retail_pipeline.py took 0.165 seconds
[2026-05-03T19:13:03.221+0000] {processor.py:157} INFO - Started process (PID=9640) to work on /opt/airflow/dags/setup_retail_pipeline.py
[2026-05-03T19:13:03.224+0000] {processor.py:829} INFO - Processing file /opt/airflow/dags/setup_retail_pipeline.py for tasks to queue
[2026-05-03T19:13:03.225+0000] {logging_mixin.py:151} INFO - [2026-05-03T19:13:03.225+0000] {dagbag.py:539} INFO - Filling up the DagBag from /opt/airflow/dags/setup_retail_pipeline.py
[2026-05-03T19:13:03.254+0000] {processor.py:839} INFO - DAG(s) dict_keys(['setup_retail_pipeline']) retrieved from /opt/airflow/dags/setup_retail_pipeline.py
[2026-05-03T19:13:03.289+0000] {logging_mixin.py:151} INFO - [2026-05-03T19:13:03.289+0000] {dag.py:2915} INFO - Sync 1 DAGs
[2026-05-03T19:13:03.304+0000] {logging_mixin.py:151} INFO - [2026-05-03T19:13:03.304+0000] {dag.py:3696} INFO - Setting next_dagrun for setup_retail_pipeline to 2026-05-03T19:00:00+00:00, run_after=2026-05-03T20:00:00+00:00
[2026-05-03T19:13:03.313+0000] {processor.py:179} INFO - Processing /opt/airflow/dags/setup_retail_pipeline.py took 0.098 seconds
[2026-05-03T19:13:33.558+0000] {processor.py:157} INFO - Started process (PID=9650) to work on /opt/airflow/dags/setup_retail_pipeline.py
[2026-05-03T19:13:33.559+0000] {processor.py:829} INFO - Processing file /opt/airflow/dags/setup_retail_pipeline.py for tasks to queue
[2026-05-03T19:13:33.560+0000] {logging_mixin.py:151} INFO - [2026-05-03T19:13:33.560+0000] {dagbag.py:539} INFO - Filling up the DagBag from /opt/airflow/dags/setup_retail_pipeline.py
[2026-05-03T19:13:33.592+0000] {processor.py:839} INFO - DAG(s) dict_keys(['setup_retail_pipeline']) retrieved from /opt/airflow/dags/setup_retail_pipeline.py
[2026-05-03T19:13:33.625+0000] {logging_mixin.py:151} INFO - [2026-05-03T19:13:33.625+0000] {dag.py:2915} INFO - Sync 1 DAGs
[2026-05-03T19:13:33.641+0000] {logging_mixin.py:151} INFO - [2026-05-03T19:13:33.641+0000] {dag.py:3696} INFO - Setting next_dagrun for setup_retail_pipeline to 2026-05-03T19:00:00+00:00, run_after=2026-05-03T20:00:00+00:00
[2026-05-03T19:13:33.650+0000] {processor.py:179} INFO - Processing /opt/airflow/dags/setup_retail_pipeline.py took 0.097 seconds
[2026-05-03T19:30:07.690+0000] {processor.py:157} INFO - Started process (PID=9662) to work on /opt/airflow/dags/setup_retail_pipeline.py
[2026-05-03T19:30:07.692+0000] {processor.py:829} INFO - Processing file /opt/airflow/dags/setup_retail_pipeline.py for tasks to queue
[2026-05-03T19:30:07.694+0000] {logging_mixin.py:151} INFO - [2026-05-03T19:30:07.693+0000] {dagbag.py:539} INFO - Filling up the DagBag from /opt/airflow/dags/setup_retail_pipeline.py
[2026-05-03T19:30:07.743+0000] {processor.py:839} INFO - DAG(s) dict_keys(['setup_retail_pipeline']) retrieved from /opt/airflow/dags/setup_retail_pipeline.py
[2026-05-03T19:30:07.807+0000] {logging_mixin.py:151} INFO - [2026-05-03T19:30:07.807+0000] {dag.py:2915} INFO - Sync 1 DAGs
[2026-05-03T19:30:07.842+0000] {logging_mixin.py:151} INFO - [2026-05-03T19:30:07.842+0000] {dag.py:3696} INFO - Setting next_dagrun for setup_retail_pipeline to 2026-05-03T19:00:00+00:00, run_after=2026-05-03T20:00:00+00:00
[2026-05-03T19:30:07.871+0000] {processor.py:179} INFO - Processing /opt/airflow/dags/setup_retail_pipeline.py took 0.190 seconds
[2026-05-03T19:45:43.835+0000] {processor.py:157} INFO - Started process (PID=9672) to work on /opt/airflow/dags/setup_retail_pipeline.py
[2026-05-03T19:45:43.836+0000] {processor.py:829} INFO - Processing file /opt/airflow/dags/setup_retail_pipeline.py for tasks to queue
[2026-05-03T19:45:43.837+0000] {logging_mixin.py:151} INFO - [2026-05-03T19:45:43.837+0000] {dagbag.py:539} INFO - Filling up the DagBag from /opt/airflow/dags/setup_retail_pipeline.py
[2026-05-03T19:45:43.857+0000] {processor.py:839} INFO - DAG(s) dict_keys(['setup_retail_pipeline']) retrieved from /opt/airflow/dags/setup_retail_pipeline.py
[2026-05-03T19:45:43.888+0000] {logging_mixin.py:151} INFO - [2026-05-03T19:45:43.888+0000] {dag.py:2915} INFO - Sync 1 DAGs
[2026-05-03T19:45:43.903+0000] {logging_mixin.py:151} INFO - [2026-05-03T19:45:43.903+0000] {dag.py:3696} INFO - Setting next_dagrun for setup_retail_pipeline to 2026-05-03T19:00:00+00:00, run_after=2026-05-03T20:00:00+00:00
[2026-05-03T19:45:43.912+0000] {processor.py:179} INFO - Processing /opt/airflow/dags/setup_retail_pipeline.py took 0.084 seconds
[2026-05-03T19:46:14.061+0000] {processor.py:157} INFO - Started process (PID=9682) to work on /opt/airflow/dags/setup_retail_pipeline.py
[2026-05-03T19:46:14.063+0000] {processor.py:829} INFO - Processing file /opt/airflow/dags/setup_retail_pipeline.py for tasks to queue
[2026-05-03T19:46:14.065+0000] {logging_mixin.py:151} INFO - [2026-05-03T19:46:14.064+0000] {dagbag.py:539} INFO - Filling up the DagBag from /opt/airflow/dags/setup_retail_pipeline.py
[2026-05-03T19:46:14.100+0000] {processor.py:839} INFO - DAG(s) dict_keys(['setup_retail_pipeline']) retrieved from /opt/airflow/dags/setup_retail_pipeline.py
[2026-05-03T19:46:14.135+0000] {logging_mixin.py:151} INFO - [2026-05-03T19:46:14.135+0000] {dag.py:2915} INFO - Sync 1 DAGs
[2026-05-03T19:46:14.165+0000] {logging_mixin.py:151} INFO - [2026-05-03T19:46:14.165+0000] {dag.py:3696} INFO - Setting next_dagrun for setup_retail_pipeline to 2026-05-03T19:00:00+00:00, run_after=2026-05-03T20:00:00+00:00
[2026-05-03T19:46:14.179+0000] {processor.py:179} INFO - Processing /opt/airflow/dags/setup_retail_pipeline.py took 0.133 seconds
[2026-05-03T20:02:07.310+0000] {processor.py:157} INFO - Started process (PID=9692) to work on /opt/airflow/dags/setup_retail_pipeline.py
[2026-05-03T20:02:07.312+0000] {processor.py:829} INFO - Processing file /opt/airflow/dags/setup_retail_pipeline.py for tasks to queue
[2026-05-03T20:02:07.315+0000] {logging_mixin.py:151} INFO - [2026-05-03T20:02:07.313+0000] {dagbag.py:539} INFO - Filling up the DagBag from /opt/airflow/dags/setup_retail_pipeline.py
[2026-05-03T20:02:07.348+0000] {processor.py:839} INFO - DAG(s) dict_keys(['setup_retail_pipeline']) retrieved from /opt/airflow/dags/setup_retail_pipeline.py
[2026-05-03T20:02:07.384+0000] {logging_mixin.py:151} INFO - [2026-05-03T20:02:07.384+0000] {dag.py:2915} INFO - Sync 1 DAGs
[2026-05-03T20:02:07.426+0000] {processor.py:179} INFO - Processing /opt/airflow/dags/setup_retail_pipeline.py took 0.131 seconds
[2026-05-03T20:02:37.659+0000] {processor.py:157} INFO - Started process (PID=9787) to work on /opt/airflow/dags/setup_retail_pipeline.py
[2026-05-03T20:02:37.661+0000] {processor.py:829} INFO - Processing file /opt/airflow/dags/setup_retail_pipeline.py for tasks to queue
[2026-05-03T20:02:37.664+0000] {logging_mixin.py:151} INFO - [2026-05-03T20:02:37.663+0000] {dagbag.py:539} INFO - Filling up the DagBag from /opt/airflow/dags/setup_retail_pipeline.py
[2026-05-03T20:02:37.687+0000] {processor.py:839} INFO - DAG(s) dict_keys(['setup_retail_pipeline']) retrieved from /opt/airflow/dags/setup_retail_pipeline.py
[2026-05-03T20:02:37.716+0000] {logging_mixin.py:151} INFO - [2026-05-03T20:02:37.716+0000] {dag.py:2915} INFO - Sync 1 DAGs
[2026-05-03T20:02:37.730+0000] {logging_mixin.py:151} INFO - [2026-05-03T20:02:37.730+0000] {dag.py:3696} INFO - Setting next_dagrun for setup_retail_pipeline to 2026-05-03T20:00:00+00:00, run_after=2026-05-03T21:00:00+00:00
[2026-05-03T20:02:37.739+0000] {processor.py:179} INFO - Processing /opt/airflow/dags/setup_retail_pipeline.py took 0.085 seconds
[2026-05-03T20:03:07.871+0000] {processor.py:157} INFO - Started process (PID=9797) to work on /opt/airflow/dags/setup_retail_pipeline.py
[2026-05-03T20:03:07.874+0000] {processor.py:829} INFO - Processing file /opt/airflow/dags/setup_retail_pipeline.py for tasks to queue
[2026-05-03T20:03:07.878+0000] {logging_mixin.py:151} INFO - [2026-05-03T20:03:07.876+0000] {dagbag.py:539} INFO - Filling up the DagBag from /opt/airflow/dags/setup_retail_pipeline.py
[2026-05-03T20:03:07.911+0000] {processor.py:839} INFO - DAG(s) dict_keys(['setup_retail_pipeline']) retrieved from /opt/airflow/dags/setup_retail_pipeline.py
[2026-05-03T20:03:07.949+0000] {logging_mixin.py:151} INFO - [2026-05-03T20:03:07.949+0000] {dag.py:2915} INFO - Sync 1 DAGs
[2026-05-03T20:03:07.965+0000] {logging_mixin.py:151} INFO - [2026-05-03T20:03:07.965+0000] {dag.py:3696} INFO - Setting next_dagrun for setup_retail_pipeline to 2026-05-03T20:00:00+00:00, run_after=2026-05-03T21:00:00+00:00
[2026-05-03T20:03:07.975+0000] {processor.py:179} INFO - Processing /opt/airflow/dags/setup_retail_pipeline.py took 0.115 seconds
[2026-05-03T20:14:18.310+0000] {processor.py:157} INFO - Started process (PID=9807) to work on /opt/airflow/dags/setup_retail_pipeline.py
[2026-05-03T20:14:18.321+0000] {processor.py:829} INFO - Processing file /opt/airflow/dags/setup_retail_pipeline.py for tasks to queue
[2026-05-03T20:14:18.326+0000] {logging_mixin.py:151} INFO - [2026-05-03T20:14:18.324+0000] {dagbag.py:539} INFO - Filling up the DagBag from /opt/airflow/dags/setup_retail_pipeline.py
[2026-05-03T20:14:18.453+0000] {processor.py:839} INFO - DAG(s) dict_keys(['setup_retail_pipeline']) retrieved from /opt/airflow/dags/setup_retail_pipeline.py
[2026-05-03T20:14:18.529+0000] {logging_mixin.py:151} INFO - [2026-05-03T20:14:18.529+0000] {dag.py:2915} INFO - Sync 1 DAGs
[2026-05-03T20:14:18.563+0000] {logging_mixin.py:151} INFO - [2026-05-03T20:14:18.563+0000] {dag.py:3696} INFO - Setting next_dagrun for setup_retail_pipeline to 2026-05-03T20:00:00+00:00, run_after=2026-05-03T21:00:00+00:00
[2026-05-03T20:14:18.587+0000] {processor.py:179} INFO - Processing /opt/airflow/dags/setup_retail_pipeline.py took 0.297 seconds
[2026-05-03T20:31:38.035+0000] {processor.py:157} INFO - Started process (PID=9818) to work on /opt/airflow/dags/setup_retail_pipeline.py
[2026-05-03T20:31:38.037+0000] {processor.py:829} INFO - Processing file /opt/airflow/dags/setup_retail_pipeline.py for tasks to queue
[2026-05-03T20:31:38.038+0000] {logging_mixin.py:151} INFO - [2026-05-03T20:31:38.037+0000] {dagbag.py:539} INFO - Filling up the DagBag from /opt/airflow/dags/setup_retail_pipeline.py
[2026-05-03T20:31:38.063+0000] {processor.py:839} INFO - DAG(s) dict_keys(['setup_retail_pipeline']) retrieved from /opt/airflow/dags/setup_retail_pipeline.py
[2026-05-03T20:31:38.094+0000] {logging_mixin.py:151} INFO - [2026-05-03T20:31:38.093+0000] {dag.py:2915} INFO - Sync 1 DAGs
[2026-05-03T20:31:38.107+0000] {logging_mixin.py:151} INFO - [2026-05-03T20:31:38.107+0000] {dag.py:3696} INFO - Setting next_dagrun for setup_retail_pipeline to 2026-05-03T20:00:00+00:00, run_after=2026-05-03T21:00:00+00:00
[2026-05-03T20:31:38.117+0000] {processor.py:179} INFO - Processing /opt/airflow/dags/setup_retail_pipeline.py took 0.091 seconds
[2026-05-03T20:32:08.378+0000] {processor.py:157} INFO - Started process (PID=9829) to work on /opt/airflow/dags/setup_retail_pipeline.py
[2026-05-03T20:32:08.381+0000] {processor.py:829} INFO - Processing file /opt/airflow/dags/setup_retail_pipeline.py for tasks to queue
[2026-05-03T20:32:08.383+0000] {logging_mixin.py:151} INFO - [2026-05-03T20:32:08.382+0000] {dagbag.py:539} INFO - Filling up the DagBag from /opt/airflow/dags/setup_retail_pipeline.py
[2026-05-03T20:32:08.421+0000] {processor.py:839} INFO - DAG(s) dict_keys(['setup_retail_pipeline']) retrieved from /opt/airflow/dags/setup_retail_pipeline.py
[2026-05-03T20:32:08.490+0000] {logging_mixin.py:151} INFO - [2026-05-03T20:32:08.490+0000] {dag.py:2915} INFO - Sync 1 DAGs
[2026-05-03T20:32:08.523+0000] {logging_mixin.py:151} INFO - [2026-05-03T20:32:08.523+0000] {dag.py:3696} INFO - Setting next_dagrun for setup_retail_pipeline to 2026-05-03T20:00:00+00:00, run_after=2026-05-03T21:00:00+00:00
[2026-05-03T20:32:08.536+0000] {processor.py:179} INFO - Processing /opt/airflow/dags/setup_retail_pipeline.py took 0.173 seconds
[2026-05-03T20:48:32.672+0000] {processor.py:157} INFO - Started process (PID=9839) to work on /opt/airflow/dags/setup_retail_pipeline.py
[2026-05-03T20:48:32.675+0000] {processor.py:829} INFO - Processing file /opt/airflow/dags/setup_retail_pipeline.py for tasks to queue
[2026-05-03T20:48:32.677+0000] {logging_mixin.py:151} INFO - [2026-05-03T20:48:32.676+0000] {dagbag.py:539} INFO - Filling up the DagBag from /opt/airflow/dags/setup_retail_pipeline.py
[2026-05-03T20:48:32.716+0000] {processor.py:839} INFO - DAG(s) dict_keys(['setup_retail_pipeline']) retrieved from /opt/airflow/dags/setup_retail_pipeline.py
[2026-05-03T20:48:32.779+0000] {logging_mixin.py:151} INFO - [2026-05-03T20:48:32.779+0000] {dag.py:2915} INFO - Sync 1 DAGs
[2026-05-03T20:48:32.813+0000] {logging_mixin.py:151} INFO - [2026-05-03T20:48:32.813+0000] {dag.py:3696} INFO - Setting next_dagrun for setup_retail_pipeline to 2026-05-03T20:00:00+00:00, run_after=2026-05-03T21:00:00+00:00
[2026-05-03T20:48:32.832+0000] {processor.py:179} INFO - Processing /opt/airflow/dags/setup_retail_pipeline.py took 0.175 seconds
[2026-05-03T20:49:03.156+0000] {processor.py:157} INFO - Started process (PID=9849) to work on /opt/airflow/dags/setup_retail_pipeline.py
[2026-05-03T20:49:03.158+0000] {processor.py:829} INFO - Processing file /opt/airflow/dags/setup_retail_pipeline.py for tasks to queue
[2026-05-03T20:49:03.159+0000] {logging_mixin.py:151} INFO - [2026-05-03T20:49:03.159+0000] {dagbag.py:539} INFO - Filling up the DagBag from /opt/airflow/dags/setup_retail_pipeline.py
[2026-05-03T20:49:03.209+0000] {processor.py:839} INFO - DAG(s) dict_keys(['setup_retail_pipeline']) retrieved from /opt/airflow/dags/setup_retail_pipeline.py
[2026-05-03T20:49:03.264+0000] {logging_mixin.py:151} INFO - [2026-05-03T20:49:03.264+0000] {dag.py:2915} INFO - Sync 1 DAGs
[2026-05-03T20:49:03.298+0000] {logging_mixin.py:151} INFO - [2026-05-03T20:49:03.298+0000] {dag.py:3696} INFO - Setting next_dagrun for setup_retail_pipeline to 2026-05-03T20:00:00+00:00, run_after=2026-05-03T21:00:00+00:00
[2026-05-03T20:49:03.313+0000] {processor.py:179} INFO - Processing /opt/airflow/dags/setup_retail_pipeline.py took 0.174 seconds
[2026-05-03T21:05:38.343+0000] {processor.py:157} INFO - Started process (PID=9860) to work on /opt/airflow/dags/setup_retail_pipeline.py
[2026-05-03T21:05:38.344+0000] {processor.py:829} INFO - Processing file /opt/airflow/dags/setup_retail_pipeline.py for tasks to queue
[2026-05-03T21:05:38.346+0000] {logging_mixin.py:151} INFO - [2026-05-03T21:05:38.346+0000] {dagbag.py:539} INFO - Filling up the DagBag from /opt/airflow/dags/setup_retail_pipeline.py
[2026-05-03T21:05:38.384+0000] {processor.py:839} INFO - DAG(s) dict_keys(['setup_retail_pipeline']) retrieved from /opt/airflow/dags/setup_retail_pipeline.py
[2026-05-03T21:05:38.445+0000] {logging_mixin.py:151} INFO - [2026-05-03T21:05:38.445+0000] {dag.py:2915} INFO - Sync 1 DAGs
[2026-05-03T21:05:38.504+0000] {processor.py:179} INFO - Processing /opt/airflow/dags/setup_retail_pipeline.py took 0.170 seconds
[2026-05-03T21:06:08.736+0000] {processor.py:157} INFO - Started process (PID=9954) to work on /opt/airflow/dags/setup_retail_pipeline.py
[2026-05-03T21:06:08.738+0000] {processor.py:829} INFO - Processing file /opt/airflow/dags/setup_retail_pipeline.py for tasks to queue
[2026-05-03T21:06:08.740+0000] {logging_mixin.py:151} INFO - [2026-05-03T21:06:08.739+0000] {dagbag.py:539} INFO - Filling up the DagBag from /opt/airflow/dags/setup_retail_pipeline.py
[2026-05-03T21:06:08.786+0000] {processor.py:839} INFO - DAG(s) dict_keys(['setup_retail_pipeline']) retrieved from /opt/airflow/dags/setup_retail_pipeline.py
[2026-05-03T21:06:08.834+0000] {logging_mixin.py:151} INFO - [2026-05-03T21:06:08.834+0000] {dag.py:2915} INFO - Sync 1 DAGs
[2026-05-03T21:06:08.856+0000] {logging_mixin.py:151} INFO - [2026-05-03T21:06:08.856+0000] {dag.py:3696} INFO - Setting next_dagrun for setup_retail_pipeline to 2026-05-03T21:00:00+00:00, run_after=2026-05-03T22:00:00+00:00
[2026-05-03T21:06:08.869+0000] {processor.py:179} INFO - Processing /opt/airflow/dags/setup_retail_pipeline.py took 0.146 seconds
[2026-05-03T21:15:24.583+0000] {processor.py:157} INFO - Started process (PID=9964) to work on /opt/airflow/dags/setup_retail_pipeline.py
[2026-05-03T21:15:24.585+0000] {processor.py:829} INFO - Processing file /opt/airflow/dags/setup_retail_pipeline.py for tasks to queue
[2026-05-03T21:15:24.586+0000] {logging_mixin.py:151} INFO - [2026-05-03T21:15:24.586+0000] {dagbag.py:539} INFO - Filling up the DagBag from /opt/airflow/dags/setup_retail_pipeline.py
[2026-05-03T21:15:24.611+0000] {processor.py:839} INFO - DAG(s) dict_keys(['setup_retail_pipeline']) retrieved from /opt/airflow/dags/setup_retail_pipeline.py
[2026-05-03T21:15:24.648+0000] {logging_mixin.py:151} INFO - [2026-05-03T21:15:24.648+0000] {dag.py:2915} INFO - Sync 1 DAGs
[2026-05-03T21:15:24.668+0000] {logging_mixin.py:151} INFO - [2026-05-03T21:15:24.668+0000] {dag.py:3696} INFO - Setting next_dagrun for setup_retail_pipeline to 2026-05-03T21:00:00+00:00, run_after=2026-05-03T22:00:00+00:00
[2026-05-03T21:15:24.679+0000] {processor.py:179} INFO - Processing /opt/airflow/dags/setup_retail_pipeline.py took 0.107 seconds
[2026-05-03T21:31:14.799+0000] {processor.py:157} INFO - Started process (PID=9974) to work on /opt/airflow/dags/setup_retail_pipeline.py
[2026-05-03T21:31:14.800+0000] {processor.py:829} INFO - Processing file /opt/airflow/dags/setup_retail_pipeline.py for tasks to queue
[2026-05-03T21:31:14.802+0000] {logging_mixin.py:151} INFO - [2026-05-03T21:31:14.801+0000] {dagbag.py:539} INFO - Filling up the DagBag from /opt/airflow/dags/setup_retail_pipeline.py
[2026-05-03T21:31:14.845+0000] {processor.py:839} INFO - DAG(s) dict_keys(['setup_retail_pipeline']) retrieved from /opt/airflow/dags/setup_retail_pipeline.py
[2026-05-03T21:31:14.914+0000] {logging_mixin.py:151} INFO - [2026-05-03T21:31:14.914+0000] {dag.py:2915} INFO - Sync 1 DAGs
[2026-05-03T21:31:14.962+0000] {logging_mixin.py:151} INFO - [2026-05-03T21:31:14.962+0000] {dag.py:3696} INFO - Setting next_dagrun for setup_retail_pipeline to 2026-05-03T21:00:00+00:00, run_after=2026-05-03T22:00:00+00:00
[2026-05-03T21:31:14.995+0000] {processor.py:179} INFO - Processing /opt/airflow/dags/setup_retail_pipeline.py took 0.203 seconds
[2026-05-03T21:31:45.043+0000] {processor.py:157} INFO - Started process (PID=9984) to work on /opt/airflow/dags/setup_retail_pipeline.py
[2026-05-03T21:31:45.047+0000] {processor.py:829} INFO - Processing file /opt/airflow/dags/setup_retail_pipeline.py for tasks to queue
[2026-05-03T21:31:45.048+0000] {logging_mixin.py:151} INFO - [2026-05-03T21:31:45.047+0000] {dagbag.py:539} INFO - Filling up the DagBag from /opt/airflow/dags/setup_retail_pipeline.py
[2026-05-03T21:31:45.073+0000] {processor.py:839} INFO - DAG(s) dict_keys(['setup_retail_pipeline']) retrieved from /opt/airflow/dags/setup_retail_pipeline.py
[2026-05-03T21:31:45.105+0000] {logging_mixin.py:151} INFO - [2026-05-03T21:31:45.104+0000] {dag.py:2915} INFO - Sync 1 DAGs
[2026-05-03T21:31:45.118+0000] {logging_mixin.py:151} INFO - [2026-05-03T21:31:45.117+0000] {dag.py:3696} INFO - Setting next_dagrun for setup_retail_pipeline to 2026-05-03T21:00:00+00:00, run_after=2026-05-03T22:00:00+00:00
[2026-05-03T21:31:45.127+0000] {processor.py:179} INFO - Processing /opt/airflow/dags/setup_retail_pipeline.py took 0.093 seconds
[2026-05-03T21:47:53.256+0000] {processor.py:157} INFO - Started process (PID=9994) to work on /opt/airflow/dags/setup_retail_pipeline.py
[2026-05-03T21:47:53.257+0000] {processor.py:829} INFO - Processing file /opt/airflow/dags/setup_retail_pipeline.py for tasks to queue
[2026-05-03T21:47:53.257+0000] {logging_mixin.py:151} INFO - [2026-05-03T21:47:53.257+0000] {dagbag.py:539} INFO - Filling up the DagBag from /opt/airflow/dags/setup_retail_pipeline.py
[2026-05-03T21:47:53.280+0000] {processor.py:839} INFO - DAG(s) dict_keys(['setup_retail_pipeline']) retrieved from /opt/airflow/dags/setup_retail_pipeline.py
[2026-05-03T21:47:53.307+0000] {logging_mixin.py:151} INFO - [2026-05-03T21:47:53.307+0000] {dag.py:2915} INFO - Sync 1 DAGs
[2026-05-03T21:47:53.319+0000] {logging_mixin.py:151} INFO - [2026-05-03T21:47:53.319+0000] {dag.py:3696} INFO - Setting next_dagrun for setup_retail_pipeline to 2026-05-03T21:00:00+00:00, run_after=2026-05-03T22:00:00+00:00
[2026-05-03T21:47:53.330+0000] {processor.py:179} INFO - Processing /opt/airflow/dags/setup_retail_pipeline.py took 0.079 seconds
[2026-05-03T22:03:22.453+0000] {processor.py:157} INFO - Started process (PID=10004) to work on /opt/airflow/dags/setup_retail_pipeline.py
[2026-05-03T22:03:22.455+0000] {processor.py:829} INFO - Processing file /opt/airflow/dags/setup_retail_pipeline.py for tasks to queue
[2026-05-03T22:03:22.455+0000] {logging_mixin.py:151} INFO - [2026-05-03T22:03:22.455+0000] {dagbag.py:539} INFO - Filling up the DagBag from /opt/airflow/dags/setup_retail_pipeline.py
[2026-05-03T22:03:22.473+0000] {processor.py:839} INFO - DAG(s) dict_keys(['setup_retail_pipeline']) retrieved from /opt/airflow/dags/setup_retail_pipeline.py
[2026-05-03T22:03:22.502+0000] {logging_mixin.py:151} INFO - [2026-05-03T22:03:22.501+0000] {dag.py:2915} INFO - Sync 1 DAGs
[2026-05-03T22:03:22.538+0000] {processor.py:179} INFO - Processing /opt/airflow/dags/setup_retail_pipeline.py took 0.096 seconds
[2026-05-03T22:03:52.753+0000] {processor.py:157} INFO - Started process (PID=10097) to work on /opt/airflow/dags/setup_retail_pipeline.py
[2026-05-03T22:03:52.756+0000] {processor.py:829} INFO - Processing file /opt/airflow/dags/setup_retail_pipeline.py for tasks to queue
[2026-05-03T22:03:52.760+0000] {logging_mixin.py:151} INFO - [2026-05-03T22:03:52.758+0000] {dagbag.py:539} INFO - Filling up the DagBag from /opt/airflow/dags/setup_retail_pipeline.py
[2026-05-03T22:03:52.822+0000] {processor.py:839} INFO - DAG(s) dict_keys(['setup_retail_pipeline']) retrieved from /opt/airflow/dags/setup_retail_pipeline.py
[2026-05-03T22:03:52.879+0000] {logging_mixin.py:151} INFO - [2026-05-03T22:03:52.879+0000] {dag.py:2915} INFO - Sync 1 DAGs
[2026-05-03T22:03:52.907+0000] {logging_mixin.py:151} INFO - [2026-05-03T22:03:52.907+0000] {dag.py:3696} INFO - Setting next_dagrun for setup_retail_pipeline to 2026-05-03T22:00:00+00:00, run_after=2026-05-03T23:00:00+00:00
[2026-05-03T22:03:52.916+0000] {processor.py:179} INFO - Processing /opt/airflow/dags/setup_retail_pipeline.py took 0.175 seconds
[2026-05-03T22:16:01.531+0000] {processor.py:157} INFO - Started process (PID=10108) to work on /opt/airflow/dags/setup_retail_pipeline.py
[2026-05-03T22:16:01.534+0000] {processor.py:829} INFO - Processing file /opt/airflow/dags/setup_retail_pipeline.py for tasks to queue
[2026-05-03T22:16:01.537+0000] {logging_mixin.py:151} INFO - [2026-05-03T22:16:01.535+0000] {dagbag.py:539} INFO - Filling up the DagBag from /opt/airflow/dags/setup_retail_pipeline.py
[2026-05-03T22:16:01.564+0000] {processor.py:839} INFO - DAG(s) dict_keys(['setup_retail_pipeline']) retrieved from /opt/airflow/dags/setup_retail_pipeline.py
[2026-05-03T22:16:01.618+0000] {logging_mixin.py:151} INFO - [2026-05-03T22:16:01.618+0000] {dag.py:2915} INFO - Sync 1 DAGs
[2026-05-03T22:16:01.645+0000] {logging_mixin.py:151} INFO - [2026-05-03T22:16:01.645+0000] {dag.py:3696} INFO - Setting next_dagrun for setup_retail_pipeline to 2026-05-03T22:00:00+00:00, run_after=2026-05-03T23:00:00+00:00
[2026-05-03T22:16:01.660+0000] {processor.py:179} INFO - Processing /opt/airflow/dags/setup_retail_pipeline.py took 0.141 seconds
[2026-05-03T22:16:31.913+0000] {processor.py:157} INFO - Started process (PID=10119) to work on /opt/airflow/dags/setup_retail_pipeline.py
[2026-05-03T22:16:31.915+0000] {processor.py:829} INFO - Processing file /opt/airflow/dags/setup_retail_pipeline.py for tasks to queue
[2026-05-03T22:16:31.919+0000] {logging_mixin.py:151} INFO - [2026-05-03T22:16:31.917+0000] {dagbag.py:539} INFO - Filling up the DagBag from /opt/airflow/dags/setup_retail_pipeline.py
[2026-05-03T22:16:31.966+0000] {processor.py:839} INFO - DAG(s) dict_keys(['setup_retail_pipeline']) retrieved from /opt/airflow/dags/setup_retail_pipeline.py
[2026-05-03T22:16:32.027+0000] {logging_mixin.py:151} INFO - [2026-05-03T22:16:32.027+0000] {dag.py:2915} INFO - Sync 1 DAGs
[2026-05-03T22:16:32.059+0000] {logging_mixin.py:151} INFO - [2026-05-03T22:16:32.059+0000] {dag.py:3696} INFO - Setting next_dagrun for setup_retail_pipeline to 2026-05-03T22:00:00+00:00, run_after=2026-05-03T23:00:00+00:00
[2026-05-03T22:16:32.073+0000] {processor.py:179} INFO - Processing /opt/airflow/dags/setup_retail_pipeline.py took 0.175 seconds
[2026-05-03T22:17:02.141+0000] {processor.py:157} INFO - Started process (PID=10129) to work on /opt/airflow/dags/setup_retail_pipeline.py
[2026-05-03T22:17:02.144+0000] {processor.py:829} INFO - Processing file /opt/airflow/dags/setup_retail_pipeline.py for tasks to queue
[2026-05-03T22:17:02.146+0000] {logging_mixin.py:151} INFO - [2026-05-03T22:17:02.145+0000] {dagbag.py:539} INFO - Filling up the DagBag from /opt/airflow/dags/setup_retail_pipeline.py
[2026-05-03T22:17:02.182+0000] {processor.py:839} INFO - DAG(s) dict_keys(['setup_retail_pipeline']) retrieved from /opt/airflow/dags/setup_retail_pipeline.py
[2026-05-03T22:17:02.227+0000] {logging_mixin.py:151} INFO - [2026-05-03T22:17:02.227+0000] {dag.py:2915} INFO - Sync 1 DAGs
[2026-05-03T22:17:02.244+0000] {logging_mixin.py:151} INFO - [2026-05-03T22:17:02.244+0000] {dag.py:3696} INFO - Setting next_dagrun for setup_retail_pipeline to 2026-05-03T22:00:00+00:00, run_after=2026-05-03T23:00:00+00:00
[2026-05-03T22:17:02.252+0000] {processor.py:179} INFO - Processing /opt/airflow/dags/setup_retail_pipeline.py took 0.121 seconds
[2026-05-03T22:22:30.685+0000] {processor.py:157} INFO - Started process (PID=10139) to work on /opt/airflow/dags/setup_retail_pipeline.py
[2026-05-03T22:22:30.686+0000] {processor.py:829} INFO - Processing file /opt/airflow/dags/setup_retail_pipeline.py for tasks to queue
[2026-05-03T22:22:30.687+0000] {logging_mixin.py:151} INFO - [2026-05-03T22:22:30.686+0000] {dagbag.py:539} INFO - Filling up the DagBag from /opt/airflow/dags/setup_retail_pipeline.py
[2026-05-03T22:22:30.711+0000] {processor.py:839} INFO - DAG(s) dict_keys(['setup_retail_pipeline']) retrieved from /opt/airflow/dags/setup_retail_pipeline.py
[2026-05-03T22:22:30.740+0000] {logging_mixin.py:151} INFO - [2026-05-03T22:22:30.740+0000] {dag.py:2915} INFO - Sync 1 DAGs
[2026-05-03T22:22:30.753+0000] {logging_mixin.py:151} INFO - [2026-05-03T22:22:30.753+0000] {dag.py:3696} INFO - Setting next_dagrun for setup_retail_pipeline to 2026-05-03T22:00:00+00:00, run_after=2026-05-03T23:00:00+00:00
[2026-05-03T22:22:30.760+0000] {processor.py:179} INFO - Processing /opt/airflow/dags/setup_retail_pipeline.py took 0.084 seconds
[2026-05-03T22:27:59.795+0000] {processor.py:157} INFO - Started process (PID=10149) to work on /opt/airflow/dags/setup_retail_pipeline.py
[2026-05-03T22:27:59.800+0000] {processor.py:829} INFO - Processing file /opt/airflow/dags/setup_retail_pipeline.py for tasks to queue
[2026-05-03T22:27:59.804+0000] {logging_mixin.py:151} INFO - [2026-05-03T22:27:59.800+0000] {dagbag.py:539} INFO - Filling up the DagBag from /opt/airflow/dags/setup_retail_pipeline.py
[2026-05-03T22:27:59.856+0000] {processor.py:839} INFO - DAG(s) dict_keys(['setup_retail_pipeline']) retrieved from /opt/airflow/dags/setup_retail_pipeline.py
[2026-05-03T22:28:00.212+0000] {logging_mixin.py:151} INFO - [2026-05-03T22:28:00.208+0000] {dag.py:2915} INFO - Sync 1 DAGs
[2026-05-03T22:28:00.231+0000] {logging_mixin.py:151} INFO - [2026-05-03T22:28:00.231+0000] {dag.py:3696} INFO - Setting next_dagrun for setup_retail_pipeline to 2026-05-03T22:00:00+00:00, run_after=2026-05-03T23:00:00+00:00
[2026-05-03T22:28:00.251+0000] {processor.py:179} INFO - Processing /opt/airflow/dags/setup_retail_pipeline.py took 0.474 seconds
[2026-05-03T22:28:30.504+0000] {processor.py:157} INFO - Started process (PID=10159) to work on /opt/airflow/dags/setup_retail_pipeline.py
[2026-05-03T22:28:30.505+0000] {processor.py:829} INFO - Processing file /opt/airflow/dags/setup_retail_pipeline.py for tasks to queue
[2026-05-03T22:28:30.506+0000] {logging_mixin.py:151} INFO - [2026-05-03T22:28:30.506+0000] {dagbag.py:539} INFO - Filling up the DagBag from /opt/airflow/dags/setup_retail_pipeline.py
[2026-05-03T22:28:30.531+0000] {processor.py:839} INFO - DAG(s) dict_keys(['setup_retail_pipeline']) retrieved from /opt/airflow/dags/setup_retail_pipeline.py
[2026-05-03T22:28:30.558+0000] {logging_mixin.py:151} INFO - [2026-05-03T22:28:30.557+0000] {dag.py:2915} INFO - Sync 1 DAGs
[2026-05-03T22:28:30.574+0000] {logging_mixin.py:151} INFO - [2026-05-03T22:28:30.574+0000] {dag.py:3696} INFO - Setting next_dagrun for setup_retail_pipeline to 2026-05-03T22:00:00+00:00, run_after=2026-05-03T23:00:00+00:00
[2026-05-03T22:28:30.583+0000] {processor.py:179} INFO - Processing /opt/airflow/dags/setup_retail_pipeline.py took 0.088 seconds
[2026-05-03T22:33:58.556+0000] {processor.py:157} INFO - Started process (PID=10171) to work on /opt/airflow/dags/setup_retail_pipeline.py
[2026-05-03T22:33:58.558+0000] {processor.py:829} INFO - Processing file /opt/airflow/dags/setup_retail_pipeline.py for tasks to queue
[2026-05-03T22:33:58.559+0000] {logging_mixin.py:151} INFO - [2026-05-03T22:33:58.558+0000] {dagbag.py:539} INFO - Filling up the DagBag from /opt/airflow/dags/setup_retail_pipeline.py
[2026-05-03T22:33:58.578+0000] {processor.py:839} INFO - DAG(s) dict_keys(['setup_retail_pipeline']) retrieved from /opt/airflow/dags/setup_retail_pipeline.py
[2026-05-03T22:33:58.620+0000] {logging_mixin.py:151} INFO - [2026-05-03T22:33:58.620+0000] {dag.py:2915} INFO - Sync 1 DAGs
[2026-05-03T22:33:58.637+0000] {logging_mixin.py:151} INFO - [2026-05-03T22:33:58.637+0000] {dag.py:3696} INFO - Setting next_dagrun for setup_retail_pipeline to 2026-05-03T22:00:00+00:00, run_after=2026-05-03T23:00:00+00:00
[2026-05-03T22:33:58.645+0000] {processor.py:179} INFO - Processing /opt/airflow/dags/setup_retail_pipeline.py took 0.095 seconds
[2026-05-03T22:34:28.937+0000] {processor.py:157} INFO - Started process (PID=10181) to work on /opt/airflow/dags/setup_retail_pipeline.py
[2026-05-03T22:34:28.938+0000] {processor.py:829} INFO - Processing file /opt/airflow/dags/setup_retail_pipeline.py for tasks to queue
[2026-05-03T22:34:28.939+0000] {logging_mixin.py:151} INFO - [2026-05-03T22:34:28.938+0000] {dagbag.py:539} INFO - Filling up the DagBag from /opt/airflow/dags/setup_retail_pipeline.py
[2026-05-03T22:34:28.961+0000] {processor.py:839} INFO - DAG(s) dict_keys(['setup_retail_pipeline']) retrieved from /opt/airflow/dags/setup_retail_pipeline.py
[2026-05-03T22:34:29.235+0000] {logging_mixin.py:151} INFO - [2026-05-03T22:34:29.234+0000] {dag.py:2915} INFO - Sync 1 DAGs
[2026-05-03T22:34:29.261+0000] {logging_mixin.py:151} INFO - [2026-05-03T22:34:29.261+0000] {dag.py:3696} INFO - Setting next_dagrun for setup_retail_pipeline to 2026-05-03T22:00:00+00:00, run_after=2026-05-03T23:00:00+00:00
[2026-05-03T22:34:29.313+0000] {processor.py:179} INFO - Processing /opt/airflow/dags/setup_retail_pipeline.py took 0.384 seconds
[2026-05-03T22:51:03.531+0000] {processor.py:157} INFO - Started process (PID=10191) to work on /opt/airflow/dags/setup_retail_pipeline.py
[2026-05-03T22:51:03.535+0000] {processor.py:829} INFO - Processing file /opt/airflow/dags/setup_retail_pipeline.py for tasks to queue
[2026-05-03T22:51:03.539+0000] {logging_mixin.py:151} INFO - [2026-05-03T22:51:03.537+0000] {dagbag.py:539} INFO - Filling up the DagBag from /opt/airflow/dags/setup_retail_pipeline.py
[2026-05-03T22:51:03.587+0000] {processor.py:839} INFO - DAG(s) dict_keys(['setup_retail_pipeline']) retrieved from /opt/airflow/dags/setup_retail_pipeline.py
[2026-05-03T22:51:03.668+0000] {logging_mixin.py:151} INFO - [2026-05-03T22:51:03.667+0000] {dag.py:2915} INFO - Sync 1 DAGs
[2026-05-03T22:51:03.694+0000] {logging_mixin.py:151} INFO - [2026-05-03T22:51:03.694+0000] {dag.py:3696} INFO - Setting next_dagrun for setup_retail_pipeline to 2026-05-03T22:00:00+00:00, run_after=2026-05-03T23:00:00+00:00
[2026-05-03T22:51:03.713+0000] {processor.py:179} INFO - Processing /opt/airflow/dags/setup_retail_pipeline.py took 0.198 seconds
[2026-05-03T23:06:57.972+0000] {processor.py:157} INFO - Started process (PID=10201) to work on /opt/airflow/dags/setup_retail_pipeline.py
[2026-05-03T23:06:57.973+0000] {processor.py:829} INFO - Processing file /opt/airflow/dags/setup_retail_pipeline.py for tasks to queue
[2026-05-03T23:06:57.975+0000] {logging_mixin.py:151} INFO - [2026-05-03T23:06:57.975+0000] {dagbag.py:539} INFO - Filling up the DagBag from /opt/airflow/dags/setup_retail_pipeline.py
[2026-05-03T23:06:57.998+0000] {processor.py:839} INFO - DAG(s) dict_keys(['setup_retail_pipeline']) retrieved from /opt/airflow/dags/setup_retail_pipeline.py
[2026-05-03T23:06:58.035+0000] {logging_mixin.py:151} INFO - [2026-05-03T23:06:58.035+0000] {dag.py:2915} INFO - Sync 1 DAGs
[2026-05-03T23:06:58.066+0000] {processor.py:179} INFO - Processing /opt/airflow/dags/setup_retail_pipeline.py took 0.103 seconds
[2026-05-03T23:07:28.293+0000] {processor.py:157} INFO - Started process (PID=10237) to work on /opt/airflow/dags/setup_retail_pipeline.py
[2026-05-03T23:07:28.294+0000] {processor.py:829} INFO - Processing file /opt/airflow/dags/setup_retail_pipeline.py for tasks to queue
[2026-05-03T23:07:28.295+0000] {logging_mixin.py:151} INFO - [2026-05-03T23:07:28.295+0000] {dagbag.py:539} INFO - Filling up the DagBag from /opt/airflow/dags/setup_retail_pipeline.py
[2026-05-03T23:07:28.314+0000] {processor.py:839} INFO - DAG(s) dict_keys(['setup_retail_pipeline']) retrieved from /opt/airflow/dags/setup_retail_pipeline.py
[2026-05-03T23:07:28.335+0000] {logging_mixin.py:151} INFO - [2026-05-03T23:07:28.334+0000] {dag.py:2915} INFO - Sync 1 DAGs
[2026-05-03T23:07:28.357+0000] {processor.py:179} INFO - Processing /opt/airflow/dags/setup_retail_pipeline.py took 0.069 seconds
[2026-05-03T23:11:41.657+0000] {processor.py:157} INFO - Started process (PID=10262) to work on /opt/airflow/dags/setup_retail_pipeline.py
[2026-05-03T23:11:41.658+0000] {processor.py:829} INFO - Processing file /opt/airflow/dags/setup_retail_pipeline.py for tasks to queue
[2026-05-03T23:11:41.659+0000] {logging_mixin.py:151} INFO - [2026-05-03T23:11:41.658+0000] {dagbag.py:539} INFO - Filling up the DagBag from /opt/airflow/dags/setup_retail_pipeline.py
[2026-05-03T23:11:41.671+0000] {processor.py:839} INFO - DAG(s) dict_keys(['setup_retail_pipeline']) retrieved from /opt/airflow/dags/setup_retail_pipeline.py
[2026-05-03T23:11:41.698+0000] {logging_mixin.py:151} INFO - [2026-05-03T23:11:41.698+0000] {dag.py:2915} INFO - Sync 1 DAGs
[2026-05-03T23:11:41.724+0000] {processor.py:179} INFO - Processing /opt/airflow/dags/setup_retail_pipeline.py took 0.070 seconds
[2026-05-03T23:12:11.969+0000] {processor.py:157} INFO - Started process (PID=10284) to work on /opt/airflow/dags/setup_retail_pipeline.py
[2026-05-03T23:12:11.970+0000] {processor.py:829} INFO - Processing file /opt/airflow/dags/setup_retail_pipeline.py for tasks to queue
[2026-05-03T23:12:11.972+0000] {logging_mixin.py:151} INFO - [2026-05-03T23:12:11.971+0000] {dagbag.py:539} INFO - Filling up the DagBag from /opt/airflow/dags/setup_retail_pipeline.py
[2026-05-03T23:12:11.992+0000] {processor.py:839} INFO - DAG(s) dict_keys(['setup_retail_pipeline']) retrieved from /opt/airflow/dags/setup_retail_pipeline.py
[2026-05-03T23:12:12.015+0000] {logging_mixin.py:151} INFO - [2026-05-03T23:12:12.014+0000] {dag.py:2915} INFO - Sync 1 DAGs
[2026-05-03T23:12:12.049+0000] {processor.py:179} INFO - Processing /opt/airflow/dags/setup_retail_pipeline.py took 0.086 seconds
[2026-05-03T23:17:21.749+0000] {processor.py:157} INFO - Started process (PID=10306) to work on /opt/airflow/dags/setup_retail_pipeline.py
[2026-05-03T23:17:21.750+0000] {processor.py:829} INFO - Processing file /opt/airflow/dags/setup_retail_pipeline.py for tasks to queue
[2026-05-03T23:17:21.753+0000] {logging_mixin.py:151} INFO - [2026-05-03T23:17:21.752+0000] {dagbag.py:539} INFO - Filling up the DagBag from /opt/airflow/dags/setup_retail_pipeline.py
[2026-05-03T23:17:21.768+0000] {processor.py:839} INFO - DAG(s) dict_keys(['setup_retail_pipeline']) retrieved from /opt/airflow/dags/setup_retail_pipeline.py
[2026-05-03T23:17:21.797+0000] {logging_mixin.py:151} INFO - [2026-05-03T23:17:21.797+0000] {dag.py:2915} INFO - Sync 1 DAGs
[2026-05-03T23:17:21.813+0000] {logging_mixin.py:151} INFO - [2026-05-03T23:17:21.813+0000] {dag.py:3696} INFO - Setting next_dagrun for setup_retail_pipeline to 2026-05-03T23:00:00+00:00, run_after=2026-05-04T00:00:00+00:00
[2026-05-03T23:17:21.822+0000] {processor.py:179} INFO - Processing /opt/airflow/dags/setup_retail_pipeline.py took 0.077 seconds
[2026-05-03T23:25:31.604+0000] {processor.py:157} INFO - Started process (PID=10316) to work on /opt/airflow/dags/setup_retail_pipeline.py
[2026-05-03T23:25:31.605+0000] {processor.py:829} INFO - Processing file /opt/airflow/dags/setup_retail_pipeline.py for tasks to queue
[2026-05-03T23:25:31.608+0000] {logging_mixin.py:151} INFO - [2026-05-03T23:25:31.607+0000] {dagbag.py:539} INFO - Filling up the DagBag from /opt/airflow/dags/setup_retail_pipeline.py
[2026-05-03T23:25:31.636+0000] {processor.py:839} INFO - DAG(s) dict_keys(['setup_retail_pipeline']) retrieved from /opt/airflow/dags/setup_retail_pipeline.py
[2026-05-03T23:25:31.664+0000] {logging_mixin.py:151} INFO - [2026-05-03T23:25:31.664+0000] {dag.py:2915} INFO - Sync 1 DAGs
[2026-05-03T23:25:31.680+0000] {logging_mixin.py:151} INFO - [2026-05-03T23:25:31.680+0000] {dag.py:3696} INFO - Setting next_dagrun for setup_retail_pipeline to 2026-05-03T23:00:00+00:00, run_after=2026-05-04T00:00:00+00:00
[2026-05-03T23:25:31.690+0000] {processor.py:179} INFO - Processing /opt/airflow/dags/setup_retail_pipeline.py took 0.095 seconds
[2026-05-03T23:26:01.989+0000] {processor.py:157} INFO - Started process (PID=10326) to work on /opt/airflow/dags/setup_retail_pipeline.py
[2026-05-03T23:26:01.992+0000] {processor.py:829} INFO - Processing file /opt/airflow/dags/setup_retail_pipeline.py for tasks to queue
[2026-05-03T23:26:01.994+0000] {logging_mixin.py:151} INFO - [2026-05-03T23:26:01.993+0000] {dagbag.py:539} INFO - Filling up the DagBag from /opt/airflow/dags/setup_retail_pipeline.py
[2026-05-03T23:26:02.020+0000] {processor.py:839} INFO - DAG(s) dict_keys(['setup_retail_pipeline']) retrieved from /opt/airflow/dags/setup_retail_pipeline.py
[2026-05-03T23:26:02.045+0000] {logging_mixin.py:151} INFO - [2026-05-03T23:26:02.045+0000] {dag.py:2915} INFO - Sync 1 DAGs
[2026-05-03T23:26:02.056+0000] {logging_mixin.py:151} INFO - [2026-05-03T23:26:02.056+0000] {dag.py:3696} INFO - Setting next_dagrun for setup_retail_pipeline to 2026-05-03T23:00:00+00:00, run_after=2026-05-04T00:00:00+00:00
[2026-05-03T23:26:02.065+0000] {processor.py:179} INFO - Processing /opt/airflow/dags/setup_retail_pipeline.py took 0.083 seconds
[2026-05-03T23:42:38.804+0000] {processor.py:157} INFO - Started process (PID=10336) to work on /opt/airflow/dags/setup_retail_pipeline.py
[2026-05-03T23:42:38.807+0000] {processor.py:829} INFO - Processing file /opt/airflow/dags/setup_retail_pipeline.py for tasks to queue
[2026-05-03T23:42:38.808+0000] {logging_mixin.py:151} INFO - [2026-05-03T23:42:38.808+0000] {dagbag.py:539} INFO - Filling up the DagBag from /opt/airflow/dags/setup_retail_pipeline.py
[2026-05-03T23:42:38.827+0000] {processor.py:839} INFO - DAG(s) dict_keys(['setup_retail_pipeline']) retrieved from /opt/airflow/dags/setup_retail_pipeline.py
[2026-05-03T23:42:38.857+0000] {logging_mixin.py:151} INFO - [2026-05-03T23:42:38.857+0000] {dag.py:2915} INFO - Sync 1 DAGs
[2026-05-03T23:42:38.882+0000] {logging_mixin.py:151} INFO - [2026-05-03T23:42:38.881+0000] {dag.py:3696} INFO - Setting next_dagrun for setup_retail_pipeline to 2026-05-03T23:00:00+00:00, run_after=2026-05-04T00:00:00+00:00
[2026-05-03T23:42:38.899+0000] {processor.py:179} INFO - Processing /opt/airflow/dags/setup_retail_pipeline.py took 0.099 seconds
[2026-05-03T23:59:32.123+0000] {processor.py:157} INFO - Started process (PID=10346) to work on /opt/airflow/dags/setup_retail_pipeline.py
[2026-05-03T23:59:32.126+0000] {processor.py:829} INFO - Processing file /opt/airflow/dags/setup_retail_pipeline.py for tasks to queue
[2026-05-03T23:59:32.130+0000] {logging_mixin.py:151} INFO - [2026-05-03T23:59:32.129+0000] {dagbag.py:539} INFO - Filling up the DagBag from /opt/airflow/dags/setup_retail_pipeline.py
[2026-05-03T23:59:32.154+0000] {processor.py:839} INFO - DAG(s) dict_keys(['setup_retail_pipeline']) retrieved from /opt/airflow/dags/setup_retail_pipeline.py
[2026-05-03T23:59:32.193+0000] {logging_mixin.py:151} INFO - [2026-05-03T23:59:32.193+0000] {dag.py:2915} INFO - Sync 1 DAGs
[2026-05-03T23:59:32.218+0000] {logging_mixin.py:151} INFO - [2026-05-03T23:59:32.218+0000] {dag.py:3696} INFO - Setting next_dagrun for setup_retail_pipeline to 2026-05-03T23:00:00+00:00, run_after=2026-05-04T00:00:00+00:00
[2026-05-03T23:59:32.229+0000] {processor.py:179} INFO - Processing /opt/airflow/dags/setup_retail_pipeline.py took 0.118 seconds
